{"textures":{"2":"modelengine:entity/bluejamballs_final"},"elements":[{"from":[6.8034554,7.5512924,7.700864],"to":[9.196545,8.4487,8.299136],"faces":{"east":{"uv":[4.25,13.375,4.296875,13.4375],"tintindex":0,"rotation":0,"texture":"#2"},"south":{"uv":[13.0625,6.625,13.25,6.6875],"tintindex":0,"rotation":0,"texture":"#2"},"north":{"uv":[6.5,13.0625,6.6875,13.125],"tintindex":0,"rotation":0,"texture":"#2"},"west":{"uv":[13.375,4.25,13.421875,4.3125],"tintindex":0,"rotation":0,"texture":"#2"},"up":{"uv":[13.375,4.421875,13.1875,4.375],"tintindex":0,"rotation":0,"texture":"#2"},"down":{"uv":[4.6875,13.1875,4.5,13.234375],"tintindex":0,"rotation":0,"texture":"#2"}}}]}