{"textures":{"2":"modelengine:entity/bluejamballs_final"},"elements":[{"from":[2.4788089,9.579918,-0.81379986],"to":[8.142569,10.235916,12.788799],"faces":{"east":{"uv":[12.25,3.6875,13.0625,3.734375],"tintindex":0,"rotation":0,"texture":"#2"},"south":{"uv":[13.0,6.5,13.28125,6.546875],"tintindex":0,"rotation":0,"texture":"#2"},"north":{"uv":[13.0,6.4375,13.28125,6.484375],"tintindex":0,"rotation":0,"texture":"#2"},"west":{"uv":[12.25,4.1875,13.0625,4.234375],"tintindex":0,"rotation":0,"texture":"#2"},"up":{"uv":[3.65625,11.3125,3.375,10.5],"tintindex":0,"rotation":0,"texture":"#2"},"down":{"uv":[3.96875,10.5,3.6875,11.3125],"tintindex":0,"rotation":0,"texture":"#2"}}}]}