{"textures":{"2":"modelengine:entity/bluejamballs_final"},"elements":[{"from":[6.5583725,5.808731,8.720813],"to":[9.441624,9.891418,11.604064],"faces":{"east":{"uv":[8.1875,11.75,8.40625,12.0625],"tintindex":0,"rotation":0,"texture":"#2"},"south":{"uv":[11.8125,1.125,12.03125,1.4375],"tintindex":0,"rotation":0,"texture":"#2"},"north":{"uv":[7.9375,11.75,8.15625,12.0625],"tintindex":0,"rotation":0,"texture":"#2"},"west":{"uv":[11.8125,5.75,12.03125,6.0625],"tintindex":0,"rotation":0,"texture":"#2"},"up":{"uv":[11.78125,12.21875,11.5625,12.0],"tintindex":0,"rotation":0,"texture":"#2"},"down":{"uv":[8.15625,12.0625,7.9375,12.28125],"tintindex":0,"rotation":0,"texture":"#2"}}}]}