{"textures":{"2":"modelengine:entity/bluejamballs_final"},"elements":[{"from":[-1.2494383,7.671997,-0.082834244],"to":[8.750563,8.328003,13.314766],"faces":{"east":{"uv":[13.046875,4.6875,12.25,4.734375],"tintindex":0,"rotation":0,"texture":"#2"},"south":{"uv":[13.28125,11.625,13.0625,11.671875],"tintindex":0,"rotation":0,"texture":"#2"},"north":{"uv":[13.28125,11.3125,13.0625,11.359375],"tintindex":0,"rotation":0,"texture":"#2"},"west":{"uv":[13.046875,4.625,12.25,4.671875],"tintindex":0,"rotation":0,"texture":"#2"},"up":{"uv":[2.9375,11.609375,3.15625,10.8125],"tintindex":0,"rotation":0,"texture":"#2"},"down":{"uv":[5.25,10.8125,5.46875,11.609375],"tintindex":0,"rotation":0,"texture":"#2"}}}]}