{"textures":{"2":"modelengine:entity/bluejamballs_final"},"elements":[{"from":[-0.2656002,1.276001,10.214001],"to":[16.2656,8.0984,10.6076],"faces":{"east":{"uv":[5.9375,12.8125,5.96875,13.328125],"tintindex":0,"rotation":0,"texture":"#2"},"south":{"uv":[6.875,6.8125,8.140625,7.328125],"tintindex":0,"rotation":0,"texture":"#2"},"north":{"uv":[6.875,6.25,8.140625,6.765625],"tintindex":0,"rotation":0,"texture":"#2"},"west":{"uv":[6.0,12.8125,6.03125,13.328125],"tintindex":0,"rotation":0,"texture":"#2"},"up":{"uv":[13.453125,7.40625,12.1875,7.375],"tintindex":0,"rotation":0,"texture":"#2"},"down":{"uv":[13.453125,7.4375,12.1875,7.46875],"tintindex":0,"rotation":0,"texture":"#2"}}},{"from":[11.09632,5.999199,3.1292],"to":[12.93312,7.573601,3.6540003],"faces":{"east":{"uv":[9.625,3.9375,9.671875,4.0625],"tintindex":0,"rotation":0,"texture":"#2"},"south":{"uv":[0.5,12.75,0.640625,12.875],"tintindex":0,"rotation":0,"texture":"#2"},"north":{"uv":[0.0,12.75,0.140625,12.875],"tintindex":0,"rotation":0,"texture":"#2"},"west":{"uv":[10.125,8.5,10.171875,8.625],"tintindex":0,"rotation":0,"texture":"#2"},"up":{"uv":[13.328125,11.234375,13.1875,11.1875],"tintindex":0,"rotation":0,"texture":"#2"},"down":{"uv":[13.328125,11.25,13.1875,11.296875],"tintindex":0,"rotation":0,"texture":"#2"}}},{"from":[-0.003200531,1.276001,3.9164],"to":[16.0032,8.0984,10.214001],"faces":{"east":{"uv":[8.5,10.125,8.984375,10.640625],"tintindex":0,"rotation":0,"texture":"#2"},"south":{"uv":[7.4375,2.0,8.65625,2.515625],"tintindex":0,"rotation":0,"texture":"#2"},"north":{"uv":[7.3125,3.5,8.53125,4.015625],"tintindex":0,"rotation":0,"texture":"#2"},"west":{"uv":[9.0,10.125,9.484375,10.640625],"tintindex":0,"rotation":0,"texture":"#2"},"up":{"uv":[5.34375,8.609375,4.125,8.125],"tintindex":0,"rotation":0,"texture":"#2"},"down":{"uv":[6.59375,8.125,5.375,8.609375],"tintindex":0,"rotation":0,"texture":"#2"}}},{"from":[-0.2656002,1.276001,3.5228],"to":[16.2656,8.0984,3.9164],"faces":{"east":{"uv":[1.4375,12.8125,1.46875,13.328125],"tintindex":0,"rotation":0,"texture":"#2"},"south":{"uv":[6.875,5.6875,8.140625,6.203125],"tintindex":0,"rotation":0,"texture":"#2"},"north":{"uv":[6.875,5.125,8.140625,5.640625],"tintindex":0,"rotation":0,"texture":"#2"},"west":{"uv":[5.125,12.8125,5.15625,13.328125],"tintindex":0,"rotation":0,"texture":"#2"},"up":{"uv":[13.453125,7.28125,12.1875,7.25],"tintindex":0,"rotation":0,"texture":"#2"},"down":{"uv":[13.453125,7.3125,12.1875,7.34375],"tintindex":0,"rotation":0,"texture":"#2"}}},{"from":[2.8831997,5.999199,3.1292],"to":[4.7200003,7.573601,3.6540003],"faces":{"east":{"uv":[11.0,0.4375,11.046875,0.5625],"tintindex":0,"rotation":0,"texture":"#2"},"south":{"uv":[12.75,0.625,12.890625,0.75],"tintindex":0,"rotation":0,"texture":"#2"},"north":{"uv":[12.75,0.5,12.890625,0.625],"tintindex":0,"rotation":0,"texture":"#2"},"west":{"uv":[11.0625,8.125,11.109375,8.25],"tintindex":0,"rotation":0,"texture":"#2"},"up":{"uv":[13.328125,11.609375,13.1875,11.5625],"tintindex":0,"rotation":0,"texture":"#2"},"down":{"uv":[13.328125,12.6875,13.1875,12.734375],"tintindex":0,"rotation":0,"texture":"#2"}}},{"from":[-0.39680004,1.276001,3.5228],"to":[-0.003200531,8.0984,10.6076],"faces":{"east":{"uv":[0.875,9.9375,1.421875,10.453125],"tintindex":0,"rotation":0,"texture":"#2"},"south":{"uv":[7.9375,12.8125,7.96875,13.328125],"tintindex":0,"rotation":0,"texture":"#2"},"north":{"uv":[6.8125,12.8125,6.84375,13.328125],"tintindex":0,"rotation":0,"texture":"#2"},"west":{"uv":[1.4375,9.9375,1.984375,10.453125],"tintindex":0,"rotation":0,"texture":"#2"},"up":{"uv":[1.59375,13.171875,1.5625,12.625],"tintindex":0,"rotation":0,"texture":"#2"},"down":{"uv":[8.03125,12.6875,8.0,13.234375],"tintindex":0,"rotation":0,"texture":"#2"}}},{"from":[16.0032,1.276001,3.5228],"to":[16.396801,8.0984,10.6076],"faces":{"east":{"uv":[9.9375,1.5,10.484375,2.015625],"tintindex":0,"rotation":0,"texture":"#2"},"south":{"uv":[9.8125,12.8125,9.84375,13.328125],"tintindex":0,"rotation":0,"texture":"#2"},"north":{"uv":[9.75,12.8125,9.78125,13.328125],"tintindex":0,"rotation":0,"texture":"#2"},"west":{"uv":[3.5,9.9375,4.046875,10.453125],"tintindex":0,"rotation":0,"texture":"#2"},"up":{"uv":[0.84375,13.296875,0.8125,12.75],"tintindex":0,"rotation":0,"texture":"#2"},"down":{"uv":[5.40625,12.75,5.375,13.296875],"tintindex":0,"rotation":0,"texture":"#2"}}}]}