{"textures":{"2":"modelengine:entity/bluejamballs_final"},"elements":[{"from":[-5.571001,5.9008026,5.3104],"to":[8.073801,10.099197,10.6896],"faces":{"east":{"uv":[11.125,3.625,11.53125,3.9375],"tintindex":0,"rotation":0,"texture":"#2"},"south":{"uv":[9.6875,4.125,10.734375,4.4375],"tintindex":0,"rotation":0,"texture":"#2"},"north":{"uv":[9.6875,3.8125,10.734375,4.125],"tintindex":0,"rotation":0,"texture":"#2"},"west":{"uv":[11.125,6.375,11.53125,6.6875],"tintindex":0,"rotation":0,"texture":"#2"},"up":{"uv":[10.109375,6.78125,9.0625,6.375],"tintindex":0,"rotation":0,"texture":"#2"},"down":{"uv":[10.109375,6.8125,9.0625,7.21875],"tintindex":0,"rotation":0,"texture":"#2"}}}]}