{"textures":{"2":"modelengine:entity/bluejamballs_final"},"elements":[{"from":[8.208282,7.3574524,7.10784],"to":[12.30172,9.052551,8.89216],"faces":{"east":{"uv":[12.75,6.75,12.890625,6.875],"tintindex":0,"rotation":0,"texture":"#2"},"south":{"uv":[8.1875,7.25,8.5,7.375],"tintindex":0,"rotation":0,"texture":"#2"},"north":{"uv":[0.625,7.9375,0.9375,8.0625],"tintindex":0,"rotation":0,"texture":"#2"},"west":{"uv":[12.75,6.9375,12.890625,7.0625],"tintindex":0,"rotation":0,"texture":"#2"},"up":{"uv":[12.375,10.828125,12.0625,10.6875],"tintindex":0,"rotation":0,"texture":"#2"},"down":{"uv":[12.4375,4.75,12.125,4.890625],"tintindex":0,"rotation":0,"texture":"#2"}}}]}