{"textures":{"2":"modelengine:entity/bluejamballs_final"},"elements":[{"from":[8.034443,7.1524506,7.1078396],"to":[11.65556,8.847549,8.89216],"faces":{"east":{"uv":[12.75,8.4375,12.890625,8.5625],"tintindex":0,"rotation":0,"texture":"#2"},"south":{"uv":[9.1875,12.375,9.46875,12.5],"tintindex":0,"rotation":0,"texture":"#2"},"north":{"uv":[2.1875,12.375,2.46875,12.5],"tintindex":0,"rotation":0,"texture":"#2"},"west":{"uv":[12.75,8.5625,12.890625,8.6875],"tintindex":0,"rotation":0,"texture":"#2"},"up":{"uv":[9.46875,12.328125,9.1875,12.1875],"tintindex":0,"rotation":0,"texture":"#2"},"down":{"uv":[12.46875,9.25,12.1875,9.390625],"tintindex":0,"rotation":0,"texture":"#2"}}}]}