{"textures":{"2":"modelengine:entity/pillars"},"elements":[{"from":[7.3642855,7.0899057,6.4214287],"to":[8.65,8.777406,7.707143],"rotation":{"angle":0.0,"axis":"y","origin":[8.007143,7.732763,7.0642858]},"faces":{"east":{"uv":[13.125,1.8125,13.265625,1.9960938],"rotation":0,"texture":"#2","tintindex":0},"south":{"uv":[13.125,2.0,13.265625,2.1835938],"rotation":0,"texture":"#2","tintindex":0},"north":{"uv":[0.5,13.125,0.640625,13.308594],"rotation":0,"texture":"#2","tintindex":0},"west":{"uv":[13.125,6.1875,13.265625,6.3710938],"rotation":0,"texture":"#2","tintindex":0},"up":{"uv":[3.703125,13.640625,3.5625,13.5],"rotation":0,"texture":"#2","tintindex":0},"down":{"uv":[13.640625,3.5625,13.5,3.703125],"rotation":0,"texture":"#2","tintindex":0}}},{"from":[7.1232142,7.0899057,6.582143],"to":[7.3642855,8.134548,7.5464287],"rotation":{"angle":0.0,"axis":"y","origin":[7.2839284,7.612227,7.0642858]},"faces":{"east":{"uv":[13.875,6.125,13.980469,6.2382812],"rotation":0,"texture":"#2","tintindex":0},"south":{"uv":[7.375,14.75,7.4023438,14.863281],"rotation":0,"texture":"#2","tintindex":0},"north":{"uv":[7.3125,14.75,7.3398438,14.863281],"rotation":0,"texture":"#2","tintindex":0},"west":{"uv":[13.875,8.3125,13.980469,8.425781],"rotation":0,"texture":"#2","tintindex":0},"up":{"uv":[14.777344,11.542969,14.75,11.4375],"rotation":0,"texture":"#2","tintindex":0},"down":{"uv":[11.589844,14.75,11.5625,14.855469],"rotation":0,"texture":"#2","tintindex":0}}},{"from":[7.1232142,8.134548,6.823214],"to":[7.3642855,8.777406,7.305357],"rotation":{"angle":0.0,"axis":"y","origin":[7.2839284,8.455977,7.0642858]},"faces":{"east":{"uv":[10.0625,14.625,10.1171875,14.6953125],"rotation":0,"texture":"#2","tintindex":0},"south":{"uv":[14.875,7.25,14.902344,7.3203125],"rotation":0,"texture":"#2","tintindex":0},"north":{"uv":[7.25,14.875,7.2773438,14.9453125],"rotation":0,"texture":"#2","tintindex":0},"west":{"uv":[10.125,14.625,10.1796875,14.6953125],"rotation":0,"texture":"#2","tintindex":0},"up":{"uv":[1.5898438,15.0546875,1.5625,15.0],"rotation":0,"texture":"#2","tintindex":0},"down":{"uv":[15.027344,1.5625,15.0,1.6171875],"rotation":0,"texture":"#2","tintindex":0}}},{"from":[8.65,7.0899057,6.742857],"to":[8.810715,8.134548,7.385714],"rotation":{"angle":0.0,"axis":"y","origin":[8.730357,7.612227,7.0642858]},"faces":{"east":{"uv":[14.125,9.4375,14.1953125,9.550781],"rotation":0,"texture":"#2","tintindex":0},"south":{"uv":[14.8125,6.0,14.832031,6.1132812],"rotation":0,"texture":"#2","tintindex":0},"north":{"uv":[6.0,14.8125,6.0195312,14.925781],"rotation":0,"texture":"#2","tintindex":0},"west":{"uv":[14.125,9.5625,14.1953125,9.675781],"rotation":0,"texture":"#2","tintindex":0},"up":{"uv":[6.3320312,15.0703125,6.3125,15.0],"rotation":0,"texture":"#2","tintindex":0},"down":{"uv":[6.5195312,15.0,6.5,15.0703125],"rotation":0,"texture":"#2","tintindex":0}}},{"from":[8.65,8.134548,6.903571],"to":[8.810715,8.777406,7.225],"rotation":{"angle":0.0,"axis":"y","origin":[8.730357,8.455977,7.0642858]},"faces":{"east":{"uv":[14.8125,3.25,14.847656,3.3203125],"rotation":0,"texture":"#2","tintindex":0},"south":{"uv":[6.625,15.0,6.6445312,15.0703125],"rotation":0,"texture":"#2","tintindex":0},"north":{"uv":[6.5625,15.0,6.5820312,15.0703125],"rotation":0,"texture":"#2","tintindex":0},"west":{"uv":[14.8125,3.375,14.847656,3.4453125],"rotation":0,"texture":"#2","tintindex":0},"up":{"uv":[15.144531,14.847656,15.125,14.8125],"rotation":0,"texture":"#2","tintindex":0},"down":{"uv":[14.894531,15.125,14.875,15.160156],"rotation":0,"texture":"#2","tintindex":0}}},{"from":[7.525,7.0899057,6.180357],"to":[8.489285,8.134548,6.4214287],"rotation":{"angle":0.0,"axis":"y","origin":[8.007143,7.732763,6.823214]},"faces":{"east":{"uv":[14.75,7.375,14.777344,7.4882812],"rotation":0,"texture":"#2","tintindex":0},"south":{"uv":[13.875,8.5625,13.980469,8.675781],"rotation":0,"texture":"#2","tintindex":0},"north":{"uv":[13.875,8.4375,13.980469,8.550781],"rotation":0,"texture":"#2","tintindex":0},"west":{"uv":[7.4375,14.75,7.4648438,14.863281],"rotation":0,"texture":"#2","tintindex":0},"up":{"uv":[14.855469,11.589844,14.75,11.5625],"rotation":0,"texture":"#2","tintindex":0},"down":{"uv":[14.855469,11.625,14.75,11.652344],"rotation":0,"texture":"#2","tintindex":0}}},{"from":[7.774107,8.134548,6.180357],"to":[8.25625,8.777406,6.4214287],"rotation":{"angle":0.0,"axis":"y","origin":[8.055357,8.455977,6.300893]},"faces":{"east":{"uv":[7.3125,14.875,7.3398438,14.9453125],"rotation":0,"texture":"#2","tintindex":0},"south":{"uv":[10.25,14.625,10.3046875,14.6953125],"rotation":0,"texture":"#2","tintindex":0},"north":{"uv":[10.1875,14.625,10.2421875,14.6953125],"rotation":0,"texture":"#2","tintindex":0},"west":{"uv":[7.375,14.875,7.4023438,14.9453125],"rotation":0,"texture":"#2","tintindex":0},"up":{"uv":[1.6796875,15.027344,1.625,15.0],"rotation":0,"texture":"#2","tintindex":0},"down":{"uv":[15.0546875,1.625,15.0,1.6523438],"rotation":0,"texture":"#2","tintindex":0}}},{"from":[7.774107,8.134548,7.707143],"to":[8.25625,8.777406,7.948214],"rotation":{"angle":0.0,"axis":"y","origin":[8.055357,8.455977,7.8276787]},"faces":{"east":{"uv":[14.875,7.375,14.902344,7.4453125],"rotation":0,"texture":"#2","tintindex":0},"south":{"uv":[14.625,10.375,14.6796875,10.4453125],"rotation":0,"texture":"#2","tintindex":0},"north":{"uv":[10.3125,14.625,10.3671875,14.6953125],"rotation":0,"texture":"#2","tintindex":0},"west":{"uv":[7.4375,14.875,7.4648438,14.9453125],"rotation":0,"texture":"#2","tintindex":0},"up":{"uv":[1.7421875,15.027344,1.6875,15.0],"rotation":0,"texture":"#2","tintindex":0},"down":{"uv":[15.0546875,1.6875,15.0,1.7148438],"rotation":0,"texture":"#2","tintindex":0}}},{"from":[7.525,7.0899057,7.707143],"to":[8.489285,8.134548,7.948214],"rotation":{"angle":0.0,"axis":"y","origin":[8.007143,7.732763,8.35]},"faces":{"east":{"uv":[7.5,14.75,7.5273438,14.863281],"rotation":0,"texture":"#2","tintindex":0},"south":{"uv":[13.875,8.8125,13.980469,8.925781],"rotation":0,"texture":"#2","tintindex":0},"north":{"uv":[13.875,8.6875,13.980469,8.800781],"rotation":0,"texture":"#2","tintindex":0},"west":{"uv":[14.75,7.5,14.777344,7.6132812],"rotation":0,"texture":"#2","tintindex":0},"up":{"uv":[14.855469,11.714844,14.75,11.6875],"rotation":0,"texture":"#2","tintindex":0},"down":{"uv":[14.855469,11.75,14.75,11.777344],"rotation":0,"texture":"#2","tintindex":0}}}],"display":{"head":{"translation":[0.0,-6.4,0.0],"scale":[4.0,4.0,4.0]}}}