{"textures":{"2":"modelengine:entity/pillars"},"elements":[{"from":[7.5761905,7.43533,2.017857],"to":[8.433333,8.560329,2.875],"rotation":{"angle":0.0,"axis":"y","origin":[8.004762,7.863901,2.4464283]},"faces":{"east":{"uv":[1.4375,14.0,1.53125,14.125],"rotation":0,"texture":"#2","tintindex":0},"south":{"uv":[1.5625,14.0,1.65625,14.125],"rotation":0,"texture":"#2","tintindex":0},"north":{"uv":[1.3125,14.0,1.40625,14.125],"rotation":0,"texture":"#2","tintindex":0},"west":{"uv":[1.6875,14.0,1.78125,14.125],"rotation":0,"texture":"#2","tintindex":0},"up":{"uv":[14.15625,12.28125,14.0625,12.1875],"rotation":0,"texture":"#2","tintindex":0},"down":{"uv":[12.34375,14.0625,12.25,14.15625],"rotation":0,"texture":"#2","tintindex":0}}},{"from":[7.4154763,7.43533,2.1249995],"to":[7.5761905,8.131759,2.767857],"rotation":{"angle":0.0,"axis":"y","origin":[7.5226192,7.783544,2.4464283]},"faces":{"east":{"uv":[14.4375,0.5,14.5078125,0.578125],"rotation":0,"texture":"#2","tintindex":0},"south":{"uv":[10.375,14.9375,10.394531,15.015625],"rotation":0,"texture":"#2","tintindex":0},"north":{"uv":[14.9375,10.3125,14.957031,10.390625],"rotation":0,"texture":"#2","tintindex":0},"west":{"uv":[0.5625,14.4375,0.6328125,14.515625],"rotation":0,"texture":"#2","tintindex":0},"up":{"uv":[9.207031,15.0703125,9.1875,15.0],"rotation":0,"texture":"#2","tintindex":0},"down":{"uv":[15.019531,9.375,15.0,9.4453125],"rotation":0,"texture":"#2","tintindex":0}}},{"from":[7.4154763,8.131759,2.2857141],"to":[7.5761905,8.560329,2.6071424],"rotation":{"angle":0.0,"axis":"y","origin":[7.5226192,8.346045,2.4464283]},"faces":{"east":{"uv":[2.0625,14.9375,2.0976562,14.984375],"rotation":0,"texture":"#2","tintindex":0},"south":{"uv":[15.125,6.875,15.144531,6.921875],"rotation":0,"texture":"#2","tintindex":0},"north":{"uv":[6.875,15.125,6.8945312,15.171875],"rotation":0,"texture":"#2","tintindex":0},"west":{"uv":[14.9375,2.0625,14.972656,2.109375],"rotation":0,"texture":"#2","tintindex":0},"up":{"uv":[3.2070312,15.222656,3.1875,15.1875],"rotation":0,"texture":"#2","tintindex":0},"down":{"uv":[15.207031,3.1875,15.1875,3.2226562],"rotation":0,"texture":"#2","tintindex":0}}},{"from":[8.433333,7.43533,2.2321424],"to":[8.540476,8.131759,2.6607141],"rotation":{"angle":0.0,"axis":"y","origin":[8.486905,7.783544,2.4464283]},"faces":{"east":{"uv":[1.1875,14.6875,1.234375,14.765625],"rotation":0,"texture":"#2","tintindex":0},"south":{"uv":[15.125,6.9375,15.136719,7.015625],"rotation":0,"texture":"#2","tintindex":0},"north":{"uv":[6.9375,15.125,6.9492188,15.203125],"rotation":0,"texture":"#2","tintindex":0},"west":{"uv":[1.25,14.6875,1.296875,14.765625],"rotation":0,"texture":"#2","tintindex":0},"up":{"uv":[2.1367188,15.296875,2.125,15.25],"rotation":0,"texture":"#2","tintindex":0},"down":{"uv":[15.261719,2.125,15.25,2.171875],"rotation":0,"texture":"#2","tintindex":0}}},{"from":[8.433333,8.131759,2.3392854],"to":[8.540476,8.560329,2.5535712],"rotation":{"angle":0.0,"axis":"y","origin":[8.486905,8.346045,2.4464283]},"faces":{"east":{"uv":[3.25,15.0625,3.2734375,15.109375],"rotation":0,"texture":"#2","tintindex":0},"south":{"uv":[15.25,2.1875,15.261719,2.234375],"rotation":0,"texture":"#2","tintindex":0},"north":{"uv":[2.1875,15.25,2.1992188,15.296875],"rotation":0,"texture":"#2","tintindex":0},"west":{"uv":[15.0625,3.25,15.0859375,3.296875],"rotation":0,"texture":"#2","tintindex":0},"up":{"uv":[7.0117188,15.3984375,7.0,15.375],"rotation":0,"texture":"#2","tintindex":0},"down":{"uv":[15.386719,7.0,15.375,7.0234375],"rotation":0,"texture":"#2","tintindex":0}}},{"from":[7.6833334,7.43533,1.8571424],"to":[8.326191,8.131759,2.017857],"rotation":{"angle":0.0,"axis":"y","origin":[8.004762,7.863901,2.2857141]},"faces":{"east":{"uv":[10.4375,14.9375,10.457031,15.015625],"rotation":0,"texture":"#2","tintindex":0},"south":{"uv":[14.4375,0.75,14.5078125,0.828125],"rotation":0,"texture":"#2","tintindex":0},"north":{"uv":[14.4375,0.625,14.5078125,0.703125],"rotation":0,"texture":"#2","tintindex":0},"west":{"uv":[14.9375,10.4375,14.957031,10.515625],"rotation":0,"texture":"#2","tintindex":0},"up":{"uv":[15.0703125,9.519531,15.0,9.5],"rotation":0,"texture":"#2","tintindex":0},"down":{"uv":[15.0703125,9.5625,15.0,9.582031],"rotation":0,"texture":"#2","tintindex":0}}},{"from":[7.849405,8.131759,1.8571424],"to":[8.170834,8.560329,2.017857],"rotation":{"angle":0.0,"axis":"y","origin":[8.036904,8.346045,1.9374995]},"faces":{"east":{"uv":[7.0,15.125,7.0195312,15.171875],"rotation":0,"texture":"#2","tintindex":0},"south":{"uv":[14.9375,2.125,14.972656,2.171875],"rotation":0,"texture":"#2","tintindex":0},"north":{"uv":[2.125,14.9375,2.1601562,14.984375],"rotation":0,"texture":"#2","tintindex":0},"west":{"uv":[7.0625,15.125,7.0820312,15.171875],"rotation":0,"texture":"#2","tintindex":0},"up":{"uv":[3.2851562,15.207031,3.25,15.1875],"rotation":0,"texture":"#2","tintindex":0},"down":{"uv":[15.222656,3.25,15.1875,3.2695312],"rotation":0,"texture":"#2","tintindex":0}}},{"from":[7.849405,8.131759,2.875],"to":[8.170834,8.560329,3.0357141],"rotation":{"angle":0.0,"axis":"y","origin":[8.036904,8.346045,2.955357]},"faces":{"east":{"uv":[15.125,7.0625,15.144531,7.109375],"rotation":0,"texture":"#2","tintindex":0},"south":{"uv":[14.9375,2.1875,14.972656,2.234375],"rotation":0,"texture":"#2","tintindex":0},"north":{"uv":[2.1875,14.9375,2.2226562,14.984375],"rotation":0,"texture":"#2","tintindex":0},"west":{"uv":[7.125,15.125,7.1445312,15.171875],"rotation":0,"texture":"#2","tintindex":0},"up":{"uv":[3.3476562,15.207031,3.3125,15.1875],"rotation":0,"texture":"#2","tintindex":0},"down":{"uv":[15.222656,3.3125,15.1875,3.3320312],"rotation":0,"texture":"#2","tintindex":0}}},{"from":[7.6833334,7.43533,2.875],"to":[8.326191,8.131759,3.0357141],"rotation":{"angle":0.0,"axis":"y","origin":[8.004762,7.863901,3.3035712]},"faces":{"east":{"uv":[10.5,14.9375,10.519531,15.015625],"rotation":0,"texture":"#2","tintindex":0},"south":{"uv":[14.4375,0.875,14.5078125,0.953125],"rotation":0,"texture":"#2","tintindex":0},"north":{"uv":[0.8125,14.4375,0.8828125,14.515625],"rotation":0,"texture":"#2","tintindex":0},"west":{"uv":[10.5625,14.9375,10.582031,15.015625],"rotation":0,"texture":"#2","tintindex":0},"up":{"uv":[9.6953125,15.019531,9.625,15.0],"rotation":0,"texture":"#2","tintindex":0},"down":{"uv":[15.0703125,9.625,15.0,9.644531],"rotation":0,"texture":"#2","tintindex":0}}}],"display":{"head":{"translation":[0.0,-6.4,0.0],"scale":[4.0,4.0,4.0]}}}