{"textures":{"2":"modelengine:entity/pillars"},"elements":[{"from":[6.4504046,2.925507,-14.756874],"to":[13.080404,11.627382,-8.126873],"rotation":{"angle":0.0,"axis":"y","origin":[9.765405,6.240507,-11.441872]},"faces":{"east":{"uv":[2.25,4.9375,2.9765625,5.890625],"rotation":0,"texture":"#2","tintindex":0},"south":{"uv":[3.0,4.9375,3.7265625,5.890625],"rotation":0,"texture":"#2","tintindex":0},"north":{"uv":[1.5,4.9375,2.2265625,5.890625],"rotation":0,"texture":"#2","tintindex":0},"west":{"uv":[5.0,0.0,5.7265625,0.953125],"rotation":0,"texture":"#2","tintindex":0},"up":{"uv":[6.9765625,3.8515625,6.25,3.125],"rotation":0,"texture":"#2","tintindex":0},"down":{"uv":[7.2265625,0.0,6.5,0.7265625],"rotation":0,"texture":"#2","tintindex":0}}},{"from":[5.2072797,2.925507,-13.928123],"to":[6.4504046,8.312382,-8.955624],"rotation":{"angle":0.0,"axis":"y","origin":[6.03603,5.6189446,-11.441872]},"faces":{"east":{"uv":[3.875,7.375,4.4179688,7.9648438],"rotation":0,"texture":"#2","tintindex":0},"south":{"uv":[3.9375,11.125,4.0742188,11.714844],"rotation":0,"texture":"#2","tintindex":0},"north":{"uv":[3.75,11.125,3.8867188,11.714844],"rotation":0,"texture":"#2","tintindex":0},"west":{"uv":[4.4375,7.375,4.9804688,7.9648438],"rotation":0,"texture":"#2","tintindex":0},"up":{"uv":[10.699219,11.980469,10.5625,11.4375],"rotation":0,"texture":"#2","tintindex":0},"down":{"uv":[0.69921875,11.5,0.5625,12.042969],"rotation":0,"texture":"#2","tintindex":0}}},{"from":[5.2072797,8.312382,-12.684998],"to":[6.4504046,11.627382,-10.198746],"rotation":{"angle":0.0,"axis":"y","origin":[6.03603,9.969882,-11.441872]},"faces":{"east":{"uv":[10.9375,1.5,11.2109375,1.8632812],"rotation":0,"texture":"#2","tintindex":0},"south":{"uv":[10.5,12.0,10.636719,12.363281],"rotation":0,"texture":"#2","tintindex":0},"north":{"uv":[9.75,12.0,9.886719,12.363281],"rotation":0,"texture":"#2","tintindex":0},"west":{"uv":[10.9375,1.875,11.2109375,2.2382812],"rotation":0,"texture":"#2","tintindex":0},"up":{"uv":[12.574219,1.7734375,12.4375,1.5],"rotation":0,"texture":"#2","tintindex":0},"down":{"uv":[12.574219,2.625,12.4375,2.8984375],"rotation":0,"texture":"#2","tintindex":0}}},{"from":[13.080404,2.925507,-13.099373],"to":[13.909155,8.312382,-9.78437],"rotation":{"angle":0.0,"axis":"y","origin":[13.49478,5.6189446,-11.441872]},"faces":{"east":{"uv":[3.0,8.625,3.3632812,9.214844],"rotation":0,"texture":"#2","tintindex":0},"south":{"uv":[2.375,12.0,2.4648438,12.589844],"rotation":0,"texture":"#2","tintindex":0},"north":{"uv":[0.375,12.0,0.46484375,12.589844],"rotation":0,"texture":"#2","tintindex":0},"west":{"uv":[3.375,8.625,3.7382812,9.214844],"rotation":0,"texture":"#2","tintindex":0},"up":{"uv":[5.4023438,13.050781,5.3125,12.6875],"rotation":0,"texture":"#2","tintindex":0},"down":{"uv":[9.527344,12.6875,9.4375,13.050781],"rotation":0,"texture":"#2","tintindex":0}}},{"from":[13.080404,8.312382,-12.270622],"to":[13.909155,11.627382,-10.613125],"rotation":{"angle":0.0,"axis":"y","origin":[13.49478,9.969882,-11.441872]},"faces":{"east":{"uv":[11.75,10.5,11.9296875,10.863281],"rotation":0,"texture":"#2","tintindex":0},"south":{"uv":[0.5625,12.75,0.65234375,13.113281],"rotation":0,"texture":"#2","tintindex":0},"north":{"uv":[11.625,12.6875,11.714844,13.050781],"rotation":0,"texture":"#2","tintindex":0},"west":{"uv":[11.75,10.875,11.9296875,11.238281],"rotation":0,"texture":"#2","tintindex":0},"up":{"uv":[11.777344,13.8046875,11.6875,13.625],"rotation":0,"texture":"#2","tintindex":0},"down":{"uv":[13.714844,11.6875,13.625,11.8671875],"rotation":0,"texture":"#2","tintindex":0}}},{"from":[7.279155,2.925507,-16.0],"to":[12.251656,8.312382,-14.756874],"rotation":{"angle":0.0,"axis":"y","origin":[9.765405,6.240507,-12.684998]},"faces":{"east":{"uv":[4.125,11.125,4.2617188,11.714844],"rotation":0,"texture":"#2","tintindex":0},"south":{"uv":[0.0,7.5,0.54296875,8.089844],"rotation":0,"texture":"#2","tintindex":0},"north":{"uv":[5.0,7.375,5.5429688,7.9648438],"rotation":0,"texture":"#2","tintindex":0},"west":{"uv":[4.3125,11.125,4.4492188,11.714844],"rotation":0,"texture":"#2","tintindex":0},"up":{"uv":[12.042969,1.6367188,11.5,1.5],"rotation":0,"texture":"#2","tintindex":0},"down":{"uv":[12.042969,1.6875,11.5,1.8242188],"rotation":0,"texture":"#2","tintindex":0}}},{"from":[8.563717,8.312382,-16.0],"to":[11.049968,11.627382,-14.756874],"rotation":{"angle":0.0,"axis":"y","origin":[10.01403,9.969882,-15.378433]},"faces":{"east":{"uv":[11.75,12.0,11.886719,12.363281],"rotation":0,"texture":"#2","tintindex":0},"south":{"uv":[2.4375,10.9375,2.7109375,11.300781],"rotation":0,"texture":"#2","tintindex":0},"north":{"uv":[10.9375,2.25,11.2109375,2.6132812],"rotation":0,"texture":"#2","tintindex":0},"west":{"uv":[0.5,12.0625,0.63671875,12.425781],"rotation":0,"texture":"#2","tintindex":0},"up":{"uv":[12.7109375,1.9492188,12.4375,1.8125],"rotation":0,"texture":"#2","tintindex":0},"down":{"uv":[12.7109375,2.9375,12.4375,3.0742188],"rotation":0,"texture":"#2","tintindex":0}}},{"from":[8.563717,8.312382,-8.126873],"to":[11.049968,11.627382,-6.883747],"rotation":{"angle":0.0,"axis":"y","origin":[10.01403,9.969882,-7.50531]},"faces":{"east":{"uv":[12.0625,1.1875,12.199219,1.5507812],"rotation":0,"texture":"#2","tintindex":0},"south":{"uv":[2.75,10.9375,3.0234375,11.300781],"rotation":0,"texture":"#2","tintindex":0},"north":{"uv":[10.9375,2.625,11.2109375,2.9882812],"rotation":0,"texture":"#2","tintindex":0},"west":{"uv":[12.0625,1.5625,12.199219,1.9257812],"rotation":0,"texture":"#2","tintindex":0},"up":{"uv":[12.7109375,3.2617188,12.4375,3.125],"rotation":0,"texture":"#2","tintindex":0},"down":{"uv":[12.7109375,3.3125,12.4375,3.4492188],"rotation":0,"texture":"#2","tintindex":0}}},{"from":[7.279155,2.925507,-8.126873],"to":[12.251656,8.312382,-6.883747],"rotation":{"angle":0.0,"axis":"y","origin":[9.765405,6.240507,-4.8118706]},"faces":{"east":{"uv":[4.5,11.125,4.6367188,11.714844],"rotation":0,"texture":"#2","tintindex":0},"south":{"uv":[1.125,7.5,1.6679688,8.089844],"rotation":0,"texture":"#2","tintindex":0},"north":{"uv":[0.5625,7.5,1.1054688,8.089844],"rotation":0,"texture":"#2","tintindex":0},"west":{"uv":[4.6875,11.125,4.8242188,11.714844],"rotation":0,"texture":"#2","tintindex":0},"up":{"uv":[12.042969,2.0117188,11.5,1.875],"rotation":0,"texture":"#2","tintindex":0},"down":{"uv":[12.042969,2.0625,11.5,2.1992188],"rotation":0,"texture":"#2","tintindex":0}}}],"display":{"head":{"translation":[0.0,-6.4,-98.96623],"scale":[4.0,4.0,4.0]}}}