{"textures":{"2":"modelengine:entity/pillars"},"elements":[{"from":[6.869841,6.34127,6.857143],"to":[9.155556,9.34127,9.142858],"rotation":{"angle":0.0,"axis":"y","origin":[8.012698,7.484127,8.0]},"faces":{"east":{"uv":[11.0,5.0625,11.25,5.390625],"rotation":0,"texture":"#2","tintindex":0},"south":{"uv":[9.1875,11.0,9.4375,11.328125],"rotation":0,"texture":"#2","tintindex":0},"north":{"uv":[11.0,4.6875,11.25,5.015625],"rotation":0,"texture":"#2","tintindex":0},"west":{"uv":[11.0625,0.0,11.3125,0.328125],"rotation":0,"texture":"#2","tintindex":0},"up":{"uv":[12.0625,3.8125,11.8125,3.5625],"rotation":0,"texture":"#2","tintindex":0},"down":{"uv":[12.0625,3.8125,11.8125,4.0625],"rotation":0,"texture":"#2","tintindex":0}}},{"from":[6.44127,6.34127,7.142857],"to":[6.869841,8.198413,8.857143],"rotation":{"angle":0.0,"axis":"y","origin":[6.726984,7.269841,8.0]},"faces":{"east":{"uv":[4.5625,12.375,4.75,12.578125],"rotation":0,"texture":"#2","tintindex":0},"south":{"uv":[14.0625,6.1875,14.109375,6.390625],"rotation":0,"texture":"#2","tintindex":0},"north":{"uv":[6.1875,14.0625,6.234375,14.265625],"rotation":0,"texture":"#2","tintindex":0},"west":{"uv":[4.75,12.375,4.9375,12.578125],"rotation":0,"texture":"#2","tintindex":0},"up":{"uv":[11.109375,14.25,11.0625,14.0625],"rotation":0,"texture":"#2","tintindex":0},"down":{"uv":[11.171875,14.0625,11.125,14.25],"rotation":0,"texture":"#2","tintindex":0}}},{"from":[6.44127,8.198413,7.5714283],"to":[6.869841,9.34127,8.428572],"rotation":{"angle":0.0,"axis":"y","origin":[6.726984,8.769841,8.0]},"faces":{"east":{"uv":[7.875,13.9375,7.96875,14.0625],"rotation":0,"texture":"#2","tintindex":0},"south":{"uv":[14.375,7.8125,14.421875,7.9375],"rotation":0,"texture":"#2","tintindex":0},"north":{"uv":[14.375,7.6875,14.421875,7.8125],"rotation":0,"texture":"#2","tintindex":0},"west":{"uv":[8.0,13.9375,8.09375,14.0625],"rotation":0,"texture":"#2","tintindex":0},"up":{"uv":[2.859375,14.71875,2.8125,14.625],"rotation":0,"texture":"#2","tintindex":0},"down":{"uv":[14.671875,2.8125,14.625,2.90625],"rotation":0,"texture":"#2","tintindex":0}}},{"from":[9.155556,6.34127,7.428571],"to":[9.44127,8.198413,8.571428],"rotation":{"angle":0.0,"axis":"y","origin":[9.298412,7.269841,8.0]},"faces":{"east":{"uv":[13.1875,1.25,13.3125,1.453125],"rotation":0,"texture":"#2","tintindex":0},"south":{"uv":[1.5,14.3125,1.53125,14.515625],"rotation":0,"texture":"#2","tintindex":0},"north":{"uv":[0.9375,14.3125,0.96875,14.515625],"rotation":0,"texture":"#2","tintindex":0},"west":{"uv":[13.1875,2.1875,13.3125,2.390625],"rotation":0,"texture":"#2","tintindex":0},"up":{"uv":[7.40625,14.75,7.375,14.625],"rotation":0,"texture":"#2","tintindex":0},"down":{"uv":[7.46875,14.625,7.4375,14.75],"rotation":0,"texture":"#2","tintindex":0}}},{"from":[9.155556,8.198413,7.714286],"to":[9.44127,9.34127,8.285714],"rotation":{"angle":0.0,"axis":"y","origin":[9.298412,8.769841,8.0]},"faces":{"east":{"uv":[6.75,13.4375,6.8125,13.5625],"rotation":0,"texture":"#2","tintindex":0},"south":{"uv":[7.5,14.625,7.53125,14.75],"rotation":0,"texture":"#2","tintindex":0},"north":{"uv":[14.625,7.4375,14.65625,7.5625],"rotation":0,"texture":"#2","tintindex":0},"west":{"uv":[8.3125,13.4375,8.375,13.5625],"rotation":0,"texture":"#2","tintindex":0},"up":{"uv":[5.21875,14.9375,5.1875,14.875],"rotation":0,"texture":"#2","tintindex":0},"down":{"uv":[14.90625,5.1875,14.875,5.25],"rotation":0,"texture":"#2","tintindex":0}}},{"from":[7.1555557,6.34127,6.428571],"to":[8.869842,8.198413,6.857143],"rotation":{"angle":0.0,"axis":"y","origin":[8.012698,7.484127,7.5714283]},"faces":{"east":{"uv":[6.5625,14.0625,6.609375,14.265625],"rotation":0,"texture":"#2","tintindex":0},"south":{"uv":[6.5,12.375,6.6875,12.578125],"rotation":0,"texture":"#2","tintindex":0},"north":{"uv":[5.625,12.375,5.8125,12.578125],"rotation":0,"texture":"#2","tintindex":0},"west":{"uv":[6.625,14.0625,6.671875,14.265625],"rotation":0,"texture":"#2","tintindex":0},"up":{"uv":[13.25,8.984375,13.0625,8.9375],"rotation":0,"texture":"#2","tintindex":0},"down":{"uv":[13.4375,10.25,13.25,10.296875],"rotation":0,"texture":"#2","tintindex":0}}},{"from":[7.5984125,8.198413,6.428571],"to":[8.455556,9.34127,6.857143],"rotation":{"angle":0.0,"axis":"y","origin":[8.0984125,8.769841,6.642857]},"faces":{"east":{"uv":[14.375,7.9375,14.421875,8.0625],"rotation":0,"texture":"#2","tintindex":0},"south":{"uv":[8.6875,13.9375,8.78125,14.0625],"rotation":0,"texture":"#2","tintindex":0},"north":{"uv":[8.125,13.9375,8.21875,14.0625],"rotation":0,"texture":"#2","tintindex":0},"west":{"uv":[14.375,8.0625,14.421875,8.1875],"rotation":0,"texture":"#2","tintindex":0},"up":{"uv":[14.71875,2.296875,14.625,2.25],"rotation":0,"texture":"#2","tintindex":0},"down":{"uv":[2.96875,14.625,2.875,14.671875],"rotation":0,"texture":"#2","tintindex":0}}},{"from":[7.5984125,8.198413,9.142858],"to":[8.455556,9.34127,9.571428],"rotation":{"angle":0.0,"axis":"y","origin":[8.0984125,8.769841,9.357143]},"faces":{"east":{"uv":[14.375,8.1875,14.421875,8.3125],"rotation":0,"texture":"#2","tintindex":0},"south":{"uv":[8.9375,13.9375,9.03125,14.0625],"rotation":0,"texture":"#2","tintindex":0},"north":{"uv":[8.8125,13.9375,8.90625,14.0625],"rotation":0,"texture":"#2","tintindex":0},"west":{"uv":[14.375,8.3125,14.421875,8.4375],"rotation":0,"texture":"#2","tintindex":0},"up":{"uv":[3.09375,14.671875,3.0,14.625],"rotation":0,"texture":"#2","tintindex":0},"down":{"uv":[14.71875,3.125,14.625,3.171875],"rotation":0,"texture":"#2","tintindex":0}}},{"from":[7.1555557,6.34127,9.142858],"to":[8.869842,8.198413,9.571428],"rotation":{"angle":0.0,"axis":"y","origin":[8.012698,7.484127,10.285714]},"faces":{"east":{"uv":[6.6875,14.0625,6.734375,14.265625],"rotation":0,"texture":"#2","tintindex":0},"south":{"uv":[12.375,7.5625,12.5625,7.765625],"rotation":0,"texture":"#2","tintindex":0},"north":{"uv":[12.375,7.3125,12.5625,7.515625],"rotation":0,"texture":"#2","tintindex":0},"west":{"uv":[6.75,14.0625,6.796875,14.265625],"rotation":0,"texture":"#2","tintindex":0},"up":{"uv":[14.25,0.046875,14.0625,0.0],"rotation":0,"texture":"#2","tintindex":0},"down":{"uv":[14.25,0.0625,14.0625,0.109375],"rotation":0,"texture":"#2","tintindex":0}}}],"display":{"head":{"translation":[0.0,-6.4,0.0],"scale":[4.0,4.0,4.0]}}}