{"textures":{"2":"modelengine:entity/pillars"},"elements":[{"from":[7.8846025,4.864724,-15.300739],"to":[11.613977,9.759529,-11.571365],"rotation":{"angle":0.0,"axis":"y","origin":[9.74929,6.729412,-13.43605]},"faces":{"east":{"uv":[8.4375,7.9375,8.84375,8.472656],"rotation":0,"texture":"#2","tintindex":0},"south":{"uv":[8.5,0.625,8.90625,1.1601562],"rotation":0,"texture":"#2","tintindex":0},"north":{"uv":[8.4375,7.375,8.84375,7.9101562],"rotation":0,"texture":"#2","tintindex":0},"west":{"uv":[8.5,1.1875,8.90625,1.7226562],"rotation":0,"texture":"#2","tintindex":0},"up":{"uv":[7.03125,9.65625,6.625,9.25],"rotation":0,"texture":"#2","tintindex":0},"down":{"uv":[9.03125,9.25,8.625,9.65625],"rotation":0,"texture":"#2","tintindex":0}}},{"from":[7.1853447,4.864724,-14.834568],"to":[7.8846025,7.8948417,-12.037537],"rotation":{"angle":0.0,"axis":"y","origin":[7.651517,6.379783,-13.43605]},"faces":{"east":{"uv":[10.75,5.5,11.0546875,5.8320312],"rotation":0,"texture":"#2","tintindex":0},"south":{"uv":[13.0625,4.5,13.140625,4.8320312],"rotation":0,"texture":"#2","tintindex":0},"north":{"uv":[13.0625,4.125,13.140625,4.4570312],"rotation":0,"texture":"#2","tintindex":0},"west":{"uv":[10.75,7.875,11.0546875,8.207031],"rotation":0,"texture":"#2","tintindex":0},"up":{"uv":[5.953125,13.5546875,5.875,13.25],"rotation":0,"texture":"#2","tintindex":0},"down":{"uv":[6.078125,13.25,6.0,13.5546875],"rotation":0,"texture":"#2","tintindex":0}}},{"from":[7.1853447,7.8948417,-14.135307],"to":[7.8846025,9.759529,-12.7367935],"rotation":{"angle":0.0,"axis":"y","origin":[7.651517,8.827186,-13.43605]},"faces":{"east":{"uv":[8.1875,12.75,8.339844,12.953125],"rotation":0,"texture":"#2","tintindex":0},"south":{"uv":[13.625,12.875,13.703125,13.078125],"rotation":0,"texture":"#2","tintindex":0},"north":{"uv":[13.625,12.625,13.703125,12.828125],"rotation":0,"texture":"#2","tintindex":0},"west":{"uv":[12.75,8.25,12.902344,8.453125],"rotation":0,"texture":"#2","tintindex":0},"up":{"uv":[13.953125,11.464844,13.875,11.3125],"rotation":0,"texture":"#2","tintindex":0},"down":{"uv":[13.953125,11.5,13.875,11.652344],"rotation":0,"texture":"#2","tintindex":0}}},{"from":[11.613977,4.864724,-14.368393],"to":[12.08015,7.8948417,-12.503708],"rotation":{"angle":0.0,"axis":"y","origin":[11.847064,6.379783,-13.43605]},"faces":{"east":{"uv":[11.5,7.6875,11.703125,8.019531],"rotation":0,"texture":"#2","tintindex":0},"south":{"uv":[8.6875,13.5625,8.738281,13.894531],"rotation":0,"texture":"#2","tintindex":0},"north":{"uv":[7.875,13.5625,7.9257812,13.894531],"rotation":0,"texture":"#2","tintindex":0},"west":{"uv":[7.875,11.5,8.078125,11.832031],"rotation":0,"texture":"#2","tintindex":0},"up":{"uv":[13.925781,14.203125,13.875,14.0],"rotation":0,"texture":"#2","tintindex":0},"down":{"uv":[13.988281,14.0,13.9375,14.203125],"rotation":0,"texture":"#2","tintindex":0}}},{"from":[11.613977,7.8948417,-13.9022255],"to":[12.08015,9.759529,-12.969879],"rotation":{"angle":0.0,"axis":"y","origin":[11.847064,8.827186,-13.43605]},"faces":{"east":{"uv":[13.3125,7.5625,13.4140625,7.765625],"rotation":0,"texture":"#2","tintindex":0},"south":{"uv":[0.0,14.0625,0.05078125,14.265625],"rotation":0,"texture":"#2","tintindex":0},"north":{"uv":[14.0,13.9375,14.050781,14.140625],"rotation":0,"texture":"#2","tintindex":0},"west":{"uv":[13.3125,7.8125,13.4140625,8.015625],"rotation":0,"texture":"#2","tintindex":0},"up":{"uv":[2.9257812,14.6015625,2.875,14.5],"rotation":0,"texture":"#2","tintindex":0},"down":{"uv":[4.5507812,14.5,4.5,14.6015625],"rotation":0,"texture":"#2","tintindex":0}}},{"from":[8.350775,4.864724,-16.0],"to":[11.147806,7.8948417,-15.300739],"rotation":{"angle":0.0,"axis":"y","origin":[9.74929,6.729412,-14.135307]},"faces":{"east":{"uv":[13.0625,4.875,13.140625,5.2070312],"rotation":0,"texture":"#2","tintindex":0},"south":{"uv":[10.75,8.25,11.0546875,8.582031],"rotation":0,"texture":"#2","tintindex":0},"north":{"uv":[7.9375,10.75,8.2421875,11.082031],"rotation":0,"texture":"#2","tintindex":0},"west":{"uv":[5.25,13.0625,5.328125,13.394531],"rotation":0,"texture":"#2","tintindex":0},"up":{"uv":[13.3671875,9.640625,13.0625,9.5625],"rotation":0,"texture":"#2","tintindex":0},"down":{"uv":[13.4296875,10.3125,13.125,10.390625],"rotation":0,"texture":"#2","tintindex":0}}},{"from":[9.073341,7.8948417,-16.0],"to":[10.471857,9.759529,-15.300739],"rotation":{"angle":0.0,"axis":"y","origin":[9.889142,8.827186,-15.650368]},"faces":{"east":{"uv":[12.9375,13.625,13.015625,13.828125],"rotation":0,"texture":"#2","tintindex":0},"south":{"uv":[12.75,8.5,12.902344,8.703125],"rotation":0,"texture":"#2","tintindex":0},"north":{"uv":[8.375,12.75,8.527344,12.953125],"rotation":0,"texture":"#2","tintindex":0},"west":{"uv":[13.625,13.125,13.703125,13.328125],"rotation":0,"texture":"#2","tintindex":0},"up":{"uv":[14.027344,11.765625,13.875,11.6875],"rotation":0,"texture":"#2","tintindex":0},"down":{"uv":[11.964844,13.875,11.8125,13.953125],"rotation":0,"texture":"#2","tintindex":0}}},{"from":[9.073341,7.8948417,-11.571365],"to":[10.471857,9.759529,-10.872108],"rotation":{"angle":0.0,"axis":"y","origin":[9.889142,8.827186,-11.221733]},"faces":{"east":{"uv":[13.3125,13.625,13.390625,13.828125],"rotation":0,"texture":"#2","tintindex":0},"south":{"uv":[8.75,12.75,8.902344,12.953125],"rotation":0,"texture":"#2","tintindex":0},"north":{"uv":[8.5625,12.75,8.714844,12.953125],"rotation":0,"texture":"#2","tintindex":0},"west":{"uv":[13.625,13.375,13.703125,13.578125],"rotation":0,"texture":"#2","tintindex":0},"up":{"uv":[14.027344,11.890625,13.875,11.8125],"rotation":0,"texture":"#2","tintindex":0},"down":{"uv":[14.027344,11.9375,13.875,12.015625],"rotation":0,"texture":"#2","tintindex":0}}},{"from":[8.350775,4.864724,-11.571365],"to":[11.147806,7.8948417,-10.872108],"rotation":{"angle":0.0,"axis":"y","origin":[9.74929,6.729412,-9.7066765]},"faces":{"east":{"uv":[13.0625,5.25,13.140625,5.5820312],"rotation":0,"texture":"#2","tintindex":0},"south":{"uv":[10.75,9.0,11.0546875,9.332031],"rotation":0,"texture":"#2","tintindex":0},"north":{"uv":[10.75,8.625,11.0546875,8.957031],"rotation":0,"texture":"#2","tintindex":0},"west":{"uv":[5.375,13.0625,5.453125,13.394531],"rotation":0,"texture":"#2","tintindex":0},"up":{"uv":[13.5546875,5.765625,13.25,5.6875],"rotation":0,"texture":"#2","tintindex":0},"down":{"uv":[7.1171875,13.25,6.8125,13.328125],"rotation":0,"texture":"#2","tintindex":0}}}],"display":{"head":{"translation":[0.0,-6.4,-90.98952],"scale":[4.0,4.0,4.0]}}}