{"textures":{"2":"modelengine:entity/pillars"},"elements":[{"from":[7.2699466,3.9073453,-15.067657],"to":[12.242447,10.433752,-10.095158],"rotation":{"angle":0.0,"axis":"y","origin":[9.756197,6.3935957,-12.581406]},"faces":{"east":{"uv":[1.125,6.75,1.6679688,7.4648438],"rotation":0,"texture":"#2","tintindex":0},"south":{"uv":[1.6875,6.75,2.2304688,7.4648438],"rotation":0,"texture":"#2","tintindex":0},"north":{"uv":[0.5625,6.75,1.1054688,7.4648438],"rotation":0,"texture":"#2","tintindex":0},"west":{"uv":[2.25,6.75,2.7929688,7.4648438],"rotation":0,"texture":"#2","tintindex":0},"up":{"uv":[8.042969,3.0429688,7.5,2.5],"rotation":0,"texture":"#2","tintindex":0},"down":{"uv":[8.105469,3.0625,7.5625,3.6054688],"rotation":0,"texture":"#2","tintindex":0}}},{"from":[6.3376026,3.9073453,-14.4460945],"to":[7.2699466,7.947502,-10.716721],"rotation":{"angle":0.0,"axis":"y","origin":[6.959165,5.9274235,-12.581406]},"faces":{"east":{"uv":[4.1875,9.0625,4.59375,9.503906],"rotation":0,"texture":"#2","tintindex":0},"south":{"uv":[12.1875,2.1875,12.2890625,2.6289062],"rotation":0,"texture":"#2","tintindex":0},"north":{"uv":[1.3125,12.1875,1.4140625,12.628906],"rotation":0,"texture":"#2","tintindex":0},"west":{"uv":[4.625,9.0625,5.03125,9.503906],"rotation":0,"texture":"#2","tintindex":0},"up":{"uv":[4.5390625,12.71875,4.4375,12.3125],"rotation":0,"texture":"#2","tintindex":0},"down":{"uv":[12.4140625,4.5625,12.3125,4.96875],"rotation":0,"texture":"#2","tintindex":0}}},{"from":[6.3376026,7.947502,-13.513748],"to":[7.2699466,10.433752,-11.649063],"rotation":{"angle":0.0,"axis":"y","origin":[6.959165,9.190627,-12.581406]},"faces":{"east":{"uv":[10.75,11.9375,10.953125,12.2109375],"rotation":0,"texture":"#2","tintindex":0},"south":{"uv":[12.9375,7.75,13.0390625,8.0234375],"rotation":0,"texture":"#2","tintindex":0},"north":{"uv":[12.9375,7.4375,13.0390625,7.7109375],"rotation":0,"texture":"#2","tintindex":0},"west":{"uv":[11.9375,10.8125,12.140625,11.0859375],"rotation":0,"texture":"#2","tintindex":0},"up":{"uv":[8.6015625,13.515625,8.5,13.3125],"rotation":0,"texture":"#2","tintindex":0},"down":{"uv":[8.7265625,13.3125,8.625,13.515625],"rotation":0,"texture":"#2","tintindex":0}}},{"from":[12.242447,3.9073453,-13.824532],"to":[12.864009,7.947502,-11.33828],"rotation":{"angle":0.0,"axis":"y","origin":[12.553228,5.9274235,-12.581406]},"faces":{"east":{"uv":[10.0625,9.1875,10.3359375,9.628906],"rotation":0,"texture":"#2","tintindex":0},"south":{"uv":[1.75,12.875,1.8164062,13.316406],"rotation":0,"texture":"#2","tintindex":0},"north":{"uv":[1.625,12.875,1.6914062,13.316406],"rotation":0,"texture":"#2","tintindex":0},"west":{"uv":[0.0,10.125,0.2734375,10.566406],"rotation":0,"texture":"#2","tintindex":0},"up":{"uv":[13.566406,5.0234375,13.5,4.75],"rotation":0,"texture":"#2","tintindex":0},"down":{"uv":[4.9414062,13.5,4.875,13.7734375],"rotation":0,"texture":"#2","tintindex":0}}},{"from":[12.242447,7.947502,-13.202972],"to":[12.864009,10.433752,-11.9598465],"rotation":{"angle":0.0,"axis":"y","origin":[12.553228,9.190627,-12.581406]},"faces":{"east":{"uv":[0.5,12.4375,0.63671875,12.7109375],"rotation":0,"texture":"#2","tintindex":0},"south":{"uv":[5.125,13.5,5.1914062,13.7734375],"rotation":0,"texture":"#2","tintindex":0},"north":{"uv":[5.0,13.5,5.0664062,13.7734375],"rotation":0,"texture":"#2","tintindex":0},"west":{"uv":[1.4375,12.4375,1.5742188,12.7109375],"rotation":0,"texture":"#2","tintindex":0},"up":{"uv":[10.816406,14.199219,10.75,14.0625],"rotation":0,"texture":"#2","tintindex":0},"down":{"uv":[14.128906,10.75,14.0625,10.886719],"rotation":0,"texture":"#2","tintindex":0}}},{"from":[7.891509,3.9073453,-16.0],"to":[11.620884,7.947502,-15.067657],"rotation":{"angle":0.0,"axis":"y","origin":[9.756197,6.3935957,-13.513748]},"faces":{"east":{"uv":[12.1875,4.5625,12.2890625,5.0039062],"rotation":0,"texture":"#2","tintindex":0},"south":{"uv":[8.1875,9.0625,8.59375,9.503906],"rotation":0,"texture":"#2","tintindex":0},"north":{"uv":[5.0625,9.0625,5.46875,9.503906],"rotation":0,"texture":"#2","tintindex":0},"west":{"uv":[12.1875,5.8125,12.2890625,6.2539062],"rotation":0,"texture":"#2","tintindex":0},"up":{"uv":[12.71875,4.2890625,12.3125,4.1875],"rotation":0,"texture":"#2","tintindex":0},"down":{"uv":[5.46875,12.3125,5.0625,12.4140625],"rotation":0,"texture":"#2","tintindex":0}}},{"from":[8.854931,7.947502,-16.0],"to":[10.719619,10.433752,-15.067657],"rotation":{"angle":0.0,"axis":"y","origin":[9.942665,9.190627,-15.533829]},"faces":{"east":{"uv":[12.9375,8.0625,13.0390625,8.3359375],"rotation":0,"texture":"#2","tintindex":0},"south":{"uv":[11.9375,11.125,12.140625,11.3984375],"rotation":0,"texture":"#2","tintindex":0},"north":{"uv":[11.0,11.9375,11.203125,12.2109375],"rotation":0,"texture":"#2","tintindex":0},"west":{"uv":[12.9375,8.375,13.0390625,8.6484375],"rotation":0,"texture":"#2","tintindex":0},"up":{"uv":[8.953125,13.4140625,8.75,13.3125],"rotation":0,"texture":"#2","tintindex":0},"down":{"uv":[9.765625,13.3125,9.5625,13.4140625],"rotation":0,"texture":"#2","tintindex":0}}},{"from":[8.854931,7.947502,-10.095158],"to":[10.719619,10.433752,-9.162815],"rotation":{"angle":0.0,"axis":"y","origin":[9.942665,9.190627,-9.628983]},"faces":{"east":{"uv":[12.9375,8.6875,13.0390625,8.9609375],"rotation":0,"texture":"#2","tintindex":0},"south":{"uv":[11.5,11.9375,11.703125,12.2109375],"rotation":0,"texture":"#2","tintindex":0},"north":{"uv":[11.9375,11.4375,12.140625,11.7109375],"rotation":0,"texture":"#2","tintindex":0},"west":{"uv":[12.9375,9.375,13.0390625,9.6484375],"rotation":0,"texture":"#2","tintindex":0},"up":{"uv":[13.515625,9.7890625,13.3125,9.6875],"rotation":0,"texture":"#2","tintindex":0},"down":{"uv":[13.515625,9.8125,13.3125,9.9140625],"rotation":0,"texture":"#2","tintindex":0}}},{"from":[7.891509,3.9073453,-10.095158],"to":[11.620884,7.947502,-9.162815],"rotation":{"angle":0.0,"axis":"y","origin":[9.756197,6.3935957,-7.608906]},"faces":{"east":{"uv":[12.1875,6.3125,12.2890625,6.7539062],"rotation":0,"texture":"#2","tintindex":0},"south":{"uv":[1.75,9.125,2.15625,9.566406],"rotation":0,"texture":"#2","tintindex":0},"north":{"uv":[1.3125,9.125,1.71875,9.566406],"rotation":0,"texture":"#2","tintindex":0},"west":{"uv":[12.1875,6.8125,12.2890625,7.2539062],"rotation":0,"texture":"#2","tintindex":0},"up":{"uv":[12.71875,5.9140625,12.3125,5.8125],"rotation":0,"texture":"#2","tintindex":0},"down":{"uv":[12.71875,5.9375,12.3125,6.0390625],"rotation":0,"texture":"#2","tintindex":0}}}],"display":{"head":{"translation":[0.0,-6.4,-94.4081],"scale":[4.0,4.0,4.0]}}}