{"textures":{"2":"modelengine:entity/pillars"},"elements":[{"from":[6.022222,5.0283976,-0.08571434],"to":[10.0222225,10.2783985,3.9142857],"rotation":{"angle":0.0,"axis":"y","origin":[8.0222225,7.0283976,1.9142857]},"faces":{"east":{"uv":[3.3125,6.75,3.75,7.3242188],"rotation":0,"texture":"#2","tintindex":0},"south":{"uv":[5.5625,7.375,6.0,7.9492188],"rotation":0,"texture":"#2","tintindex":0},"north":{"uv":[5.5,4.25,5.9375,4.8242188],"rotation":0,"texture":"#2","tintindex":0},"west":{"uv":[2.8125,7.5625,3.25,8.136719],"rotation":0,"texture":"#2","tintindex":0},"up":{"uv":[4.1875,9.0625,3.75,8.625],"rotation":0,"texture":"#2","tintindex":0},"down":{"uv":[4.625,8.625,4.1875,9.0625],"rotation":0,"texture":"#2","tintindex":0}}},{"from":[5.272222,5.0283976,0.41428566],"to":[6.022222,8.278398,3.4142857],"rotation":{"angle":0.0,"axis":"y","origin":[5.772222,6.6533976,1.9142857]},"faces":{"east":{"uv":[6.25,3.875,6.578125,4.2304688],"rotation":0,"texture":"#2","tintindex":0},"south":{"uv":[12.875,1.9375,12.957031,2.2929688],"rotation":0,"texture":"#2","tintindex":0},"north":{"uv":[1.875,12.875,1.9570312,13.230469],"rotation":0,"texture":"#2","tintindex":0},"west":{"uv":[1.3125,8.75,1.640625,9.105469],"rotation":0,"texture":"#2","tintindex":0},"up":{"uv":[9.769531,13.265625,9.6875,12.9375],"rotation":0,"texture":"#2","tintindex":0},"down":{"uv":[13.019531,11.0625,12.9375,11.390625],"rotation":0,"texture":"#2","tintindex":0}}},{"from":[5.272222,8.278398,1.1642857],"to":[6.022222,10.2783985,2.6642857],"rotation":{"angle":0.0,"axis":"y","origin":[5.772222,9.278398,1.9142857]},"faces":{"east":{"uv":[10.6875,12.5625,10.8515625,12.78125],"rotation":0,"texture":"#2","tintindex":0},"south":{"uv":[13.5,5.4375,13.582031,5.65625],"rotation":0,"texture":"#2","tintindex":0},"north":{"uv":[13.5,5.0625,13.582031,5.28125],"rotation":0,"texture":"#2","tintindex":0},"west":{"uv":[12.5625,10.75,12.7265625,10.96875],"rotation":0,"texture":"#2","tintindex":0},"up":{"uv":[13.832031,11.9765625,13.75,11.8125],"rotation":0,"texture":"#2","tintindex":0},"down":{"uv":[13.832031,12.0,13.75,12.1640625],"rotation":0,"texture":"#2","tintindex":0}}},{"from":[10.0222225,5.0283976,0.91428566],"to":[10.5222225,8.278398,2.9142857],"rotation":{"angle":0.0,"axis":"y","origin":[10.2722225,6.6533976,1.9142857]},"faces":{"east":{"uv":[11.3125,0.0,11.53125,0.35546875],"rotation":0,"texture":"#2","tintindex":0},"south":{"uv":[5.9375,4.625,5.9921875,4.9804688],"rotation":0,"texture":"#2","tintindex":0},"north":{"uv":[5.9375,4.25,5.9921875,4.6054688],"rotation":0,"texture":"#2","tintindex":0},"west":{"uv":[2.4375,11.3125,2.65625,11.667969],"rotation":0,"texture":"#2","tintindex":0},"up":{"uv":[1.0546875,14.03125,1.0,13.8125],"rotation":0,"texture":"#2","tintindex":0},"down":{"uv":[7.8671875,13.8125,7.8125,14.03125],"rotation":0,"texture":"#2","tintindex":0}}},{"from":[10.0222225,8.278398,1.4142857],"to":[10.5222225,10.2783985,2.4142857],"rotation":{"angle":0.0,"axis":"y","origin":[10.2722225,9.278398,1.9142857]},"faces":{"east":{"uv":[1.875,13.25,1.984375,13.46875],"rotation":0,"texture":"#2","tintindex":0},"south":{"uv":[13.8125,8.3125,13.8671875,8.53125],"rotation":0,"texture":"#2","tintindex":0},"north":{"uv":[8.3125,13.8125,8.3671875,14.03125],"rotation":0,"texture":"#2","tintindex":0},"west":{"uv":[2.0,13.25,2.109375,13.46875],"rotation":0,"texture":"#2","tintindex":0},"up":{"uv":[13.4921875,10.421875,13.4375,10.3125],"rotation":0,"texture":"#2","tintindex":0},"down":{"uv":[13.6171875,5.3125,13.5625,5.421875],"rotation":0,"texture":"#2","tintindex":0}}},{"from":[6.522222,5.0283976,-0.83571434],"to":[9.5222225,8.278398,-0.08571434],"rotation":{"angle":0.0,"axis":"y","origin":[8.0222225,7.0283976,1.1642857]},"faces":{"east":{"uv":[2.0,12.875,2.0820312,13.230469],"rotation":0,"texture":"#2","tintindex":0},"south":{"uv":[10.125,1.3125,10.453125,1.6679688],"rotation":0,"texture":"#2","tintindex":0},"north":{"uv":[10.0625,6.125,10.390625,6.4804688],"rotation":0,"texture":"#2","tintindex":0},"west":{"uv":[2.125,12.875,2.2070312,13.230469],"rotation":0,"texture":"#2","tintindex":0},"up":{"uv":[7.578125,0.70703125,7.25,0.625],"rotation":0,"texture":"#2","tintindex":0},"down":{"uv":[10.515625,8.0,10.1875,8.082031],"rotation":0,"texture":"#2","tintindex":0}}},{"from":[7.297222,8.278398,-0.83571434],"to":[8.797222,10.2783985,-0.08571434],"rotation":{"angle":0.0,"axis":"y","origin":[8.172222,9.278398,-0.46071434]},"faces":{"east":{"uv":[5.5,13.5,5.5820312,13.71875],"rotation":0,"texture":"#2","tintindex":0},"south":{"uv":[12.5625,11.0,12.7265625,11.21875],"rotation":0,"texture":"#2","tintindex":0},"north":{"uv":[10.875,12.5625,11.0390625,12.78125],"rotation":0,"texture":"#2","tintindex":0},"west":{"uv":[13.5,6.5625,13.582031,6.78125],"rotation":0,"texture":"#2","tintindex":0},"up":{"uv":[13.5390625,9.644531,13.375,9.5625],"rotation":0,"texture":"#2","tintindex":0},"down":{"uv":[13.8515625,6.125,13.6875,6.2070312],"rotation":0,"texture":"#2","tintindex":0}}},{"from":[7.297222,8.278398,3.9142857],"to":[8.797222,10.2783985,4.6642857],"rotation":{"angle":0.0,"axis":"y","origin":[8.172222,9.278398,4.2892857]},"faces":{"east":{"uv":[8.9375,13.5,9.019531,13.71875],"rotation":0,"texture":"#2","tintindex":0},"south":{"uv":[11.25,12.5625,11.4140625,12.78125],"rotation":0,"texture":"#2","tintindex":0},"north":{"uv":[11.0625,12.5625,11.2265625,12.78125],"rotation":0,"texture":"#2","tintindex":0},"west":{"uv":[13.5,9.0,13.582031,9.21875],"rotation":0,"texture":"#2","tintindex":0},"up":{"uv":[13.9140625,12.269531,13.75,12.1875],"rotation":0,"texture":"#2","tintindex":0},"down":{"uv":[13.9140625,12.3125,13.75,12.394531],"rotation":0,"texture":"#2","tintindex":0}}},{"from":[6.522222,5.0283976,3.9142857],"to":[9.5222225,8.278398,4.6642857],"rotation":{"angle":0.0,"axis":"y","origin":[8.0222225,7.0283976,5.9142857]},"faces":{"east":{"uv":[2.25,12.875,2.3320312,13.230469],"rotation":0,"texture":"#2","tintindex":0},"south":{"uv":[6.4375,10.125,6.765625,10.480469],"rotation":0,"texture":"#2","tintindex":0},"north":{"uv":[6.0625,10.125,6.390625,10.480469],"rotation":0,"texture":"#2","tintindex":0},"west":{"uv":[2.375,12.875,2.4570312,13.230469],"rotation":0,"texture":"#2","tintindex":0},"up":{"uv":[10.578125,5.2070312,10.25,5.125],"rotation":0,"texture":"#2","tintindex":0},"down":{"uv":[11.953125,7.1875,11.625,7.2695312],"rotation":0,"texture":"#2","tintindex":0}}}],"display":{"head":{"translation":[0.0,-6.4,0.0],"scale":[4.0,4.0,4.0]}}}