{"textures":{"2":"modelengine:entity/pillars"},"elements":[{"from":[7.821205,7.778866,2.2656245],"to":[8.182813,8.253475,2.627232],"rotation":{"angle":0.0,"axis":"y","origin":[8.002009,7.9596696,2.4464283]},"faces":{"east":{"uv":[3.25,14.875,3.2890625,14.925781],"rotation":0,"texture":"#2","tintindex":0},"south":{"uv":[14.875,3.25,14.9140625,3.3007812],"rotation":0,"texture":"#2","tintindex":0},"north":{"uv":[3.1875,14.875,3.2265625,14.925781],"rotation":0,"texture":"#2","tintindex":0},"west":{"uv":[3.3125,14.875,3.3515625,14.925781],"rotation":0,"texture":"#2","tintindex":0},"up":{"uv":[14.9765625,12.7890625,14.9375,12.75],"rotation":0,"texture":"#2","tintindex":0},"down":{"uv":[12.8515625,14.9375,12.8125,14.9765625],"rotation":0,"texture":"#2","tintindex":0}}},{"from":[7.753404,7.778866,2.3108258],"to":[7.821205,8.072672,2.5820308],"rotation":{"angle":0.0,"axis":"y","origin":[7.798605,7.925769,2.4464283]},"faces":{"east":{"uv":[13.6875,15.0625,13.71875,15.09375],"rotation":0,"texture":"#2","tintindex":0},"south":{"uv":[15.375,14.1875,15.3828125,14.21875],"rotation":0,"texture":"#2","tintindex":0},"north":{"uv":[14.1875,15.375,14.1953125,15.40625],"rotation":0,"texture":"#2","tintindex":0},"west":{"uv":[13.75,15.0625,13.78125,15.09375],"rotation":0,"texture":"#2","tintindex":0},"up":{"uv":[14.2578125,15.40625,14.25,15.375],"rotation":0,"texture":"#2","tintindex":0},"down":{"uv":[15.3828125,14.25,15.375,14.28125],"rotation":0,"texture":"#2","tintindex":0}}},{"from":[7.753404,8.072672,2.3786268],"to":[7.821205,8.253475,2.5142298],"rotation":{"angle":0.0,"axis":"y","origin":[7.798605,8.163074,2.4464283]},"faces":{"east":{"uv":[4.25,15.375,4.265625,15.394531],"rotation":0,"texture":"#2","tintindex":0},"south":{"uv":[12.5625,15.4375,12.5703125,15.457031],"rotation":0,"texture":"#2","tintindex":0},"north":{"uv":[15.4375,12.5,15.4453125,12.519531],"rotation":0,"texture":"#2","tintindex":0},"west":{"uv":[15.375,4.25,15.390625,4.2695312],"rotation":0,"texture":"#2","tintindex":0},"up":{"uv":[2.0703125,15.515625,2.0625,15.5],"rotation":0,"texture":"#2","tintindex":0},"down":{"uv":[15.5078125,2.0625,15.5,2.078125],"rotation":0,"texture":"#2","tintindex":0}}},{"from":[8.182813,7.778866,2.3560266],"to":[8.228013,8.072672,2.53683],"rotation":{"angle":0.0,"axis":"y","origin":[8.205413,7.925769,2.4464283]},"faces":{"east":{"uv":[0.8125,15.25,0.83203125,15.28125],"rotation":0,"texture":"#2","tintindex":0},"south":{"uv":[15.5,2.125,15.503906,2.15625],"rotation":0,"texture":"#2","tintindex":0},"north":{"uv":[2.125,15.5,2.1289062,15.53125],"rotation":0,"texture":"#2","tintindex":0},"west":{"uv":[15.25,0.8125,15.269531,0.84375],"rotation":0,"texture":"#2","tintindex":0},"up":{"uv":[6.6914062,15.519531,6.6875,15.5],"rotation":0,"texture":"#2","tintindex":0},"down":{"uv":[15.503906,6.6875,15.5,6.7070312],"rotation":0,"texture":"#2","tintindex":0}}},{"from":[8.182813,8.072672,2.4012275],"to":[8.228013,8.253475,2.4916291],"rotation":{"angle":0.0,"axis":"y","origin":[8.205413,8.163074,2.4464283]},"faces":{"east":{"uv":[15.4375,5.0,15.449219,5.0195312],"rotation":0,"texture":"#2","tintindex":0},"south":{"uv":[15.5,6.75,15.503906,6.7695312],"rotation":0,"texture":"#2","tintindex":0},"north":{"uv":[6.75,15.5,6.7539062,15.519531],"rotation":0,"texture":"#2","tintindex":0},"west":{"uv":[5.0625,15.4375,5.0742188,15.457031],"rotation":0,"texture":"#2","tintindex":0},"up":{"uv":[8.378906,15.511719,8.375,15.5],"rotation":0,"texture":"#2","tintindex":0},"down":{"uv":[15.503906,8.375,15.5,8.386719],"rotation":0,"texture":"#2","tintindex":0}}},{"from":[7.8664064,7.778866,2.1978235],"to":[8.137611,8.072672,2.2656245],"rotation":{"angle":0.0,"axis":"y","origin":[8.002009,7.9596696,2.3786268]},"faces":{"east":{"uv":[14.3125,15.375,14.3203125,15.40625],"rotation":0,"texture":"#2","tintindex":0},"south":{"uv":[15.0625,13.8125,15.09375,13.84375],"rotation":0,"texture":"#2","tintindex":0},"north":{"uv":[13.8125,15.0625,13.84375,15.09375],"rotation":0,"texture":"#2","tintindex":0},"west":{"uv":[15.375,14.3125,15.3828125,14.34375],"rotation":0,"texture":"#2","tintindex":0},"up":{"uv":[14.40625,15.3828125,14.375,15.375],"rotation":0,"texture":"#2","tintindex":0},"down":{"uv":[15.40625,14.375,15.375,14.3828125],"rotation":0,"texture":"#2","tintindex":0}}},{"from":[7.9364676,8.072672,2.1978235],"to":[8.07207,8.253475,2.2656245],"rotation":{"angle":0.0,"axis":"y","origin":[8.015569,8.163074,2.2317243]},"faces":{"east":{"uv":[15.4375,12.5625,15.4453125,12.582031],"rotation":0,"texture":"#2","tintindex":0},"south":{"uv":[15.375,4.3125,15.390625,4.3320312],"rotation":0,"texture":"#2","tintindex":0},"north":{"uv":[4.3125,15.375,4.328125,15.394531],"rotation":0,"texture":"#2","tintindex":0},"west":{"uv":[12.625,15.4375,12.6328125,15.457031],"rotation":0,"texture":"#2","tintindex":0},"up":{"uv":[2.203125,15.5078125,2.1875,15.5],"rotation":0,"texture":"#2","tintindex":0},"down":{"uv":[15.515625,2.1875,15.5,2.1953125],"rotation":0,"texture":"#2","tintindex":0}}},{"from":[7.9364676,8.072672,2.627232],"to":[8.07207,8.253475,2.695033],"rotation":{"angle":0.0,"axis":"y","origin":[8.015569,8.163074,2.6611323]},"faces":{"east":{"uv":[15.4375,12.625,15.4453125,12.644531],"rotation":0,"texture":"#2","tintindex":0},"south":{"uv":[15.375,4.375,15.390625,4.3945312],"rotation":0,"texture":"#2","tintindex":0},"north":{"uv":[4.375,15.375,4.390625,15.394531],"rotation":0,"texture":"#2","tintindex":0},"west":{"uv":[12.6875,15.4375,12.6953125,15.457031],"rotation":0,"texture":"#2","tintindex":0},"up":{"uv":[2.265625,15.5078125,2.25,15.5],"rotation":0,"texture":"#2","tintindex":0},"down":{"uv":[15.515625,2.25,15.5,2.2578125],"rotation":0,"texture":"#2","tintindex":0}}},{"from":[7.8664064,7.778866,2.627232],"to":[8.137611,8.072672,2.695033],"rotation":{"angle":0.0,"axis":"y","origin":[8.002009,7.9596696,2.8080354]},"faces":{"east":{"uv":[14.4375,15.375,14.4453125,15.40625],"rotation":0,"texture":"#2","tintindex":0},"south":{"uv":[15.0625,13.875,15.09375,13.90625],"rotation":0,"texture":"#2","tintindex":0},"north":{"uv":[13.875,15.0625,13.90625,15.09375],"rotation":0,"texture":"#2","tintindex":0},"west":{"uv":[15.375,14.4375,15.3828125,14.46875],"rotation":0,"texture":"#2","tintindex":0},"up":{"uv":[14.53125,15.3828125,14.5,15.375],"rotation":0,"texture":"#2","tintindex":0},"down":{"uv":[15.40625,14.5,15.375,14.5078125],"rotation":0,"texture":"#2","tintindex":0}}}],"display":{"head":{"translation":[0.0,-6.4,0.0],"scale":[4.0,4.0,4.0]}}}