{"textures":{"2":"modelengine:entity/pillars"},"elements":[{"from":[7.6821427,7.5908356,2.1249995],"to":[8.325,8.434586,2.767857],"rotation":{"angle":0.0,"axis":"y","origin":[8.0035715,7.9122643,2.4464283]},"faces":{"east":{"uv":[6.75,14.3125,6.8203125,14.40625],"rotation":0,"texture":"#2","tintindex":0},"south":{"uv":[14.3125,7.0625,14.3828125,7.15625],"rotation":0,"texture":"#2","tintindex":0},"north":{"uv":[6.625,14.3125,6.6953125,14.40625],"rotation":0,"texture":"#2","tintindex":0},"west":{"uv":[7.1875,14.3125,7.2578125,14.40625],"rotation":0,"texture":"#2","tintindex":0},"up":{"uv":[14.5703125,13.5078125,14.5,13.4375],"rotation":0,"texture":"#2","tintindex":0},"down":{"uv":[14.5703125,13.5625,14.5,13.6328125],"rotation":0,"texture":"#2","tintindex":0}}},{"from":[7.5616074,7.5908356,2.205357],"to":[7.6821427,8.113157,2.6875],"rotation":{"angle":0.0,"axis":"y","origin":[7.6419644,7.8519964,2.4464283]},"faces":{"east":{"uv":[14.0,6.875,14.0546875,6.9335938],"rotation":0,"texture":"#2","tintindex":0},"south":{"uv":[15.1875,2.9375,15.199219,2.9960938],"rotation":0,"texture":"#2","tintindex":0},"north":{"uv":[2.9375,15.1875,2.9492188,15.246094],"rotation":0,"texture":"#2","tintindex":0},"west":{"uv":[14.0,10.75,14.0546875,10.808594],"rotation":0,"texture":"#2","tintindex":0},"up":{"uv":[15.199219,11.6796875,15.1875,11.625],"rotation":0,"texture":"#2","tintindex":0},"down":{"uv":[11.699219,15.1875,11.6875,15.2421875],"rotation":0,"texture":"#2","tintindex":0}}},{"from":[7.5616074,8.113157,2.3258924],"to":[7.6821427,8.434586,2.5669641],"rotation":{"angle":0.0,"axis":"y","origin":[7.6419644,8.273871,2.4464283]},"faces":{"east":{"uv":[15.125,1.25,15.152344,1.2851562],"rotation":0,"texture":"#2","tintindex":0},"south":{"uv":[4.1875,15.3125,4.1992188,15.347656],"rotation":0,"texture":"#2","tintindex":0},"north":{"uv":[15.3125,4.125,15.324219,4.1601562],"rotation":0,"texture":"#2","tintindex":0},"west":{"uv":[1.3125,15.125,1.3398438,15.160156],"rotation":0,"texture":"#2","tintindex":0},"up":{"uv":[15.324219,11.714844,15.3125,11.6875],"rotation":0,"texture":"#2","tintindex":0},"down":{"uv":[11.761719,15.3125,11.75,15.339844],"rotation":0,"texture":"#2","tintindex":0}}},{"from":[8.325,7.5908356,2.2857141],"to":[8.405357,8.113157,2.6071424],"rotation":{"angle":0.0,"axis":"y","origin":[8.365179,7.8519964,2.4464283]},"faces":{"east":{"uv":[14.125,14.8125,14.160156,14.871094],"rotation":0,"texture":"#2","tintindex":0},"south":{"uv":[15.25,15.0625,15.2578125,15.121094],"rotation":0,"texture":"#2","tintindex":0},"north":{"uv":[15.0625,15.25,15.0703125,15.308594],"rotation":0,"texture":"#2","tintindex":0},"west":{"uv":[14.8125,14.1875,14.847656,14.246094],"rotation":0,"texture":"#2","tintindex":0},"up":{"uv":[6.8828125,15.410156,6.875,15.375],"rotation":0,"texture":"#2","tintindex":0},"down":{"uv":[15.3828125,6.875,15.375,6.9101562],"rotation":0,"texture":"#2","tintindex":0}}},{"from":[8.325,8.113157,2.3660712],"to":[8.405357,8.434586,2.5267854],"rotation":{"angle":0.0,"axis":"y","origin":[8.365179,8.273871,2.4464283]},"faces":{"east":{"uv":[3.0,15.1875,3.0195312,15.222656],"rotation":0,"texture":"#2","tintindex":0},"south":{"uv":[15.375,6.9375,15.3828125,6.9726562],"rotation":0,"texture":"#2","tintindex":0},"north":{"uv":[6.9375,15.375,6.9453125,15.410156],"rotation":0,"texture":"#2","tintindex":0},"west":{"uv":[15.1875,3.0,15.207031,3.0351562],"rotation":0,"texture":"#2","tintindex":0},"up":{"uv":[15.4453125,11.207031,15.4375,11.1875],"rotation":0,"texture":"#2","tintindex":0},"down":{"uv":[11.2578125,15.4375,11.25,15.457031],"rotation":0,"texture":"#2","tintindex":0}}},{"from":[7.7625,7.5908356,2.0044641],"to":[8.244643,8.113157,2.1249995],"rotation":{"angle":0.0,"axis":"y","origin":[8.0035715,7.9122643,2.3258924]},"faces":{"east":{"uv":[3.0625,15.1875,3.0742188,15.246094],"rotation":0,"texture":"#2","tintindex":0},"south":{"uv":[14.125,13.625,14.1796875,13.683594],"rotation":0,"texture":"#2","tintindex":0},"north":{"uv":[14.125,11.0625,14.1796875,11.121094],"rotation":0,"texture":"#2","tintindex":0},"west":{"uv":[15.1875,3.0625,15.199219,3.1210938],"rotation":0,"texture":"#2","tintindex":0},"up":{"uv":[15.2421875,11.699219,15.1875,11.6875],"rotation":0,"texture":"#2","tintindex":0},"down":{"uv":[11.8046875,15.1875,11.75,15.199219],"rotation":0,"texture":"#2","tintindex":0}}},{"from":[7.8870535,8.113157,2.0044641],"to":[8.128125,8.434586,2.1249995],"rotation":{"angle":0.0,"axis":"y","origin":[8.0276785,8.273871,2.064732]},"faces":{"east":{"uv":[15.3125,4.1875,15.324219,4.2226562],"rotation":0,"texture":"#2","tintindex":0},"south":{"uv":[1.375,15.125,1.4023438,15.160156],"rotation":0,"texture":"#2","tintindex":0},"north":{"uv":[15.125,1.3125,15.152344,1.3476562],"rotation":0,"texture":"#2","tintindex":0},"west":{"uv":[4.25,15.3125,4.2617188,15.347656],"rotation":0,"texture":"#2","tintindex":0},"up":{"uv":[15.339844,11.761719,15.3125,11.75],"rotation":0,"texture":"#2","tintindex":0},"down":{"uv":[11.839844,15.3125,11.8125,15.324219],"rotation":0,"texture":"#2","tintindex":0}}},{"from":[7.8870535,8.113157,2.767857],"to":[8.128125,8.434586,2.8883924],"rotation":{"angle":0.0,"axis":"y","origin":[8.0276785,8.273871,2.828125]},"faces":{"east":{"uv":[15.3125,4.25,15.324219,4.2851562],"rotation":0,"texture":"#2","tintindex":0},"south":{"uv":[1.4375,15.125,1.4648438,15.160156],"rotation":0,"texture":"#2","tintindex":0},"north":{"uv":[15.125,1.375,15.152344,1.4101562],"rotation":0,"texture":"#2","tintindex":0},"west":{"uv":[4.3125,15.3125,4.3242188,15.347656],"rotation":0,"texture":"#2","tintindex":0},"up":{"uv":[15.339844,11.824219,15.3125,11.8125],"rotation":0,"texture":"#2","tintindex":0},"down":{"uv":[11.902344,15.3125,11.875,15.324219],"rotation":0,"texture":"#2","tintindex":0}}},{"from":[7.7625,7.5908356,2.767857],"to":[8.244643,8.113157,2.8883924],"rotation":{"angle":0.0,"axis":"y","origin":[8.0035715,7.9122643,3.0892854]},"faces":{"east":{"uv":[3.125,15.1875,3.1367188,15.246094],"rotation":0,"texture":"#2","tintindex":0},"south":{"uv":[14.1875,6.5625,14.2421875,6.6210938],"rotation":0,"texture":"#2","tintindex":0},"north":{"uv":[14.1875,5.375,14.2421875,5.4335938],"rotation":0,"texture":"#2","tintindex":0},"west":{"uv":[15.1875,3.125,15.199219,3.1835938],"rotation":0,"texture":"#2","tintindex":0},"up":{"uv":[15.2421875,11.761719,15.1875,11.75],"rotation":0,"texture":"#2","tintindex":0},"down":{"uv":[11.8671875,15.1875,11.8125,15.199219],"rotation":0,"texture":"#2","tintindex":0}}}],"display":{"head":{"translation":[0.0,-6.4,0.0],"scale":[4.0,4.0,4.0]}}}