{"textures":{"2":"modelengine:entity/pillars"},"elements":[{"from":[7.6821427,7.5908356,2.1249995],"to":[8.325,8.434586,2.767857],"rotation":{"angle":0.0,"axis":"y","origin":[8.0035715,7.9122643,2.4464283]},"faces":{"east":{"uv":[14.3125,10.75,14.3828125,10.84375],"rotation":0,"texture":"#2","tintindex":0},"south":{"uv":[14.3125,11.0,14.3828125,11.09375],"rotation":0,"texture":"#2","tintindex":0},"north":{"uv":[10.3125,14.3125,10.3828125,14.40625],"rotation":0,"texture":"#2","tintindex":0},"west":{"uv":[11.125,14.3125,11.1953125,14.40625],"rotation":0,"texture":"#2","tintindex":0},"up":{"uv":[14.6328125,0.1953125,14.5625,0.125],"rotation":0,"texture":"#2","tintindex":0},"down":{"uv":[14.6328125,0.25,14.5625,0.3203125],"rotation":0,"texture":"#2","tintindex":0}}},{"from":[7.5616074,7.5908356,2.205357],"to":[7.6821427,8.113157,2.6875],"rotation":{"angle":0.0,"axis":"y","origin":[7.6419644,7.8519964,2.4464283]},"faces":{"east":{"uv":[14.75,3.625,14.8046875,3.6835938],"rotation":0,"texture":"#2","tintindex":0},"south":{"uv":[6.1875,15.1875,6.1992188,15.246094],"rotation":0,"texture":"#2","tintindex":0},"north":{"uv":[15.1875,6.125,15.199219,6.1835938],"rotation":0,"texture":"#2","tintindex":0},"west":{"uv":[3.6875,14.75,3.7421875,14.808594],"rotation":0,"texture":"#2","tintindex":0},"up":{"uv":[15.199219,12.9921875,15.1875,12.9375],"rotation":0,"texture":"#2","tintindex":0},"down":{"uv":[13.011719,15.1875,13.0,15.2421875],"rotation":0,"texture":"#2","tintindex":0}}},{"from":[7.5616074,8.113157,2.3258924],"to":[7.6821427,8.434586,2.5669641],"rotation":{"angle":0.0,"axis":"y","origin":[7.6419644,8.273871,2.4464283]},"faces":{"east":{"uv":[15.125,2.5625,15.152344,2.5976562],"rotation":0,"texture":"#2","tintindex":0},"south":{"uv":[5.5,15.3125,5.5117188,15.347656],"rotation":0,"texture":"#2","tintindex":0},"north":{"uv":[15.3125,5.4375,15.324219,5.4726562],"rotation":0,"texture":"#2","tintindex":0},"west":{"uv":[2.625,15.125,2.6523438,15.160156],"rotation":0,"texture":"#2","tintindex":0},"up":{"uv":[15.324219,14.777344,15.3125,14.75],"rotation":0,"texture":"#2","tintindex":0},"down":{"uv":[14.824219,15.3125,14.8125,15.339844],"rotation":0,"texture":"#2","tintindex":0}}},{"from":[8.325,7.5908356,2.2857141],"to":[8.405357,8.113157,2.6071424],"rotation":{"angle":0.0,"axis":"y","origin":[8.365179,7.8519964,2.4464283]},"faces":{"east":{"uv":[0.0625,14.875,0.09765625,14.933594],"rotation":0,"texture":"#2","tintindex":0},"south":{"uv":[1.5625,15.3125,1.5703125,15.371094],"rotation":0,"texture":"#2","tintindex":0},"north":{"uv":[15.3125,1.5,15.3203125,1.5585938],"rotation":0,"texture":"#2","tintindex":0},"west":{"uv":[0.125,14.875,0.16015625,14.933594],"rotation":0,"texture":"#2","tintindex":0},"up":{"uv":[8.1953125,15.410156,8.1875,15.375],"rotation":0,"texture":"#2","tintindex":0},"down":{"uv":[15.3828125,8.1875,15.375,8.222656],"rotation":0,"texture":"#2","tintindex":0}}},{"from":[8.325,8.113157,2.3660712],"to":[8.405357,8.434586,2.5267854],"rotation":{"angle":0.0,"axis":"y","origin":[8.365179,8.273871,2.4464283]},"faces":{"east":{"uv":[15.1875,6.1875,15.207031,6.2226562],"rotation":0,"texture":"#2","tintindex":0},"south":{"uv":[15.375,8.25,15.3828125,8.285156],"rotation":0,"texture":"#2","tintindex":0},"north":{"uv":[8.25,15.375,8.2578125,15.410156],"rotation":0,"texture":"#2","tintindex":0},"west":{"uv":[6.25,15.1875,6.2695312,15.222656],"rotation":0,"texture":"#2","tintindex":0},"up":{"uv":[15.4453125,12.957031,15.4375,12.9375],"rotation":0,"texture":"#2","tintindex":0},"down":{"uv":[13.0078125,15.4375,13.0,15.457031],"rotation":0,"texture":"#2","tintindex":0}}},{"from":[7.7625,7.5908356,2.0044641],"to":[8.244643,8.113157,2.1249995],"rotation":{"angle":0.0,"axis":"y","origin":[8.0035715,7.9122643,2.3258924]},"faces":{"east":{"uv":[15.1875,6.25,15.199219,6.3085938],"rotation":0,"texture":"#2","tintindex":0},"south":{"uv":[3.75,14.75,3.8046875,14.808594],"rotation":0,"texture":"#2","tintindex":0},"north":{"uv":[14.75,3.6875,14.8046875,3.7460938],"rotation":0,"texture":"#2","tintindex":0},"west":{"uv":[15.1875,6.3125,15.199219,6.3710938],"rotation":0,"texture":"#2","tintindex":0},"up":{"uv":[15.2421875,13.011719,15.1875,13.0],"rotation":0,"texture":"#2","tintindex":0},"down":{"uv":[13.1171875,15.1875,13.0625,15.199219],"rotation":0,"texture":"#2","tintindex":0}}},{"from":[7.8870535,8.113157,2.0044641],"to":[8.128125,8.434586,2.1249995],"rotation":{"angle":0.0,"axis":"y","origin":[8.0276785,8.273871,2.064732]},"faces":{"east":{"uv":[15.3125,5.5,15.324219,5.5351562],"rotation":0,"texture":"#2","tintindex":0},"south":{"uv":[2.6875,15.125,2.7148438,15.160156],"rotation":0,"texture":"#2","tintindex":0},"north":{"uv":[15.125,2.625,15.152344,2.6601562],"rotation":0,"texture":"#2","tintindex":0},"west":{"uv":[5.5625,15.3125,5.5742188,15.347656],"rotation":0,"texture":"#2","tintindex":0},"up":{"uv":[15.339844,14.824219,15.3125,14.8125],"rotation":0,"texture":"#2","tintindex":0},"down":{"uv":[14.902344,15.3125,14.875,15.324219],"rotation":0,"texture":"#2","tintindex":0}}},{"from":[7.8870535,8.113157,2.767857],"to":[8.128125,8.434586,2.8883924],"rotation":{"angle":0.0,"axis":"y","origin":[8.0276785,8.273871,2.828125]},"faces":{"east":{"uv":[15.3125,5.5625,15.324219,5.5976562],"rotation":0,"texture":"#2","tintindex":0},"south":{"uv":[2.75,15.125,2.7773438,15.160156],"rotation":0,"texture":"#2","tintindex":0},"north":{"uv":[15.125,2.6875,15.152344,2.7226562],"rotation":0,"texture":"#2","tintindex":0},"west":{"uv":[5.625,15.3125,5.6367188,15.347656],"rotation":0,"texture":"#2","tintindex":0},"up":{"uv":[15.339844,14.886719,15.3125,14.875],"rotation":0,"texture":"#2","tintindex":0},"down":{"uv":[14.964844,15.3125,14.9375,15.324219],"rotation":0,"texture":"#2","tintindex":0}}},{"from":[7.7625,7.5908356,2.767857],"to":[8.244643,8.113157,2.8883924],"rotation":{"angle":0.0,"axis":"y","origin":[8.0035715,7.9122643,3.0892854]},"faces":{"east":{"uv":[6.375,15.1875,6.3867188,15.246094],"rotation":0,"texture":"#2","tintindex":0},"south":{"uv":[3.8125,14.75,3.8671875,14.808594],"rotation":0,"texture":"#2","tintindex":0},"north":{"uv":[14.75,3.75,14.8046875,3.8085938],"rotation":0,"texture":"#2","tintindex":0},"west":{"uv":[15.1875,6.375,15.199219,6.4335938],"rotation":0,"texture":"#2","tintindex":0},"up":{"uv":[15.2421875,13.074219,15.1875,13.0625],"rotation":0,"texture":"#2","tintindex":0},"down":{"uv":[13.1796875,15.1875,13.125,15.199219],"rotation":0,"texture":"#2","tintindex":0}}}],"display":{"head":{"translation":[0.0,-6.4,0.0],"scale":[4.0,4.0,4.0]}}}