{"textures":{"2":"modelengine:entity/pillars"},"elements":[{"from":[7.761607,7.6860366,2.205357],"to":[8.24375,8.31885,2.6875],"rotation":{"angle":0.0,"axis":"y","origin":[8.002679,7.9271083,2.4464283]},"faces":{"east":{"uv":[14.25,14.625,14.3046875,14.6953125],"rotation":0,"texture":"#2","tintindex":0},"south":{"uv":[14.625,14.25,14.6796875,14.3203125],"rotation":0,"texture":"#2","tintindex":0},"north":{"uv":[14.1875,14.625,14.2421875,14.6953125],"rotation":0,"texture":"#2","tintindex":0},"west":{"uv":[14.3125,14.625,14.3671875,14.6953125],"rotation":0,"texture":"#2","tintindex":0},"up":{"uv":[14.8046875,9.2421875,14.75,9.1875],"rotation":0,"texture":"#2","tintindex":0},"down":{"uv":[9.3046875,14.75,9.25,14.8046875],"rotation":0,"texture":"#2","tintindex":0}}},{"from":[7.6712055,7.6860366,2.2656245],"to":[7.761607,8.077778,2.627232],"rotation":{"angle":0.0,"axis":"y","origin":[7.731473,7.8819075,2.4464283]},"faces":{"east":{"uv":[14.875,14.5,14.9140625,14.542969],"rotation":0,"texture":"#2","tintindex":0},"south":{"uv":[15.25,10.125,15.261719,10.167969],"rotation":0,"texture":"#2","tintindex":0},"north":{"uv":[10.125,15.25,10.136719,15.292969],"rotation":0,"texture":"#2","tintindex":0},"west":{"uv":[14.5625,14.875,14.6015625,14.917969],"rotation":0,"texture":"#2","tintindex":0},"up":{"uv":[15.324219,1.3515625,15.3125,1.3125],"rotation":0,"texture":"#2","tintindex":0},"down":{"uv":[1.3867188,15.3125,1.375,15.3515625],"rotation":0,"texture":"#2","tintindex":0}}},{"from":[7.6712055,8.077778,2.3560266],"to":[7.761607,8.31885,2.53683],"rotation":{"angle":0.0,"axis":"y","origin":[7.731473,8.198314,2.4464283]},"faces":{"east":{"uv":[6.375,15.25,6.3945312,15.277344],"rotation":0,"texture":"#2","tintindex":0},"south":{"uv":[14.5625,15.3125,14.574219,15.339844],"rotation":0,"texture":"#2","tintindex":0},"north":{"uv":[15.3125,14.5,15.324219,14.527344],"rotation":0,"texture":"#2","tintindex":0},"west":{"uv":[15.25,6.375,15.269531,6.4023438],"rotation":0,"texture":"#2","tintindex":0},"up":{"uv":[15.449219,5.3320312,15.4375,5.3125],"rotation":0,"texture":"#2","tintindex":0},"down":{"uv":[5.3867188,15.4375,5.375,15.457031],"rotation":0,"texture":"#2","tintindex":0}}},{"from":[8.24375,7.6860366,2.3258924],"to":[8.304018,8.077778,2.5669641],"rotation":{"angle":0.0,"axis":"y","origin":[8.273884,7.8819075,2.4464283]},"faces":{"east":{"uv":[1.25,15.0625,1.2773438,15.105469],"rotation":0,"texture":"#2","tintindex":0},"south":{"uv":[7.5,15.3125,7.5078125,15.355469],"rotation":0,"texture":"#2","tintindex":0},"north":{"uv":[15.3125,7.4375,15.3203125,7.4804688],"rotation":0,"texture":"#2","tintindex":0},"west":{"uv":[15.0625,1.25,15.089844,1.2929688],"rotation":0,"texture":"#2","tintindex":0},"up":{"uv":[15.4453125,8.527344,15.4375,8.5],"rotation":0,"texture":"#2","tintindex":0},"down":{"uv":[8.5703125,15.4375,8.5625,15.464844],"rotation":0,"texture":"#2","tintindex":0}}},{"from":[8.24375,8.077778,2.3861604],"to":[8.304018,8.31885,2.5066962],"rotation":{"angle":0.0,"axis":"y","origin":[8.273884,8.198314,2.4464283]},"faces":{"east":{"uv":[15.3125,14.5625,15.324219,14.589844],"rotation":0,"texture":"#2","tintindex":0},"south":{"uv":[8.625,15.4375,8.6328125,15.464844],"rotation":0,"texture":"#2","tintindex":0},"north":{"uv":[15.4375,8.5625,15.4453125,8.589844],"rotation":0,"texture":"#2","tintindex":0},"west":{"uv":[14.625,15.3125,14.636719,15.339844],"rotation":0,"texture":"#2","tintindex":0},"up":{"uv":[4.6953125,15.511719,4.6875,15.5],"rotation":0,"texture":"#2","tintindex":0},"down":{"uv":[15.5078125,4.6875,15.5,4.6992188],"rotation":0,"texture":"#2","tintindex":0}}},{"from":[7.821875,7.6860366,2.114955],"to":[8.183482,8.077778,2.205357],"rotation":{"angle":0.0,"axis":"y","origin":[8.002679,7.9271083,2.3560266]},"faces":{"east":{"uv":[10.1875,15.25,10.199219,15.292969],"rotation":0,"texture":"#2","tintindex":0},"south":{"uv":[14.625,14.875,14.6640625,14.917969],"rotation":0,"texture":"#2","tintindex":0},"north":{"uv":[14.875,14.5625,14.9140625,14.605469],"rotation":0,"texture":"#2","tintindex":0},"west":{"uv":[15.25,10.1875,15.261719,10.230469],"rotation":0,"texture":"#2","tintindex":0},"up":{"uv":[15.3515625,1.3867188,15.3125,1.375],"rotation":0,"texture":"#2","tintindex":0},"down":{"uv":[1.4765625,15.3125,1.4375,15.324219],"rotation":0,"texture":"#2","tintindex":0}}},{"from":[7.9152904,8.077778,2.114955],"to":[8.096094,8.31885,2.205357],"rotation":{"angle":0.0,"axis":"y","origin":[8.020759,8.198314,2.1601558]},"faces":{"east":{"uv":[15.3125,14.625,15.324219,14.652344],"rotation":0,"texture":"#2","tintindex":0},"south":{"uv":[15.25,6.4375,15.269531,6.4648438],"rotation":0,"texture":"#2","tintindex":0},"north":{"uv":[6.4375,15.25,6.4570312,15.277344],"rotation":0,"texture":"#2","tintindex":0},"west":{"uv":[14.6875,15.3125,14.699219,15.339844],"rotation":0,"texture":"#2","tintindex":0},"up":{"uv":[15.457031,5.3867188,15.4375,5.375],"rotation":0,"texture":"#2","tintindex":0},"down":{"uv":[5.4570312,15.4375,5.4375,15.449219],"rotation":0,"texture":"#2","tintindex":0}}},{"from":[7.9152904,8.077778,2.6875],"to":[8.096094,8.31885,2.7779016],"rotation":{"angle":0.0,"axis":"y","origin":[8.020759,8.198314,2.7327008]},"faces":{"east":{"uv":[15.3125,14.6875,15.324219,14.714844],"rotation":0,"texture":"#2","tintindex":0},"south":{"uv":[15.25,6.5,15.269531,6.5273438],"rotation":0,"texture":"#2","tintindex":0},"north":{"uv":[6.5,15.25,6.5195312,15.277344],"rotation":0,"texture":"#2","tintindex":0},"west":{"uv":[14.75,15.3125,14.761719,15.339844],"rotation":0,"texture":"#2","tintindex":0},"up":{"uv":[15.457031,5.4492188,15.4375,5.4375],"rotation":0,"texture":"#2","tintindex":0},"down":{"uv":[5.5195312,15.4375,5.5,15.449219],"rotation":0,"texture":"#2","tintindex":0}}},{"from":[7.821875,7.6860366,2.6875],"to":[8.183482,8.077778,2.7779016],"rotation":{"angle":0.0,"axis":"y","origin":[8.002679,7.9271083,2.9285712]},"faces":{"east":{"uv":[10.25,15.25,10.261719,15.292969],"rotation":0,"texture":"#2","tintindex":0},"south":{"uv":[14.6875,14.875,14.7265625,14.917969],"rotation":0,"texture":"#2","tintindex":0},"north":{"uv":[14.875,14.625,14.9140625,14.667969],"rotation":0,"texture":"#2","tintindex":0},"west":{"uv":[15.25,10.25,15.261719,10.292969],"rotation":0,"texture":"#2","tintindex":0},"up":{"uv":[15.3515625,1.4492188,15.3125,1.4375],"rotation":0,"texture":"#2","tintindex":0},"down":{"uv":[1.5390625,15.3125,1.5,15.324219],"rotation":0,"texture":"#2","tintindex":0}}}],"display":{"head":{"translation":[0.0,-6.4,0.0],"scale":[4.0,4.0,4.0]}}}