{"textures":{"2":"modelengine:entity/pillars"},"elements":[{"from":[7.5761905,7.43533,2.017857],"to":[8.433333,8.560329,2.875],"rotation":{"angle":0.0,"axis":"y","origin":[8.004762,7.863901,2.4464283]},"faces":{"east":{"uv":[4.375,14.0,4.46875,14.125],"rotation":0,"texture":"#2","tintindex":0},"south":{"uv":[14.0,4.375,14.09375,4.5],"rotation":0,"texture":"#2","tintindex":0},"north":{"uv":[14.0,4.25,14.09375,4.375],"rotation":0,"texture":"#2","tintindex":0},"west":{"uv":[14.0,4.5,14.09375,4.625],"rotation":0,"texture":"#2","tintindex":0},"up":{"uv":[14.15625,13.90625,14.0625,13.8125],"rotation":0,"texture":"#2","tintindex":0},"down":{"uv":[14.15625,13.9375,14.0625,14.03125],"rotation":0,"texture":"#2","tintindex":0}}},{"from":[7.4154763,7.43533,2.1249995],"to":[7.5761905,8.131759,2.767857],"rotation":{"angle":0.0,"axis":"y","origin":[7.5226192,7.783544,2.4464283]},"faces":{"east":{"uv":[14.4375,4.625,14.5078125,4.703125],"rotation":0,"texture":"#2","tintindex":0},"south":{"uv":[13.5,14.9375,13.519531,15.015625],"rotation":0,"texture":"#2","tintindex":0},"north":{"uv":[14.9375,13.4375,14.957031,13.515625],"rotation":0,"texture":"#2","tintindex":0},"west":{"uv":[14.4375,4.75,14.5078125,4.828125],"rotation":0,"texture":"#2","tintindex":0},"up":{"uv":[15.019531,12.0078125,15.0,11.9375],"rotation":0,"texture":"#2","tintindex":0},"down":{"uv":[15.019531,12.0625,15.0,12.1328125],"rotation":0,"texture":"#2","tintindex":0}}},{"from":[7.4154763,8.131759,2.2857141],"to":[7.5761905,8.560329,2.6071424],"rotation":{"angle":0.0,"axis":"y","origin":[7.5226192,8.346045,2.4464283]},"faces":{"east":{"uv":[3.5625,14.9375,3.5976562,14.984375],"rotation":0,"texture":"#2","tintindex":0},"south":{"uv":[15.125,9.375,15.144531,9.421875],"rotation":0,"texture":"#2","tintindex":0},"north":{"uv":[9.375,15.125,9.394531,15.171875],"rotation":0,"texture":"#2","tintindex":0},"west":{"uv":[14.9375,3.5625,14.972656,3.609375],"rotation":0,"texture":"#2","tintindex":0},"up":{"uv":[15.207031,6.9101562,15.1875,6.875],"rotation":0,"texture":"#2","tintindex":0},"down":{"uv":[15.207031,6.9375,15.1875,6.9726562],"rotation":0,"texture":"#2","tintindex":0}}},{"from":[8.433333,7.43533,2.2321424],"to":[8.540476,8.131759,2.6607141],"rotation":{"angle":0.0,"axis":"y","origin":[8.486905,7.783544,2.4464283]},"faces":{"east":{"uv":[2.375,14.6875,2.421875,14.765625],"rotation":0,"texture":"#2","tintindex":0},"south":{"uv":[15.125,9.4375,15.136719,9.515625],"rotation":0,"texture":"#2","tintindex":0},"north":{"uv":[9.4375,15.125,9.449219,15.203125],"rotation":0,"texture":"#2","tintindex":0},"west":{"uv":[2.4375,14.6875,2.484375,14.765625],"rotation":0,"texture":"#2","tintindex":0},"up":{"uv":[3.1367188,15.296875,3.125,15.25],"rotation":0,"texture":"#2","tintindex":0},"down":{"uv":[15.261719,3.125,15.25,3.171875],"rotation":0,"texture":"#2","tintindex":0}}},{"from":[8.433333,8.131759,2.3392854],"to":[8.540476,8.560329,2.5535712],"rotation":{"angle":0.0,"axis":"y","origin":[8.486905,8.346045,2.4464283]},"faces":{"east":{"uv":[3.75,15.0625,3.7734375,15.109375],"rotation":0,"texture":"#2","tintindex":0},"south":{"uv":[15.25,3.1875,15.261719,3.234375],"rotation":0,"texture":"#2","tintindex":0},"north":{"uv":[3.1875,15.25,3.1992188,15.296875],"rotation":0,"texture":"#2","tintindex":0},"west":{"uv":[15.0625,3.75,15.0859375,3.796875],"rotation":0,"texture":"#2","tintindex":0},"up":{"uv":[8.511719,15.3984375,8.5,15.375],"rotation":0,"texture":"#2","tintindex":0},"down":{"uv":[15.386719,8.5,15.375,8.5234375],"rotation":0,"texture":"#2","tintindex":0}}},{"from":[7.6833334,7.43533,1.8571424],"to":[8.326191,8.131759,2.017857],"rotation":{"angle":0.0,"axis":"y","origin":[8.004762,7.863901,2.2857141]},"faces":{"east":{"uv":[13.5625,14.9375,13.582031,15.015625],"rotation":0,"texture":"#2","tintindex":0},"south":{"uv":[14.4375,5.0,14.5078125,5.078125],"rotation":0,"texture":"#2","tintindex":0},"north":{"uv":[14.4375,4.875,14.5078125,4.953125],"rotation":0,"texture":"#2","tintindex":0},"west":{"uv":[14.9375,13.5625,14.957031,13.640625],"rotation":0,"texture":"#2","tintindex":0},"up":{"uv":[15.0703125,12.207031,15.0,12.1875],"rotation":0,"texture":"#2","tintindex":0},"down":{"uv":[15.0703125,12.25,15.0,12.269531],"rotation":0,"texture":"#2","tintindex":0}}},{"from":[7.849405,8.131759,1.8571424],"to":[8.170834,8.560329,2.017857],"rotation":{"angle":0.0,"axis":"y","origin":[8.036904,8.346045,1.9374995]},"faces":{"east":{"uv":[9.5,15.125,9.519531,15.171875],"rotation":0,"texture":"#2","tintindex":0},"south":{"uv":[14.9375,3.625,14.972656,3.671875],"rotation":0,"texture":"#2","tintindex":0},"north":{"uv":[3.625,14.9375,3.6601562,14.984375],"rotation":0,"texture":"#2","tintindex":0},"west":{"uv":[9.5625,15.125,9.582031,15.171875],"rotation":0,"texture":"#2","tintindex":0},"up":{"uv":[7.0351562,15.207031,7.0,15.1875],"rotation":0,"texture":"#2","tintindex":0},"down":{"uv":[15.222656,7.0,15.1875,7.0195312],"rotation":0,"texture":"#2","tintindex":0}}},{"from":[7.849405,8.131759,2.875],"to":[8.170834,8.560329,3.0357141],"rotation":{"angle":0.0,"axis":"y","origin":[8.036904,8.346045,2.955357]},"faces":{"east":{"uv":[15.125,9.5625,15.144531,9.609375],"rotation":0,"texture":"#2","tintindex":0},"south":{"uv":[14.9375,3.6875,14.972656,3.734375],"rotation":0,"texture":"#2","tintindex":0},"north":{"uv":[3.6875,14.9375,3.7226562,14.984375],"rotation":0,"texture":"#2","tintindex":0},"west":{"uv":[9.625,15.125,9.644531,15.171875],"rotation":0,"texture":"#2","tintindex":0},"up":{"uv":[7.0976562,15.207031,7.0625,15.1875],"rotation":0,"texture":"#2","tintindex":0},"down":{"uv":[15.222656,7.0625,15.1875,7.0820312],"rotation":0,"texture":"#2","tintindex":0}}},{"from":[7.6833334,7.43533,2.875],"to":[8.326191,8.131759,3.0357141],"rotation":{"angle":0.0,"axis":"y","origin":[8.004762,7.863901,3.3035712]},"faces":{"east":{"uv":[13.625,14.9375,13.644531,15.015625],"rotation":0,"texture":"#2","tintindex":0},"south":{"uv":[14.4375,5.25,14.5078125,5.328125],"rotation":0,"texture":"#2","tintindex":0},"north":{"uv":[14.4375,5.125,14.5078125,5.203125],"rotation":0,"texture":"#2","tintindex":0},"west":{"uv":[13.6875,14.9375,13.707031,15.015625],"rotation":0,"texture":"#2","tintindex":0},"up":{"uv":[15.0703125,12.332031,15.0,12.3125],"rotation":0,"texture":"#2","tintindex":0},"down":{"uv":[15.0703125,12.375,15.0,12.394531],"rotation":0,"texture":"#2","tintindex":0}}}],"display":{"head":{"translation":[0.0,-6.4,0.0],"scale":[4.0,4.0,4.0]}}}