{"textures":{"2":"modelengine:entity/pillars"},"elements":[{"from":[7.761607,7.6860366,2.205357],"to":[8.24375,8.31885,2.6875],"rotation":{"angle":0.0,"axis":"y","origin":[8.002679,7.9271083,2.4464283]},"faces":{"east":{"uv":[14.625,12.375,14.6796875,12.4453125],"rotation":0,"texture":"#2","tintindex":0},"south":{"uv":[12.4375,14.625,12.4921875,14.6953125],"rotation":0,"texture":"#2","tintindex":0},"north":{"uv":[12.375,14.625,12.4296875,14.6953125],"rotation":0,"texture":"#2","tintindex":0},"west":{"uv":[12.5,14.625,12.5546875,14.6953125],"rotation":0,"texture":"#2","tintindex":0},"up":{"uv":[14.8046875,8.4296875,14.75,8.375],"rotation":0,"texture":"#2","tintindex":0},"down":{"uv":[8.4921875,14.75,8.4375,14.8046875],"rotation":0,"texture":"#2","tintindex":0}}},{"from":[7.6712055,7.6860366,2.2656245],"to":[7.761607,8.077778,2.627232],"rotation":{"angle":0.0,"axis":"y","origin":[7.731473,7.8819075,2.4464283]},"faces":{"east":{"uv":[14.875,12.625,14.9140625,12.667969],"rotation":0,"texture":"#2","tintindex":0},"south":{"uv":[15.25,8.25,15.261719,8.292969],"rotation":0,"texture":"#2","tintindex":0},"north":{"uv":[8.25,15.25,8.261719,15.292969],"rotation":0,"texture":"#2","tintindex":0},"west":{"uv":[12.6875,14.875,12.7265625,14.917969],"rotation":0,"texture":"#2","tintindex":0},"up":{"uv":[14.136719,15.2890625,14.125,15.25],"rotation":0,"texture":"#2","tintindex":0},"down":{"uv":[15.261719,14.125,15.25,14.1640625],"rotation":0,"texture":"#2","tintindex":0}}},{"from":[7.6712055,8.077778,2.3560266],"to":[7.761607,8.31885,2.53683],"rotation":{"angle":0.0,"axis":"y","origin":[7.731473,8.198314,2.4464283]},"faces":{"east":{"uv":[4.5,15.25,4.5195312,15.277344],"rotation":0,"texture":"#2","tintindex":0},"south":{"uv":[10.1875,15.3125,10.199219,15.339844],"rotation":0,"texture":"#2","tintindex":0},"north":{"uv":[15.3125,10.125,15.324219,10.152344],"rotation":0,"texture":"#2","tintindex":0},"west":{"uv":[15.25,4.5,15.269531,4.5273438],"rotation":0,"texture":"#2","tintindex":0},"up":{"uv":[15.449219,2.8320312,15.4375,2.8125],"rotation":0,"texture":"#2","tintindex":0},"down":{"uv":[2.8867188,15.4375,2.875,15.457031],"rotation":0,"texture":"#2","tintindex":0}}},{"from":[8.24375,7.6860366,2.3258924],"to":[8.304018,8.077778,2.5669641],"rotation":{"angle":0.0,"axis":"y","origin":[8.273884,7.8819075,2.4464283]},"faces":{"east":{"uv":[0.625,15.0625,0.65234375,15.105469],"rotation":0,"texture":"#2","tintindex":0},"south":{"uv":[6.875,15.3125,6.8828125,15.355469],"rotation":0,"texture":"#2","tintindex":0},"north":{"uv":[15.3125,6.8125,15.3203125,6.8554688],"rotation":0,"texture":"#2","tintindex":0},"west":{"uv":[15.0625,0.625,15.089844,0.66796875],"rotation":0,"texture":"#2","tintindex":0},"up":{"uv":[15.4453125,7.2773438,15.4375,7.25],"rotation":0,"texture":"#2","tintindex":0},"down":{"uv":[7.3203125,15.4375,7.3125,15.464844],"rotation":0,"texture":"#2","tintindex":0}}},{"from":[8.24375,8.077778,2.3861604],"to":[8.304018,8.31885,2.5066962],"rotation":{"angle":0.0,"axis":"y","origin":[8.273884,8.198314,2.4464283]},"faces":{"east":{"uv":[15.3125,10.1875,15.324219,10.214844],"rotation":0,"texture":"#2","tintindex":0},"south":{"uv":[7.375,15.4375,7.3828125,15.464844],"rotation":0,"texture":"#2","tintindex":0},"north":{"uv":[15.4375,7.3125,15.4453125,7.3398438],"rotation":0,"texture":"#2","tintindex":0},"west":{"uv":[10.25,15.3125,10.261719,15.339844],"rotation":0,"texture":"#2","tintindex":0},"up":{"uv":[4.0703125,15.511719,4.0625,15.5],"rotation":0,"texture":"#2","tintindex":0},"down":{"uv":[15.5078125,4.0625,15.5,4.0742188],"rotation":0,"texture":"#2","tintindex":0}}},{"from":[7.821875,7.6860366,2.114955],"to":[8.183482,8.077778,2.205357],"rotation":{"angle":0.0,"axis":"y","origin":[8.002679,7.9271083,2.3560266]},"faces":{"east":{"uv":[8.3125,15.25,8.324219,15.292969],"rotation":0,"texture":"#2","tintindex":0},"south":{"uv":[12.75,14.875,12.7890625,14.917969],"rotation":0,"texture":"#2","tintindex":0},"north":{"uv":[14.875,12.6875,14.9140625,12.730469],"rotation":0,"texture":"#2","tintindex":0},"west":{"uv":[15.25,8.3125,15.261719,8.355469],"rotation":0,"texture":"#2","tintindex":0},"up":{"uv":[14.2265625,15.261719,14.1875,15.25],"rotation":0,"texture":"#2","tintindex":0},"down":{"uv":[15.2890625,14.1875,15.25,14.199219],"rotation":0,"texture":"#2","tintindex":0}}},{"from":[7.9152904,8.077778,2.114955],"to":[8.096094,8.31885,2.205357],"rotation":{"angle":0.0,"axis":"y","origin":[8.020759,8.198314,2.1601558]},"faces":{"east":{"uv":[15.3125,10.25,15.324219,10.277344],"rotation":0,"texture":"#2","tintindex":0},"south":{"uv":[15.25,4.5625,15.269531,4.5898438],"rotation":0,"texture":"#2","tintindex":0},"north":{"uv":[4.5625,15.25,4.5820312,15.277344],"rotation":0,"texture":"#2","tintindex":0},"west":{"uv":[10.3125,15.3125,10.324219,15.339844],"rotation":0,"texture":"#2","tintindex":0},"up":{"uv":[15.457031,2.8867188,15.4375,2.875],"rotation":0,"texture":"#2","tintindex":0},"down":{"uv":[2.9570312,15.4375,2.9375,15.449219],"rotation":0,"texture":"#2","tintindex":0}}},{"from":[7.9152904,8.077778,2.6875],"to":[8.096094,8.31885,2.7779016],"rotation":{"angle":0.0,"axis":"y","origin":[8.020759,8.198314,2.7327008]},"faces":{"east":{"uv":[15.3125,10.3125,15.324219,10.339844],"rotation":0,"texture":"#2","tintindex":0},"south":{"uv":[15.25,4.625,15.269531,4.6523438],"rotation":0,"texture":"#2","tintindex":0},"north":{"uv":[4.625,15.25,4.6445312,15.277344],"rotation":0,"texture":"#2","tintindex":0},"west":{"uv":[10.375,15.3125,10.386719,15.339844],"rotation":0,"texture":"#2","tintindex":0},"up":{"uv":[15.457031,2.9492188,15.4375,2.9375],"rotation":0,"texture":"#2","tintindex":0},"down":{"uv":[3.0195312,15.4375,3.0,15.449219],"rotation":0,"texture":"#2","tintindex":0}}},{"from":[7.821875,7.6860366,2.6875],"to":[8.183482,8.077778,2.7779016],"rotation":{"angle":0.0,"axis":"y","origin":[8.002679,7.9271083,2.9285712]},"faces":{"east":{"uv":[8.375,15.25,8.386719,15.292969],"rotation":0,"texture":"#2","tintindex":0},"south":{"uv":[12.8125,14.875,12.8515625,14.917969],"rotation":0,"texture":"#2","tintindex":0},"north":{"uv":[14.875,12.75,14.9140625,12.792969],"rotation":0,"texture":"#2","tintindex":0},"west":{"uv":[15.25,8.375,15.261719,8.417969],"rotation":0,"texture":"#2","tintindex":0},"up":{"uv":[14.2890625,15.261719,14.25,15.25],"rotation":0,"texture":"#2","tintindex":0},"down":{"uv":[15.2890625,14.25,15.25,14.261719],"rotation":0,"texture":"#2","tintindex":0}}}],"display":{"head":{"translation":[0.0,-6.4,0.0],"scale":[4.0,4.0,4.0]}}}