{"textures":{"2":"modelengine:entity/pillars"},"elements":[{"from":[7.6821427,7.5908356,2.1249995],"to":[8.325,8.434586,2.767857],"rotation":{"angle":0.0,"axis":"y","origin":[8.0035715,7.9122643,2.4464283]},"faces":{"east":{"uv":[14.3125,4.625,14.3828125,4.71875],"rotation":0,"texture":"#2","tintindex":0},"south":{"uv":[14.3125,5.1875,14.3828125,5.28125],"rotation":0,"texture":"#2","tintindex":0},"north":{"uv":[14.3125,4.5,14.3828125,4.59375],"rotation":0,"texture":"#2","tintindex":0},"west":{"uv":[5.375,14.3125,5.4453125,14.40625],"rotation":0,"texture":"#2","tintindex":0},"up":{"uv":[14.5703125,12.7578125,14.5,12.6875],"rotation":0,"texture":"#2","tintindex":0},"down":{"uv":[14.5703125,12.8125,14.5,12.8828125],"rotation":0,"texture":"#2","tintindex":0}}},{"from":[7.5616074,7.5908356,2.205357],"to":[7.6821427,8.113157,2.6875],"rotation":{"angle":0.0,"axis":"y","origin":[7.6419644,7.8519964,2.4464283]},"faces":{"east":{"uv":[13.8125,11.5625,13.8671875,11.621094],"rotation":0,"texture":"#2","tintindex":0},"south":{"uv":[15.1875,1.625,15.199219,1.6835938],"rotation":0,"texture":"#2","tintindex":0},"north":{"uv":[1.625,15.1875,1.6367188,15.246094],"rotation":0,"texture":"#2","tintindex":0},"west":{"uv":[13.875,6.25,13.9296875,6.3085938],"rotation":0,"texture":"#2","tintindex":0},"up":{"uv":[15.199219,11.1171875,15.1875,11.0625],"rotation":0,"texture":"#2","tintindex":0},"down":{"uv":[11.136719,15.1875,11.125,15.2421875],"rotation":0,"texture":"#2","tintindex":0}}},{"from":[7.5616074,8.113157,2.3258924],"to":[7.6821427,8.434586,2.5669641],"rotation":{"angle":0.0,"axis":"y","origin":[7.6419644,8.273871,2.4464283]},"faces":{"east":{"uv":[15.125,0.6875,15.152344,0.72265625],"rotation":0,"texture":"#2","tintindex":0},"south":{"uv":[3.625,15.3125,3.6367188,15.347656],"rotation":0,"texture":"#2","tintindex":0},"north":{"uv":[15.3125,3.5625,15.324219,3.5976562],"rotation":0,"texture":"#2","tintindex":0},"west":{"uv":[0.75,15.125,0.77734375,15.160156],"rotation":0,"texture":"#2","tintindex":0},"up":{"uv":[15.324219,10.402344,15.3125,10.375],"rotation":0,"texture":"#2","tintindex":0},"down":{"uv":[10.449219,15.3125,10.4375,15.339844],"rotation":0,"texture":"#2","tintindex":0}}},{"from":[8.325,7.5908356,2.2857141],"to":[8.405357,8.113157,2.6071424],"rotation":{"angle":0.0,"axis":"y","origin":[8.365179,7.8519964,2.4464283]},"faces":{"east":{"uv":[13.8125,14.8125,13.847656,14.871094],"rotation":0,"texture":"#2","tintindex":0},"south":{"uv":[15.25,14.3125,15.2578125,14.371094],"rotation":0,"texture":"#2","tintindex":0},"north":{"uv":[14.3125,15.25,14.3203125,15.308594],"rotation":0,"texture":"#2","tintindex":0},"west":{"uv":[13.875,14.8125,13.910156,14.871094],"rotation":0,"texture":"#2","tintindex":0},"up":{"uv":[6.3203125,15.410156,6.3125,15.375],"rotation":0,"texture":"#2","tintindex":0},"down":{"uv":[15.3828125,6.3125,15.375,6.3476562],"rotation":0,"texture":"#2","tintindex":0}}},{"from":[8.325,8.113157,2.3660712],"to":[8.405357,8.434586,2.5267854],"rotation":{"angle":0.0,"axis":"y","origin":[8.365179,8.273871,2.4464283]},"faces":{"east":{"uv":[1.6875,15.1875,1.7070312,15.222656],"rotation":0,"texture":"#2","tintindex":0},"south":{"uv":[15.375,6.375,15.3828125,6.4101562],"rotation":0,"texture":"#2","tintindex":0},"north":{"uv":[6.375,15.375,6.3828125,15.410156],"rotation":0,"texture":"#2","tintindex":0},"west":{"uv":[15.1875,1.6875,15.207031,1.7226562],"rotation":0,"texture":"#2","tintindex":0},"up":{"uv":[15.4453125,10.457031,15.4375,10.4375],"rotation":0,"texture":"#2","tintindex":0},"down":{"uv":[10.5078125,15.4375,10.5,15.457031],"rotation":0,"texture":"#2","tintindex":0}}},{"from":[7.7625,7.5908356,2.0044641],"to":[8.244643,8.113157,2.1249995],"rotation":{"angle":0.0,"axis":"y","origin":[8.0035715,7.9122643,2.3258924]},"faces":{"east":{"uv":[1.75,15.1875,1.7617188,15.246094],"rotation":0,"texture":"#2","tintindex":0},"south":{"uv":[13.0625,13.875,13.1171875,13.933594],"rotation":0,"texture":"#2","tintindex":0},"north":{"uv":[13.875,12.9375,13.9296875,12.996094],"rotation":0,"texture":"#2","tintindex":0},"west":{"uv":[15.1875,1.75,15.199219,1.8085938],"rotation":0,"texture":"#2","tintindex":0},"up":{"uv":[15.2421875,11.136719,15.1875,11.125],"rotation":0,"texture":"#2","tintindex":0},"down":{"uv":[11.2421875,15.1875,11.1875,15.199219],"rotation":0,"texture":"#2","tintindex":0}}},{"from":[7.8870535,8.113157,2.0044641],"to":[8.128125,8.434586,2.1249995],"rotation":{"angle":0.0,"axis":"y","origin":[8.0276785,8.273871,2.064732]},"faces":{"east":{"uv":[15.3125,3.625,15.324219,3.6601562],"rotation":0,"texture":"#2","tintindex":0},"south":{"uv":[0.8125,15.125,0.83984375,15.160156],"rotation":0,"texture":"#2","tintindex":0},"north":{"uv":[15.125,0.75,15.152344,0.78515625],"rotation":0,"texture":"#2","tintindex":0},"west":{"uv":[3.6875,15.3125,3.6992188,15.347656],"rotation":0,"texture":"#2","tintindex":0},"up":{"uv":[15.339844,10.449219,15.3125,10.4375],"rotation":0,"texture":"#2","tintindex":0},"down":{"uv":[10.527344,15.3125,10.5,15.324219],"rotation":0,"texture":"#2","tintindex":0}}},{"from":[7.8870535,8.113157,2.767857],"to":[8.128125,8.434586,2.8883924],"rotation":{"angle":0.0,"axis":"y","origin":[8.0276785,8.273871,2.828125]},"faces":{"east":{"uv":[15.3125,3.6875,15.324219,3.7226562],"rotation":0,"texture":"#2","tintindex":0},"south":{"uv":[0.875,15.125,0.90234375,15.160156],"rotation":0,"texture":"#2","tintindex":0},"north":{"uv":[15.125,0.8125,15.152344,0.84765625],"rotation":0,"texture":"#2","tintindex":0},"west":{"uv":[3.75,15.3125,3.7617188,15.347656],"rotation":0,"texture":"#2","tintindex":0},"up":{"uv":[15.339844,10.511719,15.3125,10.5],"rotation":0,"texture":"#2","tintindex":0},"down":{"uv":[10.589844,15.3125,10.5625,15.324219],"rotation":0,"texture":"#2","tintindex":0}}},{"from":[7.7625,7.5908356,2.767857],"to":[8.244643,8.113157,2.8883924],"rotation":{"angle":0.0,"axis":"y","origin":[8.0035715,7.9122643,3.0892854]},"faces":{"east":{"uv":[1.8125,15.1875,1.8242188,15.246094],"rotation":0,"texture":"#2","tintindex":0},"south":{"uv":[0.5,13.9375,0.5546875,13.996094],"rotation":0,"texture":"#2","tintindex":0},"north":{"uv":[13.9375,0.125,13.9921875,0.18359375],"rotation":0,"texture":"#2","tintindex":0},"west":{"uv":[15.1875,1.8125,15.199219,1.8710938],"rotation":0,"texture":"#2","tintindex":0},"up":{"uv":[15.2421875,11.199219,15.1875,11.1875],"rotation":0,"texture":"#2","tintindex":0},"down":{"uv":[11.3046875,15.1875,11.25,15.199219],"rotation":0,"texture":"#2","tintindex":0}}}],"display":{"head":{"translation":[0.0,-6.4,0.0],"scale":[4.0,4.0,4.0]}}}