{"textures":{"2":"modelengine:entity/pillars"},"elements":[{"from":[7.821205,7.778866,2.2656245],"to":[8.182813,8.253475,2.627232],"rotation":{"angle":0.0,"axis":"y","origin":[8.002009,7.9596696,2.4464283]},"faces":{"east":{"uv":[1.0625,14.875,1.1015625,14.925781],"rotation":0,"texture":"#2","tintindex":0},"south":{"uv":[14.875,1.0625,14.9140625,1.1132812],"rotation":0,"texture":"#2","tintindex":0},"north":{"uv":[1.0,14.875,1.0390625,14.925781],"rotation":0,"texture":"#2","tintindex":0},"west":{"uv":[14.875,1.125,14.9140625,1.1757812],"rotation":0,"texture":"#2","tintindex":0},"up":{"uv":[8.2890625,14.9765625,8.25,14.9375],"rotation":0,"texture":"#2","tintindex":0},"down":{"uv":[14.9765625,8.25,14.9375,8.2890625],"rotation":0,"texture":"#2","tintindex":0}}},{"from":[7.753404,7.778866,2.3108258],"to":[7.821205,8.072672,2.5820308],"rotation":{"angle":0.0,"axis":"y","origin":[7.798605,7.925769,2.4464283]},"faces":{"east":{"uv":[15.0625,10.0,15.09375,10.03125],"rotation":0,"texture":"#2","tintindex":0},"south":{"uv":[15.375,9.6875,15.3828125,9.71875],"rotation":0,"texture":"#2","tintindex":0},"north":{"uv":[9.6875,15.375,9.6953125,15.40625],"rotation":0,"texture":"#2","tintindex":0},"west":{"uv":[10.0625,15.0625,10.09375,15.09375],"rotation":0,"texture":"#2","tintindex":0},"up":{"uv":[9.7578125,15.40625,9.75,15.375],"rotation":0,"texture":"#2","tintindex":0},"down":{"uv":[15.3828125,9.75,15.375,9.78125],"rotation":0,"texture":"#2","tintindex":0}}},{"from":[7.753404,8.072672,2.3786268],"to":[7.821205,8.253475,2.5142298],"rotation":{"angle":0.0,"axis":"y","origin":[7.798605,8.163074,2.4464283]},"faces":{"east":{"uv":[2.0,15.375,2.015625,15.394531],"rotation":0,"texture":"#2","tintindex":0},"south":{"uv":[9.5625,15.4375,9.5703125,15.457031],"rotation":0,"texture":"#2","tintindex":0},"north":{"uv":[15.4375,9.5,15.4453125,9.519531],"rotation":0,"texture":"#2","tintindex":0},"west":{"uv":[15.375,2.0,15.390625,2.0195312],"rotation":0,"texture":"#2","tintindex":0},"up":{"uv":[15.4453125,14.515625,15.4375,14.5],"rotation":0,"texture":"#2","tintindex":0},"down":{"uv":[14.5703125,15.4375,14.5625,15.453125],"rotation":0,"texture":"#2","tintindex":0}}},{"from":[8.182813,7.778866,2.3560266],"to":[8.228013,8.072672,2.53683],"rotation":{"angle":0.0,"axis":"y","origin":[8.205413,7.925769,2.4464283]},"faces":{"east":{"uv":[0.0625,15.25,0.08203125,15.28125],"rotation":0,"texture":"#2","tintindex":0},"south":{"uv":[14.625,15.4375,14.628906,15.46875],"rotation":0,"texture":"#2","tintindex":0},"north":{"uv":[15.4375,14.5625,15.441406,14.59375],"rotation":0,"texture":"#2","tintindex":0},"west":{"uv":[15.25,0.0625,15.269531,0.09375],"rotation":0,"texture":"#2","tintindex":0},"up":{"uv":[5.1914062,15.519531,5.1875,15.5],"rotation":0,"texture":"#2","tintindex":0},"down":{"uv":[15.503906,5.1875,15.5,5.2070312],"rotation":0,"texture":"#2","tintindex":0}}},{"from":[8.182813,8.072672,2.4012275],"to":[8.228013,8.253475,2.4916291],"rotation":{"angle":0.0,"axis":"y","origin":[8.205413,8.163074,2.4464283]},"faces":{"east":{"uv":[15.4375,2.0,15.449219,2.0195312],"rotation":0,"texture":"#2","tintindex":0},"south":{"uv":[15.5,5.25,15.503906,5.2695312],"rotation":0,"texture":"#2","tintindex":0},"north":{"uv":[5.25,15.5,5.2539062,15.519531],"rotation":0,"texture":"#2","tintindex":0},"west":{"uv":[2.0625,15.4375,2.0742188,15.457031],"rotation":0,"texture":"#2","tintindex":0},"up":{"uv":[7.6289062,15.511719,7.625,15.5],"rotation":0,"texture":"#2","tintindex":0},"down":{"uv":[15.503906,7.625,15.5,7.6367188],"rotation":0,"texture":"#2","tintindex":0}}},{"from":[7.8664064,7.778866,2.1978235],"to":[8.137611,8.072672,2.2656245],"rotation":{"angle":0.0,"axis":"y","origin":[8.002009,7.9596696,2.3786268]},"faces":{"east":{"uv":[9.8125,15.375,9.8203125,15.40625],"rotation":0,"texture":"#2","tintindex":0},"south":{"uv":[10.125,15.0625,10.15625,15.09375],"rotation":0,"texture":"#2","tintindex":0},"north":{"uv":[15.0625,10.0625,15.09375,10.09375],"rotation":0,"texture":"#2","tintindex":0},"west":{"uv":[15.375,9.8125,15.3828125,9.84375],"rotation":0,"texture":"#2","tintindex":0},"up":{"uv":[9.90625,15.3828125,9.875,15.375],"rotation":0,"texture":"#2","tintindex":0},"down":{"uv":[15.40625,9.875,15.375,9.8828125],"rotation":0,"texture":"#2","tintindex":0}}},{"from":[7.9364676,8.072672,2.1978235],"to":[8.07207,8.253475,2.2656245],"rotation":{"angle":0.0,"axis":"y","origin":[8.015569,8.163074,2.2317243]},"faces":{"east":{"uv":[15.4375,9.5625,15.4453125,9.582031],"rotation":0,"texture":"#2","tintindex":0},"south":{"uv":[15.375,2.0625,15.390625,2.0820312],"rotation":0,"texture":"#2","tintindex":0},"north":{"uv":[2.0625,15.375,2.078125,15.394531],"rotation":0,"texture":"#2","tintindex":0},"west":{"uv":[9.625,15.4375,9.6328125,15.457031],"rotation":0,"texture":"#2","tintindex":0},"up":{"uv":[15.453125,14.6328125,15.4375,14.625],"rotation":0,"texture":"#2","tintindex":0},"down":{"uv":[14.703125,15.4375,14.6875,15.4453125],"rotation":0,"texture":"#2","tintindex":0}}},{"from":[7.9364676,8.072672,2.627232],"to":[8.07207,8.253475,2.695033],"rotation":{"angle":0.0,"axis":"y","origin":[8.015569,8.163074,2.6611323]},"faces":{"east":{"uv":[15.4375,9.625,15.4453125,9.644531],"rotation":0,"texture":"#2","tintindex":0},"south":{"uv":[15.375,2.125,15.390625,2.1445312],"rotation":0,"texture":"#2","tintindex":0},"north":{"uv":[2.125,15.375,2.140625,15.394531],"rotation":0,"texture":"#2","tintindex":0},"west":{"uv":[9.6875,15.4375,9.6953125,15.457031],"rotation":0,"texture":"#2","tintindex":0},"up":{"uv":[15.453125,14.6953125,15.4375,14.6875],"rotation":0,"texture":"#2","tintindex":0},"down":{"uv":[14.765625,15.4375,14.75,15.4453125],"rotation":0,"texture":"#2","tintindex":0}}},{"from":[7.8664064,7.778866,2.627232],"to":[8.137611,8.072672,2.695033],"rotation":{"angle":0.0,"axis":"y","origin":[8.002009,7.9596696,2.8080354]},"faces":{"east":{"uv":[9.9375,15.375,9.9453125,15.40625],"rotation":0,"texture":"#2","tintindex":0},"south":{"uv":[10.1875,15.0625,10.21875,15.09375],"rotation":0,"texture":"#2","tintindex":0},"north":{"uv":[15.0625,10.125,15.09375,10.15625],"rotation":0,"texture":"#2","tintindex":0},"west":{"uv":[15.375,9.9375,15.3828125,9.96875],"rotation":0,"texture":"#2","tintindex":0},"up":{"uv":[10.03125,15.3828125,10.0,15.375],"rotation":0,"texture":"#2","tintindex":0},"down":{"uv":[15.40625,10.0,15.375,10.0078125],"rotation":0,"texture":"#2","tintindex":0}}}],"display":{"head":{"translation":[0.0,-6.4,0.0],"scale":[4.0,4.0,4.0]}}}