{"textures":{"2":"modelengine:entity/pillars"},"elements":[{"from":[7.761607,7.6860366,2.205357],"to":[8.24375,8.31885,2.6875],"rotation":{"angle":0.0,"axis":"y","origin":[8.002679,7.9271083,2.4464283]},"faces":{"east":{"uv":[14.5625,14.625,14.6171875,14.6953125],"rotation":0,"texture":"#2","tintindex":0},"south":{"uv":[14.625,14.625,14.6796875,14.6953125],"rotation":0,"texture":"#2","tintindex":0},"north":{"uv":[14.625,14.5,14.6796875,14.5703125],"rotation":0,"texture":"#2","tintindex":0},"west":{"uv":[0.0,14.6875,0.0546875,14.7578125],"rotation":0,"texture":"#2","tintindex":0},"up":{"uv":[14.8046875,9.3671875,14.75,9.3125],"rotation":0,"texture":"#2","tintindex":0},"down":{"uv":[9.4296875,14.75,9.375,14.8046875],"rotation":0,"texture":"#2","tintindex":0}}},{"from":[7.6712055,7.6860366,2.2656245],"to":[7.761607,8.077778,2.627232],"rotation":{"angle":0.0,"axis":"y","origin":[7.731473,7.8819075,2.4464283]},"faces":{"east":{"uv":[0.0,14.9375,0.0390625,14.980469],"rotation":0,"texture":"#2","tintindex":0},"south":{"uv":[15.25,10.5,15.261719,10.542969],"rotation":0,"texture":"#2","tintindex":0},"north":{"uv":[10.5,15.25,10.511719,15.292969],"rotation":0,"texture":"#2","tintindex":0},"west":{"uv":[14.9375,0.0,14.9765625,0.04296875],"rotation":0,"texture":"#2","tintindex":0},"up":{"uv":[15.324219,1.8515625,15.3125,1.8125],"rotation":0,"texture":"#2","tintindex":0},"down":{"uv":[1.8867188,15.3125,1.875,15.3515625],"rotation":0,"texture":"#2","tintindex":0}}},{"from":[7.6712055,8.077778,2.3560266],"to":[7.761607,8.31885,2.53683],"rotation":{"angle":0.0,"axis":"y","origin":[7.731473,8.198314,2.4464283]},"faces":{"east":{"uv":[6.75,15.25,6.7695312,15.277344],"rotation":0,"texture":"#2","tintindex":0},"south":{"uv":[15.375,0.0625,15.386719,0.08984375],"rotation":0,"texture":"#2","tintindex":0},"north":{"uv":[0.0625,15.375,0.07421875,15.402344],"rotation":0,"texture":"#2","tintindex":0},"west":{"uv":[15.25,6.75,15.269531,6.7773438],"rotation":0,"texture":"#2","tintindex":0},"up":{"uv":[15.449219,5.8320312,15.4375,5.8125],"rotation":0,"texture":"#2","tintindex":0},"down":{"uv":[5.8867188,15.4375,5.875,15.457031],"rotation":0,"texture":"#2","tintindex":0}}},{"from":[8.24375,7.6860366,2.3258924],"to":[8.304018,8.077778,2.5669641],"rotation":{"angle":0.0,"axis":"y","origin":[8.273884,7.8819075,2.4464283]},"faces":{"east":{"uv":[1.375,15.0625,1.4023438,15.105469],"rotation":0,"texture":"#2","tintindex":0},"south":{"uv":[7.625,15.3125,7.6328125,15.355469],"rotation":0,"texture":"#2","tintindex":0},"north":{"uv":[15.3125,7.5625,15.3203125,7.6054688],"rotation":0,"texture":"#2","tintindex":0},"west":{"uv":[15.0625,1.375,15.089844,1.4179688],"rotation":0,"texture":"#2","tintindex":0},"up":{"uv":[15.4453125,8.777344,15.4375,8.75],"rotation":0,"texture":"#2","tintindex":0},"down":{"uv":[8.8203125,15.4375,8.8125,15.464844],"rotation":0,"texture":"#2","tintindex":0}}},{"from":[8.24375,8.077778,2.3861604],"to":[8.304018,8.31885,2.5066962],"rotation":{"angle":0.0,"axis":"y","origin":[8.273884,8.198314,2.4464283]},"faces":{"east":{"uv":[0.125,15.375,0.13671875,15.402344],"rotation":0,"texture":"#2","tintindex":0},"south":{"uv":[8.875,15.4375,8.8828125,15.464844],"rotation":0,"texture":"#2","tintindex":0},"north":{"uv":[15.4375,8.8125,15.4453125,8.839844],"rotation":0,"texture":"#2","tintindex":0},"west":{"uv":[15.375,0.125,15.386719,0.15234375],"rotation":0,"texture":"#2","tintindex":0},"up":{"uv":[4.8203125,15.511719,4.8125,15.5],"rotation":0,"texture":"#2","tintindex":0},"down":{"uv":[15.5078125,4.8125,15.5,4.8242188],"rotation":0,"texture":"#2","tintindex":0}}},{"from":[7.821875,7.6860366,2.114955],"to":[8.183482,8.077778,2.205357],"rotation":{"angle":0.0,"axis":"y","origin":[8.002679,7.9271083,2.3560266]},"faces":{"east":{"uv":[10.5625,15.25,10.574219,15.292969],"rotation":0,"texture":"#2","tintindex":0},"south":{"uv":[14.9375,0.0625,14.9765625,0.10546875],"rotation":0,"texture":"#2","tintindex":0},"north":{"uv":[0.0625,14.9375,0.1015625,14.980469],"rotation":0,"texture":"#2","tintindex":0},"west":{"uv":[15.25,10.5625,15.261719,10.605469],"rotation":0,"texture":"#2","tintindex":0},"up":{"uv":[15.3515625,1.8867188,15.3125,1.875],"rotation":0,"texture":"#2","tintindex":0},"down":{"uv":[1.9765625,15.3125,1.9375,15.324219],"rotation":0,"texture":"#2","tintindex":0}}},{"from":[7.9152904,8.077778,2.114955],"to":[8.096094,8.31885,2.205357],"rotation":{"angle":0.0,"axis":"y","origin":[8.020759,8.198314,2.1601558]},"faces":{"east":{"uv":[0.1875,15.375,0.19921875,15.402344],"rotation":0,"texture":"#2","tintindex":0},"south":{"uv":[15.25,6.8125,15.269531,6.8398438],"rotation":0,"texture":"#2","tintindex":0},"north":{"uv":[6.8125,15.25,6.8320312,15.277344],"rotation":0,"texture":"#2","tintindex":0},"west":{"uv":[15.375,0.1875,15.386719,0.21484375],"rotation":0,"texture":"#2","tintindex":0},"up":{"uv":[15.457031,5.8867188,15.4375,5.875],"rotation":0,"texture":"#2","tintindex":0},"down":{"uv":[5.9570312,15.4375,5.9375,15.449219],"rotation":0,"texture":"#2","tintindex":0}}},{"from":[7.9152904,8.077778,2.6875],"to":[8.096094,8.31885,2.7779016],"rotation":{"angle":0.0,"axis":"y","origin":[8.020759,8.198314,2.7327008]},"faces":{"east":{"uv":[0.25,15.375,0.26171875,15.402344],"rotation":0,"texture":"#2","tintindex":0},"south":{"uv":[15.25,6.875,15.269531,6.9023438],"rotation":0,"texture":"#2","tintindex":0},"north":{"uv":[6.875,15.25,6.8945312,15.277344],"rotation":0,"texture":"#2","tintindex":0},"west":{"uv":[15.375,0.25,15.386719,0.27734375],"rotation":0,"texture":"#2","tintindex":0},"up":{"uv":[15.457031,5.9492188,15.4375,5.9375],"rotation":0,"texture":"#2","tintindex":0},"down":{"uv":[6.0195312,15.4375,6.0,15.449219],"rotation":0,"texture":"#2","tintindex":0}}},{"from":[7.821875,7.6860366,2.6875],"to":[8.183482,8.077778,2.7779016],"rotation":{"angle":0.0,"axis":"y","origin":[8.002679,7.9271083,2.9285712]},"faces":{"east":{"uv":[10.625,15.25,10.636719,15.292969],"rotation":0,"texture":"#2","tintindex":0},"south":{"uv":[14.9375,0.125,14.9765625,0.16796875],"rotation":0,"texture":"#2","tintindex":0},"north":{"uv":[0.125,14.9375,0.1640625,14.980469],"rotation":0,"texture":"#2","tintindex":0},"west":{"uv":[15.25,10.625,15.261719,10.667969],"rotation":0,"texture":"#2","tintindex":0},"up":{"uv":[15.3515625,1.9492188,15.3125,1.9375],"rotation":0,"texture":"#2","tintindex":0},"down":{"uv":[2.0390625,15.3125,2.0,15.324219],"rotation":0,"texture":"#2","tintindex":0}}}],"display":{"head":{"translation":[0.0,-6.4,0.0],"scale":[4.0,4.0,4.0]}}}