{"textures":{"2":"modelengine:entity/pillars"},"elements":[{"from":[7.5232143,7.280308,6.582143],"to":[8.4875,8.545933,7.5464287],"rotation":{"angle":0.0,"axis":"y","origin":[8.005357,7.76245,7.0642858]},"faces":{"east":{"uv":[13.6875,5.5625,13.792969,5.6992188],"rotation":0,"texture":"#2","tintindex":0},"south":{"uv":[13.6875,5.75,13.792969,5.8867188],"rotation":0,"texture":"#2","tintindex":0},"north":{"uv":[13.6875,5.375,13.792969,5.5117188],"rotation":0,"texture":"#2","tintindex":0},"west":{"uv":[13.6875,5.9375,13.792969,6.0742188],"rotation":0,"texture":"#2","tintindex":0},"up":{"uv":[14.105469,13.542969,14.0,13.4375],"rotation":0,"texture":"#2","tintindex":0},"down":{"uv":[13.605469,14.0,13.5,14.105469],"rotation":0,"texture":"#2","tintindex":0}}},{"from":[7.3424106,7.280308,6.7026787],"to":[7.5232143,8.063789,7.425893],"rotation":{"angle":0.0,"axis":"y","origin":[7.4629464,7.6720486,7.0642858]},"faces":{"east":{"uv":[12.625,14.1875,12.703125,14.2734375],"rotation":0,"texture":"#2","tintindex":0},"south":{"uv":[11.4375,14.875,11.457031,14.9609375],"rotation":0,"texture":"#2","tintindex":0},"north":{"uv":[14.875,11.375,14.894531,11.4609375],"rotation":0,"texture":"#2","tintindex":0},"west":{"uv":[14.1875,12.6875,14.265625,12.7734375],"rotation":0,"texture":"#2","tintindex":0},"up":{"uv":[6.4570312,15.015625,6.4375,14.9375],"rotation":0,"texture":"#2","tintindex":0},"down":{"uv":[14.957031,6.625,14.9375,6.703125],"rotation":0,"texture":"#2","tintindex":0}}},{"from":[7.3424106,8.063789,6.883482],"to":[7.5232143,8.545933,7.245089],"rotation":{"angle":0.0,"axis":"y","origin":[7.4629464,8.304861,7.0642858]},"faces":{"east":{"uv":[12.8125,14.8125,12.8515625,14.8671875],"rotation":0,"texture":"#2","tintindex":0},"south":{"uv":[15.0625,5.75,15.082031,5.8046875],"rotation":0,"texture":"#2","tintindex":0},"north":{"uv":[5.75,15.0625,5.7695312,15.1171875],"rotation":0,"texture":"#2","tintindex":0},"west":{"uv":[14.8125,12.8125,14.8515625,12.8671875],"rotation":0,"texture":"#2","tintindex":0},"up":{"uv":[15.144531,12.4140625,15.125,12.375],"rotation":0,"texture":"#2","tintindex":0},"down":{"uv":[12.457031,15.125,12.4375,15.1640625],"rotation":0,"texture":"#2","tintindex":0}}},{"from":[8.4875,7.280308,6.823214],"to":[8.608036,8.063789,7.305357],"rotation":{"angle":0.0,"axis":"y","origin":[8.547768,7.6720486,7.0642858]},"faces":{"east":{"uv":[5.9375,14.5625,5.9921875,14.6484375],"rotation":0,"texture":"#2","tintindex":0},"south":{"uv":[7.625,15.0625,7.6367188,15.1484375],"rotation":0,"texture":"#2","tintindex":0},"north":{"uv":[7.5625,15.0625,7.5742188,15.1484375],"rotation":0,"texture":"#2","tintindex":0},"west":{"uv":[14.5625,5.9375,14.6171875,6.0234375],"rotation":0,"texture":"#2","tintindex":0},"up":{"uv":[15.199219,10.0546875,15.1875,10.0],"rotation":0,"texture":"#2","tintindex":0},"down":{"uv":[10.074219,15.1875,10.0625,15.2421875],"rotation":0,"texture":"#2","tintindex":0}}},{"from":[8.4875,8.063789,6.94375],"to":[8.608036,8.545933,7.184821],"rotation":{"angle":0.0,"axis":"y","origin":[8.547768,8.304861,7.0642858]},"faces":{"east":{"uv":[1.75,15.0,1.7773438,15.0546875],"rotation":0,"texture":"#2","tintindex":0},"south":{"uv":[10.125,15.1875,10.136719,15.2421875],"rotation":0,"texture":"#2","tintindex":0},"north":{"uv":[15.1875,10.0625,15.199219,10.1171875],"rotation":0,"texture":"#2","tintindex":0},"west":{"uv":[15.0,1.75,15.027344,1.8046875],"rotation":0,"texture":"#2","tintindex":0},"up":{"uv":[15.324219,8.277344,15.3125,8.25],"rotation":0,"texture":"#2","tintindex":0},"down":{"uv":[8.324219,15.3125,8.3125,15.339844],"rotation":0,"texture":"#2","tintindex":0}}},{"from":[7.64375,7.280308,6.401339],"to":[8.366964,8.063789,6.582143],"rotation":{"angle":0.0,"axis":"y","origin":[8.005357,7.76245,6.883482]},"faces":{"east":{"uv":[11.5,14.875,11.519531,14.9609375],"rotation":0,"texture":"#2","tintindex":0},"south":{"uv":[14.1875,12.9375,14.265625,13.0234375],"rotation":0,"texture":"#2","tintindex":0},"north":{"uv":[12.75,14.1875,12.828125,14.2734375],"rotation":0,"texture":"#2","tintindex":0},"west":{"uv":[14.875,11.5,14.894531,11.5859375],"rotation":0,"texture":"#2","tintindex":0},"up":{"uv":[15.015625,6.7695312,14.9375,6.75],"rotation":0,"texture":"#2","tintindex":0},"down":{"uv":[15.015625,6.8125,14.9375,6.8320312],"rotation":0,"texture":"#2","tintindex":0}}},{"from":[7.83058,8.063789,6.401339],"to":[8.192187,8.545933,6.582143],"rotation":{"angle":0.0,"axis":"y","origin":[8.041518,8.304861,6.491741]},"faces":{"east":{"uv":[15.0625,5.8125,15.082031,5.8671875],"rotation":0,"texture":"#2","tintindex":0},"south":{"uv":[12.9375,14.8125,12.9765625,14.8671875],"rotation":0,"texture":"#2","tintindex":0},"north":{"uv":[12.875,14.8125,12.9140625,14.8671875],"rotation":0,"texture":"#2","tintindex":0},"west":{"uv":[15.0625,5.875,15.082031,5.9296875],"rotation":0,"texture":"#2","tintindex":0},"up":{"uv":[15.1640625,12.457031,15.125,12.4375],"rotation":0,"texture":"#2","tintindex":0},"down":{"uv":[12.5390625,15.125,12.5,15.144531],"rotation":0,"texture":"#2","tintindex":0}}},{"from":[7.83058,8.063789,7.5464287],"to":[8.192187,8.545933,7.727232],"rotation":{"angle":0.0,"axis":"y","origin":[8.041518,8.304861,7.6368303]},"faces":{"east":{"uv":[15.0625,5.9375,15.082031,5.9921875],"rotation":0,"texture":"#2","tintindex":0},"south":{"uv":[14.8125,13.0,14.8515625,13.0546875],"rotation":0,"texture":"#2","tintindex":0},"north":{"uv":[13.0,14.8125,13.0390625,14.8671875],"rotation":0,"texture":"#2","tintindex":0},"west":{"uv":[15.0625,6.0,15.082031,6.0546875],"rotation":0,"texture":"#2","tintindex":0},"up":{"uv":[15.1640625,12.519531,15.125,12.5],"rotation":0,"texture":"#2","tintindex":0},"down":{"uv":[12.6015625,15.125,12.5625,15.144531],"rotation":0,"texture":"#2","tintindex":0}}},{"from":[7.64375,7.280308,7.5464287],"to":[8.366964,8.063789,7.727232],"rotation":{"angle":0.0,"axis":"y","origin":[8.005357,7.76245,8.028571]},"faces":{"east":{"uv":[11.5625,14.875,11.582031,14.9609375],"rotation":0,"texture":"#2","tintindex":0},"south":{"uv":[14.1875,13.0625,14.265625,13.1484375],"rotation":0,"texture":"#2","tintindex":0},"north":{"uv":[13.0625,14.1875,13.140625,14.2734375],"rotation":0,"texture":"#2","tintindex":0},"west":{"uv":[11.625,14.875,11.644531,14.9609375],"rotation":0,"texture":"#2","tintindex":0},"up":{"uv":[15.015625,6.8945312,14.9375,6.875],"rotation":0,"texture":"#2","tintindex":0},"down":{"uv":[15.015625,6.9375,14.9375,6.9570312],"rotation":0,"texture":"#2","tintindex":0}}}],"display":{"head":{"translation":[0.0,-6.4,0.0],"scale":[4.0,4.0,4.0]}}}