{"textures":{"2":"modelengine:entity/pillars"},"elements":[{"from":[7.165625,6.631566,1.0705357],"to":[8.853125,8.84641,2.7580357],"rotation":{"angle":0.0,"axis":"y","origin":[8.009375,7.475316,1.9142857]},"faces":{"east":{"uv":[12.25,1.5,12.433594,1.7421875],"rotation":0,"texture":"#2","tintindex":0},"south":{"uv":[12.25,1.75,12.433594,1.9921875],"rotation":0,"texture":"#2","tintindex":0},"north":{"uv":[12.25,1.25,12.433594,1.4921875],"rotation":0,"texture":"#2","tintindex":0},"west":{"uv":[12.25,2.6875,12.433594,2.9296875],"rotation":0,"texture":"#2","tintindex":0},"up":{"uv":[12.933594,1.1210938,12.75,0.9375],"rotation":0,"texture":"#2","tintindex":0},"down":{"uv":[12.933594,1.125,12.75,1.3085938],"rotation":0,"texture":"#2","tintindex":0}}},{"from":[6.849219,6.631566,1.2814732],"to":[7.165625,8.00266,2.5470982],"rotation":{"angle":0.0,"axis":"y","origin":[7.0601563,7.317113,1.9142857]},"faces":{"east":{"uv":[13.4375,11.1875,13.574219,11.3359375],"rotation":0,"texture":"#2","tintindex":0},"south":{"uv":[14.375,14.4375,14.410156,14.5859375],"rotation":0,"texture":"#2","tintindex":0},"north":{"uv":[14.3125,14.4375,14.347656,14.5859375],"rotation":0,"texture":"#2","tintindex":0},"west":{"uv":[11.375,13.4375,11.511719,13.5859375],"rotation":0,"texture":"#2","tintindex":0},"up":{"uv":[14.597656,2.6992188,14.5625,2.5625],"rotation":0,"texture":"#2","tintindex":0},"down":{"uv":[14.597656,2.75,14.5625,2.8867188],"rotation":0,"texture":"#2","tintindex":0}}},{"from":[6.849219,8.00266,1.5978794],"to":[7.165625,8.84641,2.230692],"rotation":{"angle":0.0,"axis":"y","origin":[7.0601563,8.424535,1.9142857]},"faces":{"east":{"uv":[14.25,2.75,14.3203125,2.84375],"rotation":0,"texture":"#2","tintindex":0},"south":{"uv":[14.6875,10.4375,14.722656,10.53125],"rotation":0,"texture":"#2","tintindex":0},"north":{"uv":[10.4375,14.6875,10.472656,14.78125],"rotation":0,"texture":"#2","tintindex":0},"west":{"uv":[14.25,2.875,14.3203125,2.96875],"rotation":0,"texture":"#2","tintindex":0},"up":{"uv":[14.785156,13.9453125,14.75,13.875],"rotation":0,"texture":"#2","tintindex":0},"down":{"uv":[14.035156,14.75,14.0,14.8203125],"rotation":0,"texture":"#2","tintindex":0}}},{"from":[8.853125,6.631566,1.4924107],"to":[9.064062,8.00266,2.3361607],"rotation":{"angle":0.0,"axis":"y","origin":[8.958593,7.317113,1.9142857]},"faces":{"east":{"uv":[1.875,13.75,1.96875,13.8984375],"rotation":0,"texture":"#2","tintindex":0},"south":{"uv":[14.6875,7.0625,14.7109375,7.2109375],"rotation":0,"texture":"#2","tintindex":0},"north":{"uv":[7.0625,14.6875,7.0859375,14.8359375],"rotation":0,"texture":"#2","tintindex":0},"west":{"uv":[2.0,13.75,2.09375,13.8984375],"rotation":0,"texture":"#2","tintindex":0},"up":{"uv":[14.8359375,7.84375,14.8125,7.75],"rotation":0,"texture":"#2","tintindex":0},"down":{"uv":[14.8359375,7.875,14.8125,7.96875],"rotation":0,"texture":"#2","tintindex":0}}},{"from":[8.853125,8.00266,1.7033482],"to":[9.064062,8.84641,2.1252232],"rotation":{"angle":0.0,"axis":"y","origin":[8.958593,8.424535,1.9142857]},"faces":{"east":{"uv":[7.125,14.5625,7.171875,14.65625],"rotation":0,"texture":"#2","tintindex":0},"south":{"uv":[14.8125,8.125,14.8359375,8.21875],"rotation":0,"texture":"#2","tintindex":0},"north":{"uv":[14.8125,8.0,14.8359375,8.09375],"rotation":0,"texture":"#2","tintindex":0},"west":{"uv":[14.5625,7.875,14.609375,7.96875],"rotation":0,"texture":"#2","tintindex":0},"up":{"uv":[1.8984375,15.109375,1.875,15.0625],"rotation":0,"texture":"#2","tintindex":0},"down":{"uv":[15.0859375,1.875,15.0625,1.921875],"rotation":0,"texture":"#2","tintindex":0}}},{"from":[7.3765626,6.631566,0.7541294],"to":[8.642187,8.00266,1.0705357],"rotation":{"angle":0.0,"axis":"y","origin":[8.009375,7.475316,1.5978794]},"faces":{"east":{"uv":[14.4375,14.4375,14.472656,14.5859375],"rotation":0,"texture":"#2","tintindex":0},"south":{"uv":[11.5625,13.4375,11.699219,13.5859375],"rotation":0,"texture":"#2","tintindex":0},"north":{"uv":[13.4375,11.375,13.574219,11.5234375],"rotation":0,"texture":"#2","tintindex":0},"west":{"uv":[14.5,0.0,14.535156,0.1484375],"rotation":0,"texture":"#2","tintindex":0},"up":{"uv":[3.0742188,14.597656,2.9375,14.5625],"rotation":0,"texture":"#2","tintindex":0},"down":{"uv":[14.699219,2.9375,14.5625,2.9726562],"rotation":0,"texture":"#2","tintindex":0}}},{"from":[7.7035155,8.00266,0.7541294],"to":[8.3363285,8.84641,1.0705357],"rotation":{"angle":0.0,"axis":"y","origin":[8.072657,8.424535,0.91233253]},"faces":{"east":{"uv":[10.5,14.6875,10.535156,14.78125],"rotation":0,"texture":"#2","tintindex":0},"south":{"uv":[4.625,14.25,4.6953125,14.34375],"rotation":0,"texture":"#2","tintindex":0},"north":{"uv":[4.5,14.25,4.5703125,14.34375],"rotation":0,"texture":"#2","tintindex":0},"west":{"uv":[14.6875,10.5625,14.722656,10.65625],"rotation":0,"texture":"#2","tintindex":0},"up":{"uv":[14.8203125,14.035156,14.75,14.0],"rotation":0,"texture":"#2","tintindex":0},"down":{"uv":[14.1328125,14.75,14.0625,14.785156],"rotation":0,"texture":"#2","tintindex":0}}},{"from":[7.7035155,8.00266,2.7580357],"to":[8.3363285,8.84641,3.074442],"rotation":{"angle":0.0,"axis":"y","origin":[8.072657,8.424535,2.9162388]},"faces":{"east":{"uv":[14.6875,10.6875,14.722656,10.78125],"rotation":0,"texture":"#2","tintindex":0},"south":{"uv":[14.25,4.8125,14.3203125,4.90625],"rotation":0,"texture":"#2","tintindex":0},"north":{"uv":[4.75,14.25,4.8203125,14.34375],"rotation":0,"texture":"#2","tintindex":0},"west":{"uv":[10.8125,14.6875,10.847656,14.78125],"rotation":0,"texture":"#2","tintindex":0},"up":{"uv":[14.8203125,14.097656,14.75,14.0625],"rotation":0,"texture":"#2","tintindex":0},"down":{"uv":[14.8203125,14.125,14.75,14.160156],"rotation":0,"texture":"#2","tintindex":0}}},{"from":[7.3765626,6.631566,2.7580357],"to":[8.642187,8.00266,3.074442],"rotation":{"angle":0.0,"axis":"y","origin":[8.009375,7.475316,3.6017857]},"faces":{"east":{"uv":[14.5,0.1875,14.535156,0.3359375],"rotation":0,"texture":"#2","tintindex":0},"south":{"uv":[11.75,13.4375,11.886719,13.5859375],"rotation":0,"texture":"#2","tintindex":0},"north":{"uv":[13.4375,11.5625,13.574219,11.7109375],"rotation":0,"texture":"#2","tintindex":0},"west":{"uv":[0.3125,14.5,0.34765625,14.6484375],"rotation":0,"texture":"#2","tintindex":0},"up":{"uv":[14.699219,3.0351562,14.5625,3.0],"rotation":0,"texture":"#2","tintindex":0},"down":{"uv":[14.699219,3.0625,14.5625,3.0976562],"rotation":0,"texture":"#2","tintindex":0}}}],"display":{"head":{"translation":[0.0,-6.4,0.0],"scale":[4.0,4.0,4.0]}}}