{"textures":{"2":"modelengine:entity/pillars"},"elements":[{"from":[6.869841,6.34127,6.857143],"to":[9.155556,9.34127,9.142858],"rotation":{"angle":0.0,"axis":"y","origin":[8.012698,7.484127,8.0]},"faces":{"east":{"uv":[7.6875,10.125,7.9375,10.453125],"rotation":0,"texture":"#2","tintindex":0},"south":{"uv":[10.9375,7.5,11.1875,7.828125],"rotation":0,"texture":"#2","tintindex":0},"north":{"uv":[3.0,8.1875,3.25,8.515625],"rotation":0,"texture":"#2","tintindex":0},"west":{"uv":[1.6875,11.0,1.9375,11.328125],"rotation":0,"texture":"#2","tintindex":0},"up":{"uv":[7.125,8.1875,6.875,7.9375],"rotation":0,"texture":"#2","tintindex":0},"down":{"uv":[12.0625,2.8125,11.8125,3.0625],"rotation":0,"texture":"#2","tintindex":0}}},{"from":[6.44127,6.34127,7.142857],"to":[6.869841,8.198413,8.857143],"rotation":{"angle":0.0,"axis":"y","origin":[6.726984,7.269841,8.0]},"faces":{"east":{"uv":[12.3125,6.0625,12.5,6.265625],"rotation":0,"texture":"#2","tintindex":0},"south":{"uv":[5.4375,14.0625,5.484375,14.265625],"rotation":0,"texture":"#2","tintindex":0},"north":{"uv":[5.375,14.0625,5.421875,14.265625],"rotation":0,"texture":"#2","tintindex":0},"west":{"uv":[6.3125,12.3125,6.5,12.515625],"rotation":0,"texture":"#2","tintindex":0},"up":{"uv":[10.921875,14.25,10.875,14.0625],"rotation":0,"texture":"#2","tintindex":0},"down":{"uv":[10.984375,14.0625,10.9375,14.25],"rotation":0,"texture":"#2","tintindex":0}}},{"from":[6.44127,8.198413,7.5714283],"to":[6.869841,9.34127,8.428572],"rotation":{"angle":0.0,"axis":"y","origin":[6.726984,8.769841,8.0]},"faces":{"east":{"uv":[6.5625,13.9375,6.65625,14.0625],"rotation":0,"texture":"#2","tintindex":0},"south":{"uv":[14.375,6.6875,14.421875,6.8125],"rotation":0,"texture":"#2","tintindex":0},"north":{"uv":[14.375,6.5625,14.421875,6.6875],"rotation":0,"texture":"#2","tintindex":0},"west":{"uv":[6.6875,13.9375,6.78125,14.0625],"rotation":0,"texture":"#2","tintindex":0},"up":{"uv":[11.671875,14.65625,11.625,14.5625],"rotation":0,"texture":"#2","tintindex":0},"down":{"uv":[11.734375,14.5625,11.6875,14.65625],"rotation":0,"texture":"#2","tintindex":0}}},{"from":[9.155556,6.34127,7.428571],"to":[9.44127,8.198413,8.571428],"rotation":{"angle":0.0,"axis":"y","origin":[9.298412,7.269841,8.0]},"faces":{"east":{"uv":[9.5625,13.0625,9.6875,13.265625],"rotation":0,"texture":"#2","tintindex":0},"south":{"uv":[1.25,14.25,1.28125,14.453125],"rotation":0,"texture":"#2","tintindex":0},"north":{"uv":[12.875,14.1875,12.90625,14.390625],"rotation":0,"texture":"#2","tintindex":0},"west":{"uv":[10.0,13.125,10.125,13.328125],"rotation":0,"texture":"#2","tintindex":0},"up":{"uv":[14.65625,6.75,14.625,6.625],"rotation":0,"texture":"#2","tintindex":0},"down":{"uv":[6.84375,14.625,6.8125,14.75],"rotation":0,"texture":"#2","tintindex":0}}},{"from":[9.155556,8.198413,7.714286],"to":[9.44127,9.34127,8.285714],"rotation":{"angle":0.0,"axis":"y","origin":[9.298412,8.769841,8.0]},"faces":{"east":{"uv":[0.3125,13.375,0.375,13.5],"rotation":0,"texture":"#2","tintindex":0},"south":{"uv":[14.625,6.9375,14.65625,7.0625],"rotation":0,"texture":"#2","tintindex":0},"north":{"uv":[6.875,14.625,6.90625,14.75],"rotation":0,"texture":"#2","tintindex":0},"west":{"uv":[13.375,6.9375,13.4375,7.0625],"rotation":0,"texture":"#2","tintindex":0},"up":{"uv":[5.09375,14.9375,5.0625,14.875],"rotation":0,"texture":"#2","tintindex":0},"down":{"uv":[14.90625,5.0625,14.875,5.125],"rotation":0,"texture":"#2","tintindex":0}}},{"from":[7.1555557,6.34127,6.428571],"to":[8.869842,8.198413,6.857143],"rotation":{"angle":0.0,"axis":"y","origin":[8.012698,7.484127,7.5714283]},"faces":{"east":{"uv":[14.0625,5.4375,14.109375,5.640625],"rotation":0,"texture":"#2","tintindex":0},"south":{"uv":[12.3125,6.5625,12.5,6.765625],"rotation":0,"texture":"#2","tintindex":0},"north":{"uv":[12.3125,6.3125,12.5,6.515625],"rotation":0,"texture":"#2","tintindex":0},"west":{"uv":[5.5,14.0625,5.546875,14.265625],"rotation":0,"texture":"#2","tintindex":0},"up":{"uv":[7.6875,6.296875,7.5,6.25],"rotation":0,"texture":"#2","tintindex":0},"down":{"uv":[9.6875,5.875,9.5,5.921875],"rotation":0,"texture":"#2","tintindex":0}}},{"from":[7.5984125,8.198413,6.428571],"to":[8.455556,9.34127,6.857143],"rotation":{"angle":0.0,"axis":"y","origin":[8.0984125,8.769841,6.642857]},"faces":{"east":{"uv":[14.375,6.8125,14.421875,6.9375],"rotation":0,"texture":"#2","tintindex":0},"south":{"uv":[13.9375,6.9375,14.03125,7.0625],"rotation":0,"texture":"#2","tintindex":0},"north":{"uv":[6.8125,13.9375,6.90625,14.0625],"rotation":0,"texture":"#2","tintindex":0},"west":{"uv":[6.9375,14.375,6.984375,14.5],"rotation":0,"texture":"#2","tintindex":0},"up":{"uv":[14.65625,11.484375,14.5625,11.4375],"rotation":0,"texture":"#2","tintindex":0},"down":{"uv":[12.78125,14.5625,12.6875,14.609375],"rotation":0,"texture":"#2","tintindex":0}}},{"from":[7.5984125,8.198413,9.142858],"to":[8.455556,9.34127,9.571428],"rotation":{"angle":0.0,"axis":"y","origin":[8.0984125,8.769841,9.357143]},"faces":{"east":{"uv":[14.375,6.9375,14.421875,7.0625],"rotation":0,"texture":"#2","tintindex":0},"south":{"uv":[7.1875,13.9375,7.28125,14.0625],"rotation":0,"texture":"#2","tintindex":0},"north":{"uv":[13.9375,7.0625,14.03125,7.1875],"rotation":0,"texture":"#2","tintindex":0},"west":{"uv":[7.0,14.375,7.046875,14.5],"rotation":0,"texture":"#2","tintindex":0},"up":{"uv":[13.03125,14.609375,12.9375,14.5625],"rotation":0,"texture":"#2","tintindex":0},"down":{"uv":[13.15625,14.5625,13.0625,14.609375],"rotation":0,"texture":"#2","tintindex":0}}},{"from":[7.1555557,6.34127,9.142858],"to":[8.869842,8.198413,9.571428],"rotation":{"angle":0.0,"axis":"y","origin":[8.012698,7.484127,10.285714]},"faces":{"east":{"uv":[5.5625,14.0625,5.609375,14.265625],"rotation":0,"texture":"#2","tintindex":0},"south":{"uv":[12.3125,6.8125,12.5,7.015625],"rotation":0,"texture":"#2","tintindex":0},"north":{"uv":[6.75,12.3125,6.9375,12.515625],"rotation":0,"texture":"#2","tintindex":0},"west":{"uv":[5.75,14.0625,5.796875,14.265625],"rotation":0,"texture":"#2","tintindex":0},"up":{"uv":[10.25,4.796875,10.0625,4.75],"rotation":0,"texture":"#2","tintindex":0},"down":{"uv":[1.3125,10.75,1.125,10.796875],"rotation":0,"texture":"#2","tintindex":0}}}],"display":{"head":{"translation":[0.0,-6.4,0.0],"scale":[4.0,4.0,4.0]}}}