{"textures":{"2":"modelengine:entity/pillars"},"elements":[{"from":[7.5232143,7.280308,6.582143],"to":[8.4875,8.545933,7.5464287],"rotation":{"angle":0.0,"axis":"y","origin":[8.005357,7.76245,7.0642858]},"faces":{"east":{"uv":[13.6875,6.5,13.792969,6.6367188],"rotation":0,"texture":"#2","tintindex":0},"south":{"uv":[13.6875,6.6875,13.792969,6.8242188],"rotation":0,"texture":"#2","tintindex":0},"north":{"uv":[13.6875,6.3125,13.792969,6.4492188],"rotation":0,"texture":"#2","tintindex":0},"west":{"uv":[13.6875,6.875,13.792969,7.0117188],"rotation":0,"texture":"#2","tintindex":0},"up":{"uv":[14.105469,13.667969,14.0,13.5625],"rotation":0,"texture":"#2","tintindex":0},"down":{"uv":[13.730469,14.0,13.625,14.105469],"rotation":0,"texture":"#2","tintindex":0}}},{"from":[7.3424106,7.280308,6.7026787],"to":[7.5232143,8.063789,7.425893],"rotation":{"angle":0.0,"axis":"y","origin":[7.4629464,7.6720486,7.0642858]},"faces":{"east":{"uv":[14.1875,13.1875,14.265625,13.2734375],"rotation":0,"texture":"#2","tintindex":0},"south":{"uv":[11.6875,14.875,11.707031,14.9609375],"rotation":0,"texture":"#2","tintindex":0},"north":{"uv":[14.875,11.625,14.894531,11.7109375],"rotation":0,"texture":"#2","tintindex":0},"west":{"uv":[14.1875,13.3125,14.265625,13.3984375],"rotation":0,"texture":"#2","tintindex":0},"up":{"uv":[14.957031,7.078125,14.9375,7.0],"rotation":0,"texture":"#2","tintindex":0},"down":{"uv":[14.957031,7.125,14.9375,7.203125],"rotation":0,"texture":"#2","tintindex":0}}},{"from":[7.3424106,8.063789,6.883482],"to":[7.5232143,8.545933,7.245089],"rotation":{"angle":0.0,"axis":"y","origin":[7.4629464,8.304861,7.0642858]},"faces":{"east":{"uv":[13.0625,14.8125,13.1015625,14.8671875],"rotation":0,"texture":"#2","tintindex":0},"south":{"uv":[15.0625,6.0625,15.082031,6.1171875],"rotation":0,"texture":"#2","tintindex":0},"north":{"uv":[6.0625,15.0625,6.0820312,15.1171875],"rotation":0,"texture":"#2","tintindex":0},"west":{"uv":[14.8125,13.0625,14.8515625,13.1171875],"rotation":0,"texture":"#2","tintindex":0},"up":{"uv":[15.144531,12.6640625,15.125,12.625],"rotation":0,"texture":"#2","tintindex":0},"down":{"uv":[12.707031,15.125,12.6875,15.1640625],"rotation":0,"texture":"#2","tintindex":0}}},{"from":[8.4875,7.280308,6.823214],"to":[8.608036,8.063789,7.305357],"rotation":{"angle":0.0,"axis":"y","origin":[8.547768,7.6720486,7.0642858]},"faces":{"east":{"uv":[6.0,14.5625,6.0546875,14.6484375],"rotation":0,"texture":"#2","tintindex":0},"south":{"uv":[7.75,15.0625,7.7617188,15.1484375],"rotation":0,"texture":"#2","tintindex":0},"north":{"uv":[15.0625,7.6875,15.074219,7.7734375],"rotation":0,"texture":"#2","tintindex":0},"west":{"uv":[6.0625,14.5625,6.1171875,14.6484375],"rotation":0,"texture":"#2","tintindex":0},"up":{"uv":[15.199219,10.1796875,15.1875,10.125],"rotation":0,"texture":"#2","tintindex":0},"down":{"uv":[10.199219,15.1875,10.1875,15.2421875],"rotation":0,"texture":"#2","tintindex":0}}},{"from":[8.4875,8.063789,6.94375],"to":[8.608036,8.545933,7.184821],"rotation":{"angle":0.0,"axis":"y","origin":[8.547768,8.304861,7.0642858]},"faces":{"east":{"uv":[2.0,15.0,2.0273438,15.0546875],"rotation":0,"texture":"#2","tintindex":0},"south":{"uv":[10.25,15.1875,10.261719,15.2421875],"rotation":0,"texture":"#2","tintindex":0},"north":{"uv":[15.1875,10.1875,15.199219,10.2421875],"rotation":0,"texture":"#2","tintindex":0},"west":{"uv":[15.0,2.0,15.027344,2.0546875],"rotation":0,"texture":"#2","tintindex":0},"up":{"uv":[15.324219,8.339844,15.3125,8.3125],"rotation":0,"texture":"#2","tintindex":0},"down":{"uv":[8.386719,15.3125,8.375,15.339844],"rotation":0,"texture":"#2","tintindex":0}}},{"from":[7.64375,7.280308,6.401339],"to":[8.366964,8.063789,6.582143],"rotation":{"angle":0.0,"axis":"y","origin":[8.005357,7.76245,6.883482]},"faces":{"east":{"uv":[11.75,14.875,11.769531,14.9609375],"rotation":0,"texture":"#2","tintindex":0},"south":{"uv":[14.1875,13.5625,14.265625,13.6484375],"rotation":0,"texture":"#2","tintindex":0},"north":{"uv":[14.1875,13.4375,14.265625,13.5234375],"rotation":0,"texture":"#2","tintindex":0},"west":{"uv":[14.875,11.75,14.894531,11.8359375],"rotation":0,"texture":"#2","tintindex":0},"up":{"uv":[15.015625,7.2695312,14.9375,7.25],"rotation":0,"texture":"#2","tintindex":0},"down":{"uv":[15.015625,7.3125,14.9375,7.3320312],"rotation":0,"texture":"#2","tintindex":0}}},{"from":[7.83058,8.063789,6.401339],"to":[8.192187,8.545933,6.582143],"rotation":{"angle":0.0,"axis":"y","origin":[8.041518,8.304861,6.491741]},"faces":{"east":{"uv":[15.0625,6.125,15.082031,6.1796875],"rotation":0,"texture":"#2","tintindex":0},"south":{"uv":[13.25,14.8125,13.2890625,14.8671875],"rotation":0,"texture":"#2","tintindex":0},"north":{"uv":[13.1875,14.8125,13.2265625,14.8671875],"rotation":0,"texture":"#2","tintindex":0},"west":{"uv":[15.0625,6.1875,15.082031,6.2421875],"rotation":0,"texture":"#2","tintindex":0},"up":{"uv":[15.1640625,12.707031,15.125,12.6875],"rotation":0,"texture":"#2","tintindex":0},"down":{"uv":[12.7890625,15.125,12.75,15.144531],"rotation":0,"texture":"#2","tintindex":0}}},{"from":[7.83058,8.063789,7.5464287],"to":[8.192187,8.545933,7.727232],"rotation":{"angle":0.0,"axis":"y","origin":[8.041518,8.304861,7.6368303]},"faces":{"east":{"uv":[15.0625,6.25,15.082031,6.3046875],"rotation":0,"texture":"#2","tintindex":0},"south":{"uv":[14.8125,13.375,14.8515625,13.4296875],"rotation":0,"texture":"#2","tintindex":0},"north":{"uv":[13.3125,14.8125,13.3515625,14.8671875],"rotation":0,"texture":"#2","tintindex":0},"west":{"uv":[15.0625,6.3125,15.082031,6.3671875],"rotation":0,"texture":"#2","tintindex":0},"up":{"uv":[15.1640625,12.769531,15.125,12.75],"rotation":0,"texture":"#2","tintindex":0},"down":{"uv":[12.8515625,15.125,12.8125,15.144531],"rotation":0,"texture":"#2","tintindex":0}}},{"from":[7.64375,7.280308,7.5464287],"to":[8.366964,8.063789,7.727232],"rotation":{"angle":0.0,"axis":"y","origin":[8.005357,7.76245,8.028571]},"faces":{"east":{"uv":[11.8125,14.875,11.832031,14.9609375],"rotation":0,"texture":"#2","tintindex":0},"south":{"uv":[14.1875,13.8125,14.265625,13.8984375],"rotation":0,"texture":"#2","tintindex":0},"north":{"uv":[14.1875,13.6875,14.265625,13.7734375],"rotation":0,"texture":"#2","tintindex":0},"west":{"uv":[11.875,14.875,11.894531,14.9609375],"rotation":0,"texture":"#2","tintindex":0},"up":{"uv":[15.015625,7.3945312,14.9375,7.375],"rotation":0,"texture":"#2","tintindex":0},"down":{"uv":[15.015625,7.4375,14.9375,7.4570312],"rotation":0,"texture":"#2","tintindex":0}}}],"display":{"head":{"translation":[0.0,-6.4,0.0],"scale":[4.0,4.0,4.0]}}}