{"textures":{"2":"modelengine:entity/pillars"},"elements":[{"from":[7.5761905,7.43533,2.017857],"to":[8.433333,8.560329,2.875],"rotation":{"angle":0.0,"axis":"y","origin":[8.004762,7.863901,2.4464283]},"faces":{"east":{"uv":[14.0,2.125,14.09375,2.25],"rotation":0,"texture":"#2","tintindex":0},"south":{"uv":[2.25,14.0,2.34375,14.125],"rotation":0,"texture":"#2","tintindex":0},"north":{"uv":[2.125,14.0,2.21875,14.125],"rotation":0,"texture":"#2","tintindex":0},"west":{"uv":[14.0,2.25,14.09375,2.375],"rotation":0,"texture":"#2","tintindex":0},"up":{"uv":[14.15625,12.40625,14.0625,12.3125],"rotation":0,"texture":"#2","tintindex":0},"down":{"uv":[12.46875,14.0625,12.375,14.15625],"rotation":0,"texture":"#2","tintindex":0}}},{"from":[7.4154763,7.43533,2.1249995],"to":[7.5761905,8.131759,2.767857],"rotation":{"angle":0.0,"axis":"y","origin":[7.5226192,7.783544,2.4464283]},"faces":{"east":{"uv":[14.4375,1.0,14.5078125,1.078125],"rotation":0,"texture":"#2","tintindex":0},"south":{"uv":[10.6875,14.9375,10.707031,15.015625],"rotation":0,"texture":"#2","tintindex":0},"north":{"uv":[14.9375,10.625,14.957031,10.703125],"rotation":0,"texture":"#2","tintindex":0},"west":{"uv":[14.4375,1.125,14.5078125,1.203125],"rotation":0,"texture":"#2","tintindex":0},"up":{"uv":[9.519531,15.0703125,9.5,15.0],"rotation":0,"texture":"#2","tintindex":0},"down":{"uv":[15.019531,9.6875,15.0,9.7578125],"rotation":0,"texture":"#2","tintindex":0}}},{"from":[7.4154763,8.131759,2.2857141],"to":[7.5761905,8.560329,2.6071424],"rotation":{"angle":0.0,"axis":"y","origin":[7.5226192,8.346045,2.4464283]},"faces":{"east":{"uv":[2.25,14.9375,2.2851562,14.984375],"rotation":0,"texture":"#2","tintindex":0},"south":{"uv":[15.125,7.1875,15.144531,7.234375],"rotation":0,"texture":"#2","tintindex":0},"north":{"uv":[15.125,7.125,15.144531,7.171875],"rotation":0,"texture":"#2","tintindex":0},"west":{"uv":[14.9375,2.25,14.972656,2.296875],"rotation":0,"texture":"#2","tintindex":0},"up":{"uv":[3.6445312,15.222656,3.625,15.1875],"rotation":0,"texture":"#2","tintindex":0},"down":{"uv":[15.207031,3.625,15.1875,3.6601562],"rotation":0,"texture":"#2","tintindex":0}}},{"from":[8.433333,7.43533,2.2321424],"to":[8.540476,8.131759,2.6607141],"rotation":{"angle":0.0,"axis":"y","origin":[8.486905,7.783544,2.4464283]},"faces":{"east":{"uv":[14.6875,1.25,14.734375,1.328125],"rotation":0,"texture":"#2","tintindex":0},"south":{"uv":[15.125,7.375,15.136719,7.453125],"rotation":0,"texture":"#2","tintindex":0},"north":{"uv":[15.125,7.25,15.136719,7.328125],"rotation":0,"texture":"#2","tintindex":0},"west":{"uv":[1.3125,14.6875,1.359375,14.765625],"rotation":0,"texture":"#2","tintindex":0},"up":{"uv":[2.2617188,15.296875,2.25,15.25],"rotation":0,"texture":"#2","tintindex":0},"down":{"uv":[15.261719,2.25,15.25,2.296875],"rotation":0,"texture":"#2","tintindex":0}}},{"from":[8.433333,8.131759,2.3392854],"to":[8.540476,8.560329,2.5535712],"rotation":{"angle":0.0,"axis":"y","origin":[8.486905,8.346045,2.4464283]},"faces":{"east":{"uv":[3.3125,15.0625,3.3359375,15.109375],"rotation":0,"texture":"#2","tintindex":0},"south":{"uv":[15.25,2.3125,15.261719,2.359375],"rotation":0,"texture":"#2","tintindex":0},"north":{"uv":[2.3125,15.25,2.3242188,15.296875],"rotation":0,"texture":"#2","tintindex":0},"west":{"uv":[15.0625,3.3125,15.0859375,3.359375],"rotation":0,"texture":"#2","tintindex":0},"up":{"uv":[7.1992188,15.3984375,7.1875,15.375],"rotation":0,"texture":"#2","tintindex":0},"down":{"uv":[15.386719,7.1875,15.375,7.2109375],"rotation":0,"texture":"#2","tintindex":0}}},{"from":[7.6833334,7.43533,1.8571424],"to":[8.326191,8.131759,2.017857],"rotation":{"angle":0.0,"axis":"y","origin":[8.004762,7.863901,2.2857141]},"faces":{"east":{"uv":[10.75,14.9375,10.769531,15.015625],"rotation":0,"texture":"#2","tintindex":0},"south":{"uv":[14.4375,1.375,14.5078125,1.453125],"rotation":0,"texture":"#2","tintindex":0},"north":{"uv":[14.4375,1.25,14.5078125,1.328125],"rotation":0,"texture":"#2","tintindex":0},"west":{"uv":[14.9375,10.75,14.957031,10.828125],"rotation":0,"texture":"#2","tintindex":0},"up":{"uv":[15.0703125,9.832031,15.0,9.8125],"rotation":0,"texture":"#2","tintindex":0},"down":{"uv":[9.9453125,15.0,9.875,15.019531],"rotation":0,"texture":"#2","tintindex":0}}},{"from":[7.849405,8.131759,1.8571424],"to":[8.170834,8.560329,2.017857],"rotation":{"angle":0.0,"axis":"y","origin":[8.036904,8.346045,1.9374995]},"faces":{"east":{"uv":[7.4375,15.125,7.4570312,15.171875],"rotation":0,"texture":"#2","tintindex":0},"south":{"uv":[14.9375,2.3125,14.972656,2.359375],"rotation":0,"texture":"#2","tintindex":0},"north":{"uv":[2.3125,14.9375,2.3476562,14.984375],"rotation":0,"texture":"#2","tintindex":0},"west":{"uv":[7.5,15.125,7.5195312,15.171875],"rotation":0,"texture":"#2","tintindex":0},"up":{"uv":[3.7226562,15.207031,3.6875,15.1875],"rotation":0,"texture":"#2","tintindex":0},"down":{"uv":[15.222656,3.6875,15.1875,3.7070312],"rotation":0,"texture":"#2","tintindex":0}}},{"from":[7.849405,8.131759,2.875],"to":[8.170834,8.560329,3.0357141],"rotation":{"angle":0.0,"axis":"y","origin":[8.036904,8.346045,2.955357]},"faces":{"east":{"uv":[15.125,7.5,15.144531,7.546875],"rotation":0,"texture":"#2","tintindex":0},"south":{"uv":[14.9375,2.375,14.972656,2.421875],"rotation":0,"texture":"#2","tintindex":0},"north":{"uv":[2.375,14.9375,2.4101562,14.984375],"rotation":0,"texture":"#2","tintindex":0},"west":{"uv":[15.125,7.5625,15.144531,7.609375],"rotation":0,"texture":"#2","tintindex":0},"up":{"uv":[3.7851562,15.207031,3.75,15.1875],"rotation":0,"texture":"#2","tintindex":0},"down":{"uv":[15.222656,3.75,15.1875,3.7695312],"rotation":0,"texture":"#2","tintindex":0}}},{"from":[7.6833334,7.43533,2.875],"to":[8.326191,8.131759,3.0357141],"rotation":{"angle":0.0,"axis":"y","origin":[8.004762,7.863901,3.3035712]},"faces":{"east":{"uv":[10.8125,14.9375,10.832031,15.015625],"rotation":0,"texture":"#2","tintindex":0},"south":{"uv":[14.4375,1.625,14.5078125,1.703125],"rotation":0,"texture":"#2","tintindex":0},"north":{"uv":[14.4375,1.5,14.5078125,1.578125],"rotation":0,"texture":"#2","tintindex":0},"west":{"uv":[10.875,14.9375,10.894531,15.015625],"rotation":0,"texture":"#2","tintindex":0},"up":{"uv":[15.0703125,9.894531,15.0,9.875],"rotation":0,"texture":"#2","tintindex":0},"down":{"uv":[15.0703125,9.9375,15.0,9.957031],"rotation":0,"texture":"#2","tintindex":0}}}],"display":{"head":{"translation":[0.0,-6.4,0.0],"scale":[4.0,4.0,4.0]}}}