{"textures":{"2":"modelengine:entity/pillars"},"elements":[{"from":[7.6821427,7.5908356,2.1249995],"to":[8.325,8.434586,2.767857],"rotation":{"angle":0.0,"axis":"y","origin":[8.0035715,7.9122643,2.4464283]},"faces":{"east":{"uv":[14.3125,4.0,14.3828125,4.09375],"rotation":0,"texture":"#2","tintindex":0},"south":{"uv":[4.0625,14.3125,4.1328125,14.40625],"rotation":0,"texture":"#2","tintindex":0},"north":{"uv":[3.9375,14.3125,4.0078125,14.40625],"rotation":0,"texture":"#2","tintindex":0},"west":{"uv":[14.3125,4.125,14.3828125,4.21875],"rotation":0,"texture":"#2","tintindex":0},"up":{"uv":[14.5703125,12.1953125,14.5,12.125],"rotation":0,"texture":"#2","tintindex":0},"down":{"uv":[14.5703125,12.25,14.5,12.3203125],"rotation":0,"texture":"#2","tintindex":0}}},{"from":[7.5616074,7.5908356,2.205357],"to":[7.6821427,8.113157,2.6875],"rotation":{"angle":0.0,"axis":"y","origin":[7.6419644,7.8519964,2.4464283]},"faces":{"east":{"uv":[13.375,11.0,13.4296875,11.058594],"rotation":0,"texture":"#2","tintindex":0},"south":{"uv":[15.1875,0.75,15.199219,0.80859375],"rotation":0,"texture":"#2","tintindex":0},"north":{"uv":[0.75,15.1875,0.76171875,15.246094],"rotation":0,"texture":"#2","tintindex":0},"west":{"uv":[12.9375,13.375,12.9921875,13.433594],"rotation":0,"texture":"#2","tintindex":0},"up":{"uv":[15.199219,10.7421875,15.1875,10.6875],"rotation":0,"texture":"#2","tintindex":0},"down":{"uv":[10.761719,15.1875,10.75,15.2421875],"rotation":0,"texture":"#2","tintindex":0}}},{"from":[7.5616074,8.113157,2.3258924],"to":[7.6821427,8.434586,2.5669641],"rotation":{"angle":0.0,"axis":"y","origin":[7.6419644,8.273871,2.4464283]},"faces":{"east":{"uv":[15.125,0.3125,15.152344,0.34765625],"rotation":0,"texture":"#2","tintindex":0},"south":{"uv":[3.25,15.3125,3.2617188,15.347656],"rotation":0,"texture":"#2","tintindex":0},"north":{"uv":[15.3125,3.1875,15.324219,3.2226562],"rotation":0,"texture":"#2","tintindex":0},"west":{"uv":[0.375,15.125,0.40234375,15.160156],"rotation":0,"texture":"#2","tintindex":0},"up":{"uv":[15.324219,9.527344,15.3125,9.5],"rotation":0,"texture":"#2","tintindex":0},"down":{"uv":[9.574219,15.3125,9.5625,15.339844],"rotation":0,"texture":"#2","tintindex":0}}},{"from":[8.325,7.5908356,2.2857141],"to":[8.405357,8.113157,2.6071424],"rotation":{"angle":0.0,"axis":"y","origin":[8.365179,7.8519964,2.4464283]},"faces":{"east":{"uv":[13.625,14.8125,13.660156,14.871094],"rotation":0,"texture":"#2","tintindex":0},"south":{"uv":[15.25,13.8125,15.2578125,13.871094],"rotation":0,"texture":"#2","tintindex":0},"north":{"uv":[13.8125,15.25,13.8203125,15.308594],"rotation":0,"texture":"#2","tintindex":0},"west":{"uv":[14.8125,13.625,14.847656,13.683594],"rotation":0,"texture":"#2","tintindex":0},"up":{"uv":[5.9453125,15.410156,5.9375,15.375],"rotation":0,"texture":"#2","tintindex":0},"down":{"uv":[15.3828125,5.9375,15.375,5.9726562],"rotation":0,"texture":"#2","tintindex":0}}},{"from":[8.325,8.113157,2.3660712],"to":[8.405357,8.434586,2.5267854],"rotation":{"angle":0.0,"axis":"y","origin":[8.365179,8.273871,2.4464283]},"faces":{"east":{"uv":[0.8125,15.1875,0.83203125,15.222656],"rotation":0,"texture":"#2","tintindex":0},"south":{"uv":[15.375,6.0,15.3828125,6.0351562],"rotation":0,"texture":"#2","tintindex":0},"north":{"uv":[6.0,15.375,6.0078125,15.410156],"rotation":0,"texture":"#2","tintindex":0},"west":{"uv":[15.1875,0.8125,15.207031,0.84765625],"rotation":0,"texture":"#2","tintindex":0},"up":{"uv":[15.4453125,9.957031,15.4375,9.9375],"rotation":0,"texture":"#2","tintindex":0},"down":{"uv":[10.0078125,15.4375,10.0,15.457031],"rotation":0,"texture":"#2","tintindex":0}}},{"from":[7.7625,7.5908356,2.0044641],"to":[8.244643,8.113157,2.1249995],"rotation":{"angle":0.0,"axis":"y","origin":[8.0035715,7.9122643,2.3258924]},"faces":{"east":{"uv":[0.875,15.1875,0.88671875,15.246094],"rotation":0,"texture":"#2","tintindex":0},"south":{"uv":[9.75,13.4375,9.8046875,13.496094],"rotation":0,"texture":"#2","tintindex":0},"north":{"uv":[8.9375,13.4375,8.9921875,13.496094],"rotation":0,"texture":"#2","tintindex":0},"west":{"uv":[15.1875,0.875,15.199219,0.93359375],"rotation":0,"texture":"#2","tintindex":0},"up":{"uv":[15.2421875,10.761719,15.1875,10.75],"rotation":0,"texture":"#2","tintindex":0},"down":{"uv":[10.8671875,15.1875,10.8125,15.199219],"rotation":0,"texture":"#2","tintindex":0}}},{"from":[7.8870535,8.113157,2.0044641],"to":[8.128125,8.434586,2.1249995],"rotation":{"angle":0.0,"axis":"y","origin":[8.0276785,8.273871,2.064732]},"faces":{"east":{"uv":[15.3125,3.25,15.324219,3.2851562],"rotation":0,"texture":"#2","tintindex":0},"south":{"uv":[0.4375,15.125,0.46484375,15.160156],"rotation":0,"texture":"#2","tintindex":0},"north":{"uv":[15.125,0.375,15.152344,0.41015625],"rotation":0,"texture":"#2","tintindex":0},"west":{"uv":[3.3125,15.3125,3.3242188,15.347656],"rotation":0,"texture":"#2","tintindex":0},"up":{"uv":[15.339844,9.574219,15.3125,9.5625],"rotation":0,"texture":"#2","tintindex":0},"down":{"uv":[9.652344,15.3125,9.625,15.324219],"rotation":0,"texture":"#2","tintindex":0}}},{"from":[7.8870535,8.113157,2.767857],"to":[8.128125,8.434586,2.8883924],"rotation":{"angle":0.0,"axis":"y","origin":[8.0276785,8.273871,2.828125]},"faces":{"east":{"uv":[15.3125,3.3125,15.324219,3.3476562],"rotation":0,"texture":"#2","tintindex":0},"south":{"uv":[0.5,15.125,0.52734375,15.160156],"rotation":0,"texture":"#2","tintindex":0},"north":{"uv":[15.125,0.4375,15.152344,0.47265625],"rotation":0,"texture":"#2","tintindex":0},"west":{"uv":[3.375,15.3125,3.3867188,15.347656],"rotation":0,"texture":"#2","tintindex":0},"up":{"uv":[15.339844,9.636719,15.3125,9.625],"rotation":0,"texture":"#2","tintindex":0},"down":{"uv":[9.714844,15.3125,9.6875,15.324219],"rotation":0,"texture":"#2","tintindex":0}}},{"from":[7.7625,7.5908356,2.767857],"to":[8.244643,8.113157,2.8883924],"rotation":{"angle":0.0,"axis":"y","origin":[8.0035715,7.9122643,3.0892854]},"faces":{"east":{"uv":[0.9375,15.1875,0.94921875,15.246094],"rotation":0,"texture":"#2","tintindex":0},"south":{"uv":[0.6875,13.5,0.7421875,13.558594],"rotation":0,"texture":"#2","tintindex":0},"north":{"uv":[13.125,13.4375,13.1796875,13.496094],"rotation":0,"texture":"#2","tintindex":0},"west":{"uv":[15.1875,0.9375,15.199219,0.99609375],"rotation":0,"texture":"#2","tintindex":0},"up":{"uv":[15.2421875,10.824219,15.1875,10.8125],"rotation":0,"texture":"#2","tintindex":0},"down":{"uv":[10.9296875,15.1875,10.875,15.199219],"rotation":0,"texture":"#2","tintindex":0}}}],"display":{"head":{"translation":[0.0,-6.4,0.0],"scale":[4.0,4.0,4.0]}}}