{"textures":{"2":"modelengine:entity/pillars"},"elements":[{"from":[7.821205,7.778866,2.2656245],"to":[8.182813,8.253475,2.627232],"rotation":{"angle":0.0,"axis":"y","origin":[8.002009,7.9596696,2.4464283]},"faces":{"east":{"uv":[1.25,14.875,1.2890625,14.925781],"rotation":0,"texture":"#2","tintindex":0},"south":{"uv":[14.875,1.25,14.9140625,1.3007812],"rotation":0,"texture":"#2","tintindex":0},"north":{"uv":[14.875,1.1875,14.9140625,1.2382812],"rotation":0,"texture":"#2","tintindex":0},"west":{"uv":[1.3125,14.875,1.3515625,14.925781],"rotation":0,"texture":"#2","tintindex":0},"up":{"uv":[8.6015625,14.9765625,8.5625,14.9375],"rotation":0,"texture":"#2","tintindex":0},"down":{"uv":[14.9765625,8.5625,14.9375,8.6015625],"rotation":0,"texture":"#2","tintindex":0}}},{"from":[7.753404,7.778866,2.3108258],"to":[7.821205,8.072672,2.5820308],"rotation":{"angle":0.0,"axis":"y","origin":[7.798605,7.925769,2.4464283]},"faces":{"east":{"uv":[15.0625,10.1875,15.09375,10.21875],"rotation":0,"texture":"#2","tintindex":0},"south":{"uv":[15.375,10.0625,15.3828125,10.09375],"rotation":0,"texture":"#2","tintindex":0},"north":{"uv":[10.0625,15.375,10.0703125,15.40625],"rotation":0,"texture":"#2","tintindex":0},"west":{"uv":[10.25,15.0625,10.28125,15.09375],"rotation":0,"texture":"#2","tintindex":0},"up":{"uv":[10.1328125,15.40625,10.125,15.375],"rotation":0,"texture":"#2","tintindex":0},"down":{"uv":[15.3828125,10.125,15.375,10.15625],"rotation":0,"texture":"#2","tintindex":0}}},{"from":[7.753404,8.072672,2.3786268],"to":[7.821205,8.253475,2.5142298],"rotation":{"angle":0.0,"axis":"y","origin":[7.798605,8.163074,2.4464283]},"faces":{"east":{"uv":[2.1875,15.375,2.203125,15.394531],"rotation":0,"texture":"#2","tintindex":0},"south":{"uv":[9.8125,15.4375,9.8203125,15.457031],"rotation":0,"texture":"#2","tintindex":0},"north":{"uv":[15.4375,9.75,15.4453125,9.769531],"rotation":0,"texture":"#2","tintindex":0},"west":{"uv":[15.375,2.1875,15.390625,2.2070312],"rotation":0,"texture":"#2","tintindex":0},"up":{"uv":[15.4453125,14.765625,15.4375,14.75],"rotation":0,"texture":"#2","tintindex":0},"down":{"uv":[14.8203125,15.4375,14.8125,15.453125],"rotation":0,"texture":"#2","tintindex":0}}},{"from":[8.182813,7.778866,2.3560266],"to":[8.228013,8.072672,2.53683],"rotation":{"angle":0.0,"axis":"y","origin":[8.205413,7.925769,2.4464283]},"faces":{"east":{"uv":[0.125,15.25,0.14453125,15.28125],"rotation":0,"texture":"#2","tintindex":0},"south":{"uv":[14.875,15.4375,14.878906,15.46875],"rotation":0,"texture":"#2","tintindex":0},"north":{"uv":[15.4375,14.8125,15.441406,14.84375],"rotation":0,"texture":"#2","tintindex":0},"west":{"uv":[15.25,0.125,15.269531,0.15625],"rotation":0,"texture":"#2","tintindex":0},"up":{"uv":[5.3164062,15.519531,5.3125,15.5],"rotation":0,"texture":"#2","tintindex":0},"down":{"uv":[15.503906,5.3125,15.5,5.3320312],"rotation":0,"texture":"#2","tintindex":0}}},{"from":[8.182813,8.072672,2.4012275],"to":[8.228013,8.253475,2.4916291],"rotation":{"angle":0.0,"axis":"y","origin":[8.205413,8.163074,2.4464283]},"faces":{"east":{"uv":[15.4375,2.25,15.449219,2.2695312],"rotation":0,"texture":"#2","tintindex":0},"south":{"uv":[15.5,5.375,15.503906,5.3945312],"rotation":0,"texture":"#2","tintindex":0},"north":{"uv":[5.375,15.5,5.3789062,15.519531],"rotation":0,"texture":"#2","tintindex":0},"west":{"uv":[2.3125,15.4375,2.3242188,15.457031],"rotation":0,"texture":"#2","tintindex":0},"up":{"uv":[7.6914062,15.511719,7.6875,15.5],"rotation":0,"texture":"#2","tintindex":0},"down":{"uv":[15.503906,7.6875,15.5,7.6992188],"rotation":0,"texture":"#2","tintindex":0}}},{"from":[7.8664064,7.778866,2.1978235],"to":[8.137611,8.072672,2.2656245],"rotation":{"angle":0.0,"axis":"y","origin":[8.002009,7.9596696,2.3786268]},"faces":{"east":{"uv":[10.1875,15.375,10.1953125,15.40625],"rotation":0,"texture":"#2","tintindex":0},"south":{"uv":[10.375,15.0625,10.40625,15.09375],"rotation":0,"texture":"#2","tintindex":0},"north":{"uv":[10.3125,15.0625,10.34375,15.09375],"rotation":0,"texture":"#2","tintindex":0},"west":{"uv":[15.375,10.1875,15.3828125,10.21875],"rotation":0,"texture":"#2","tintindex":0},"up":{"uv":[10.28125,15.3828125,10.25,15.375],"rotation":0,"texture":"#2","tintindex":0},"down":{"uv":[15.40625,10.25,15.375,10.2578125],"rotation":0,"texture":"#2","tintindex":0}}},{"from":[7.9364676,8.072672,2.1978235],"to":[8.07207,8.253475,2.2656245],"rotation":{"angle":0.0,"axis":"y","origin":[8.015569,8.163074,2.2317243]},"faces":{"east":{"uv":[15.4375,9.8125,15.4453125,9.832031],"rotation":0,"texture":"#2","tintindex":0},"south":{"uv":[15.375,2.25,15.390625,2.2695312],"rotation":0,"texture":"#2","tintindex":0},"north":{"uv":[2.25,15.375,2.265625,15.394531],"rotation":0,"texture":"#2","tintindex":0},"west":{"uv":[9.875,15.4375,9.8828125,15.457031],"rotation":0,"texture":"#2","tintindex":0},"up":{"uv":[15.453125,14.8828125,15.4375,14.875],"rotation":0,"texture":"#2","tintindex":0},"down":{"uv":[14.953125,15.4375,14.9375,15.4453125],"rotation":0,"texture":"#2","tintindex":0}}},{"from":[7.9364676,8.072672,2.627232],"to":[8.07207,8.253475,2.695033],"rotation":{"angle":0.0,"axis":"y","origin":[8.015569,8.163074,2.6611323]},"faces":{"east":{"uv":[15.4375,9.875,15.4453125,9.894531],"rotation":0,"texture":"#2","tintindex":0},"south":{"uv":[15.375,2.3125,15.390625,2.3320312],"rotation":0,"texture":"#2","tintindex":0},"north":{"uv":[2.3125,15.375,2.328125,15.394531],"rotation":0,"texture":"#2","tintindex":0},"west":{"uv":[9.9375,15.4375,9.9453125,15.457031],"rotation":0,"texture":"#2","tintindex":0},"up":{"uv":[15.453125,14.9453125,15.4375,14.9375],"rotation":0,"texture":"#2","tintindex":0},"down":{"uv":[15.015625,15.4375,15.0,15.4453125],"rotation":0,"texture":"#2","tintindex":0}}},{"from":[7.8664064,7.778866,2.627232],"to":[8.137611,8.072672,2.695033],"rotation":{"angle":0.0,"axis":"y","origin":[8.002009,7.9596696,2.8080354]},"faces":{"east":{"uv":[10.3125,15.375,10.3203125,15.40625],"rotation":0,"texture":"#2","tintindex":0},"south":{"uv":[15.0625,10.4375,15.09375,10.46875],"rotation":0,"texture":"#2","tintindex":0},"north":{"uv":[10.4375,15.0625,10.46875,15.09375],"rotation":0,"texture":"#2","tintindex":0},"west":{"uv":[15.375,10.3125,15.3828125,10.34375],"rotation":0,"texture":"#2","tintindex":0},"up":{"uv":[10.40625,15.3828125,10.375,15.375],"rotation":0,"texture":"#2","tintindex":0},"down":{"uv":[15.40625,10.375,15.375,10.3828125],"rotation":0,"texture":"#2","tintindex":0}}}],"display":{"head":{"translation":[0.0,-6.4,0.0],"scale":[4.0,4.0,4.0]}}}