{"textures":{"2":"modelengine:entity/pillars"},"elements":[{"from":[7.5761905,7.43533,2.017857],"to":[8.433333,8.560329,2.875],"rotation":{"angle":0.0,"axis":"y","origin":[8.004762,7.863901,2.4464283]},"faces":{"east":{"uv":[11.0,13.9375,11.09375,14.0625],"rotation":0,"texture":"#2","tintindex":0},"south":{"uv":[11.125,13.9375,11.21875,14.0625],"rotation":0,"texture":"#2","tintindex":0},"north":{"uv":[10.875,13.9375,10.96875,14.0625],"rotation":0,"texture":"#2","tintindex":0},"west":{"uv":[11.25,13.9375,11.34375,14.0625],"rotation":0,"texture":"#2","tintindex":0},"up":{"uv":[11.28125,14.15625,11.1875,14.0625],"rotation":0,"texture":"#2","tintindex":0},"down":{"uv":[11.40625,14.0625,11.3125,14.15625],"rotation":0,"texture":"#2","tintindex":0}}},{"from":[7.4154763,7.43533,2.1249995],"to":[7.5761905,8.131759,2.767857],"rotation":{"angle":0.0,"axis":"y","origin":[7.5226192,7.783544,2.4464283]},"faces":{"east":{"uv":[14.375,9.9375,14.4453125,10.015625],"rotation":0,"texture":"#2","tintindex":0},"south":{"uv":[14.9375,8.625,14.957031,8.703125],"rotation":0,"texture":"#2","tintindex":0},"north":{"uv":[8.625,14.9375,8.644531,15.015625],"rotation":0,"texture":"#2","tintindex":0},"west":{"uv":[14.375,10.0625,14.4453125,10.140625],"rotation":0,"texture":"#2","tintindex":0},"up":{"uv":[7.7070312,15.0703125,7.6875,15.0],"rotation":0,"texture":"#2","tintindex":0},"down":{"uv":[15.019531,7.6875,15.0,7.7578125],"rotation":0,"texture":"#2","tintindex":0}}},{"from":[7.4154763,8.131759,2.2857141],"to":[7.5761905,8.560329,2.6071424],"rotation":{"angle":0.0,"axis":"y","origin":[7.5226192,8.346045,2.4464283]},"faces":{"east":{"uv":[1.125,14.9375,1.1601562,14.984375],"rotation":0,"texture":"#2","tintindex":0},"south":{"uv":[5.4375,15.125,5.4570312,15.171875],"rotation":0,"texture":"#2","tintindex":0},"north":{"uv":[15.125,5.375,15.144531,5.421875],"rotation":0,"texture":"#2","tintindex":0},"west":{"uv":[14.9375,1.125,14.972656,1.171875],"rotation":0,"texture":"#2","tintindex":0},"up":{"uv":[1.0195312,15.222656,1.0,15.1875],"rotation":0,"texture":"#2","tintindex":0},"down":{"uv":[15.207031,1.0,15.1875,1.0351562],"rotation":0,"texture":"#2","tintindex":0}}},{"from":[8.433333,7.43533,2.2321424],"to":[8.540476,8.131759,2.6607141],"rotation":{"angle":0.0,"axis":"y","origin":[8.486905,7.783544,2.4464283]},"faces":{"east":{"uv":[0.75,14.6875,0.796875,14.765625],"rotation":0,"texture":"#2","tintindex":0},"south":{"uv":[5.5,15.125,5.5117188,15.203125],"rotation":0,"texture":"#2","tintindex":0},"north":{"uv":[15.125,5.4375,15.136719,5.515625],"rotation":0,"texture":"#2","tintindex":0},"west":{"uv":[14.6875,0.75,14.734375,0.828125],"rotation":0,"texture":"#2","tintindex":0},"up":{"uv":[1.5117188,15.296875,1.5,15.25],"rotation":0,"texture":"#2","tintindex":0},"down":{"uv":[15.261719,1.5,15.25,1.546875],"rotation":0,"texture":"#2","tintindex":0}}},{"from":[8.433333,8.131759,2.3392854],"to":[8.540476,8.560329,2.5535712],"rotation":{"angle":0.0,"axis":"y","origin":[8.486905,8.346045,2.4464283]},"faces":{"east":{"uv":[2.9375,15.0625,2.9609375,15.109375],"rotation":0,"texture":"#2","tintindex":0},"south":{"uv":[15.25,1.5625,15.261719,1.609375],"rotation":0,"texture":"#2","tintindex":0},"north":{"uv":[1.5625,15.25,1.5742188,15.296875],"rotation":0,"texture":"#2","tintindex":0},"west":{"uv":[15.0625,2.9375,15.0859375,2.984375],"rotation":0,"texture":"#2","tintindex":0},"up":{"uv":[6.0742188,15.3984375,6.0625,15.375],"rotation":0,"texture":"#2","tintindex":0},"down":{"uv":[15.386719,6.0625,15.375,6.0859375],"rotation":0,"texture":"#2","tintindex":0}}},{"from":[7.6833334,7.43533,1.8571424],"to":[8.326191,8.131759,2.017857],"rotation":{"angle":0.0,"axis":"y","origin":[8.004762,7.863901,2.2857141]},"faces":{"east":{"uv":[8.6875,14.9375,8.707031,15.015625],"rotation":0,"texture":"#2","tintindex":0},"south":{"uv":[14.375,10.3125,14.4453125,10.390625],"rotation":0,"texture":"#2","tintindex":0},"north":{"uv":[14.375,10.1875,14.4453125,10.265625],"rotation":0,"texture":"#2","tintindex":0},"west":{"uv":[8.75,14.9375,8.769531,15.015625],"rotation":0,"texture":"#2","tintindex":0},"up":{"uv":[7.8203125,15.019531,7.75,15.0],"rotation":0,"texture":"#2","tintindex":0},"down":{"uv":[15.0703125,7.8125,15.0,7.8320312],"rotation":0,"texture":"#2","tintindex":0}}},{"from":[7.849405,8.131759,1.8571424],"to":[8.170834,8.560329,2.017857],"rotation":{"angle":0.0,"axis":"y","origin":[8.036904,8.346045,1.9374995]},"faces":{"east":{"uv":[5.5625,15.125,5.5820312,15.171875],"rotation":0,"texture":"#2","tintindex":0},"south":{"uv":[14.9375,1.1875,14.972656,1.234375],"rotation":0,"texture":"#2","tintindex":0},"north":{"uv":[1.1875,14.9375,1.2226562,14.984375],"rotation":0,"texture":"#2","tintindex":0},"west":{"uv":[15.125,5.5625,15.144531,5.609375],"rotation":0,"texture":"#2","tintindex":0},"up":{"uv":[1.0976562,15.207031,1.0625,15.1875],"rotation":0,"texture":"#2","tintindex":0},"down":{"uv":[15.222656,1.0625,15.1875,1.0820312],"rotation":0,"texture":"#2","tintindex":0}}},{"from":[7.849405,8.131759,2.875],"to":[8.170834,8.560329,3.0357141],"rotation":{"angle":0.0,"axis":"y","origin":[8.036904,8.346045,2.955357]},"faces":{"east":{"uv":[5.625,15.125,5.6445312,15.171875],"rotation":0,"texture":"#2","tintindex":0},"south":{"uv":[14.9375,1.25,14.972656,1.296875],"rotation":0,"texture":"#2","tintindex":0},"north":{"uv":[1.25,14.9375,1.2851562,14.984375],"rotation":0,"texture":"#2","tintindex":0},"west":{"uv":[15.125,5.625,15.144531,5.671875],"rotation":0,"texture":"#2","tintindex":0},"up":{"uv":[1.1601562,15.207031,1.125,15.1875],"rotation":0,"texture":"#2","tintindex":0},"down":{"uv":[15.222656,1.125,15.1875,1.1445312],"rotation":0,"texture":"#2","tintindex":0}}},{"from":[7.6833334,7.43533,2.875],"to":[8.326191,8.131759,3.0357141],"rotation":{"angle":0.0,"axis":"y","origin":[8.004762,7.863901,3.3035712]},"faces":{"east":{"uv":[14.9375,8.75,14.957031,8.828125],"rotation":0,"texture":"#2","tintindex":0},"south":{"uv":[10.5,14.375,10.5703125,14.453125],"rotation":0,"texture":"#2","tintindex":0},"north":{"uv":[14.375,10.4375,14.4453125,10.515625],"rotation":0,"texture":"#2","tintindex":0},"west":{"uv":[8.8125,14.9375,8.832031,15.015625],"rotation":0,"texture":"#2","tintindex":0},"up":{"uv":[7.9453125,15.019531,7.875,15.0],"rotation":0,"texture":"#2","tintindex":0},"down":{"uv":[15.0703125,7.875,15.0,7.8945312],"rotation":0,"texture":"#2","tintindex":0}}}],"display":{"head":{"translation":[0.0,-6.4,0.0],"scale":[4.0,4.0,4.0]}}}