{"textures":{"2":"modelengine:entity/pillars"},"elements":[{"from":[7.761607,7.6860366,2.205357],"to":[8.24375,8.31885,2.6875],"rotation":{"angle":0.0,"axis":"y","origin":[8.002679,7.9271083,2.4464283]},"faces":{"east":{"uv":[14.625,11.875,14.6796875,11.9453125],"rotation":0,"texture":"#2","tintindex":0},"south":{"uv":[11.9375,14.625,11.9921875,14.6953125],"rotation":0,"texture":"#2","tintindex":0},"north":{"uv":[11.875,14.625,11.9296875,14.6953125],"rotation":0,"texture":"#2","tintindex":0},"west":{"uv":[12.0,14.625,12.0546875,14.6953125],"rotation":0,"texture":"#2","tintindex":0},"up":{"uv":[14.8046875,8.2421875,14.75,8.1875],"rotation":0,"texture":"#2","tintindex":0},"down":{"uv":[8.3046875,14.75,8.25,14.8046875],"rotation":0,"texture":"#2","tintindex":0}}},{"from":[7.6712055,7.6860366,2.2656245],"to":[7.761607,8.077778,2.627232],"rotation":{"angle":0.0,"axis":"y","origin":[7.731473,7.8819075,2.4464283]},"faces":{"east":{"uv":[14.875,12.0625,14.9140625,12.105469],"rotation":0,"texture":"#2","tintindex":0},"south":{"uv":[15.25,7.6875,15.261719,7.7304688],"rotation":0,"texture":"#2","tintindex":0},"north":{"uv":[7.6875,15.25,7.6992188,15.292969],"rotation":0,"texture":"#2","tintindex":0},"west":{"uv":[12.125,14.875,12.1640625,14.917969],"rotation":0,"texture":"#2","tintindex":0},"up":{"uv":[13.386719,15.2890625,13.375,15.25],"rotation":0,"texture":"#2","tintindex":0},"down":{"uv":[15.261719,13.375,15.25,13.4140625],"rotation":0,"texture":"#2","tintindex":0}}},{"from":[7.6712055,8.077778,2.3560266],"to":[7.761607,8.31885,2.53683],"rotation":{"angle":0.0,"axis":"y","origin":[7.731473,8.198314,2.4464283]},"faces":{"east":{"uv":[3.9375,15.25,3.9570312,15.277344],"rotation":0,"texture":"#2","tintindex":0},"south":{"uv":[8.875,15.3125,8.886719,15.339844],"rotation":0,"texture":"#2","tintindex":0},"north":{"uv":[15.3125,8.8125,15.324219,8.839844],"rotation":0,"texture":"#2","tintindex":0},"west":{"uv":[15.25,3.9375,15.269531,3.9648438],"rotation":0,"texture":"#2","tintindex":0},"up":{"uv":[15.449219,2.0820312,15.4375,2.0625],"rotation":0,"texture":"#2","tintindex":0},"down":{"uv":[2.1367188,15.4375,2.125,15.457031],"rotation":0,"texture":"#2","tintindex":0}}},{"from":[8.24375,7.6860366,2.3258924],"to":[8.304018,8.077778,2.5669641],"rotation":{"angle":0.0,"axis":"y","origin":[8.273884,7.8819075,2.4464283]},"faces":{"east":{"uv":[0.4375,15.0625,0.46484375,15.105469],"rotation":0,"texture":"#2","tintindex":0},"south":{"uv":[6.6875,15.3125,6.6953125,15.355469],"rotation":0,"texture":"#2","tintindex":0},"north":{"uv":[15.3125,6.625,15.3203125,6.6679688],"rotation":0,"texture":"#2","tintindex":0},"west":{"uv":[15.0625,0.4375,15.089844,0.48046875],"rotation":0,"texture":"#2","tintindex":0},"up":{"uv":[15.4453125,6.9023438,15.4375,6.875],"rotation":0,"texture":"#2","tintindex":0},"down":{"uv":[6.9453125,15.4375,6.9375,15.464844],"rotation":0,"texture":"#2","tintindex":0}}},{"from":[8.24375,8.077778,2.3861604],"to":[8.304018,8.31885,2.5066962],"rotation":{"angle":0.0,"axis":"y","origin":[8.273884,8.198314,2.4464283]},"faces":{"east":{"uv":[15.3125,8.875,15.324219,8.902344],"rotation":0,"texture":"#2","tintindex":0},"south":{"uv":[7.0,15.4375,7.0078125,15.464844],"rotation":0,"texture":"#2","tintindex":0},"north":{"uv":[15.4375,6.9375,15.4453125,6.9648438],"rotation":0,"texture":"#2","tintindex":0},"west":{"uv":[8.9375,15.3125,8.949219,15.339844],"rotation":0,"texture":"#2","tintindex":0},"up":{"uv":[3.8828125,15.511719,3.875,15.5],"rotation":0,"texture":"#2","tintindex":0},"down":{"uv":[15.5078125,3.875,15.5,3.8867188],"rotation":0,"texture":"#2","tintindex":0}}},{"from":[7.821875,7.6860366,2.114955],"to":[8.183482,8.077778,2.205357],"rotation":{"angle":0.0,"axis":"y","origin":[8.002679,7.9271083,2.3560266]},"faces":{"east":{"uv":[7.75,15.25,7.7617188,15.292969],"rotation":0,"texture":"#2","tintindex":0},"south":{"uv":[12.1875,14.875,12.2265625,14.917969],"rotation":0,"texture":"#2","tintindex":0},"north":{"uv":[14.875,12.125,14.9140625,12.167969],"rotation":0,"texture":"#2","tintindex":0},"west":{"uv":[15.25,7.75,15.261719,7.7929688],"rotation":0,"texture":"#2","tintindex":0},"up":{"uv":[13.4765625,15.261719,13.4375,15.25],"rotation":0,"texture":"#2","tintindex":0},"down":{"uv":[15.2890625,13.4375,15.25,13.449219],"rotation":0,"texture":"#2","tintindex":0}}},{"from":[7.9152904,8.077778,2.114955],"to":[8.096094,8.31885,2.205357],"rotation":{"angle":0.0,"axis":"y","origin":[8.020759,8.198314,2.1601558]},"faces":{"east":{"uv":[15.3125,8.9375,15.324219,8.964844],"rotation":0,"texture":"#2","tintindex":0},"south":{"uv":[15.25,4.0,15.269531,4.0273438],"rotation":0,"texture":"#2","tintindex":0},"north":{"uv":[4.0,15.25,4.0195312,15.277344],"rotation":0,"texture":"#2","tintindex":0},"west":{"uv":[9.0,15.3125,9.011719,15.339844],"rotation":0,"texture":"#2","tintindex":0},"up":{"uv":[15.457031,2.1367188,15.4375,2.125],"rotation":0,"texture":"#2","tintindex":0},"down":{"uv":[2.2070312,15.4375,2.1875,15.449219],"rotation":0,"texture":"#2","tintindex":0}}},{"from":[7.9152904,8.077778,2.6875],"to":[8.096094,8.31885,2.7779016],"rotation":{"angle":0.0,"axis":"y","origin":[8.020759,8.198314,2.7327008]},"faces":{"east":{"uv":[15.3125,9.0,15.324219,9.027344],"rotation":0,"texture":"#2","tintindex":0},"south":{"uv":[15.25,4.0625,15.269531,4.0898438],"rotation":0,"texture":"#2","tintindex":0},"north":{"uv":[4.0625,15.25,4.0820312,15.277344],"rotation":0,"texture":"#2","tintindex":0},"west":{"uv":[9.0625,15.3125,9.074219,15.339844],"rotation":0,"texture":"#2","tintindex":0},"up":{"uv":[15.457031,2.1992188,15.4375,2.1875],"rotation":0,"texture":"#2","tintindex":0},"down":{"uv":[2.2695312,15.4375,2.25,15.449219],"rotation":0,"texture":"#2","tintindex":0}}},{"from":[7.821875,7.6860366,2.6875],"to":[8.183482,8.077778,2.7779016],"rotation":{"angle":0.0,"axis":"y","origin":[8.002679,7.9271083,2.9285712]},"faces":{"east":{"uv":[7.8125,15.25,7.8242188,15.292969],"rotation":0,"texture":"#2","tintindex":0},"south":{"uv":[12.25,14.875,12.2890625,14.917969],"rotation":0,"texture":"#2","tintindex":0},"north":{"uv":[14.875,12.1875,14.9140625,12.230469],"rotation":0,"texture":"#2","tintindex":0},"west":{"uv":[15.25,7.8125,15.261719,7.8554688],"rotation":0,"texture":"#2","tintindex":0},"up":{"uv":[13.5390625,15.261719,13.5,15.25],"rotation":0,"texture":"#2","tintindex":0},"down":{"uv":[15.2890625,13.5,15.25,13.511719],"rotation":0,"texture":"#2","tintindex":0}}}],"display":{"head":{"translation":[0.0,-6.4,0.0],"scale":[4.0,4.0,4.0]}}}