{"textures":{"2":"modelengine:entity/pillars"},"elements":[{"from":[6.8875,6.198363,0.78928566],"to":[9.1375,9.151488,3.0392857],"rotation":{"angle":0.0,"axis":"y","origin":[8.0125,7.3233633,1.9142857]},"faces":{"east":{"uv":[11.25,1.5,11.496094,1.8242188],"rotation":0,"texture":"#2","tintindex":0},"south":{"uv":[11.25,1.875,11.496094,2.1992188],"rotation":0,"texture":"#2","tintindex":0},"north":{"uv":[11.1875,7.375,11.433594,7.6992188],"rotation":0,"texture":"#2","tintindex":0},"west":{"uv":[11.25,2.25,11.496094,2.5742188],"rotation":0,"texture":"#2","tintindex":0},"up":{"uv":[1.2460938,12.121094,1.0,11.875],"rotation":0,"texture":"#2","tintindex":0},"down":{"uv":[12.121094,4.0625,11.875,4.3085938],"rotation":0,"texture":"#2","tintindex":0}}},{"from":[6.465625,6.198363,1.0705357],"to":[6.8875,8.026488,2.7580357],"rotation":{"angle":0.0,"axis":"y","origin":[6.746875,7.112426,1.9142857]},"faces":{"east":{"uv":[12.4375,9.4375,12.621094,9.636719],"rotation":0,"texture":"#2","tintindex":0},"south":{"uv":[8.3125,14.0625,8.359375,14.261719],"rotation":0,"texture":"#2","tintindex":0},"north":{"uv":[8.1875,14.0625,8.234375,14.261719],"rotation":0,"texture":"#2","tintindex":0},"west":{"uv":[12.4375,9.6875,12.621094,9.886719],"rotation":0,"texture":"#2","tintindex":0},"up":{"uv":[1.796875,14.308594,1.75,14.125],"rotation":0,"texture":"#2","tintindex":0},"down":{"uv":[14.171875,1.75,14.125,1.9335938],"rotation":0,"texture":"#2","tintindex":0}}},{"from":[6.465625,8.026488,1.4924107],"to":[6.8875,9.151488,2.3361607],"rotation":{"angle":0.0,"axis":"y","origin":[6.746875,8.588988,1.9142857]},"faces":{"east":{"uv":[0.6875,13.9375,0.78125,14.0625],"rotation":0,"texture":"#2","tintindex":0},"south":{"uv":[2.5,14.375,2.546875,14.5],"rotation":0,"texture":"#2","tintindex":0},"north":{"uv":[2.4375,14.375,2.484375,14.5],"rotation":0,"texture":"#2","tintindex":0},"west":{"uv":[13.9375,0.6875,14.03125,0.8125],"rotation":0,"texture":"#2","tintindex":0},"up":{"uv":[7.109375,14.65625,7.0625,14.5625],"rotation":0,"texture":"#2","tintindex":0},"down":{"uv":[14.609375,7.0625,14.5625,7.15625],"rotation":0,"texture":"#2","tintindex":0}}},{"from":[9.1375,6.198363,1.3517857],"to":[9.41875,8.026488,2.4767857],"rotation":{"angle":0.0,"axis":"y","origin":[9.278125,7.112426,1.9142857]},"faces":{"east":{"uv":[13.1875,3.9375,13.3125,4.1367188],"rotation":0,"texture":"#2","tintindex":0},"south":{"uv":[12.75,14.3125,12.78125,14.511719],"rotation":0,"texture":"#2","tintindex":0},"north":{"uv":[12.6875,14.3125,12.71875,14.511719],"rotation":0,"texture":"#2","tintindex":0},"west":{"uv":[13.1875,4.1875,13.3125,4.3867188],"rotation":0,"texture":"#2","tintindex":0},"up":{"uv":[4.59375,14.75,4.5625,14.625],"rotation":0,"texture":"#2","tintindex":0},"down":{"uv":[4.65625,14.625,4.625,14.75],"rotation":0,"texture":"#2","tintindex":0}}},{"from":[9.1375,8.026488,1.6330357],"to":[9.41875,9.151488,2.1955357],"rotation":{"angle":0.0,"axis":"y","origin":[9.278125,8.588988,1.9142857]},"faces":{"east":{"uv":[11.1875,7.75,11.25,7.875],"rotation":0,"texture":"#2","tintindex":0},"south":{"uv":[4.6875,14.625,4.71875,14.75],"rotation":0,"texture":"#2","tintindex":0},"north":{"uv":[14.625,4.625,14.65625,4.75],"rotation":0,"texture":"#2","tintindex":0},"west":{"uv":[9.125,11.25,9.1875,11.375],"rotation":0,"texture":"#2","tintindex":0},"up":{"uv":[4.65625,14.9375,4.625,14.875],"rotation":0,"texture":"#2","tintindex":0},"down":{"uv":[14.90625,4.625,14.875,4.6875],"rotation":0,"texture":"#2","tintindex":0}}},{"from":[7.16875,6.198363,0.36741066],"to":[8.85625,8.026488,0.78928566],"rotation":{"angle":0.0,"axis":"y","origin":[8.0125,7.3233633,1.4924107]},"faces":{"east":{"uv":[14.0625,8.3125,14.109375,8.511719],"rotation":0,"texture":"#2","tintindex":0},"south":{"uv":[12.4375,11.6875,12.621094,11.886719],"rotation":0,"texture":"#2","tintindex":0},"north":{"uv":[12.4375,11.4375,12.621094,11.636719],"rotation":0,"texture":"#2","tintindex":0},"west":{"uv":[8.375,14.0625,8.421875,14.261719],"rotation":0,"texture":"#2","tintindex":0},"up":{"uv":[14.308594,1.984375,14.125,1.9375],"rotation":0,"texture":"#2","tintindex":0},"down":{"uv":[2.3085938,14.125,2.125,14.171875],"rotation":0,"texture":"#2","tintindex":0}}},{"from":[7.6046877,8.026488,0.36741066],"to":[8.448438,9.151488,0.78928566],"rotation":{"angle":0.0,"axis":"y","origin":[8.096875,8.588988,0.57834816]},"faces":{"east":{"uv":[14.375,2.5,14.421875,2.625],"rotation":0,"texture":"#2","tintindex":0},"south":{"uv":[1.0625,13.9375,1.15625,14.0625],"rotation":0,"texture":"#2","tintindex":0},"north":{"uv":[13.9375,0.8125,14.03125,0.9375],"rotation":0,"texture":"#2","tintindex":0},"west":{"uv":[2.5625,14.375,2.609375,14.5],"rotation":0,"texture":"#2","tintindex":0},"up":{"uv":[14.65625,7.234375,14.5625,7.1875],"rotation":0,"texture":"#2","tintindex":0},"down":{"uv":[14.65625,7.6875,14.5625,7.734375],"rotation":0,"texture":"#2","tintindex":0}}},{"from":[7.6046877,8.026488,3.0392857],"to":[8.448438,9.151488,3.4611607],"rotation":{"angle":0.0,"axis":"y","origin":[8.096875,8.588988,3.2502232]},"faces":{"east":{"uv":[2.625,14.375,2.671875,14.5],"rotation":0,"texture":"#2","tintindex":0},"south":{"uv":[1.1875,13.9375,1.28125,14.0625],"rotation":0,"texture":"#2","tintindex":0},"north":{"uv":[13.9375,1.125,14.03125,1.25],"rotation":0,"texture":"#2","tintindex":0},"west":{"uv":[14.375,2.625,14.421875,2.75],"rotation":0,"texture":"#2","tintindex":0},"up":{"uv":[14.65625,7.796875,14.5625,7.75],"rotation":0,"texture":"#2","tintindex":0},"down":{"uv":[14.65625,7.8125,14.5625,7.859375],"rotation":0,"texture":"#2","tintindex":0}}},{"from":[7.16875,6.198363,3.0392857],"to":[8.85625,8.026488,3.4611607],"rotation":{"angle":0.0,"axis":"y","origin":[8.0125,7.3233633,4.1642857]},"faces":{"east":{"uv":[8.4375,14.0625,8.484375,14.261719],"rotation":0,"texture":"#2","tintindex":0},"south":{"uv":[12.4375,12.1875,12.621094,12.386719],"rotation":0,"texture":"#2","tintindex":0},"north":{"uv":[12.4375,11.9375,12.621094,12.136719],"rotation":0,"texture":"#2","tintindex":0},"west":{"uv":[8.5,14.0625,8.546875,14.261719],"rotation":0,"texture":"#2","tintindex":0},"up":{"uv":[14.308594,2.171875,14.125,2.125],"rotation":0,"texture":"#2","tintindex":0},"down":{"uv":[14.308594,2.1875,14.125,2.234375],"rotation":0,"texture":"#2","tintindex":0}}}],"display":{"head":{"translation":[0.0,-6.4,0.0],"scale":[4.0,4.0,4.0]}}}