{"textures":{"2":"modelengine:entity/pillars"},"elements":[{"from":[7.821205,7.778866,2.2656245],"to":[8.182813,8.253475,2.627232],"rotation":{"angle":0.0,"axis":"y","origin":[8.002009,7.9596696,2.4464283]},"faces":{"east":{"uv":[4.0625,14.875,4.1015625,14.925781],"rotation":0,"texture":"#2","tintindex":0},"south":{"uv":[4.125,14.875,4.1640625,14.925781],"rotation":0,"texture":"#2","tintindex":0},"north":{"uv":[4.0,14.875,4.0390625,14.925781],"rotation":0,"texture":"#2","tintindex":0},"west":{"uv":[14.875,4.125,14.9140625,4.1757812],"rotation":0,"texture":"#2","tintindex":0},"up":{"uv":[14.9765625,14.3515625,14.9375,14.3125],"rotation":0,"texture":"#2","tintindex":0},"down":{"uv":[14.4140625,14.9375,14.375,14.9765625],"rotation":0,"texture":"#2","tintindex":0}}},{"from":[7.753404,7.778866,2.3108258],"to":[7.821205,8.072672,2.5820308],"rotation":{"angle":0.0,"axis":"y","origin":[7.798605,7.925769,2.4464283]},"faces":{"east":{"uv":[14.6875,15.0625,14.71875,15.09375],"rotation":0,"texture":"#2","tintindex":0},"south":{"uv":[0.6875,15.4375,0.6953125,15.46875],"rotation":0,"texture":"#2","tintindex":0},"north":{"uv":[15.4375,0.625,15.4453125,0.65625],"rotation":0,"texture":"#2","tintindex":0},"west":{"uv":[15.0625,14.6875,15.09375,14.71875],"rotation":0,"texture":"#2","tintindex":0},"up":{"uv":[15.4453125,0.71875,15.4375,0.6875],"rotation":0,"texture":"#2","tintindex":0},"down":{"uv":[0.7578125,15.4375,0.75,15.46875],"rotation":0,"texture":"#2","tintindex":0}}},{"from":[7.753404,8.072672,2.3786268],"to":[7.821205,8.253475,2.5142298],"rotation":{"angle":0.0,"axis":"y","origin":[7.798605,8.163074,2.4464283]},"faces":{"east":{"uv":[5.1875,15.375,5.203125,15.394531],"rotation":0,"texture":"#2","tintindex":0},"south":{"uv":[13.8125,15.4375,13.8203125,15.457031],"rotation":0,"texture":"#2","tintindex":0},"north":{"uv":[15.4375,13.75,15.4453125,13.769531],"rotation":0,"texture":"#2","tintindex":0},"west":{"uv":[15.375,5.1875,15.390625,5.2070312],"rotation":0,"texture":"#2","tintindex":0},"up":{"uv":[3.3203125,15.515625,3.3125,15.5],"rotation":0,"texture":"#2","tintindex":0},"down":{"uv":[15.5078125,3.3125,15.5,3.328125],"rotation":0,"texture":"#2","tintindex":0}}},{"from":[8.182813,7.778866,2.3560266],"to":[8.228013,8.072672,2.53683],"rotation":{"angle":0.0,"axis":"y","origin":[8.205413,7.925769,2.4464283]},"faces":{"east":{"uv":[1.125,15.25,1.1445312,15.28125],"rotation":0,"texture":"#2","tintindex":0},"south":{"uv":[15.5,3.375,15.503906,3.40625],"rotation":0,"texture":"#2","tintindex":0},"north":{"uv":[3.375,15.5,3.3789062,15.53125],"rotation":0,"texture":"#2","tintindex":0},"west":{"uv":[15.25,1.125,15.269531,1.15625],"rotation":0,"texture":"#2","tintindex":0},"up":{"uv":[7.3164062,15.519531,7.3125,15.5],"rotation":0,"texture":"#2","tintindex":0},"down":{"uv":[15.503906,7.3125,15.5,7.3320312],"rotation":0,"texture":"#2","tintindex":0}}},{"from":[8.182813,8.072672,2.4012275],"to":[8.228013,8.253475,2.4916291],"rotation":{"angle":0.0,"axis":"y","origin":[8.205413,8.163074,2.4464283]},"faces":{"east":{"uv":[15.4375,6.25,15.449219,6.2695312],"rotation":0,"texture":"#2","tintindex":0},"south":{"uv":[15.5,7.375,15.503906,7.3945312],"rotation":0,"texture":"#2","tintindex":0},"north":{"uv":[7.375,15.5,7.3789062,15.519531],"rotation":0,"texture":"#2","tintindex":0},"west":{"uv":[6.3125,15.4375,6.3242188,15.457031],"rotation":0,"texture":"#2","tintindex":0},"up":{"uv":[8.691406,15.511719,8.6875,15.5],"rotation":0,"texture":"#2","tintindex":0},"down":{"uv":[15.503906,8.6875,15.5,8.699219],"rotation":0,"texture":"#2","tintindex":0}}},{"from":[7.8664064,7.778866,2.1978235],"to":[8.137611,8.072672,2.2656245],"rotation":{"angle":0.0,"axis":"y","origin":[8.002009,7.9596696,2.3786268]},"faces":{"east":{"uv":[15.4375,0.75,15.4453125,0.78125],"rotation":0,"texture":"#2","tintindex":0},"south":{"uv":[15.0625,14.75,15.09375,14.78125],"rotation":0,"texture":"#2","tintindex":0},"north":{"uv":[14.75,15.0625,14.78125,15.09375],"rotation":0,"texture":"#2","tintindex":0},"west":{"uv":[0.8125,15.4375,0.8203125,15.46875],"rotation":0,"texture":"#2","tintindex":0},"up":{"uv":[15.46875,0.8203125,15.4375,0.8125],"rotation":0,"texture":"#2","tintindex":0},"down":{"uv":[0.90625,15.4375,0.875,15.4453125],"rotation":0,"texture":"#2","tintindex":0}}},{"from":[7.9364676,8.072672,2.1978235],"to":[8.07207,8.253475,2.2656245],"rotation":{"angle":0.0,"axis":"y","origin":[8.015569,8.163074,2.2317243]},"faces":{"east":{"uv":[15.4375,13.8125,15.4453125,13.832031],"rotation":0,"texture":"#2","tintindex":0},"south":{"uv":[15.375,5.25,15.390625,5.2695312],"rotation":0,"texture":"#2","tintindex":0},"north":{"uv":[5.25,15.375,5.265625,15.394531],"rotation":0,"texture":"#2","tintindex":0},"west":{"uv":[13.875,15.4375,13.8828125,15.457031],"rotation":0,"texture":"#2","tintindex":0},"up":{"uv":[3.453125,15.5078125,3.4375,15.5],"rotation":0,"texture":"#2","tintindex":0},"down":{"uv":[15.515625,3.4375,15.5,3.4453125],"rotation":0,"texture":"#2","tintindex":0}}},{"from":[7.9364676,8.072672,2.627232],"to":[8.07207,8.253475,2.695033],"rotation":{"angle":0.0,"axis":"y","origin":[8.015569,8.163074,2.6611323]},"faces":{"east":{"uv":[15.4375,13.875,15.4453125,13.894531],"rotation":0,"texture":"#2","tintindex":0},"south":{"uv":[15.375,5.3125,15.390625,5.3320312],"rotation":0,"texture":"#2","tintindex":0},"north":{"uv":[5.3125,15.375,5.328125,15.394531],"rotation":0,"texture":"#2","tintindex":0},"west":{"uv":[13.9375,15.4375,13.9453125,15.457031],"rotation":0,"texture":"#2","tintindex":0},"up":{"uv":[3.515625,15.5078125,3.5,15.5],"rotation":0,"texture":"#2","tintindex":0},"down":{"uv":[15.515625,3.5,15.5,3.5078125],"rotation":0,"texture":"#2","tintindex":0}}},{"from":[7.8664064,7.778866,2.627232],"to":[8.137611,8.072672,2.695033],"rotation":{"angle":0.0,"axis":"y","origin":[8.002009,7.9596696,2.8080354]},"faces":{"east":{"uv":[15.4375,0.875,15.4453125,0.90625],"rotation":0,"texture":"#2","tintindex":0},"south":{"uv":[15.0625,14.8125,15.09375,14.84375],"rotation":0,"texture":"#2","tintindex":0},"north":{"uv":[14.8125,15.0625,14.84375,15.09375],"rotation":0,"texture":"#2","tintindex":0},"west":{"uv":[0.9375,15.4375,0.9453125,15.46875],"rotation":0,"texture":"#2","tintindex":0},"up":{"uv":[15.46875,0.9453125,15.4375,0.9375],"rotation":0,"texture":"#2","tintindex":0},"down":{"uv":[1.03125,15.4375,1.0,15.4453125],"rotation":0,"texture":"#2","tintindex":0}}}],"display":{"head":{"translation":[0.0,-6.4,0.0],"scale":[4.0,4.0,4.0]}}}