{"textures":{"2":"modelengine:entity/pillars"},"elements":[{"from":[7.5761905,7.43533,2.017857],"to":[8.433333,8.560329,2.875],"rotation":{"angle":0.0,"axis":"y","origin":[8.004762,7.863901,2.4464283]},"faces":{"east":{"uv":[6.9375,14.0,7.03125,14.125],"rotation":0,"texture":"#2","tintindex":0},"south":{"uv":[7.0625,14.0,7.15625,14.125],"rotation":0,"texture":"#2","tintindex":0},"north":{"uv":[14.0,6.75,14.09375,6.875],"rotation":0,"texture":"#2","tintindex":0},"west":{"uv":[14.0,7.3125,14.09375,7.4375],"rotation":0,"texture":"#2","tintindex":0},"up":{"uv":[14.21875,0.71875,14.125,0.625],"rotation":0,"texture":"#2","tintindex":0},"down":{"uv":[14.21875,0.75,14.125,0.84375],"rotation":0,"texture":"#2","tintindex":0}}},{"from":[7.4154763,7.43533,2.1249995],"to":[7.5761905,8.131759,2.767857],"rotation":{"angle":0.0,"axis":"y","origin":[7.5226192,7.783544,2.4464283]},"faces":{"east":{"uv":[14.4375,6.625,14.5078125,6.703125],"rotation":0,"texture":"#2","tintindex":0},"south":{"uv":[14.75,14.9375,14.769531,15.015625],"rotation":0,"texture":"#2","tintindex":0},"north":{"uv":[14.9375,14.6875,14.957031,14.765625],"rotation":0,"texture":"#2","tintindex":0},"west":{"uv":[6.75,14.4375,6.8203125,14.515625],"rotation":0,"texture":"#2","tintindex":0},"up":{"uv":[13.457031,15.0703125,13.4375,15.0],"rotation":0,"texture":"#2","tintindex":0},"down":{"uv":[15.019531,13.4375,15.0,13.5078125],"rotation":0,"texture":"#2","tintindex":0}}},{"from":[7.4154763,8.131759,2.2857141],"to":[7.5761905,8.560329,2.6071424],"rotation":{"angle":0.0,"axis":"y","origin":[7.5226192,8.346045,2.4464283]},"faces":{"east":{"uv":[4.3125,14.9375,4.3476562,14.984375],"rotation":0,"texture":"#2","tintindex":0},"south":{"uv":[15.125,10.5,15.144531,10.546875],"rotation":0,"texture":"#2","tintindex":0},"north":{"uv":[10.5,15.125,10.519531,15.171875],"rotation":0,"texture":"#2","tintindex":0},"west":{"uv":[14.9375,4.3125,14.972656,4.359375],"rotation":0,"texture":"#2","tintindex":0},"up":{"uv":[8.832031,15.222656,8.8125,15.1875],"rotation":0,"texture":"#2","tintindex":0},"down":{"uv":[15.207031,8.8125,15.1875,8.847656],"rotation":0,"texture":"#2","tintindex":0}}},{"from":[8.433333,7.43533,2.2321424],"to":[8.540476,8.131759,2.6607141],"rotation":{"angle":0.0,"axis":"y","origin":[8.486905,7.783544,2.4464283]},"faces":{"east":{"uv":[2.75,14.6875,2.796875,14.765625],"rotation":0,"texture":"#2","tintindex":0},"south":{"uv":[15.125,10.5625,15.136719,10.640625],"rotation":0,"texture":"#2","tintindex":0},"north":{"uv":[10.5625,15.125,10.574219,15.203125],"rotation":0,"texture":"#2","tintindex":0},"west":{"uv":[14.6875,2.8125,14.734375,2.890625],"rotation":0,"texture":"#2","tintindex":0},"up":{"uv":[3.6367188,15.296875,3.625,15.25],"rotation":0,"texture":"#2","tintindex":0},"down":{"uv":[15.261719,3.625,15.25,3.671875],"rotation":0,"texture":"#2","tintindex":0}}},{"from":[8.433333,8.131759,2.3392854],"to":[8.540476,8.560329,2.5535712],"rotation":{"angle":0.0,"axis":"y","origin":[8.486905,8.346045,2.4464283]},"faces":{"east":{"uv":[4.0,15.0625,4.0234375,15.109375],"rotation":0,"texture":"#2","tintindex":0},"south":{"uv":[15.25,3.6875,15.261719,3.734375],"rotation":0,"texture":"#2","tintindex":0},"north":{"uv":[3.6875,15.25,3.6992188,15.296875],"rotation":0,"texture":"#2","tintindex":0},"west":{"uv":[15.0625,4.0,15.0859375,4.046875],"rotation":0,"texture":"#2","tintindex":0},"up":{"uv":[9.261719,15.3984375,9.25,15.375],"rotation":0,"texture":"#2","tintindex":0},"down":{"uv":[15.386719,9.25,15.375,9.2734375],"rotation":0,"texture":"#2","tintindex":0}}},{"from":[7.6833334,7.43533,1.8571424],"to":[8.326191,8.131759,2.017857],"rotation":{"angle":0.0,"axis":"y","origin":[8.004762,7.863901,2.2857141]},"faces":{"east":{"uv":[14.8125,14.9375,14.832031,15.015625],"rotation":0,"texture":"#2","tintindex":0},"south":{"uv":[14.4375,6.875,14.5078125,6.953125],"rotation":0,"texture":"#2","tintindex":0},"north":{"uv":[14.4375,6.75,14.5078125,6.828125],"rotation":0,"texture":"#2","tintindex":0},"west":{"uv":[14.9375,14.8125,14.957031,14.890625],"rotation":0,"texture":"#2","tintindex":0},"up":{"uv":[15.0703125,13.582031,15.0,13.5625],"rotation":0,"texture":"#2","tintindex":0},"down":{"uv":[15.0703125,13.625,15.0,13.644531],"rotation":0,"texture":"#2","tintindex":0}}},{"from":[7.849405,8.131759,1.8571424],"to":[8.170834,8.560329,2.017857],"rotation":{"angle":0.0,"axis":"y","origin":[8.036904,8.346045,1.9374995]},"faces":{"east":{"uv":[10.625,15.125,10.644531,15.171875],"rotation":0,"texture":"#2","tintindex":0},"south":{"uv":[14.9375,4.375,14.972656,4.421875],"rotation":0,"texture":"#2","tintindex":0},"north":{"uv":[4.375,14.9375,4.4101562,14.984375],"rotation":0,"texture":"#2","tintindex":0},"west":{"uv":[10.6875,15.125,10.707031,15.171875],"rotation":0,"texture":"#2","tintindex":0},"up":{"uv":[15.222656,8.894531,15.1875,8.875],"rotation":0,"texture":"#2","tintindex":0},"down":{"uv":[8.972656,15.1875,8.9375,15.207031],"rotation":0,"texture":"#2","tintindex":0}}},{"from":[7.849405,8.131759,2.875],"to":[8.170834,8.560329,3.0357141],"rotation":{"angle":0.0,"axis":"y","origin":[8.036904,8.346045,2.955357]},"faces":{"east":{"uv":[15.125,10.6875,15.144531,10.734375],"rotation":0,"texture":"#2","tintindex":0},"south":{"uv":[14.9375,4.4375,14.972656,4.484375],"rotation":0,"texture":"#2","tintindex":0},"north":{"uv":[4.4375,14.9375,4.4726562,14.984375],"rotation":0,"texture":"#2","tintindex":0},"west":{"uv":[10.75,15.125,10.769531,15.171875],"rotation":0,"texture":"#2","tintindex":0},"up":{"uv":[15.222656,8.957031,15.1875,8.9375],"rotation":0,"texture":"#2","tintindex":0},"down":{"uv":[9.035156,15.1875,9.0,15.207031],"rotation":0,"texture":"#2","tintindex":0}}},{"from":[7.6833334,7.43533,2.875],"to":[8.326191,8.131759,3.0357141],"rotation":{"angle":0.0,"axis":"y","origin":[8.004762,7.863901,3.3035712]},"faces":{"east":{"uv":[14.875,14.9375,14.894531,15.015625],"rotation":0,"texture":"#2","tintindex":0},"south":{"uv":[14.4375,7.125,14.5078125,7.203125],"rotation":0,"texture":"#2","tintindex":0},"north":{"uv":[14.4375,7.0,14.5078125,7.078125],"rotation":0,"texture":"#2","tintindex":0},"west":{"uv":[14.9375,14.9375,14.957031,15.015625],"rotation":0,"texture":"#2","tintindex":0},"up":{"uv":[15.0703125,13.707031,15.0,13.6875],"rotation":0,"texture":"#2","tintindex":0},"down":{"uv":[15.0703125,13.75,15.0,13.769531],"rotation":0,"texture":"#2","tintindex":0}}}],"display":{"head":{"translation":[0.0,-6.4,0.0],"scale":[4.0,4.0,4.0]}}}