{"textures":{"2":"modelengine:entity/pillars"},"elements":[{"from":[7.821205,7.778866,2.2656245],"to":[8.182813,8.253475,2.627232],"rotation":{"angle":0.0,"axis":"y","origin":[8.002009,7.9596696,2.4464283]},"faces":{"east":{"uv":[2.875,14.875,2.9140625,14.925781],"rotation":0,"texture":"#2","tintindex":0},"south":{"uv":[14.875,2.875,14.9140625,2.9257812],"rotation":0,"texture":"#2","tintindex":0},"north":{"uv":[14.875,2.8125,14.9140625,2.8632812],"rotation":0,"texture":"#2","tintindex":0},"west":{"uv":[2.9375,14.875,2.9765625,14.925781],"rotation":0,"texture":"#2","tintindex":0},"up":{"uv":[14.9765625,12.1640625,14.9375,12.125],"rotation":0,"texture":"#2","tintindex":0},"down":{"uv":[12.2265625,14.9375,12.1875,14.9765625],"rotation":0,"texture":"#2","tintindex":0}}},{"from":[7.753404,7.778866,2.3108258],"to":[7.821205,8.072672,2.5820308],"rotation":{"angle":0.0,"axis":"y","origin":[7.798605,7.925769,2.4464283]},"faces":{"east":{"uv":[13.0625,15.0625,13.09375,15.09375],"rotation":0,"texture":"#2","tintindex":0},"south":{"uv":[15.375,13.4375,15.3828125,13.46875],"rotation":0,"texture":"#2","tintindex":0},"north":{"uv":[13.4375,15.375,13.4453125,15.40625],"rotation":0,"texture":"#2","tintindex":0},"west":{"uv":[15.0625,13.0625,15.09375,13.09375],"rotation":0,"texture":"#2","tintindex":0},"up":{"uv":[13.5078125,15.40625,13.5,15.375],"rotation":0,"texture":"#2","tintindex":0},"down":{"uv":[15.3828125,13.5,15.375,13.53125],"rotation":0,"texture":"#2","tintindex":0}}},{"from":[7.753404,8.072672,2.3786268],"to":[7.821205,8.253475,2.5142298],"rotation":{"angle":0.0,"axis":"y","origin":[7.798605,8.163074,2.4464283]},"faces":{"east":{"uv":[3.875,15.375,3.890625,15.394531],"rotation":0,"texture":"#2","tintindex":0},"south":{"uv":[12.0625,15.4375,12.0703125,15.457031],"rotation":0,"texture":"#2","tintindex":0},"north":{"uv":[15.4375,12.0,15.4453125,12.019531],"rotation":0,"texture":"#2","tintindex":0},"west":{"uv":[15.375,3.875,15.390625,3.8945312],"rotation":0,"texture":"#2","tintindex":0},"up":{"uv":[1.5703125,15.515625,1.5625,15.5],"rotation":0,"texture":"#2","tintindex":0},"down":{"uv":[15.5078125,1.5625,15.5,1.578125],"rotation":0,"texture":"#2","tintindex":0}}},{"from":[8.182813,7.778866,2.3560266],"to":[8.228013,8.072672,2.53683],"rotation":{"angle":0.0,"axis":"y","origin":[8.205413,7.925769,2.4464283]},"faces":{"east":{"uv":[0.6875,15.25,0.70703125,15.28125],"rotation":0,"texture":"#2","tintindex":0},"south":{"uv":[15.5,1.625,15.503906,1.65625],"rotation":0,"texture":"#2","tintindex":0},"north":{"uv":[1.625,15.5,1.6289062,15.53125],"rotation":0,"texture":"#2","tintindex":0},"west":{"uv":[15.25,0.6875,15.269531,0.71875],"rotation":0,"texture":"#2","tintindex":0},"up":{"uv":[6.4414062,15.519531,6.4375,15.5],"rotation":0,"texture":"#2","tintindex":0},"down":{"uv":[15.503906,6.4375,15.5,6.4570312],"rotation":0,"texture":"#2","tintindex":0}}},{"from":[8.182813,8.072672,2.4012275],"to":[8.228013,8.253475,2.4916291],"rotation":{"angle":0.0,"axis":"y","origin":[8.205413,8.163074,2.4464283]},"faces":{"east":{"uv":[15.4375,4.5,15.449219,4.5195312],"rotation":0,"texture":"#2","tintindex":0},"south":{"uv":[15.5,6.5,15.503906,6.5195312],"rotation":0,"texture":"#2","tintindex":0},"north":{"uv":[6.5,15.5,6.5039062,15.519531],"rotation":0,"texture":"#2","tintindex":0},"west":{"uv":[4.5625,15.4375,4.5742188,15.457031],"rotation":0,"texture":"#2","tintindex":0},"up":{"uv":[8.253906,15.511719,8.25,15.5],"rotation":0,"texture":"#2","tintindex":0},"down":{"uv":[15.503906,8.25,15.5,8.261719],"rotation":0,"texture":"#2","tintindex":0}}},{"from":[7.8664064,7.778866,2.1978235],"to":[8.137611,8.072672,2.2656245],"rotation":{"angle":0.0,"axis":"y","origin":[8.002009,7.9596696,2.3786268]},"faces":{"east":{"uv":[13.5625,15.375,13.5703125,15.40625],"rotation":0,"texture":"#2","tintindex":0},"south":{"uv":[13.1875,15.0625,13.21875,15.09375],"rotation":0,"texture":"#2","tintindex":0},"north":{"uv":[15.0625,13.125,15.09375,13.15625],"rotation":0,"texture":"#2","tintindex":0},"west":{"uv":[15.375,13.5625,15.3828125,13.59375],"rotation":0,"texture":"#2","tintindex":0},"up":{"uv":[13.65625,15.3828125,13.625,15.375],"rotation":0,"texture":"#2","tintindex":0},"down":{"uv":[15.40625,13.625,15.375,13.6328125],"rotation":0,"texture":"#2","tintindex":0}}},{"from":[7.9364676,8.072672,2.1978235],"to":[8.07207,8.253475,2.2656245],"rotation":{"angle":0.0,"axis":"y","origin":[8.015569,8.163074,2.2317243]},"faces":{"east":{"uv":[15.4375,12.0625,15.4453125,12.082031],"rotation":0,"texture":"#2","tintindex":0},"south":{"uv":[15.375,3.9375,15.390625,3.9570312],"rotation":0,"texture":"#2","tintindex":0},"north":{"uv":[3.9375,15.375,3.953125,15.394531],"rotation":0,"texture":"#2","tintindex":0},"west":{"uv":[12.125,15.4375,12.1328125,15.457031],"rotation":0,"texture":"#2","tintindex":0},"up":{"uv":[1.703125,15.5078125,1.6875,15.5],"rotation":0,"texture":"#2","tintindex":0},"down":{"uv":[15.515625,1.6875,15.5,1.6953125],"rotation":0,"texture":"#2","tintindex":0}}},{"from":[7.9364676,8.072672,2.627232],"to":[8.07207,8.253475,2.695033],"rotation":{"angle":0.0,"axis":"y","origin":[8.015569,8.163074,2.6611323]},"faces":{"east":{"uv":[15.4375,12.125,15.4453125,12.144531],"rotation":0,"texture":"#2","tintindex":0},"south":{"uv":[15.375,4.0,15.390625,4.0195312],"rotation":0,"texture":"#2","tintindex":0},"north":{"uv":[4.0,15.375,4.015625,15.394531],"rotation":0,"texture":"#2","tintindex":0},"west":{"uv":[12.1875,15.4375,12.1953125,15.457031],"rotation":0,"texture":"#2","tintindex":0},"up":{"uv":[1.765625,15.5078125,1.75,15.5],"rotation":0,"texture":"#2","tintindex":0},"down":{"uv":[15.515625,1.75,15.5,1.7578125],"rotation":0,"texture":"#2","tintindex":0}}},{"from":[7.8664064,7.778866,2.627232],"to":[8.137611,8.072672,2.695033],"rotation":{"angle":0.0,"axis":"y","origin":[8.002009,7.9596696,2.8080354]},"faces":{"east":{"uv":[13.6875,15.375,13.6953125,15.40625],"rotation":0,"texture":"#2","tintindex":0},"south":{"uv":[13.3125,15.0625,13.34375,15.09375],"rotation":0,"texture":"#2","tintindex":0},"north":{"uv":[13.25,15.0625,13.28125,15.09375],"rotation":0,"texture":"#2","tintindex":0},"west":{"uv":[15.375,13.6875,15.3828125,13.71875],"rotation":0,"texture":"#2","tintindex":0},"up":{"uv":[13.78125,15.3828125,13.75,15.375],"rotation":0,"texture":"#2","tintindex":0},"down":{"uv":[15.40625,13.75,15.375,13.7578125],"rotation":0,"texture":"#2","tintindex":0}}}],"display":{"head":{"translation":[0.0,-6.4,0.0],"scale":[4.0,4.0,4.0]}}}