{"textures":{"2":"modelengine:entity/pillars"},"elements":[{"from":[7.165625,6.631566,1.0705357],"to":[8.853125,8.84641,2.7580357],"rotation":{"angle":0.0,"axis":"y","origin":[8.009375,7.475316,1.9142857]},"faces":{"east":{"uv":[12.1875,8.3125,12.371094,8.5546875],"rotation":0,"texture":"#2","tintindex":0},"south":{"uv":[12.1875,8.5625,12.371094,8.8046875],"rotation":0,"texture":"#2","tintindex":0},"north":{"uv":[12.1875,8.0625,12.371094,8.3046875],"rotation":0,"texture":"#2","tintindex":0},"west":{"uv":[12.1875,8.8125,12.371094,9.0546875],"rotation":0,"texture":"#2","tintindex":0},"up":{"uv":[12.871094,10.121094,12.6875,9.9375],"rotation":0,"texture":"#2","tintindex":0},"down":{"uv":[12.871094,10.125,12.6875,10.308594],"rotation":0,"texture":"#2","tintindex":0}}},{"from":[6.849219,6.631566,1.2814732],"to":[7.165625,8.00266,2.5470982],"rotation":{"angle":0.0,"axis":"y","origin":[7.0601563,7.317113,1.9142857]},"faces":{"east":{"uv":[13.4375,7.6875,13.574219,7.8359375],"rotation":0,"texture":"#2","tintindex":0},"south":{"uv":[12.375,14.4375,12.410156,14.5859375],"rotation":0,"texture":"#2","tintindex":0},"north":{"uv":[14.4375,12.3125,14.472656,12.4609375],"rotation":0,"texture":"#2","tintindex":0},"west":{"uv":[13.4375,7.875,13.574219,8.0234375],"rotation":0,"texture":"#2","tintindex":0},"up":{"uv":[0.97265625,14.699219,0.9375,14.5625],"rotation":0,"texture":"#2","tintindex":0},"down":{"uv":[1.5351562,14.5625,1.5,14.699219],"rotation":0,"texture":"#2","tintindex":0}}},{"from":[6.849219,8.00266,1.5978794],"to":[7.165625,8.84641,2.230692],"rotation":{"angle":0.0,"axis":"y","origin":[7.0601563,8.424535,1.9142857]},"faces":{"east":{"uv":[14.25,0.25,14.3203125,0.34375],"rotation":0,"texture":"#2","tintindex":0},"south":{"uv":[14.6875,8.9375,14.722656,9.03125],"rotation":0,"texture":"#2","tintindex":0},"north":{"uv":[14.6875,8.8125,14.722656,8.90625],"rotation":0,"texture":"#2","tintindex":0},"west":{"uv":[0.3125,14.25,0.3828125,14.34375],"rotation":0,"texture":"#2","tintindex":0},"up":{"uv":[14.785156,13.0703125,14.75,13.0],"rotation":0,"texture":"#2","tintindex":0},"down":{"uv":[13.160156,14.75,13.125,14.8203125],"rotation":0,"texture":"#2","tintindex":0}}},{"from":[8.853125,6.631566,1.4924107],"to":[9.064062,8.00266,2.3361607],"rotation":{"angle":0.0,"axis":"y","origin":[8.958593,7.317113,1.9142857]},"faces":{"east":{"uv":[13.6875,11.0625,13.78125,11.2109375],"rotation":0,"texture":"#2","tintindex":0},"south":{"uv":[14.6875,6.6875,14.7109375,6.8359375],"rotation":0,"texture":"#2","tintindex":0},"north":{"uv":[6.6875,14.6875,6.7109375,14.8359375],"rotation":0,"texture":"#2","tintindex":0},"west":{"uv":[13.6875,11.25,13.78125,11.3984375],"rotation":0,"texture":"#2","tintindex":0},"up":{"uv":[14.8359375,6.46875,14.8125,6.375],"rotation":0,"texture":"#2","tintindex":0},"down":{"uv":[6.4609375,14.8125,6.4375,14.90625],"rotation":0,"texture":"#2","tintindex":0}}},{"from":[8.853125,8.00266,1.7033482],"to":[9.064062,8.84641,2.1252232],"rotation":{"angle":0.0,"axis":"y","origin":[8.958593,8.424535,1.9142857]},"faces":{"east":{"uv":[6.25,14.5625,6.296875,14.65625],"rotation":0,"texture":"#2","tintindex":0},"south":{"uv":[14.8125,6.625,14.8359375,6.71875],"rotation":0,"texture":"#2","tintindex":0},"north":{"uv":[14.8125,6.5,14.8359375,6.59375],"rotation":0,"texture":"#2","tintindex":0},"west":{"uv":[6.3125,14.5625,6.359375,14.65625],"rotation":0,"texture":"#2","tintindex":0},"up":{"uv":[1.7109375,15.109375,1.6875,15.0625],"rotation":0,"texture":"#2","tintindex":0},"down":{"uv":[15.0859375,1.6875,15.0625,1.734375],"rotation":0,"texture":"#2","tintindex":0}}},{"from":[7.3765626,6.631566,0.7541294],"to":[8.642187,8.00266,1.0705357],"rotation":{"angle":0.0,"axis":"y","origin":[8.009375,7.475316,1.5978794]},"faces":{"east":{"uv":[12.4375,14.4375,12.472656,14.5859375],"rotation":0,"texture":"#2","tintindex":0},"south":{"uv":[8.125,13.4375,8.261719,13.5859375],"rotation":0,"texture":"#2","tintindex":0},"north":{"uv":[13.4375,8.0625,13.574219,8.2109375],"rotation":0,"texture":"#2","tintindex":0},"west":{"uv":[12.5,14.4375,12.535156,14.5859375],"rotation":0,"texture":"#2","tintindex":0},"up":{"uv":[14.699219,1.6601562,14.5625,1.625],"rotation":0,"texture":"#2","tintindex":0},"down":{"uv":[14.699219,1.6875,14.5625,1.7226562],"rotation":0,"texture":"#2","tintindex":0}}},{"from":[7.7035155,8.00266,0.7541294],"to":[8.3363285,8.84641,1.0705357],"rotation":{"angle":0.0,"axis":"y","origin":[8.072657,8.424535,0.91233253]},"faces":{"east":{"uv":[14.6875,9.0625,14.722656,9.15625],"rotation":0,"texture":"#2","tintindex":0},"south":{"uv":[0.4375,14.25,0.5078125,14.34375],"rotation":0,"texture":"#2","tintindex":0},"north":{"uv":[14.25,0.375,14.3203125,0.46875],"rotation":0,"texture":"#2","tintindex":0},"west":{"uv":[9.125,14.6875,9.160156,14.78125],"rotation":0,"texture":"#2","tintindex":0},"up":{"uv":[14.8203125,13.160156,14.75,13.125],"rotation":0,"texture":"#2","tintindex":0},"down":{"uv":[14.8203125,13.1875,14.75,13.222656],"rotation":0,"texture":"#2","tintindex":0}}},{"from":[7.7035155,8.00266,2.7580357],"to":[8.3363285,8.84641,3.074442],"rotation":{"angle":0.0,"axis":"y","origin":[8.072657,8.424535,2.9162388]},"faces":{"east":{"uv":[9.1875,14.6875,9.222656,14.78125],"rotation":0,"texture":"#2","tintindex":0},"south":{"uv":[14.25,0.625,14.3203125,0.71875],"rotation":0,"texture":"#2","tintindex":0},"north":{"uv":[14.25,0.5,14.3203125,0.59375],"rotation":0,"texture":"#2","tintindex":0},"west":{"uv":[14.6875,9.1875,14.722656,9.28125],"rotation":0,"texture":"#2","tintindex":0},"up":{"uv":[14.8203125,13.285156,14.75,13.25],"rotation":0,"texture":"#2","tintindex":0},"down":{"uv":[14.8203125,13.3125,14.75,13.347656],"rotation":0,"texture":"#2","tintindex":0}}},{"from":[7.3765626,6.631566,2.7580357],"to":[8.642187,8.00266,3.074442],"rotation":{"angle":0.0,"axis":"y","origin":[8.009375,7.475316,3.6017857]},"faces":{"east":{"uv":[12.5625,14.4375,12.597656,14.5859375],"rotation":0,"texture":"#2","tintindex":0},"south":{"uv":[8.75,13.4375,8.886719,13.5859375],"rotation":0,"texture":"#2","tintindex":0},"north":{"uv":[13.4375,8.25,13.574219,8.3984375],"rotation":0,"texture":"#2","tintindex":0},"west":{"uv":[12.625,14.4375,12.660156,14.5859375],"rotation":0,"texture":"#2","tintindex":0},"up":{"uv":[14.699219,1.7851562,14.5625,1.75],"rotation":0,"texture":"#2","tintindex":0},"down":{"uv":[14.699219,1.8125,14.5625,1.8476562],"rotation":0,"texture":"#2","tintindex":0}}}],"display":{"head":{"translation":[0.0,-6.4,0.0],"scale":[4.0,4.0,4.0]}}}