{"textures":{"2":"modelengine:entity/pillars"},"elements":[{"from":[7.5232143,7.257366,7.517857],"to":[8.4875,8.522991,8.482142],"rotation":{"angle":0.0,"axis":"y","origin":[8.005357,7.739509,8.0]},"faces":{"east":{"uv":[2.625,13.6875,2.7304688,13.824219],"rotation":0,"texture":"#2","tintindex":0},"south":{"uv":[13.6875,2.6875,13.792969,2.8242188],"rotation":0,"texture":"#2","tintindex":0},"north":{"uv":[13.6875,2.5,13.792969,2.6367188],"rotation":0,"texture":"#2","tintindex":0},"west":{"uv":[2.75,13.6875,2.8554688,13.824219],"rotation":0,"texture":"#2","tintindex":0},"up":{"uv":[14.105469,10.605469,14.0,10.5],"rotation":0,"texture":"#2","tintindex":0},"down":{"uv":[14.105469,10.625,14.0,10.730469],"rotation":0,"texture":"#2","tintindex":0}}},{"from":[7.3424106,7.257366,7.638393],"to":[7.5232143,8.040848,8.361608],"rotation":{"angle":0.0,"axis":"y","origin":[7.4629464,7.649107,8.0]},"faces":{"east":{"uv":[3.9375,14.1875,4.015625,14.2734375],"rotation":0,"texture":"#2","tintindex":0},"south":{"uv":[14.875,9.25,14.894531,9.3359375],"rotation":0,"texture":"#2","tintindex":0},"north":{"uv":[14.875,9.125,14.894531,9.2109375],"rotation":0,"texture":"#2","tintindex":0},"west":{"uv":[4.0625,14.1875,4.140625,14.2734375],"rotation":0,"texture":"#2","tintindex":0},"up":{"uv":[14.957031,5.078125,14.9375,5.0],"rotation":0,"texture":"#2","tintindex":0},"down":{"uv":[5.1445312,14.9375,5.125,15.015625],"rotation":0,"texture":"#2","tintindex":0}}},{"from":[7.3424106,8.040848,7.819196],"to":[7.5232143,8.522991,8.180803],"rotation":{"angle":0.0,"axis":"y","origin":[7.4629464,8.2819195,8.0]},"faces":{"east":{"uv":[11.5,14.8125,11.5390625,14.8671875],"rotation":0,"texture":"#2","tintindex":0},"south":{"uv":[15.0625,4.4375,15.082031,4.4921875],"rotation":0,"texture":"#2","tintindex":0},"north":{"uv":[4.4375,15.0625,4.4570312,15.1171875],"rotation":0,"texture":"#2","tintindex":0},"west":{"uv":[14.8125,11.5,14.8515625,11.5546875],"rotation":0,"texture":"#2","tintindex":0},"up":{"uv":[15.144531,11.1640625,15.125,11.125],"rotation":0,"texture":"#2","tintindex":0},"down":{"uv":[11.207031,15.125,11.1875,15.1640625],"rotation":0,"texture":"#2","tintindex":0}}},{"from":[8.4875,7.257366,7.758929],"to":[8.608036,8.040848,8.241072],"rotation":{"angle":0.0,"axis":"y","origin":[8.547768,7.649107,8.0]},"faces":{"east":{"uv":[5.4375,14.5625,5.4921875,14.6484375],"rotation":0,"texture":"#2","tintindex":0},"south":{"uv":[15.0625,6.75,15.074219,6.8359375],"rotation":0,"texture":"#2","tintindex":0},"north":{"uv":[15.0625,6.625,15.074219,6.7109375],"rotation":0,"texture":"#2","tintindex":0},"west":{"uv":[14.5625,5.4375,14.6171875,5.5234375],"rotation":0,"texture":"#2","tintindex":0},"up":{"uv":[9.324219,15.2421875,9.3125,15.1875],"rotation":0,"texture":"#2","tintindex":0},"down":{"uv":[15.199219,9.3125,15.1875,9.3671875],"rotation":0,"texture":"#2","tintindex":0}}},{"from":[8.4875,8.040848,7.879464],"to":[8.608036,8.522991,8.120536],"rotation":{"angle":0.0,"axis":"y","origin":[8.547768,8.2819195,8.0]},"faces":{"east":{"uv":[0.5,15.0,0.52734375,15.0546875],"rotation":0,"texture":"#2","tintindex":0},"south":{"uv":[15.1875,9.375,15.199219,9.4296875],"rotation":0,"texture":"#2","tintindex":0},"north":{"uv":[9.375,15.1875,9.386719,15.2421875],"rotation":0,"texture":"#2","tintindex":0},"west":{"uv":[15.0,0.5,15.027344,0.5546875],"rotation":0,"texture":"#2","tintindex":0},"up":{"uv":[15.324219,7.9648438,15.3125,7.9375],"rotation":0,"texture":"#2","tintindex":0},"down":{"uv":[8.011719,15.3125,8.0,15.339844],"rotation":0,"texture":"#2","tintindex":0}}},{"from":[7.64375,7.257366,7.3370533],"to":[8.366964,8.040848,7.517857],"rotation":{"angle":0.0,"axis":"y","origin":[8.005357,7.739509,7.819196]},"faces":{"east":{"uv":[14.875,9.375,14.894531,9.4609375],"rotation":0,"texture":"#2","tintindex":0},"south":{"uv":[4.1875,14.1875,4.265625,14.2734375],"rotation":0,"texture":"#2","tintindex":0},"north":{"uv":[14.1875,4.125,14.265625,4.2109375],"rotation":0,"texture":"#2","tintindex":0},"west":{"uv":[14.875,9.5,14.894531,9.5859375],"rotation":0,"texture":"#2","tintindex":0},"up":{"uv":[15.015625,5.1445312,14.9375,5.125],"rotation":0,"texture":"#2","tintindex":0},"down":{"uv":[15.015625,5.1875,14.9375,5.2070312],"rotation":0,"texture":"#2","tintindex":0}}},{"from":[7.83058,8.040848,7.3370533],"to":[8.192187,8.522991,7.517857],"rotation":{"angle":0.0,"axis":"y","origin":[8.041518,8.2819195,7.4274554]},"faces":{"east":{"uv":[4.5,15.0625,4.5195312,15.1171875],"rotation":0,"texture":"#2","tintindex":0},"south":{"uv":[11.6875,14.8125,11.7265625,14.8671875],"rotation":0,"texture":"#2","tintindex":0},"north":{"uv":[11.625,14.8125,11.6640625,14.8671875],"rotation":0,"texture":"#2","tintindex":0},"west":{"uv":[15.0625,4.5,15.082031,4.5546875],"rotation":0,"texture":"#2","tintindex":0},"up":{"uv":[15.1640625,11.207031,15.125,11.1875],"rotation":0,"texture":"#2","tintindex":0},"down":{"uv":[11.2890625,15.125,11.25,15.144531],"rotation":0,"texture":"#2","tintindex":0}}},{"from":[7.83058,8.040848,8.482142],"to":[8.192187,8.522991,8.662947],"rotation":{"angle":0.0,"axis":"y","origin":[8.041518,8.2819195,8.572545]},"faces":{"east":{"uv":[4.5625,15.0625,4.5820312,15.1171875],"rotation":0,"texture":"#2","tintindex":0},"south":{"uv":[14.8125,11.8125,14.8515625,11.8671875],"rotation":0,"texture":"#2","tintindex":0},"north":{"uv":[11.75,14.8125,11.7890625,14.8671875],"rotation":0,"texture":"#2","tintindex":0},"west":{"uv":[15.0625,4.5625,15.082031,4.6171875],"rotation":0,"texture":"#2","tintindex":0},"up":{"uv":[15.1640625,11.269531,15.125,11.25],"rotation":0,"texture":"#2","tintindex":0},"down":{"uv":[11.3515625,15.125,11.3125,15.144531],"rotation":0,"texture":"#2","tintindex":0}}},{"from":[7.64375,7.257366,8.482142],"to":[8.366964,8.040848,8.662947],"rotation":{"angle":0.0,"axis":"y","origin":[8.005357,7.739509,8.964286]},"faces":{"east":{"uv":[9.625,14.875,9.644531,14.9609375],"rotation":0,"texture":"#2","tintindex":0},"south":{"uv":[14.1875,5.6875,14.265625,5.7734375],"rotation":0,"texture":"#2","tintindex":0},"north":{"uv":[14.1875,5.25,14.265625,5.3359375],"rotation":0,"texture":"#2","tintindex":0},"west":{"uv":[14.875,9.625,14.894531,9.7109375],"rotation":0,"texture":"#2","tintindex":0},"up":{"uv":[15.015625,5.2695312,14.9375,5.25],"rotation":0,"texture":"#2","tintindex":0},"down":{"uv":[15.015625,5.3125,14.9375,5.3320312],"rotation":0,"texture":"#2","tintindex":0}}}],"display":{"head":{"translation":[0.0,-6.4,0.0],"scale":[4.0,4.0,4.0]}}}