{"textures":{"2":"modelengine:entity/pillars"},"elements":[{"from":[7.6821427,7.5908356,2.1249995],"to":[8.325,8.434586,2.767857],"rotation":{"angle":0.0,"axis":"y","origin":[8.0035715,7.9122643,2.4464283]},"faces":{"east":{"uv":[9.9375,14.3125,10.0078125,14.40625],"rotation":0,"texture":"#2","tintindex":0},"south":{"uv":[10.0625,14.3125,10.1328125,14.40625],"rotation":0,"texture":"#2","tintindex":0},"north":{"uv":[9.8125,14.3125,9.8828125,14.40625],"rotation":0,"texture":"#2","tintindex":0},"west":{"uv":[10.1875,14.3125,10.2578125,14.40625],"rotation":0,"texture":"#2","tintindex":0},"up":{"uv":[14.6328125,0.0703125,14.5625,0.0],"rotation":0,"texture":"#2","tintindex":0},"down":{"uv":[0.1953125,14.5625,0.125,14.6328125],"rotation":0,"texture":"#2","tintindex":0}}},{"from":[7.5616074,7.5908356,2.205357],"to":[7.6821427,8.113157,2.6875],"rotation":{"angle":0.0,"axis":"y","origin":[7.6419644,7.8519964,2.4464283]},"faces":{"east":{"uv":[14.625,10.8125,14.6796875,10.871094],"rotation":0,"texture":"#2","tintindex":0},"south":{"uv":[5.6875,15.1875,5.6992188,15.246094],"rotation":0,"texture":"#2","tintindex":0},"north":{"uv":[15.1875,5.625,15.199219,5.6835938],"rotation":0,"texture":"#2","tintindex":0},"west":{"uv":[3.5,14.75,3.5546875,14.808594],"rotation":0,"texture":"#2","tintindex":0},"up":{"uv":[15.199219,12.8046875,15.1875,12.75],"rotation":0,"texture":"#2","tintindex":0},"down":{"uv":[12.824219,15.1875,12.8125,15.2421875],"rotation":0,"texture":"#2","tintindex":0}}},{"from":[7.5616074,8.113157,2.3258924],"to":[7.6821427,8.434586,2.5669641],"rotation":{"angle":0.0,"axis":"y","origin":[7.6419644,8.273871,2.4464283]},"faces":{"east":{"uv":[15.125,2.375,15.152344,2.4101562],"rotation":0,"texture":"#2","tintindex":0},"south":{"uv":[5.3125,15.3125,5.3242188,15.347656],"rotation":0,"texture":"#2","tintindex":0},"north":{"uv":[15.3125,5.25,15.324219,5.2851562],"rotation":0,"texture":"#2","tintindex":0},"west":{"uv":[2.4375,15.125,2.4648438,15.160156],"rotation":0,"texture":"#2","tintindex":0},"up":{"uv":[15.324219,14.339844,15.3125,14.3125],"rotation":0,"texture":"#2","tintindex":0},"down":{"uv":[14.386719,15.3125,14.375,15.339844],"rotation":0,"texture":"#2","tintindex":0}}},{"from":[8.325,7.5908356,2.2857141],"to":[8.405357,8.113157,2.6071424],"rotation":{"angle":0.0,"axis":"y","origin":[8.365179,7.8519964,2.4464283]},"faces":{"east":{"uv":[14.8125,14.75,14.847656,14.808594],"rotation":0,"texture":"#2","tintindex":0},"south":{"uv":[1.3125,15.3125,1.3203125,15.371094],"rotation":0,"texture":"#2","tintindex":0},"north":{"uv":[15.3125,1.25,15.3203125,1.3085938],"rotation":0,"texture":"#2","tintindex":0},"west":{"uv":[14.8125,14.8125,14.847656,14.871094],"rotation":0,"texture":"#2","tintindex":0},"up":{"uv":[8.0078125,15.410156,8.0,15.375],"rotation":0,"texture":"#2","tintindex":0},"down":{"uv":[15.3828125,8.0,15.375,8.035156],"rotation":0,"texture":"#2","tintindex":0}}},{"from":[8.325,8.113157,2.3660712],"to":[8.405357,8.434586,2.5267854],"rotation":{"angle":0.0,"axis":"y","origin":[8.365179,8.273871,2.4464283]},"faces":{"east":{"uv":[15.1875,5.6875,15.207031,5.7226562],"rotation":0,"texture":"#2","tintindex":0},"south":{"uv":[15.375,8.0625,15.3828125,8.097656],"rotation":0,"texture":"#2","tintindex":0},"north":{"uv":[8.0625,15.375,8.0703125,15.410156],"rotation":0,"texture":"#2","tintindex":0},"west":{"uv":[15.1875,5.75,15.207031,5.7851562],"rotation":0,"texture":"#2","tintindex":0},"up":{"uv":[15.4453125,12.707031,15.4375,12.6875],"rotation":0,"texture":"#2","tintindex":0},"down":{"uv":[12.7578125,15.4375,12.75,15.457031],"rotation":0,"texture":"#2","tintindex":0}}},{"from":[7.7625,7.5908356,2.0044641],"to":[8.244643,8.113157,2.1249995],"rotation":{"angle":0.0,"axis":"y","origin":[8.0035715,7.9122643,2.3258924]},"faces":{"east":{"uv":[5.8125,15.1875,5.8242188,15.246094],"rotation":0,"texture":"#2","tintindex":0},"south":{"uv":[3.5625,14.75,3.6171875,14.808594],"rotation":0,"texture":"#2","tintindex":0},"north":{"uv":[14.75,3.5,14.8046875,3.5585938],"rotation":0,"texture":"#2","tintindex":0},"west":{"uv":[15.1875,5.8125,15.199219,5.8710938],"rotation":0,"texture":"#2","tintindex":0},"up":{"uv":[15.2421875,12.824219,15.1875,12.8125],"rotation":0,"texture":"#2","tintindex":0},"down":{"uv":[12.9296875,15.1875,12.875,15.199219],"rotation":0,"texture":"#2","tintindex":0}}},{"from":[7.8870535,8.113157,2.0044641],"to":[8.128125,8.434586,2.1249995],"rotation":{"angle":0.0,"axis":"y","origin":[8.0276785,8.273871,2.064732]},"faces":{"east":{"uv":[15.3125,5.3125,15.324219,5.3476562],"rotation":0,"texture":"#2","tintindex":0},"south":{"uv":[2.5,15.125,2.5273438,15.160156],"rotation":0,"texture":"#2","tintindex":0},"north":{"uv":[15.125,2.4375,15.152344,2.4726562],"rotation":0,"texture":"#2","tintindex":0},"west":{"uv":[5.375,15.3125,5.3867188,15.347656],"rotation":0,"texture":"#2","tintindex":0},"up":{"uv":[15.339844,14.386719,15.3125,14.375],"rotation":0,"texture":"#2","tintindex":0},"down":{"uv":[14.464844,15.3125,14.4375,15.324219],"rotation":0,"texture":"#2","tintindex":0}}},{"from":[7.8870535,8.113157,2.767857],"to":[8.128125,8.434586,2.8883924],"rotation":{"angle":0.0,"axis":"y","origin":[8.0276785,8.273871,2.828125]},"faces":{"east":{"uv":[15.3125,5.375,15.324219,5.4101562],"rotation":0,"texture":"#2","tintindex":0},"south":{"uv":[2.5625,15.125,2.5898438,15.160156],"rotation":0,"texture":"#2","tintindex":0},"north":{"uv":[15.125,2.5,15.152344,2.5351562],"rotation":0,"texture":"#2","tintindex":0},"west":{"uv":[5.4375,15.3125,5.4492188,15.347656],"rotation":0,"texture":"#2","tintindex":0},"up":{"uv":[15.339844,14.449219,15.3125,14.4375],"rotation":0,"texture":"#2","tintindex":0},"down":{"uv":[14.527344,15.3125,14.5,15.324219],"rotation":0,"texture":"#2","tintindex":0}}},{"from":[7.7625,7.5908356,2.767857],"to":[8.244643,8.113157,2.8883924],"rotation":{"angle":0.0,"axis":"y","origin":[8.0035715,7.9122643,3.0892854]},"faces":{"east":{"uv":[5.875,15.1875,5.8867188,15.246094],"rotation":0,"texture":"#2","tintindex":0},"south":{"uv":[3.625,14.75,3.6796875,14.808594],"rotation":0,"texture":"#2","tintindex":0},"north":{"uv":[14.75,3.5625,14.8046875,3.6210938],"rotation":0,"texture":"#2","tintindex":0},"west":{"uv":[15.1875,5.875,15.199219,5.9335938],"rotation":0,"texture":"#2","tintindex":0},"up":{"uv":[15.2421875,12.886719,15.1875,12.875],"rotation":0,"texture":"#2","tintindex":0},"down":{"uv":[12.9921875,15.1875,12.9375,15.199219],"rotation":0,"texture":"#2","tintindex":0}}}],"display":{"head":{"translation":[0.0,-6.4,0.0],"scale":[4.0,4.0,4.0]}}}