{"textures":{"2":"modelengine:entity/pillars"},"elements":[{"from":[7.761607,7.6860366,2.205357],"to":[8.24375,8.31885,2.6875],"rotation":{"angle":0.0,"axis":"y","origin":[8.002679,7.9271083,2.4464283]},"faces":{"east":{"uv":[14.625,14.375,14.6796875,14.4453125],"rotation":0,"texture":"#2","tintindex":0},"south":{"uv":[14.4375,14.625,14.4921875,14.6953125],"rotation":0,"texture":"#2","tintindex":0},"north":{"uv":[14.375,14.625,14.4296875,14.6953125],"rotation":0,"texture":"#2","tintindex":0},"west":{"uv":[14.5,14.625,14.5546875,14.6953125],"rotation":0,"texture":"#2","tintindex":0},"up":{"uv":[14.8046875,9.3046875,14.75,9.25],"rotation":0,"texture":"#2","tintindex":0},"down":{"uv":[9.3671875,14.75,9.3125,14.8046875],"rotation":0,"texture":"#2","tintindex":0}}},{"from":[7.6712055,7.6860366,2.2656245],"to":[7.761607,8.077778,2.627232],"rotation":{"angle":0.0,"axis":"y","origin":[7.731473,7.8819075,2.4464283]},"faces":{"east":{"uv":[14.875,14.6875,14.9140625,14.730469],"rotation":0,"texture":"#2","tintindex":0},"south":{"uv":[15.25,10.3125,15.261719,10.355469],"rotation":0,"texture":"#2","tintindex":0},"north":{"uv":[10.3125,15.25,10.324219,15.292969],"rotation":0,"texture":"#2","tintindex":0},"west":{"uv":[14.75,14.875,14.7890625,14.917969],"rotation":0,"texture":"#2","tintindex":0},"up":{"uv":[15.324219,1.6015625,15.3125,1.5625],"rotation":0,"texture":"#2","tintindex":0},"down":{"uv":[1.6367188,15.3125,1.625,15.3515625],"rotation":0,"texture":"#2","tintindex":0}}},{"from":[7.6712055,8.077778,2.3560266],"to":[7.761607,8.31885,2.53683],"rotation":{"angle":0.0,"axis":"y","origin":[7.731473,8.198314,2.4464283]},"faces":{"east":{"uv":[6.5625,15.25,6.5820312,15.277344],"rotation":0,"texture":"#2","tintindex":0},"south":{"uv":[15.0,15.3125,15.011719,15.339844],"rotation":0,"texture":"#2","tintindex":0},"north":{"uv":[15.3125,14.9375,15.324219,14.964844],"rotation":0,"texture":"#2","tintindex":0},"west":{"uv":[15.25,6.5625,15.269531,6.5898438],"rotation":0,"texture":"#2","tintindex":0},"up":{"uv":[15.449219,5.5820312,15.4375,5.5625],"rotation":0,"texture":"#2","tintindex":0},"down":{"uv":[5.6367188,15.4375,5.625,15.457031],"rotation":0,"texture":"#2","tintindex":0}}},{"from":[8.24375,7.6860366,2.3258924],"to":[8.304018,8.077778,2.5669641],"rotation":{"angle":0.0,"axis":"y","origin":[8.273884,7.8819075,2.4464283]},"faces":{"east":{"uv":[1.3125,15.0625,1.3398438,15.105469],"rotation":0,"texture":"#2","tintindex":0},"south":{"uv":[7.5625,15.3125,7.5703125,15.355469],"rotation":0,"texture":"#2","tintindex":0},"north":{"uv":[15.3125,7.5,15.3203125,7.5429688],"rotation":0,"texture":"#2","tintindex":0},"west":{"uv":[15.0625,1.3125,15.089844,1.3554688],"rotation":0,"texture":"#2","tintindex":0},"up":{"uv":[15.4453125,8.652344,15.4375,8.625],"rotation":0,"texture":"#2","tintindex":0},"down":{"uv":[8.6953125,15.4375,8.6875,15.464844],"rotation":0,"texture":"#2","tintindex":0}}},{"from":[8.24375,8.077778,2.3861604],"to":[8.304018,8.31885,2.5066962],"rotation":{"angle":0.0,"axis":"y","origin":[8.273884,8.198314,2.4464283]},"faces":{"east":{"uv":[15.3125,15.0,15.324219,15.027344],"rotation":0,"texture":"#2","tintindex":0},"south":{"uv":[8.75,15.4375,8.7578125,15.464844],"rotation":0,"texture":"#2","tintindex":0},"north":{"uv":[15.4375,8.6875,15.4453125,8.714844],"rotation":0,"texture":"#2","tintindex":0},"west":{"uv":[15.0625,15.3125,15.074219,15.339844],"rotation":0,"texture":"#2","tintindex":0},"up":{"uv":[4.7578125,15.511719,4.75,15.5],"rotation":0,"texture":"#2","tintindex":0},"down":{"uv":[15.5078125,4.75,15.5,4.7617188],"rotation":0,"texture":"#2","tintindex":0}}},{"from":[7.821875,7.6860366,2.114955],"to":[8.183482,8.077778,2.205357],"rotation":{"angle":0.0,"axis":"y","origin":[8.002679,7.9271083,2.3560266]},"faces":{"east":{"uv":[10.375,15.25,10.386719,15.292969],"rotation":0,"texture":"#2","tintindex":0},"south":{"uv":[14.8125,14.875,14.8515625,14.917969],"rotation":0,"texture":"#2","tintindex":0},"north":{"uv":[14.875,14.75,14.9140625,14.792969],"rotation":0,"texture":"#2","tintindex":0},"west":{"uv":[15.25,10.375,15.261719,10.417969],"rotation":0,"texture":"#2","tintindex":0},"up":{"uv":[15.3515625,1.6367188,15.3125,1.625],"rotation":0,"texture":"#2","tintindex":0},"down":{"uv":[1.7265625,15.3125,1.6875,15.324219],"rotation":0,"texture":"#2","tintindex":0}}},{"from":[7.9152904,8.077778,2.114955],"to":[8.096094,8.31885,2.205357],"rotation":{"angle":0.0,"axis":"y","origin":[8.020759,8.198314,2.1601558]},"faces":{"east":{"uv":[15.3125,15.0625,15.324219,15.089844],"rotation":0,"texture":"#2","tintindex":0},"south":{"uv":[15.25,6.625,15.269531,6.6523438],"rotation":0,"texture":"#2","tintindex":0},"north":{"uv":[6.625,15.25,6.6445312,15.277344],"rotation":0,"texture":"#2","tintindex":0},"west":{"uv":[15.125,15.3125,15.136719,15.339844],"rotation":0,"texture":"#2","tintindex":0},"up":{"uv":[15.457031,5.6367188,15.4375,5.625],"rotation":0,"texture":"#2","tintindex":0},"down":{"uv":[5.7070312,15.4375,5.6875,15.449219],"rotation":0,"texture":"#2","tintindex":0}}},{"from":[7.9152904,8.077778,2.6875],"to":[8.096094,8.31885,2.7779016],"rotation":{"angle":0.0,"axis":"y","origin":[8.020759,8.198314,2.7327008]},"faces":{"east":{"uv":[15.3125,15.125,15.324219,15.152344],"rotation":0,"texture":"#2","tintindex":0},"south":{"uv":[15.25,6.6875,15.269531,6.7148438],"rotation":0,"texture":"#2","tintindex":0},"north":{"uv":[6.6875,15.25,6.7070312,15.277344],"rotation":0,"texture":"#2","tintindex":0},"west":{"uv":[15.1875,15.3125,15.199219,15.339844],"rotation":0,"texture":"#2","tintindex":0},"up":{"uv":[15.457031,5.6992188,15.4375,5.6875],"rotation":0,"texture":"#2","tintindex":0},"down":{"uv":[5.7695312,15.4375,5.75,15.449219],"rotation":0,"texture":"#2","tintindex":0}}},{"from":[7.821875,7.6860366,2.6875],"to":[8.183482,8.077778,2.7779016],"rotation":{"angle":0.0,"axis":"y","origin":[8.002679,7.9271083,2.9285712]},"faces":{"east":{"uv":[10.4375,15.25,10.449219,15.292969],"rotation":0,"texture":"#2","tintindex":0},"south":{"uv":[14.875,14.875,14.9140625,14.917969],"rotation":0,"texture":"#2","tintindex":0},"north":{"uv":[14.875,14.8125,14.9140625,14.855469],"rotation":0,"texture":"#2","tintindex":0},"west":{"uv":[15.25,10.4375,15.261719,10.480469],"rotation":0,"texture":"#2","tintindex":0},"up":{"uv":[15.3515625,1.6992188,15.3125,1.6875],"rotation":0,"texture":"#2","tintindex":0},"down":{"uv":[1.7890625,15.3125,1.75,15.324219],"rotation":0,"texture":"#2","tintindex":0}}}],"display":{"head":{"translation":[0.0,-6.4,0.0],"scale":[4.0,4.0,4.0]}}}