{"textures":{"2":"modelengine:entity/pillars"},"elements":[{"from":[7.5761905,7.43533,2.017857],"to":[8.433333,8.560329,2.875],"rotation":{"angle":0.0,"axis":"y","origin":[8.004762,7.863901,2.4464283]},"faces":{"east":{"uv":[14.0,2.375,14.09375,2.5],"rotation":0,"texture":"#2","tintindex":0},"south":{"uv":[2.5,14.0,2.59375,14.125],"rotation":0,"texture":"#2","tintindex":0},"north":{"uv":[2.375,14.0,2.46875,14.125],"rotation":0,"texture":"#2","tintindex":0},"west":{"uv":[2.625,14.0,2.71875,14.125],"rotation":0,"texture":"#2","tintindex":0},"up":{"uv":[14.15625,12.53125,14.0625,12.4375],"rotation":0,"texture":"#2","tintindex":0},"down":{"uv":[12.65625,14.0625,12.5625,14.15625],"rotation":0,"texture":"#2","tintindex":0}}},{"from":[7.4154763,7.43533,2.1249995],"to":[7.5761905,8.131759,2.767857],"rotation":{"angle":0.0,"axis":"y","origin":[7.5226192,7.783544,2.4464283]},"faces":{"east":{"uv":[1.75,14.4375,1.8203125,14.515625],"rotation":0,"texture":"#2","tintindex":0},"south":{"uv":[14.9375,11.125,14.957031,11.203125],"rotation":0,"texture":"#2","tintindex":0},"north":{"uv":[14.9375,11.0,14.957031,11.078125],"rotation":0,"texture":"#2","tintindex":0},"west":{"uv":[14.4375,1.75,14.5078125,1.828125],"rotation":0,"texture":"#2","tintindex":0},"up":{"uv":[15.019531,10.0703125,15.0,10.0],"rotation":0,"texture":"#2","tintindex":0},"down":{"uv":[15.019531,10.125,15.0,10.1953125],"rotation":0,"texture":"#2","tintindex":0}}},{"from":[7.4154763,8.131759,2.2857141],"to":[7.5761905,8.560329,2.6071424],"rotation":{"angle":0.0,"axis":"y","origin":[7.5226192,8.346045,2.4464283]},"faces":{"east":{"uv":[2.4375,14.9375,2.4726562,14.984375],"rotation":0,"texture":"#2","tintindex":0},"south":{"uv":[7.6875,15.125,7.7070312,15.171875],"rotation":0,"texture":"#2","tintindex":0},"north":{"uv":[15.125,7.625,15.144531,7.671875],"rotation":0,"texture":"#2","tintindex":0},"west":{"uv":[14.9375,2.4375,14.972656,2.484375],"rotation":0,"texture":"#2","tintindex":0},"up":{"uv":[4.0820312,15.222656,4.0625,15.1875],"rotation":0,"texture":"#2","tintindex":0},"down":{"uv":[15.207031,4.0625,15.1875,4.0976562],"rotation":0,"texture":"#2","tintindex":0}}},{"from":[8.433333,7.43533,2.2321424],"to":[8.540476,8.131759,2.6607141],"rotation":{"angle":0.0,"axis":"y","origin":[8.486905,7.783544,2.4464283]},"faces":{"east":{"uv":[1.375,14.6875,1.421875,14.765625],"rotation":0,"texture":"#2","tintindex":0},"south":{"uv":[7.8125,15.125,7.8242188,15.203125],"rotation":0,"texture":"#2","tintindex":0},"north":{"uv":[15.125,7.6875,15.136719,7.765625],"rotation":0,"texture":"#2","tintindex":0},"west":{"uv":[1.4375,14.6875,1.484375,14.765625],"rotation":0,"texture":"#2","tintindex":0},"up":{"uv":[2.3867188,15.296875,2.375,15.25],"rotation":0,"texture":"#2","tintindex":0},"down":{"uv":[15.261719,2.375,15.25,2.421875],"rotation":0,"texture":"#2","tintindex":0}}},{"from":[8.433333,8.131759,2.3392854],"to":[8.540476,8.560329,2.5535712],"rotation":{"angle":0.0,"axis":"y","origin":[8.486905,8.346045,2.4464283]},"faces":{"east":{"uv":[3.375,15.0625,3.3984375,15.109375],"rotation":0,"texture":"#2","tintindex":0},"south":{"uv":[15.25,2.4375,15.261719,2.484375],"rotation":0,"texture":"#2","tintindex":0},"north":{"uv":[2.4375,15.25,2.4492188,15.296875],"rotation":0,"texture":"#2","tintindex":0},"west":{"uv":[15.0625,3.375,15.0859375,3.421875],"rotation":0,"texture":"#2","tintindex":0},"up":{"uv":[7.3867188,15.3984375,7.375,15.375],"rotation":0,"texture":"#2","tintindex":0},"down":{"uv":[15.386719,7.375,15.375,7.3984375],"rotation":0,"texture":"#2","tintindex":0}}},{"from":[7.6833334,7.43533,1.8571424],"to":[8.326191,8.131759,2.017857],"rotation":{"angle":0.0,"axis":"y","origin":[8.004762,7.863901,2.2857141]},"faces":{"east":{"uv":[14.9375,11.25,14.957031,11.328125],"rotation":0,"texture":"#2","tintindex":0},"south":{"uv":[14.4375,2.0,14.5078125,2.078125],"rotation":0,"texture":"#2","tintindex":0},"north":{"uv":[14.4375,1.875,14.5078125,1.953125],"rotation":0,"texture":"#2","tintindex":0},"west":{"uv":[14.9375,11.375,14.957031,11.453125],"rotation":0,"texture":"#2","tintindex":0},"up":{"uv":[10.3203125,15.019531,10.25,15.0],"rotation":0,"texture":"#2","tintindex":0},"down":{"uv":[15.0703125,10.25,15.0,10.269531],"rotation":0,"texture":"#2","tintindex":0}}},{"from":[7.849405,8.131759,1.8571424],"to":[8.170834,8.560329,2.017857],"rotation":{"angle":0.0,"axis":"y","origin":[8.036904,8.346045,1.9374995]},"faces":{"east":{"uv":[15.125,7.8125,15.144531,7.859375],"rotation":0,"texture":"#2","tintindex":0},"south":{"uv":[14.9375,2.5,14.972656,2.546875],"rotation":0,"texture":"#2","tintindex":0},"north":{"uv":[2.5,14.9375,2.5351562,14.984375],"rotation":0,"texture":"#2","tintindex":0},"west":{"uv":[7.875,15.125,7.8945312,15.171875],"rotation":0,"texture":"#2","tintindex":0},"up":{"uv":[4.1601562,15.207031,4.125,15.1875],"rotation":0,"texture":"#2","tintindex":0},"down":{"uv":[15.222656,4.125,15.1875,4.1445312],"rotation":0,"texture":"#2","tintindex":0}}},{"from":[7.849405,8.131759,2.875],"to":[8.170834,8.560329,3.0357141],"rotation":{"angle":0.0,"axis":"y","origin":[8.036904,8.346045,2.955357]},"faces":{"east":{"uv":[15.125,7.875,15.144531,7.921875],"rotation":0,"texture":"#2","tintindex":0},"south":{"uv":[14.9375,2.5625,14.972656,2.609375],"rotation":0,"texture":"#2","tintindex":0},"north":{"uv":[2.5625,14.9375,2.5976562,14.984375],"rotation":0,"texture":"#2","tintindex":0},"west":{"uv":[7.9375,15.125,7.9570312,15.171875],"rotation":0,"texture":"#2","tintindex":0},"up":{"uv":[4.2226562,15.207031,4.1875,15.1875],"rotation":0,"texture":"#2","tintindex":0},"down":{"uv":[15.222656,4.1875,15.1875,4.2070312],"rotation":0,"texture":"#2","tintindex":0}}},{"from":[7.6833334,7.43533,2.875],"to":[8.326191,8.131759,3.0357141],"rotation":{"angle":0.0,"axis":"y","origin":[8.004762,7.863901,3.3035712]},"faces":{"east":{"uv":[14.9375,11.5,14.957031,11.578125],"rotation":0,"texture":"#2","tintindex":0},"south":{"uv":[14.4375,2.25,14.5078125,2.328125],"rotation":0,"texture":"#2","tintindex":0},"north":{"uv":[14.4375,2.125,14.5078125,2.203125],"rotation":0,"texture":"#2","tintindex":0},"west":{"uv":[14.9375,11.625,14.957031,11.703125],"rotation":0,"texture":"#2","tintindex":0},"up":{"uv":[15.0703125,10.332031,15.0,10.3125],"rotation":0,"texture":"#2","tintindex":0},"down":{"uv":[15.0703125,10.375,15.0,10.394531],"rotation":0,"texture":"#2","tintindex":0}}}],"display":{"head":{"translation":[0.0,-6.4,0.0],"scale":[4.0,4.0,4.0]}}}