{"textures":{"2":"modelengine:entity/pillars"},"elements":[{"from":[7.761607,7.6860366,2.205357],"to":[8.24375,8.31885,2.6875],"rotation":{"angle":0.0,"axis":"y","origin":[8.002679,7.9271083,2.4464283]},"faces":{"east":{"uv":[12.5625,14.625,12.6171875,14.6953125],"rotation":0,"texture":"#2","tintindex":0},"south":{"uv":[12.625,14.625,12.6796875,14.6953125],"rotation":0,"texture":"#2","tintindex":0},"north":{"uv":[14.625,12.5,14.6796875,12.5703125],"rotation":0,"texture":"#2","tintindex":0},"west":{"uv":[14.625,12.625,14.6796875,12.6953125],"rotation":0,"texture":"#2","tintindex":0},"up":{"uv":[14.8046875,8.4921875,14.75,8.4375],"rotation":0,"texture":"#2","tintindex":0},"down":{"uv":[14.8046875,8.5,14.75,8.5546875],"rotation":0,"texture":"#2","tintindex":0}}},{"from":[7.6712055,7.6860366,2.2656245],"to":[7.761607,8.077778,2.627232],"rotation":{"angle":0.0,"axis":"y","origin":[7.731473,7.8819075,2.4464283]},"faces":{"east":{"uv":[14.875,12.8125,14.9140625,12.855469],"rotation":0,"texture":"#2","tintindex":0},"south":{"uv":[15.25,8.4375,15.261719,8.480469],"rotation":0,"texture":"#2","tintindex":0},"north":{"uv":[8.4375,15.25,8.449219,15.292969],"rotation":0,"texture":"#2","tintindex":0},"west":{"uv":[12.875,14.875,12.9140625,14.917969],"rotation":0,"texture":"#2","tintindex":0},"up":{"uv":[14.386719,15.2890625,14.375,15.25],"rotation":0,"texture":"#2","tintindex":0},"down":{"uv":[15.261719,14.375,15.25,14.4140625],"rotation":0,"texture":"#2","tintindex":0}}},{"from":[7.6712055,8.077778,2.3560266],"to":[7.761607,8.31885,2.53683],"rotation":{"angle":0.0,"axis":"y","origin":[7.731473,8.198314,2.4464283]},"faces":{"east":{"uv":[4.6875,15.25,4.7070312,15.277344],"rotation":0,"texture":"#2","tintindex":0},"south":{"uv":[10.625,15.3125,10.636719,15.339844],"rotation":0,"texture":"#2","tintindex":0},"north":{"uv":[15.3125,10.5625,15.324219,10.589844],"rotation":0,"texture":"#2","tintindex":0},"west":{"uv":[15.25,4.6875,15.269531,4.7148438],"rotation":0,"texture":"#2","tintindex":0},"up":{"uv":[15.449219,3.0820312,15.4375,3.0625],"rotation":0,"texture":"#2","tintindex":0},"down":{"uv":[3.1367188,15.4375,3.125,15.457031],"rotation":0,"texture":"#2","tintindex":0}}},{"from":[8.24375,7.6860366,2.3258924],"to":[8.304018,8.077778,2.5669641],"rotation":{"angle":0.0,"axis":"y","origin":[8.273884,7.8819075,2.4464283]},"faces":{"east":{"uv":[0.6875,15.0625,0.71484375,15.105469],"rotation":0,"texture":"#2","tintindex":0},"south":{"uv":[6.9375,15.3125,6.9453125,15.355469],"rotation":0,"texture":"#2","tintindex":0},"north":{"uv":[15.3125,6.875,15.3203125,6.9179688],"rotation":0,"texture":"#2","tintindex":0},"west":{"uv":[15.0625,0.6875,15.089844,0.73046875],"rotation":0,"texture":"#2","tintindex":0},"up":{"uv":[15.4453125,7.4023438,15.4375,7.375],"rotation":0,"texture":"#2","tintindex":0},"down":{"uv":[7.4453125,15.4375,7.4375,15.464844],"rotation":0,"texture":"#2","tintindex":0}}},{"from":[8.24375,8.077778,2.3861604],"to":[8.304018,8.31885,2.5066962],"rotation":{"angle":0.0,"axis":"y","origin":[8.273884,8.198314,2.4464283]},"faces":{"east":{"uv":[15.3125,10.625,15.324219,10.652344],"rotation":0,"texture":"#2","tintindex":0},"south":{"uv":[7.5,15.4375,7.5078125,15.464844],"rotation":0,"texture":"#2","tintindex":0},"north":{"uv":[15.4375,7.4375,15.4453125,7.4648438],"rotation":0,"texture":"#2","tintindex":0},"west":{"uv":[10.6875,15.3125,10.699219,15.339844],"rotation":0,"texture":"#2","tintindex":0},"up":{"uv":[4.1328125,15.511719,4.125,15.5],"rotation":0,"texture":"#2","tintindex":0},"down":{"uv":[15.5078125,4.125,15.5,4.1367188],"rotation":0,"texture":"#2","tintindex":0}}},{"from":[7.821875,7.6860366,2.114955],"to":[8.183482,8.077778,2.205357],"rotation":{"angle":0.0,"axis":"y","origin":[8.002679,7.9271083,2.3560266]},"faces":{"east":{"uv":[8.5,15.25,8.511719,15.292969],"rotation":0,"texture":"#2","tintindex":0},"south":{"uv":[12.9375,14.875,12.9765625,14.917969],"rotation":0,"texture":"#2","tintindex":0},"north":{"uv":[14.875,12.875,14.9140625,12.917969],"rotation":0,"texture":"#2","tintindex":0},"west":{"uv":[15.25,8.5,15.261719,8.542969],"rotation":0,"texture":"#2","tintindex":0},"up":{"uv":[14.4765625,15.261719,14.4375,15.25],"rotation":0,"texture":"#2","tintindex":0},"down":{"uv":[15.2890625,14.4375,15.25,14.449219],"rotation":0,"texture":"#2","tintindex":0}}},{"from":[7.9152904,8.077778,2.114955],"to":[8.096094,8.31885,2.205357],"rotation":{"angle":0.0,"axis":"y","origin":[8.020759,8.198314,2.1601558]},"faces":{"east":{"uv":[15.3125,10.6875,15.324219,10.714844],"rotation":0,"texture":"#2","tintindex":0},"south":{"uv":[15.25,4.75,15.269531,4.7773438],"rotation":0,"texture":"#2","tintindex":0},"north":{"uv":[4.75,15.25,4.7695312,15.277344],"rotation":0,"texture":"#2","tintindex":0},"west":{"uv":[10.75,15.3125,10.761719,15.339844],"rotation":0,"texture":"#2","tintindex":0},"up":{"uv":[15.457031,3.1367188,15.4375,3.125],"rotation":0,"texture":"#2","tintindex":0},"down":{"uv":[3.2070312,15.4375,3.1875,15.449219],"rotation":0,"texture":"#2","tintindex":0}}},{"from":[7.9152904,8.077778,2.6875],"to":[8.096094,8.31885,2.7779016],"rotation":{"angle":0.0,"axis":"y","origin":[8.020759,8.198314,2.7327008]},"faces":{"east":{"uv":[15.3125,10.75,15.324219,10.777344],"rotation":0,"texture":"#2","tintindex":0},"south":{"uv":[15.25,4.8125,15.269531,4.8398438],"rotation":0,"texture":"#2","tintindex":0},"north":{"uv":[4.8125,15.25,4.8320312,15.277344],"rotation":0,"texture":"#2","tintindex":0},"west":{"uv":[10.8125,15.3125,10.824219,15.339844],"rotation":0,"texture":"#2","tintindex":0},"up":{"uv":[15.457031,3.1992188,15.4375,3.1875],"rotation":0,"texture":"#2","tintindex":0},"down":{"uv":[3.2695312,15.4375,3.25,15.449219],"rotation":0,"texture":"#2","tintindex":0}}},{"from":[7.821875,7.6860366,2.6875],"to":[8.183482,8.077778,2.7779016],"rotation":{"angle":0.0,"axis":"y","origin":[8.002679,7.9271083,2.9285712]},"faces":{"east":{"uv":[8.5625,15.25,8.574219,15.292969],"rotation":0,"texture":"#2","tintindex":0},"south":{"uv":[13.0,14.875,13.0390625,14.917969],"rotation":0,"texture":"#2","tintindex":0},"north":{"uv":[14.875,12.9375,14.9140625,12.980469],"rotation":0,"texture":"#2","tintindex":0},"west":{"uv":[15.25,8.5625,15.261719,8.605469],"rotation":0,"texture":"#2","tintindex":0},"up":{"uv":[14.5390625,15.261719,14.5,15.25],"rotation":0,"texture":"#2","tintindex":0},"down":{"uv":[15.2890625,14.5,15.25,14.511719],"rotation":0,"texture":"#2","tintindex":0}}}],"display":{"head":{"translation":[0.0,-6.4,0.0],"scale":[4.0,4.0,4.0]}}}