{"textures":{"2":"modelengine:entity/pillars"},"elements":[{"from":[7.165625,6.631566,1.0705357],"to":[8.853125,8.84641,2.7580357],"rotation":{"angle":0.0,"axis":"y","origin":[8.009375,7.475316,1.9142857]},"faces":{"east":{"uv":[12.1875,7.3125,12.371094,7.5546875],"rotation":0,"texture":"#2","tintindex":0},"south":{"uv":[12.1875,7.5625,12.371094,7.8046875],"rotation":0,"texture":"#2","tintindex":0},"north":{"uv":[12.125,10.0625,12.308594,10.3046875],"rotation":0,"texture":"#2","tintindex":0},"west":{"uv":[12.1875,7.8125,12.371094,8.0546875],"rotation":0,"texture":"#2","tintindex":0},"up":{"uv":[12.871094,9.246094,12.6875,9.0625],"rotation":0,"texture":"#2","tintindex":0},"down":{"uv":[12.871094,9.25,12.6875,9.433594],"rotation":0,"texture":"#2","tintindex":0}}},{"from":[6.849219,6.631566,1.2814732],"to":[7.165625,8.00266,2.5470982],"rotation":{"angle":0.0,"axis":"y","origin":[7.0601563,7.317113,1.9142857]},"faces":{"east":{"uv":[6.125,13.4375,6.2617188,13.5859375],"rotation":0,"texture":"#2","tintindex":0},"south":{"uv":[12.125,14.4375,12.160156,14.5859375],"rotation":0,"texture":"#2","tintindex":0},"north":{"uv":[12.0625,14.4375,12.097656,14.5859375],"rotation":0,"texture":"#2","tintindex":0},"west":{"uv":[13.4375,6.125,13.574219,6.2734375],"rotation":0,"texture":"#2","tintindex":0},"up":{"uv":[13.222656,14.636719,13.1875,14.5],"rotation":0,"texture":"#2","tintindex":0},"down":{"uv":[0.28515625,14.5625,0.25,14.699219],"rotation":0,"texture":"#2","tintindex":0}}},{"from":[6.849219,8.00266,1.5978794],"to":[7.165625,8.84641,2.230692],"rotation":{"angle":0.0,"axis":"y","origin":[7.0601563,8.424535,1.9142857]},"faces":{"east":{"uv":[14.1875,13.9375,14.2578125,14.03125],"rotation":0,"texture":"#2","tintindex":0},"south":{"uv":[8.5625,14.6875,8.597656,14.78125],"rotation":0,"texture":"#2","tintindex":0},"north":{"uv":[8.5,14.6875,8.535156,14.78125],"rotation":0,"texture":"#2","tintindex":0},"west":{"uv":[14.0,14.1875,14.0703125,14.28125],"rotation":0,"texture":"#2","tintindex":0},"up":{"uv":[12.785156,14.8203125,12.75,14.75],"rotation":0,"texture":"#2","tintindex":0},"down":{"uv":[14.785156,12.75,14.75,12.8203125],"rotation":0,"texture":"#2","tintindex":0}}},{"from":[8.853125,6.631566,1.4924107],"to":[9.064062,8.00266,2.3361607],"rotation":{"angle":0.0,"axis":"y","origin":[8.958593,7.317113,1.9142857]},"faces":{"east":{"uv":[13.6875,10.6875,13.78125,10.8359375],"rotation":0,"texture":"#2","tintindex":0},"south":{"uv":[6.625,14.6875,6.6484375,14.8359375],"rotation":0,"texture":"#2","tintindex":0},"north":{"uv":[14.6875,6.5,14.7109375,6.6484375],"rotation":0,"texture":"#2","tintindex":0},"west":{"uv":[13.6875,10.875,13.78125,11.0234375],"rotation":0,"texture":"#2","tintindex":0},"up":{"uv":[6.2734375,14.90625,6.25,14.8125],"rotation":0,"texture":"#2","tintindex":0},"down":{"uv":[14.8359375,6.25,14.8125,6.34375],"rotation":0,"texture":"#2","tintindex":0}}},{"from":[8.853125,8.00266,1.7033482],"to":[9.064062,8.84641,2.1252232],"rotation":{"angle":0.0,"axis":"y","origin":[8.958593,8.424535,1.9142857]},"faces":{"east":{"uv":[14.5625,6.0625,14.609375,6.15625],"rotation":0,"texture":"#2","tintindex":0},"south":{"uv":[6.375,14.8125,6.3984375,14.90625],"rotation":0,"texture":"#2","tintindex":0},"north":{"uv":[6.3125,14.8125,6.3359375,14.90625],"rotation":0,"texture":"#2","tintindex":0},"west":{"uv":[6.125,14.5625,6.171875,14.65625],"rotation":0,"texture":"#2","tintindex":0},"up":{"uv":[1.6484375,15.109375,1.625,15.0625],"rotation":0,"texture":"#2","tintindex":0},"down":{"uv":[15.0859375,1.625,15.0625,1.671875],"rotation":0,"texture":"#2","tintindex":0}}},{"from":[7.3765626,6.631566,0.7541294],"to":[8.642187,8.00266,1.0705357],"rotation":{"angle":0.0,"axis":"y","origin":[8.009375,7.475316,1.5978794]},"faces":{"east":{"uv":[14.4375,12.125,14.472656,12.2734375],"rotation":0,"texture":"#2","tintindex":0},"south":{"uv":[13.4375,7.125,13.574219,7.2734375],"rotation":0,"texture":"#2","tintindex":0},"north":{"uv":[13.4375,6.9375,13.574219,7.0859375],"rotation":0,"texture":"#2","tintindex":0},"west":{"uv":[12.1875,14.4375,12.222656,14.5859375],"rotation":0,"texture":"#2","tintindex":0},"up":{"uv":[14.699219,1.4101562,14.5625,1.375],"rotation":0,"texture":"#2","tintindex":0},"down":{"uv":[14.699219,1.4375,14.5625,1.4726562],"rotation":0,"texture":"#2","tintindex":0}}},{"from":[7.7035155,8.00266,0.7541294],"to":[8.3363285,8.84641,1.0705357],"rotation":{"angle":0.0,"axis":"y","origin":[8.072657,8.424535,0.91233253]},"faces":{"east":{"uv":[14.6875,8.5625,14.722656,8.65625],"rotation":0,"texture":"#2","tintindex":0},"south":{"uv":[14.125,14.1875,14.1953125,14.28125],"rotation":0,"texture":"#2","tintindex":0},"north":{"uv":[14.1875,14.0625,14.2578125,14.15625],"rotation":0,"texture":"#2","tintindex":0},"west":{"uv":[8.625,14.6875,8.660156,14.78125],"rotation":0,"texture":"#2","tintindex":0},"up":{"uv":[12.9453125,14.785156,12.875,14.75],"rotation":0,"texture":"#2","tintindex":0},"down":{"uv":[14.8203125,12.875,14.75,12.910156],"rotation":0,"texture":"#2","tintindex":0}}},{"from":[7.7035155,8.00266,2.7580357],"to":[8.3363285,8.84641,3.074442],"rotation":{"angle":0.0,"axis":"y","origin":[8.072657,8.424535,2.9162388]},"faces":{"east":{"uv":[8.6875,14.6875,8.722656,14.78125],"rotation":0,"texture":"#2","tintindex":0},"south":{"uv":[14.25,0.125,14.3203125,0.21875],"rotation":0,"texture":"#2","tintindex":0},"north":{"uv":[14.25,0.0,14.3203125,0.09375],"rotation":0,"texture":"#2","tintindex":0},"west":{"uv":[14.6875,8.6875,14.722656,8.78125],"rotation":0,"texture":"#2","tintindex":0},"up":{"uv":[14.8203125,12.972656,14.75,12.9375],"rotation":0,"texture":"#2","tintindex":0},"down":{"uv":[13.0703125,14.75,13.0,14.785156],"rotation":0,"texture":"#2","tintindex":0}}},{"from":[7.3765626,6.631566,2.7580357],"to":[8.642187,8.00266,3.074442],"rotation":{"angle":0.0,"axis":"y","origin":[8.009375,7.475316,3.6017857]},"faces":{"east":{"uv":[12.25,14.4375,12.285156,14.5859375],"rotation":0,"texture":"#2","tintindex":0},"south":{"uv":[13.4375,7.5,13.574219,7.6484375],"rotation":0,"texture":"#2","tintindex":0},"north":{"uv":[13.4375,7.3125,13.574219,7.4609375],"rotation":0,"texture":"#2","tintindex":0},"west":{"uv":[12.3125,14.4375,12.347656,14.5859375],"rotation":0,"texture":"#2","tintindex":0},"up":{"uv":[14.699219,1.5351562,14.5625,1.5],"rotation":0,"texture":"#2","tintindex":0},"down":{"uv":[14.699219,1.5625,14.5625,1.5976562],"rotation":0,"texture":"#2","tintindex":0}}}],"display":{"head":{"translation":[0.0,-6.4,0.0],"scale":[4.0,4.0,4.0]}}}