{"textures":{"2":"modelengine:entity/pillars"},"elements":[{"from":[6.8875,6.198363,0.78928566],"to":[9.1375,9.151488,3.0392857],"rotation":{"angle":0.0,"axis":"y","origin":[8.0125,7.3233633,1.9142857]},"faces":{"east":{"uv":[7.875,11.125,8.121094,11.449219],"rotation":0,"texture":"#2","tintindex":0},"south":{"uv":[11.1875,0.375,11.433594,0.69921875],"rotation":0,"texture":"#2","tintindex":0},"north":{"uv":[11.125,7.0,11.371094,7.3242188],"rotation":0,"texture":"#2","tintindex":0},"west":{"uv":[11.1875,0.75,11.433594,1.0742188],"rotation":0,"texture":"#2","tintindex":0},"up":{"uv":[12.058594,5.3710938,11.8125,5.125],"rotation":0,"texture":"#2","tintindex":0},"down":{"uv":[5.6210938,11.8125,5.375,12.058594],"rotation":0,"texture":"#2","tintindex":0}}},{"from":[6.465625,6.198363,1.0705357],"to":[6.8875,8.026488,2.7580357],"rotation":{"angle":0.0,"axis":"y","origin":[6.746875,7.112426,1.9142857]},"faces":{"east":{"uv":[12.4375,4.5625,12.621094,4.7617188],"rotation":0,"texture":"#2","tintindex":0},"south":{"uv":[7.4375,14.0625,7.484375,14.261719],"rotation":0,"texture":"#2","tintindex":0},"north":{"uv":[7.375,14.0625,7.421875,14.261719],"rotation":0,"texture":"#2","tintindex":0},"west":{"uv":[12.4375,4.8125,12.621094,5.0117188],"rotation":0,"texture":"#2","tintindex":0},"up":{"uv":[0.921875,14.308594,0.875,14.125],"rotation":0,"texture":"#2","tintindex":0},"down":{"uv":[14.171875,1.0,14.125,1.1835938],"rotation":0,"texture":"#2","tintindex":0}}},{"from":[6.465625,8.026488,1.4924107],"to":[6.8875,9.151488,2.3361607],"rotation":{"angle":0.0,"axis":"y","origin":[6.746875,8.588988,1.9142857]},"faces":{"east":{"uv":[13.625,13.875,13.71875,14.0],"rotation":0,"texture":"#2","tintindex":0},"south":{"uv":[1.6875,14.375,1.734375,14.5],"rotation":0,"texture":"#2","tintindex":0},"north":{"uv":[1.625,14.375,1.671875,14.5],"rotation":0,"texture":"#2","tintindex":0},"west":{"uv":[13.875,13.625,13.96875,13.75],"rotation":0,"texture":"#2","tintindex":0},"up":{"uv":[14.609375,6.40625,14.5625,6.3125],"rotation":0,"texture":"#2","tintindex":0},"down":{"uv":[6.421875,14.5625,6.375,14.65625],"rotation":0,"texture":"#2","tintindex":0}}},{"from":[9.1375,6.198363,1.3517857],"to":[9.41875,8.026488,2.4767857],"rotation":{"angle":0.0,"axis":"y","origin":[9.278125,7.112426,1.9142857]},"faces":{"east":{"uv":[13.1875,2.9375,13.3125,3.1367188],"rotation":0,"texture":"#2","tintindex":0},"south":{"uv":[10.4375,14.3125,10.46875,14.511719],"rotation":0,"texture":"#2","tintindex":0},"north":{"uv":[6.875,14.3125,6.90625,14.511719],"rotation":0,"texture":"#2","tintindex":0},"west":{"uv":[13.1875,3.1875,13.3125,3.3867188],"rotation":0,"texture":"#2","tintindex":0},"up":{"uv":[4.15625,14.75,4.125,14.625],"rotation":0,"texture":"#2","tintindex":0},"down":{"uv":[14.65625,4.125,14.625,4.25],"rotation":0,"texture":"#2","tintindex":0}}},{"from":[9.1375,8.026488,1.6330357],"to":[9.41875,9.151488,2.1955357],"rotation":{"angle":0.0,"axis":"y","origin":[9.278125,8.588988,1.9142857]},"faces":{"east":{"uv":[10.4375,6.375,10.5,6.5],"rotation":0,"texture":"#2","tintindex":0},"south":{"uv":[4.3125,14.625,4.34375,14.75],"rotation":0,"texture":"#2","tintindex":0},"north":{"uv":[4.1875,14.625,4.21875,14.75],"rotation":0,"texture":"#2","tintindex":0},"west":{"uv":[1.0625,10.5,1.125,10.625],"rotation":0,"texture":"#2","tintindex":0},"up":{"uv":[4.53125,14.9375,4.5,14.875],"rotation":0,"texture":"#2","tintindex":0},"down":{"uv":[14.90625,4.5,14.875,4.5625],"rotation":0,"texture":"#2","tintindex":0}}},{"from":[7.16875,6.198363,0.36741066],"to":[8.85625,8.026488,0.78928566],"rotation":{"angle":0.0,"axis":"y","origin":[8.0125,7.3233633,1.4924107]},"faces":{"east":{"uv":[7.5,14.0625,7.546875,14.261719],"rotation":0,"texture":"#2","tintindex":0},"south":{"uv":[12.4375,5.0625,12.621094,5.2617188],"rotation":0,"texture":"#2","tintindex":0},"north":{"uv":[5.0625,12.4375,5.2460938,12.636719],"rotation":0,"texture":"#2","tintindex":0},"west":{"uv":[14.0625,7.5625,14.109375,7.7617188],"rotation":0,"texture":"#2","tintindex":0},"up":{"uv":[14.308594,1.234375,14.125,1.1875],"rotation":0,"texture":"#2","tintindex":0},"down":{"uv":[14.308594,1.25,14.125,1.296875],"rotation":0,"texture":"#2","tintindex":0}}},{"from":[7.6046877,8.026488,0.36741066],"to":[8.448438,9.151488,0.78928566],"rotation":{"angle":0.0,"axis":"y","origin":[8.096875,8.588988,0.57834816]},"faces":{"east":{"uv":[14.375,1.75,14.421875,1.875],"rotation":0,"texture":"#2","tintindex":0},"south":{"uv":[13.875,13.75,13.96875,13.875],"rotation":0,"texture":"#2","tintindex":0},"north":{"uv":[13.75,13.875,13.84375,14.0],"rotation":0,"texture":"#2","tintindex":0},"west":{"uv":[1.875,14.375,1.921875,14.5],"rotation":0,"texture":"#2","tintindex":0},"up":{"uv":[14.65625,6.484375,14.5625,6.4375],"rotation":0,"texture":"#2","tintindex":0},"down":{"uv":[6.59375,14.5625,6.5,14.609375],"rotation":0,"texture":"#2","tintindex":0}}},{"from":[7.6046877,8.026488,3.0392857],"to":[8.448438,9.151488,3.4611607],"rotation":{"angle":0.0,"axis":"y","origin":[8.096875,8.588988,3.2502232]},"faces":{"east":{"uv":[1.9375,14.375,1.984375,14.5],"rotation":0,"texture":"#2","tintindex":0},"south":{"uv":[0.0,13.9375,0.09375,14.0625],"rotation":0,"texture":"#2","tintindex":0},"north":{"uv":[13.875,13.875,13.96875,14.0],"rotation":0,"texture":"#2","tintindex":0},"west":{"uv":[2.0,14.375,2.046875,14.5],"rotation":0,"texture":"#2","tintindex":0},"up":{"uv":[14.65625,6.546875,14.5625,6.5],"rotation":0,"texture":"#2","tintindex":0},"down":{"uv":[14.65625,6.5625,14.5625,6.609375],"rotation":0,"texture":"#2","tintindex":0}}},{"from":[7.16875,6.198363,3.0392857],"to":[8.85625,8.026488,3.4611607],"rotation":{"angle":0.0,"axis":"y","origin":[8.0125,7.3233633,4.1642857]},"faces":{"east":{"uv":[7.8125,14.0625,7.859375,14.261719],"rotation":0,"texture":"#2","tintindex":0},"south":{"uv":[12.4375,5.3125,12.621094,5.5117188],"rotation":0,"texture":"#2","tintindex":0},"north":{"uv":[5.25,12.4375,5.4335938,12.636719],"rotation":0,"texture":"#2","tintindex":0},"west":{"uv":[14.0625,7.8125,14.109375,8.011719],"rotation":0,"texture":"#2","tintindex":0},"up":{"uv":[1.4960938,14.171875,1.3125,14.125],"rotation":0,"texture":"#2","tintindex":0},"down":{"uv":[14.308594,1.3125,14.125,1.359375],"rotation":0,"texture":"#2","tintindex":0}}}],"display":{"head":{"translation":[0.0,-6.4,0.0],"scale":[4.0,4.0,4.0]}}}