{"textures":{"2":"modelengine:entity/pillars"},"elements":[{"from":[7.152381,6.778894,6.207143],"to":[8.866667,9.028894,7.9214287],"rotation":{"angle":0.0,"axis":"y","origin":[8.009523,7.636037,7.0642858]},"faces":{"east":{"uv":[3.25,12.0625,3.4375,12.308594],"rotation":0,"texture":"#2","tintindex":0},"south":{"uv":[12.0625,3.3125,12.25,3.5585938],"rotation":0,"texture":"#2","tintindex":0},"north":{"uv":[12.0625,3.0625,12.25,3.3085938],"rotation":0,"texture":"#2","tintindex":0},"west":{"uv":[3.4375,12.0625,3.625,12.308594],"rotation":0,"texture":"#2","tintindex":0},"up":{"uv":[12.625,3.9375,12.4375,3.75],"rotation":0,"texture":"#2","tintindex":0},"down":{"uv":[12.6875,0.75,12.5,0.9375],"rotation":0,"texture":"#2","tintindex":0}}},{"from":[6.830952,6.778894,6.4214287],"to":[7.152381,8.171751,7.707143],"rotation":{"angle":0.0,"axis":"y","origin":[7.045238,7.4753222,7.0642858]},"faces":{"east":{"uv":[13.25,12.0,13.390625,12.152344],"rotation":0,"texture":"#2","tintindex":0},"south":{"uv":[8.25,14.4375,8.285156,14.589844],"rotation":0,"texture":"#2","tintindex":0},"north":{"uv":[8.1875,14.4375,8.222656,14.589844],"rotation":0,"texture":"#2","tintindex":0},"west":{"uv":[13.25,12.3125,13.390625,12.464844],"rotation":0,"texture":"#2","tintindex":0},"up":{"uv":[14.535156,8.453125,14.5,8.3125],"rotation":0,"texture":"#2","tintindex":0},"down":{"uv":[14.535156,8.5,14.5,8.640625],"rotation":0,"texture":"#2","tintindex":0}}},{"from":[6.830952,8.171751,6.742857],"to":[7.152381,9.028894,7.385714],"rotation":{"angle":0.0,"axis":"y","origin":[7.045238,8.600323,7.0642858]},"faces":{"east":{"uv":[10.5,14.25,10.5703125,14.34375],"rotation":0,"texture":"#2","tintindex":0},"south":{"uv":[14.75,0.625,14.785156,0.71875],"rotation":0,"texture":"#2","tintindex":0},"north":{"uv":[14.75,0.5,14.785156,0.59375],"rotation":0,"texture":"#2","tintindex":0},"west":{"uv":[14.25,10.5,14.3203125,10.59375],"rotation":0,"texture":"#2","tintindex":0},"up":{"uv":[2.0351562,14.8828125,2.0,14.8125],"rotation":0,"texture":"#2","tintindex":0},"down":{"uv":[14.847656,2.0,14.8125,2.0703125],"rotation":0,"texture":"#2","tintindex":0}}},{"from":[8.866667,6.778894,6.635714],"to":[9.080953,8.171751,7.492857],"rotation":{"angle":0.0,"axis":"y","origin":[8.973809,7.4753222,7.0642858]},"faces":{"east":{"uv":[13.6875,8.1875,13.78125,8.339844],"rotation":0,"texture":"#2","tintindex":0},"south":{"uv":[14.6875,4.5,14.7109375,4.6523438],"rotation":0,"texture":"#2","tintindex":0},"north":{"uv":[14.6875,4.125,14.7109375,4.2773438],"rotation":0,"texture":"#2","tintindex":0},"west":{"uv":[13.6875,8.375,13.78125,8.527344],"rotation":0,"texture":"#2","tintindex":0},"up":{"uv":[14.8359375,9.59375,14.8125,9.5],"rotation":0,"texture":"#2","tintindex":0},"down":{"uv":[9.5859375,14.8125,9.5625,14.90625],"rotation":0,"texture":"#2","tintindex":0}}},{"from":[8.866667,8.171751,6.85],"to":[9.080953,9.028894,7.278571],"rotation":{"angle":0.0,"axis":"y","origin":[8.973809,8.600323,7.0642858]},"faces":{"east":{"uv":[3.1875,14.625,3.234375,14.71875],"rotation":0,"texture":"#2","tintindex":0},"south":{"uv":[9.8125,14.8125,9.8359375,14.90625],"rotation":0,"texture":"#2","tintindex":0},"north":{"uv":[9.75,14.8125,9.7734375,14.90625],"rotation":0,"texture":"#2","tintindex":0},"west":{"uv":[14.625,3.1875,14.671875,3.28125],"rotation":0,"texture":"#2","tintindex":0},"up":{"uv":[2.4609375,15.109375,2.4375,15.0625],"rotation":0,"texture":"#2","tintindex":0},"down":{"uv":[15.0859375,2.4375,15.0625,2.484375],"rotation":0,"texture":"#2","tintindex":0}}},{"from":[7.366667,6.778894,5.885714],"to":[8.652381,8.171751,6.207143],"rotation":{"angle":0.0,"axis":"y","origin":[8.009523,7.636037,6.742857]},"faces":{"east":{"uv":[14.4375,8.25,14.472656,8.402344],"rotation":0,"texture":"#2","tintindex":0},"south":{"uv":[13.25,12.5,13.390625,12.652344],"rotation":0,"texture":"#2","tintindex":0},"north":{"uv":[12.375,13.25,12.515625,13.402344],"rotation":0,"texture":"#2","tintindex":0},"west":{"uv":[8.3125,14.4375,8.347656,14.589844],"rotation":0,"texture":"#2","tintindex":0},"up":{"uv":[14.640625,8.722656,14.5,8.6875],"rotation":0,"texture":"#2","tintindex":0},"down":{"uv":[14.640625,8.75,14.5,8.785156],"rotation":0,"texture":"#2","tintindex":0}}},{"from":[7.6988096,8.171751,5.885714],"to":[8.341666,9.028894,6.207143],"rotation":{"angle":0.0,"axis":"y","origin":[8.07381,8.600323,6.0464287]},"faces":{"east":{"uv":[14.75,0.75,14.785156,0.84375],"rotation":0,"texture":"#2","tintindex":0},"south":{"uv":[14.25,10.625,14.3203125,10.71875],"rotation":0,"texture":"#2","tintindex":0},"north":{"uv":[10.625,14.25,10.6953125,14.34375],"rotation":0,"texture":"#2","tintindex":0},"west":{"uv":[14.75,0.875,14.785156,0.96875],"rotation":0,"texture":"#2","tintindex":0},"up":{"uv":[2.1328125,14.847656,2.0625,14.8125],"rotation":0,"texture":"#2","tintindex":0},"down":{"uv":[14.8828125,2.125,14.8125,2.1601562],"rotation":0,"texture":"#2","tintindex":0}}},{"from":[7.6988096,8.171751,7.9214287],"to":[8.341666,9.028894,8.242857],"rotation":{"angle":0.0,"axis":"y","origin":[8.07381,8.600323,8.082143]},"faces":{"east":{"uv":[0.9375,14.75,0.97265625,14.84375],"rotation":0,"texture":"#2","tintindex":0},"south":{"uv":[10.875,14.25,10.9453125,14.34375],"rotation":0,"texture":"#2","tintindex":0},"north":{"uv":[10.75,14.25,10.8203125,14.34375],"rotation":0,"texture":"#2","tintindex":0},"west":{"uv":[14.75,1.0,14.785156,1.09375],"rotation":0,"texture":"#2","tintindex":0},"up":{"uv":[2.2578125,14.847656,2.1875,14.8125],"rotation":0,"texture":"#2","tintindex":0},"down":{"uv":[14.8828125,2.1875,14.8125,2.2226562],"rotation":0,"texture":"#2","tintindex":0}}},{"from":[7.366667,6.778894,7.9214287],"to":[8.652381,8.171751,8.242857],"rotation":{"angle":0.0,"axis":"y","origin":[8.009523,7.636037,8.778571]},"faces":{"east":{"uv":[8.375,14.4375,8.410156,14.589844],"rotation":0,"texture":"#2","tintindex":0},"south":{"uv":[0.0,13.3125,0.140625,13.464844],"rotation":0,"texture":"#2","tintindex":0},"north":{"uv":[13.0,13.25,13.140625,13.402344],"rotation":0,"texture":"#2","tintindex":0},"west":{"uv":[8.4375,14.4375,8.472656,14.589844],"rotation":0,"texture":"#2","tintindex":0},"up":{"uv":[14.640625,8.847656,14.5,8.8125],"rotation":0,"texture":"#2","tintindex":0},"down":{"uv":[14.640625,8.875,14.5,8.910156],"rotation":0,"texture":"#2","tintindex":0}}}],"display":{"head":{"translation":[0.0,-6.4,0.0],"scale":[4.0,4.0,4.0]}}}