{"textures":{"2":"modelengine:entity/pillars"},"elements":[{"from":[7.165625,6.631566,1.0705357],"to":[8.853125,8.84641,2.7580357],"rotation":{"angle":0.0,"axis":"y","origin":[8.009375,7.475316,1.9142857]},"faces":{"east":{"uv":[12.1875,11.0625,12.371094,11.3046875],"rotation":0,"texture":"#2","tintindex":0},"south":{"uv":[12.1875,11.3125,12.371094,11.5546875],"rotation":0,"texture":"#2","tintindex":0},"north":{"uv":[12.1875,10.8125,12.371094,11.0546875],"rotation":0,"texture":"#2","tintindex":0},"west":{"uv":[12.25,1.0,12.433594,1.2421875],"rotation":0,"texture":"#2","tintindex":0},"up":{"uv":[12.621094,12.871094,12.4375,12.6875],"rotation":0,"texture":"#2","tintindex":0},"down":{"uv":[0.55859375,12.75,0.375,12.933594],"rotation":0,"texture":"#2","tintindex":0}}},{"from":[6.849219,6.631566,1.2814732],"to":[7.165625,8.00266,2.5470982],"rotation":{"angle":0.0,"axis":"y","origin":[7.0601563,7.317113,1.9142857]},"faces":{"east":{"uv":[10.4375,13.4375,10.574219,13.5859375],"rotation":0,"texture":"#2","tintindex":0},"south":{"uv":[14.0,14.4375,14.035156,14.5859375],"rotation":0,"texture":"#2","tintindex":0},"north":{"uv":[14.4375,13.875,14.472656,14.0234375],"rotation":0,"texture":"#2","tintindex":0},"west":{"uv":[10.625,13.4375,10.761719,13.5859375],"rotation":0,"texture":"#2","tintindex":0},"up":{"uv":[14.597656,2.2617188,14.5625,2.125],"rotation":0,"texture":"#2","tintindex":0},"down":{"uv":[2.3476562,14.5625,2.3125,14.699219],"rotation":0,"texture":"#2","tintindex":0}}},{"from":[6.849219,8.00266,1.5978794],"to":[7.165625,8.84641,2.230692],"rotation":{"angle":0.0,"axis":"y","origin":[7.0601563,8.424535,1.9142857]},"faces":{"east":{"uv":[14.25,1.75,14.3203125,1.84375],"rotation":0,"texture":"#2","tintindex":0},"south":{"uv":[14.6875,9.9375,14.722656,10.03125],"rotation":0,"texture":"#2","tintindex":0},"north":{"uv":[14.6875,9.8125,14.722656,9.90625],"rotation":0,"texture":"#2","tintindex":0},"west":{"uv":[1.875,14.25,1.9453125,14.34375],"rotation":0,"texture":"#2","tintindex":0},"up":{"uv":[14.785156,13.6953125,14.75,13.625],"rotation":0,"texture":"#2","tintindex":0},"down":{"uv":[13.722656,14.75,13.6875,14.8203125],"rotation":0,"texture":"#2","tintindex":0}}},{"from":[8.853125,6.631566,1.4924107],"to":[9.064062,8.00266,2.3361607],"rotation":{"angle":0.0,"axis":"y","origin":[8.958593,7.317113,1.9142857]},"faces":{"east":{"uv":[1.125,13.75,1.21875,13.8984375],"rotation":0,"texture":"#2","tintindex":0},"south":{"uv":[7.0,14.6875,7.0234375,14.8359375],"rotation":0,"texture":"#2","tintindex":0},"north":{"uv":[6.9375,14.6875,6.9609375,14.8359375],"rotation":0,"texture":"#2","tintindex":0},"west":{"uv":[1.25,13.75,1.34375,13.8984375],"rotation":0,"texture":"#2","tintindex":0},"up":{"uv":[14.8359375,7.34375,14.8125,7.25],"rotation":0,"texture":"#2","tintindex":0},"down":{"uv":[14.8359375,7.375,14.8125,7.46875],"rotation":0,"texture":"#2","tintindex":0}}},{"from":[8.853125,8.00266,1.7033482],"to":[9.064062,8.84641,2.1252232],"rotation":{"angle":0.0,"axis":"y","origin":[8.958593,8.424535,1.9142857]},"faces":{"east":{"uv":[14.5625,6.9375,14.609375,7.03125],"rotation":0,"texture":"#2","tintindex":0},"south":{"uv":[14.8125,7.625,14.8359375,7.71875],"rotation":0,"texture":"#2","tintindex":0},"north":{"uv":[14.8125,7.5,14.8359375,7.59375],"rotation":0,"texture":"#2","tintindex":0},"west":{"uv":[7.0,14.5625,7.046875,14.65625],"rotation":0,"texture":"#2","tintindex":0},"up":{"uv":[1.8359375,15.109375,1.8125,15.0625],"rotation":0,"texture":"#2","tintindex":0},"down":{"uv":[15.0859375,1.8125,15.0625,1.859375],"rotation":0,"texture":"#2","tintindex":0}}},{"from":[7.3765626,6.631566,0.7541294],"to":[8.642187,8.00266,1.0705357],"rotation":{"angle":0.0,"axis":"y","origin":[8.009375,7.475316,1.5978794]},"faces":{"east":{"uv":[14.0625,14.4375,14.097656,14.5859375],"rotation":0,"texture":"#2","tintindex":0},"south":{"uv":[11.0,13.4375,11.136719,13.5859375],"rotation":0,"texture":"#2","tintindex":0},"north":{"uv":[10.8125,13.4375,10.949219,13.5859375],"rotation":0,"texture":"#2","tintindex":0},"west":{"uv":[14.125,14.4375,14.160156,14.5859375],"rotation":0,"texture":"#2","tintindex":0},"up":{"uv":[14.699219,2.3476562,14.5625,2.3125],"rotation":0,"texture":"#2","tintindex":0},"down":{"uv":[14.699219,2.375,14.5625,2.4101562],"rotation":0,"texture":"#2","tintindex":0}}},{"from":[7.7035155,8.00266,0.7541294],"to":[8.3363285,8.84641,1.0705357],"rotation":{"angle":0.0,"axis":"y","origin":[8.072657,8.424535,0.91233253]},"faces":{"east":{"uv":[14.6875,10.0625,14.722656,10.15625],"rotation":0,"texture":"#2","tintindex":0},"south":{"uv":[14.25,2.25,14.3203125,2.34375],"rotation":0,"texture":"#2","tintindex":0},"north":{"uv":[2.0,14.25,2.0703125,14.34375],"rotation":0,"texture":"#2","tintindex":0},"west":{"uv":[14.6875,10.1875,14.722656,10.28125],"rotation":0,"texture":"#2","tintindex":0},"up":{"uv":[13.8203125,14.785156,13.75,14.75],"rotation":0,"texture":"#2","tintindex":0},"down":{"uv":[14.8203125,13.75,14.75,13.785156],"rotation":0,"texture":"#2","tintindex":0}}},{"from":[7.7035155,8.00266,2.7580357],"to":[8.3363285,8.84641,3.074442],"rotation":{"angle":0.0,"axis":"y","origin":[8.072657,8.424535,2.9162388]},"faces":{"east":{"uv":[14.6875,10.3125,14.722656,10.40625],"rotation":0,"texture":"#2","tintindex":0},"south":{"uv":[14.25,2.625,14.3203125,2.71875],"rotation":0,"texture":"#2","tintindex":0},"north":{"uv":[14.25,2.5,14.3203125,2.59375],"rotation":0,"texture":"#2","tintindex":0},"west":{"uv":[10.375,14.6875,10.410156,14.78125],"rotation":0,"texture":"#2","tintindex":0},"up":{"uv":[14.8203125,13.847656,14.75,13.8125],"rotation":0,"texture":"#2","tintindex":0},"down":{"uv":[13.9453125,14.75,13.875,14.785156],"rotation":0,"texture":"#2","tintindex":0}}},{"from":[7.3765626,6.631566,2.7580357],"to":[8.642187,8.00266,3.074442],"rotation":{"angle":0.0,"axis":"y","origin":[8.009375,7.475316,3.6017857]},"faces":{"east":{"uv":[14.1875,14.4375,14.222656,14.5859375],"rotation":0,"texture":"#2","tintindex":0},"south":{"uv":[11.1875,13.4375,11.324219,13.5859375],"rotation":0,"texture":"#2","tintindex":0},"north":{"uv":[13.4375,11.0,13.574219,11.1484375],"rotation":0,"texture":"#2","tintindex":0},"west":{"uv":[14.25,14.4375,14.285156,14.5859375],"rotation":0,"texture":"#2","tintindex":0},"up":{"uv":[14.699219,2.4726562,14.5625,2.4375],"rotation":0,"texture":"#2","tintindex":0},"down":{"uv":[14.699219,2.5,14.5625,2.5351562],"rotation":0,"texture":"#2","tintindex":0}}}],"display":{"head":{"translation":[0.0,-6.4,0.0],"scale":[4.0,4.0,4.0]}}}