{"textures":{"2":"modelengine:entity/pillars"},"elements":[{"from":[7.821205,7.778866,2.2656245],"to":[8.182813,8.253475,2.627232],"rotation":{"angle":0.0,"axis":"y","origin":[8.002009,7.9596696,2.4464283]},"faces":{"east":{"uv":[14.875,2.0,14.9140625,2.0507812],"rotation":0,"texture":"#2","tintindex":0},"south":{"uv":[2.0625,14.875,2.1015625,14.925781],"rotation":0,"texture":"#2","tintindex":0},"north":{"uv":[14.875,1.9375,14.9140625,1.9882812],"rotation":0,"texture":"#2","tintindex":0},"west":{"uv":[14.875,2.0625,14.9140625,2.1132812],"rotation":0,"texture":"#2","tintindex":0},"up":{"uv":[9.9140625,14.9765625,9.875,14.9375],"rotation":0,"texture":"#2","tintindex":0},"down":{"uv":[9.9765625,14.9375,9.9375,14.9765625],"rotation":0,"texture":"#2","tintindex":0}}},{"from":[7.753404,7.778866,2.3108258],"to":[7.821205,8.072672,2.5820308],"rotation":{"angle":0.0,"axis":"y","origin":[7.798605,7.925769,2.4464283]},"faces":{"east":{"uv":[15.0625,11.4375,15.09375,11.46875],"rotation":0,"texture":"#2","tintindex":0},"south":{"uv":[15.375,11.5625,15.3828125,11.59375],"rotation":0,"texture":"#2","tintindex":0},"north":{"uv":[11.5625,15.375,11.5703125,15.40625],"rotation":0,"texture":"#2","tintindex":0},"west":{"uv":[11.5,15.0625,11.53125,15.09375],"rotation":0,"texture":"#2","tintindex":0},"up":{"uv":[11.6328125,15.40625,11.625,15.375],"rotation":0,"texture":"#2","tintindex":0},"down":{"uv":[15.3828125,11.625,15.375,11.65625],"rotation":0,"texture":"#2","tintindex":0}}},{"from":[7.753404,8.072672,2.3786268],"to":[7.821205,8.253475,2.5142298],"rotation":{"angle":0.0,"axis":"y","origin":[7.798605,8.163074,2.4464283]},"faces":{"east":{"uv":[2.9375,15.375,2.953125,15.394531],"rotation":0,"texture":"#2","tintindex":0},"south":{"uv":[10.8125,15.4375,10.8203125,15.457031],"rotation":0,"texture":"#2","tintindex":0},"north":{"uv":[15.4375,10.75,15.4453125,10.769531],"rotation":0,"texture":"#2","tintindex":0},"west":{"uv":[15.375,2.9375,15.390625,2.9570312],"rotation":0,"texture":"#2","tintindex":0},"up":{"uv":[0.3203125,15.515625,0.3125,15.5],"rotation":0,"texture":"#2","tintindex":0},"down":{"uv":[15.5078125,0.3125,15.5,0.328125],"rotation":0,"texture":"#2","tintindex":0}}},{"from":[8.182813,7.778866,2.3560266],"to":[8.228013,8.072672,2.53683],"rotation":{"angle":0.0,"axis":"y","origin":[8.205413,7.925769,2.4464283]},"faces":{"east":{"uv":[0.375,15.25,0.39453125,15.28125],"rotation":0,"texture":"#2","tintindex":0},"south":{"uv":[15.5,0.375,15.503906,0.40625],"rotation":0,"texture":"#2","tintindex":0},"north":{"uv":[0.375,15.5,0.37890625,15.53125],"rotation":0,"texture":"#2","tintindex":0},"west":{"uv":[15.25,0.375,15.269531,0.40625],"rotation":0,"texture":"#2","tintindex":0},"up":{"uv":[5.8164062,15.519531,5.8125,15.5],"rotation":0,"texture":"#2","tintindex":0},"down":{"uv":[15.503906,5.8125,15.5,5.8320312],"rotation":0,"texture":"#2","tintindex":0}}},{"from":[8.182813,8.072672,2.4012275],"to":[8.228013,8.253475,2.4916291],"rotation":{"angle":0.0,"axis":"y","origin":[8.205413,8.163074,2.4464283]},"faces":{"east":{"uv":[15.4375,3.25,15.449219,3.2695312],"rotation":0,"texture":"#2","tintindex":0},"south":{"uv":[15.5,5.875,15.503906,5.8945312],"rotation":0,"texture":"#2","tintindex":0},"north":{"uv":[5.875,15.5,5.8789062,15.519531],"rotation":0,"texture":"#2","tintindex":0},"west":{"uv":[3.3125,15.4375,3.3242188,15.457031],"rotation":0,"texture":"#2","tintindex":0},"up":{"uv":[7.9414062,15.511719,7.9375,15.5],"rotation":0,"texture":"#2","tintindex":0},"down":{"uv":[15.503906,7.9375,15.5,7.9492188],"rotation":0,"texture":"#2","tintindex":0}}},{"from":[7.8664064,7.778866,2.1978235],"to":[8.137611,8.072672,2.2656245],"rotation":{"angle":0.0,"axis":"y","origin":[8.002009,7.9596696,2.3786268]},"faces":{"east":{"uv":[11.6875,15.375,11.6953125,15.40625],"rotation":0,"texture":"#2","tintindex":0},"south":{"uv":[11.625,15.0625,11.65625,15.09375],"rotation":0,"texture":"#2","tintindex":0},"north":{"uv":[11.5625,15.0625,11.59375,15.09375],"rotation":0,"texture":"#2","tintindex":0},"west":{"uv":[15.375,11.6875,15.3828125,11.71875],"rotation":0,"texture":"#2","tintindex":0},"up":{"uv":[11.78125,15.3828125,11.75,15.375],"rotation":0,"texture":"#2","tintindex":0},"down":{"uv":[15.40625,11.75,15.375,11.7578125],"rotation":0,"texture":"#2","tintindex":0}}},{"from":[7.9364676,8.072672,2.1978235],"to":[8.07207,8.253475,2.2656245],"rotation":{"angle":0.0,"axis":"y","origin":[8.015569,8.163074,2.2317243]},"faces":{"east":{"uv":[15.4375,10.8125,15.4453125,10.832031],"rotation":0,"texture":"#2","tintindex":0},"south":{"uv":[15.375,3.0,15.390625,3.0195312],"rotation":0,"texture":"#2","tintindex":0},"north":{"uv":[3.0,15.375,3.015625,15.394531],"rotation":0,"texture":"#2","tintindex":0},"west":{"uv":[10.875,15.4375,10.8828125,15.457031],"rotation":0,"texture":"#2","tintindex":0},"up":{"uv":[0.453125,15.5078125,0.4375,15.5],"rotation":0,"texture":"#2","tintindex":0},"down":{"uv":[15.515625,0.4375,15.5,0.4453125],"rotation":0,"texture":"#2","tintindex":0}}},{"from":[7.9364676,8.072672,2.627232],"to":[8.07207,8.253475,2.695033],"rotation":{"angle":0.0,"axis":"y","origin":[8.015569,8.163074,2.6611323]},"faces":{"east":{"uv":[15.4375,10.875,15.4453125,10.894531],"rotation":0,"texture":"#2","tintindex":0},"south":{"uv":[15.375,3.0625,15.390625,3.0820312],"rotation":0,"texture":"#2","tintindex":0},"north":{"uv":[3.0625,15.375,3.078125,15.394531],"rotation":0,"texture":"#2","tintindex":0},"west":{"uv":[10.9375,15.4375,10.9453125,15.457031],"rotation":0,"texture":"#2","tintindex":0},"up":{"uv":[0.515625,15.5078125,0.5,15.5],"rotation":0,"texture":"#2","tintindex":0},"down":{"uv":[15.515625,0.5,15.5,0.5078125],"rotation":0,"texture":"#2","tintindex":0}}},{"from":[7.8664064,7.778866,2.627232],"to":[8.137611,8.072672,2.695033],"rotation":{"angle":0.0,"axis":"y","origin":[8.002009,7.9596696,2.8080354]},"faces":{"east":{"uv":[11.8125,15.375,11.8203125,15.40625],"rotation":0,"texture":"#2","tintindex":0},"south":{"uv":[11.6875,15.0625,11.71875,15.09375],"rotation":0,"texture":"#2","tintindex":0},"north":{"uv":[15.0625,11.625,15.09375,11.65625],"rotation":0,"texture":"#2","tintindex":0},"west":{"uv":[15.375,11.8125,15.3828125,11.84375],"rotation":0,"texture":"#2","tintindex":0},"up":{"uv":[11.90625,15.3828125,11.875,15.375],"rotation":0,"texture":"#2","tintindex":0},"down":{"uv":[15.40625,11.875,15.375,11.8828125],"rotation":0,"texture":"#2","tintindex":0}}}],"display":{"head":{"translation":[0.0,-6.4,0.0],"scale":[4.0,4.0,4.0]}}}