{"textures":{"2":"modelengine:entity/pillars"},"elements":[{"from":[7.761607,7.6860366,2.205357],"to":[8.24375,8.31885,2.6875],"rotation":{"angle":0.0,"axis":"y","origin":[8.002679,7.9271083,2.4464283]},"faces":{"east":{"uv":[13.5625,14.625,13.6171875,14.6953125],"rotation":0,"texture":"#2","tintindex":0},"south":{"uv":[13.625,14.625,13.6796875,14.6953125],"rotation":0,"texture":"#2","tintindex":0},"north":{"uv":[14.625,13.5,14.6796875,13.5703125],"rotation":0,"texture":"#2","tintindex":0},"west":{"uv":[14.625,13.625,14.6796875,13.6953125],"rotation":0,"texture":"#2","tintindex":0},"up":{"uv":[14.8046875,8.9296875,14.75,8.875],"rotation":0,"texture":"#2","tintindex":0},"down":{"uv":[8.9921875,14.75,8.9375,14.8046875],"rotation":0,"texture":"#2","tintindex":0}}},{"from":[7.6712055,7.6860366,2.2656245],"to":[7.761607,8.077778,2.627232],"rotation":{"angle":0.0,"axis":"y","origin":[7.731473,7.8819075,2.4464283]},"faces":{"east":{"uv":[14.875,13.75,14.9140625,13.792969],"rotation":0,"texture":"#2","tintindex":0},"south":{"uv":[15.25,9.375,15.261719,9.417969],"rotation":0,"texture":"#2","tintindex":0},"north":{"uv":[9.375,15.25,9.386719,15.292969],"rotation":0,"texture":"#2","tintindex":0},"west":{"uv":[13.8125,14.875,13.8515625,14.917969],"rotation":0,"texture":"#2","tintindex":0},"up":{"uv":[15.324219,0.3515625,15.3125,0.3125],"rotation":0,"texture":"#2","tintindex":0},"down":{"uv":[0.38671875,15.3125,0.375,15.3515625],"rotation":0,"texture":"#2","tintindex":0}}},{"from":[7.6712055,8.077778,2.3560266],"to":[7.761607,8.31885,2.53683],"rotation":{"angle":0.0,"axis":"y","origin":[7.731473,8.198314,2.4464283]},"faces":{"east":{"uv":[5.625,15.25,5.6445312,15.277344],"rotation":0,"texture":"#2","tintindex":0},"south":{"uv":[12.8125,15.3125,12.824219,15.339844],"rotation":0,"texture":"#2","tintindex":0},"north":{"uv":[15.3125,12.75,15.324219,12.777344],"rotation":0,"texture":"#2","tintindex":0},"west":{"uv":[15.25,5.625,15.269531,5.6523438],"rotation":0,"texture":"#2","tintindex":0},"up":{"uv":[15.449219,4.3320312,15.4375,4.3125],"rotation":0,"texture":"#2","tintindex":0},"down":{"uv":[4.3867188,15.4375,4.375,15.457031],"rotation":0,"texture":"#2","tintindex":0}}},{"from":[8.24375,7.6860366,2.3258924],"to":[8.304018,8.077778,2.5669641],"rotation":{"angle":0.0,"axis":"y","origin":[8.273884,7.8819075,2.4464283]},"faces":{"east":{"uv":[1.0,15.0625,1.0273438,15.105469],"rotation":0,"texture":"#2","tintindex":0},"south":{"uv":[7.25,15.3125,7.2578125,15.355469],"rotation":0,"texture":"#2","tintindex":0},"north":{"uv":[15.3125,7.1875,15.3203125,7.2304688],"rotation":0,"texture":"#2","tintindex":0},"west":{"uv":[15.0625,1.0,15.089844,1.0429688],"rotation":0,"texture":"#2","tintindex":0},"up":{"uv":[15.4453125,8.027344,15.4375,8.0],"rotation":0,"texture":"#2","tintindex":0},"down":{"uv":[8.0703125,15.4375,8.0625,15.464844],"rotation":0,"texture":"#2","tintindex":0}}},{"from":[8.24375,8.077778,2.3861604],"to":[8.304018,8.31885,2.5066962],"rotation":{"angle":0.0,"axis":"y","origin":[8.273884,8.198314,2.4464283]},"faces":{"east":{"uv":[15.3125,12.8125,15.324219,12.839844],"rotation":0,"texture":"#2","tintindex":0},"south":{"uv":[8.125,15.4375,8.1328125,15.464844],"rotation":0,"texture":"#2","tintindex":0},"north":{"uv":[15.4375,8.0625,15.4453125,8.089844],"rotation":0,"texture":"#2","tintindex":0},"west":{"uv":[12.875,15.3125,12.886719,15.339844],"rotation":0,"texture":"#2","tintindex":0},"up":{"uv":[4.4453125,15.511719,4.4375,15.5],"rotation":0,"texture":"#2","tintindex":0},"down":{"uv":[15.5078125,4.4375,15.5,4.4492188],"rotation":0,"texture":"#2","tintindex":0}}},{"from":[7.821875,7.6860366,2.114955],"to":[8.183482,8.077778,2.205357],"rotation":{"angle":0.0,"axis":"y","origin":[8.002679,7.9271083,2.3560266]},"faces":{"east":{"uv":[9.4375,15.25,9.449219,15.292969],"rotation":0,"texture":"#2","tintindex":0},"south":{"uv":[13.875,14.875,13.9140625,14.917969],"rotation":0,"texture":"#2","tintindex":0},"north":{"uv":[14.875,13.8125,14.9140625,13.855469],"rotation":0,"texture":"#2","tintindex":0},"west":{"uv":[15.25,9.4375,15.261719,9.480469],"rotation":0,"texture":"#2","tintindex":0},"up":{"uv":[15.3515625,0.38671875,15.3125,0.375],"rotation":0,"texture":"#2","tintindex":0},"down":{"uv":[0.4765625,15.3125,0.4375,15.324219],"rotation":0,"texture":"#2","tintindex":0}}},{"from":[7.9152904,8.077778,2.114955],"to":[8.096094,8.31885,2.205357],"rotation":{"angle":0.0,"axis":"y","origin":[8.020759,8.198314,2.1601558]},"faces":{"east":{"uv":[15.3125,12.875,15.324219,12.902344],"rotation":0,"texture":"#2","tintindex":0},"south":{"uv":[15.25,5.6875,15.269531,5.7148438],"rotation":0,"texture":"#2","tintindex":0},"north":{"uv":[5.6875,15.25,5.7070312,15.277344],"rotation":0,"texture":"#2","tintindex":0},"west":{"uv":[12.9375,15.3125,12.949219,15.339844],"rotation":0,"texture":"#2","tintindex":0},"up":{"uv":[15.457031,4.3867188,15.4375,4.375],"rotation":0,"texture":"#2","tintindex":0},"down":{"uv":[4.4570312,15.4375,4.4375,15.449219],"rotation":0,"texture":"#2","tintindex":0}}},{"from":[7.9152904,8.077778,2.6875],"to":[8.096094,8.31885,2.7779016],"rotation":{"angle":0.0,"axis":"y","origin":[8.020759,8.198314,2.7327008]},"faces":{"east":{"uv":[15.3125,12.9375,15.324219,12.964844],"rotation":0,"texture":"#2","tintindex":0},"south":{"uv":[15.25,5.75,15.269531,5.7773438],"rotation":0,"texture":"#2","tintindex":0},"north":{"uv":[5.75,15.25,5.7695312,15.277344],"rotation":0,"texture":"#2","tintindex":0},"west":{"uv":[13.0,15.3125,13.011719,15.339844],"rotation":0,"texture":"#2","tintindex":0},"up":{"uv":[15.457031,4.4492188,15.4375,4.4375],"rotation":0,"texture":"#2","tintindex":0},"down":{"uv":[4.5195312,15.4375,4.5,15.449219],"rotation":0,"texture":"#2","tintindex":0}}},{"from":[7.821875,7.6860366,2.6875],"to":[8.183482,8.077778,2.7779016],"rotation":{"angle":0.0,"axis":"y","origin":[8.002679,7.9271083,2.9285712]},"faces":{"east":{"uv":[9.5,15.25,9.511719,15.292969],"rotation":0,"texture":"#2","tintindex":0},"south":{"uv":[13.9375,14.875,13.9765625,14.917969],"rotation":0,"texture":"#2","tintindex":0},"north":{"uv":[14.875,13.875,14.9140625,13.917969],"rotation":0,"texture":"#2","tintindex":0},"west":{"uv":[15.25,9.5,15.261719,9.542969],"rotation":0,"texture":"#2","tintindex":0},"up":{"uv":[15.3515625,0.44921875,15.3125,0.4375],"rotation":0,"texture":"#2","tintindex":0},"down":{"uv":[0.5390625,15.3125,0.5,15.324219],"rotation":0,"texture":"#2","tintindex":0}}}],"display":{"head":{"translation":[0.0,-6.4,0.0],"scale":[4.0,4.0,4.0]}}}