{"textures":{"2":"modelengine:entity/pillars"},"elements":[{"from":[7.6424108,7.465966,6.7026787],"to":[8.365625,8.415185,7.425893],"rotation":{"angle":0.0,"axis":"y","origin":[8.004018,7.8275733,7.0642858]},"faces":{"east":{"uv":[14.125,7.0,14.203125,7.1054688],"rotation":0,"texture":"#2","tintindex":0},"south":{"uv":[7.0625,14.125,7.140625,14.230469],"rotation":0,"texture":"#2","tintindex":0},"north":{"uv":[6.9375,14.125,7.015625,14.230469],"rotation":0,"texture":"#2","tintindex":0},"west":{"uv":[14.125,7.3125,14.203125,7.4179688],"rotation":0,"texture":"#2","tintindex":0},"up":{"uv":[14.328125,14.390625,14.25,14.3125],"rotation":0,"texture":"#2","tintindex":0},"down":{"uv":[14.453125,0.0,14.375,0.078125],"rotation":0,"texture":"#2","tintindex":0}}},{"from":[7.506808,7.465966,6.7930803],"to":[7.6424108,8.053577,7.335491],"rotation":{"angle":0.0,"axis":"y","origin":[7.59721,7.759772,7.0642858]},"faces":{"east":{"uv":[12.0625,5.3125,12.121094,5.375],"rotation":0,"texture":"#2","tintindex":0},"south":{"uv":[9.125,15.0625,9.140625,15.125],"rotation":0,"texture":"#2","tintindex":0},"north":{"uv":[15.0625,9.0625,15.078125,9.125],"rotation":0,"texture":"#2","tintindex":0},"west":{"uv":[1.1875,12.125,1.2460938,12.1875],"rotation":0,"texture":"#2","tintindex":0},"up":{"uv":[15.140625,4.4960938,15.125,4.4375],"rotation":0,"texture":"#2","tintindex":0},"down":{"uv":[4.515625,15.125,4.5,15.183594],"rotation":0,"texture":"#2","tintindex":0}}},{"from":[7.506808,8.053577,6.928683],"to":[7.6424108,8.415185,7.199888],"rotation":{"angle":0.0,"axis":"y","origin":[7.59721,8.234382,7.0642858]},"faces":{"east":{"uv":[0.0,15.0625,0.03125,15.1015625],"rotation":0,"texture":"#2","tintindex":0},"south":{"uv":[14.875,15.1875,14.890625,15.2265625],"rotation":0,"texture":"#2","tintindex":0},"north":{"uv":[15.1875,14.8125,15.203125,14.8515625],"rotation":0,"texture":"#2","tintindex":0},"west":{"uv":[15.0625,0.0,15.09375,0.0390625],"rotation":0,"texture":"#2","tintindex":0},"up":{"uv":[12.015625,15.28125,12.0,15.25],"rotation":0,"texture":"#2","tintindex":0},"down":{"uv":[15.265625,12.0,15.25,12.03125],"rotation":0,"texture":"#2","tintindex":0}}},{"from":[8.365625,7.465966,6.883482],"to":[8.456027,8.053577,7.245089],"rotation":{"angle":0.0,"axis":"y","origin":[8.410826,7.759772,7.0642858]},"faces":{"east":{"uv":[14.8125,4.75,14.8515625,4.8125],"rotation":0,"texture":"#2","tintindex":0},"south":{"uv":[14.375,15.125,14.386719,15.1875],"rotation":0,"texture":"#2","tintindex":0},"north":{"uv":[15.125,14.3125,15.136719,14.375],"rotation":0,"texture":"#2","tintindex":0},"west":{"uv":[14.8125,4.8125,14.8515625,4.875],"rotation":0,"texture":"#2","tintindex":0},"up":{"uv":[12.886719,15.2890625,12.875,15.25],"rotation":0,"texture":"#2","tintindex":0},"down":{"uv":[15.261719,12.875,15.25,12.9140625],"rotation":0,"texture":"#2","tintindex":0}}},{"from":[8.365625,8.053577,6.9738836],"to":[8.456027,8.415185,7.1546874],"rotation":{"angle":0.0,"axis":"y","origin":[8.410826,8.234382,7.0642858]},"faces":{"east":{"uv":[15.125,12.3125,15.144531,12.3515625],"rotation":0,"texture":"#2","tintindex":0},"south":{"uv":[15.25,12.9375,15.261719,12.9765625],"rotation":0,"texture":"#2","tintindex":0},"north":{"uv":[12.9375,15.25,12.949219,15.2890625],"rotation":0,"texture":"#2","tintindex":0},"west":{"uv":[12.375,15.125,12.394531,15.1640625],"rotation":0,"texture":"#2","tintindex":0},"up":{"uv":[15.449219,1.6445312,15.4375,1.625],"rotation":0,"texture":"#2","tintindex":0},"down":{"uv":[1.6992188,15.4375,1.6875,15.457031],"rotation":0,"texture":"#2","tintindex":0}}},{"from":[7.7328124,7.465966,6.5670757],"to":[8.275223,8.053577,6.7026787],"rotation":{"angle":0.0,"axis":"y","origin":[8.004018,7.8275733,6.928683]},"faces":{"east":{"uv":[9.25,15.0625,9.265625,15.125],"rotation":0,"texture":"#2","tintindex":0},"south":{"uv":[12.6875,7.25,12.746094,7.3125],"rotation":0,"texture":"#2","tintindex":0},"north":{"uv":[12.6875,4.0,12.746094,4.0625],"rotation":0,"texture":"#2","tintindex":0},"west":{"uv":[9.3125,15.0625,9.328125,15.125],"rotation":0,"texture":"#2","tintindex":0},"up":{"uv":[15.183594,4.515625,15.125,4.5],"rotation":0,"texture":"#2","tintindex":0},"down":{"uv":[4.6210938,15.125,4.5625,15.140625],"rotation":0,"texture":"#2","tintindex":0}}},{"from":[7.8729353,8.053577,6.5670757],"to":[8.14414,8.415185,6.7026787],"rotation":{"angle":0.0,"axis":"y","origin":[8.031138,8.234382,6.634877]},"faces":{"east":{"uv":[15.1875,14.875,15.203125,14.9140625],"rotation":0,"texture":"#2","tintindex":0},"south":{"uv":[15.0625,0.0625,15.09375,0.1015625],"rotation":0,"texture":"#2","tintindex":0},"north":{"uv":[0.0625,15.0625,0.09375,15.1015625],"rotation":0,"texture":"#2","tintindex":0},"west":{"uv":[14.9375,15.1875,14.953125,15.2265625],"rotation":0,"texture":"#2","tintindex":0},"up":{"uv":[12.09375,15.265625,12.0625,15.25],"rotation":0,"texture":"#2","tintindex":0},"down":{"uv":[15.28125,12.0625,15.25,12.078125],"rotation":0,"texture":"#2","tintindex":0}}},{"from":[7.8729353,8.053577,7.425893],"to":[8.14414,8.415185,7.5614953],"rotation":{"angle":0.0,"axis":"y","origin":[8.031138,8.234382,7.4936943]},"faces":{"east":{"uv":[15.1875,14.9375,15.203125,14.9765625],"rotation":0,"texture":"#2","tintindex":0},"south":{"uv":[15.0625,0.125,15.09375,0.1640625],"rotation":0,"texture":"#2","tintindex":0},"north":{"uv":[0.125,15.0625,0.15625,15.1015625],"rotation":0,"texture":"#2","tintindex":0},"west":{"uv":[15.0,15.1875,15.015625,15.2265625],"rotation":0,"texture":"#2","tintindex":0},"up":{"uv":[12.15625,15.265625,12.125,15.25],"rotation":0,"texture":"#2","tintindex":0},"down":{"uv":[15.28125,12.125,15.25,12.140625],"rotation":0,"texture":"#2","tintindex":0}}},{"from":[7.7328124,7.465966,7.425893],"to":[8.275223,8.053577,7.5614953],"rotation":{"angle":0.0,"axis":"y","origin":[8.004018,7.8275733,7.7875]},"faces":{"east":{"uv":[9.375,15.0625,9.390625,15.125],"rotation":0,"texture":"#2","tintindex":0},"south":{"uv":[5.5625,12.8125,5.6210938,12.875],"rotation":0,"texture":"#2","tintindex":0},"north":{"uv":[7.4375,12.6875,7.4960938,12.75],"rotation":0,"texture":"#2","tintindex":0},"west":{"uv":[15.0625,9.375,15.078125,9.4375],"rotation":0,"texture":"#2","tintindex":0},"up":{"uv":[15.183594,4.578125,15.125,4.5625],"rotation":0,"texture":"#2","tintindex":0},"down":{"uv":[4.6835938,15.125,4.625,15.140625],"rotation":0,"texture":"#2","tintindex":0}}}],"display":{"head":{"translation":[0.0,-6.4,0.0],"scale":[4.0,4.0,4.0]}}}