{"textures":{"2":"modelengine:entity/pillars"},"elements":[{"from":[6.5166664,5.754092,0.41428566],"to":[9.516666,9.691592,3.4142857],"rotation":{"angle":0.0,"axis":"y","origin":[8.016666,7.254092,1.9142857]},"faces":{"east":{"uv":[9.8125,2.1875,10.140625,2.6171875],"rotation":0,"texture":"#2","tintindex":0},"south":{"uv":[9.8125,2.625,10.140625,3.0546875],"rotation":0,"texture":"#2","tintindex":0},"north":{"uv":[9.8125,1.75,10.140625,2.1796875],"rotation":0,"texture":"#2","tintindex":0},"west":{"uv":[9.8125,3.0625,10.140625,3.4921875],"rotation":0,"texture":"#2","tintindex":0},"up":{"uv":[10.953125,5.078125,10.625,4.75],"rotation":0,"texture":"#2","tintindex":0},"down":{"uv":[10.953125,5.125,10.625,5.453125],"rotation":0,"texture":"#2","tintindex":0}}},{"from":[5.9541664,5.754092,0.78928566],"to":[6.5166664,8.191592,3.0392857],"rotation":{"angle":0.0,"axis":"y","origin":[6.3291664,6.972842,1.9142857]},"faces":{"east":{"uv":[2.125,11.75,2.3710938,12.015625],"rotation":0,"texture":"#2","tintindex":0},"south":{"uv":[11.0,13.625,11.0625,13.890625],"rotation":0,"texture":"#2","tintindex":0},"north":{"uv":[10.9375,13.625,11.0,13.890625],"rotation":0,"texture":"#2","tintindex":0},"west":{"uv":[2.9375,11.75,3.1835938,12.015625],"rotation":0,"texture":"#2","tintindex":0},"up":{"uv":[12.125,13.871094,12.0625,13.625],"rotation":0,"texture":"#2","tintindex":0},"down":{"uv":[12.5625,13.625,12.5,13.871094],"rotation":0,"texture":"#2","tintindex":0}}},{"from":[5.9541664,8.191592,1.3517857],"to":[6.5166664,9.691592,2.4767857],"rotation":{"angle":0.0,"axis":"y","origin":[6.3291664,8.941592,1.9142857]},"faces":{"east":{"uv":[13.375,10.625,13.5,10.7890625],"rotation":0,"texture":"#2","tintindex":0},"south":{"uv":[1.125,14.0625,1.1875,14.2265625],"rotation":0,"texture":"#2","tintindex":0},"north":{"uv":[14.0625,1.0625,14.125,1.2265625],"rotation":0,"texture":"#2","tintindex":0},"west":{"uv":[13.375,10.8125,13.5,10.9765625],"rotation":0,"texture":"#2","tintindex":0},"up":{"uv":[12.4375,12.875,12.375,12.75],"rotation":0,"texture":"#2","tintindex":0},"down":{"uv":[9.75,12.8125,9.6875,12.9375],"rotation":0,"texture":"#2","tintindex":0}}},{"from":[9.516666,5.754092,1.1642857],"to":[9.891666,8.191592,2.6642857],"rotation":{"angle":0.0,"axis":"y","origin":[9.704166,6.972842,1.9142857]},"faces":{"east":{"uv":[12.3125,2.3125,12.4765625,2.578125],"rotation":0,"texture":"#2","tintindex":0},"south":{"uv":[14.0,9.1875,14.042969,9.453125],"rotation":0,"texture":"#2","tintindex":0},"north":{"uv":[14.0,8.875,14.042969,9.140625],"rotation":0,"texture":"#2","tintindex":0},"west":{"uv":[2.875,12.3125,3.0390625,12.578125],"rotation":0,"texture":"#2","tintindex":0},"up":{"uv":[2.6054688,14.3515625,2.5625,14.1875],"rotation":0,"texture":"#2","tintindex":0},"down":{"uv":[2.6679688,14.1875,2.625,14.3515625],"rotation":0,"texture":"#2","tintindex":0}}},{"from":[9.516666,8.191592,1.5392857],"to":[9.891666,9.691592,2.2892857],"rotation":{"angle":0.0,"axis":"y","origin":[9.704166,8.941592,1.9142857]},"faces":{"east":{"uv":[6.9375,13.8125,7.0195312,13.9765625],"rotation":0,"texture":"#2","tintindex":0},"south":{"uv":[14.1875,2.6875,14.230469,2.8515625],"rotation":0,"texture":"#2","tintindex":0},"north":{"uv":[2.6875,14.1875,2.7304688,14.3515625],"rotation":0,"texture":"#2","tintindex":0},"west":{"uv":[13.8125,6.9375,13.894531,7.1015625],"rotation":0,"texture":"#2","tintindex":0},"up":{"uv":[6.3554688,14.769531,6.3125,14.6875],"rotation":0,"texture":"#2","tintindex":0},"down":{"uv":[6.4179688,14.6875,6.375,14.769531],"rotation":0,"texture":"#2","tintindex":0}}},{"from":[6.8916664,5.754092,-0.14821434],"to":[9.141666,8.191592,0.41428566],"rotation":{"angle":0.0,"axis":"y","origin":[8.016666,7.254092,1.3517857]},"faces":{"east":{"uv":[11.0625,13.625,11.125,13.890625],"rotation":0,"texture":"#2","tintindex":0},"south":{"uv":[3.4375,11.75,3.6835938,12.015625],"rotation":0,"texture":"#2","tintindex":0},"north":{"uv":[3.1875,11.75,3.4335938,12.015625],"rotation":0,"texture":"#2","tintindex":0},"west":{"uv":[13.625,11.0625,13.6875,11.328125],"rotation":0,"texture":"#2","tintindex":0},"up":{"uv":[13.933594,1.75,13.6875,1.6875],"rotation":0,"texture":"#2","tintindex":0},"down":{"uv":[13.933594,1.75,13.6875,1.8125],"rotation":0,"texture":"#2","tintindex":0}}},{"from":[7.4729166,8.191592,-0.14821434],"to":[8.597917,9.691592,0.41428566],"rotation":{"angle":0.0,"axis":"y","origin":[8.129167,8.941592,0.13303566]},"faces":{"east":{"uv":[1.1875,14.0625,1.25,14.2265625],"rotation":0,"texture":"#2","tintindex":0},"south":{"uv":[12.5625,13.375,12.6875,13.5390625],"rotation":0,"texture":"#2","tintindex":0},"north":{"uv":[12.25,13.375,12.375,13.5390625],"rotation":0,"texture":"#2","tintindex":0},"west":{"uv":[1.25,14.0625,1.3125,14.2265625],"rotation":0,"texture":"#2","tintindex":0},"up":{"uv":[14.25,10.4375,14.125,10.375],"rotation":0,"texture":"#2","tintindex":0},"down":{"uv":[14.25,10.4375,14.125,10.5],"rotation":0,"texture":"#2","tintindex":0}}},{"from":[7.4729166,8.191592,3.4142857],"to":[8.597917,9.691592,3.9767857],"rotation":{"angle":0.0,"axis":"y","origin":[8.129167,8.941592,3.6955357]},"faces":{"east":{"uv":[14.0625,1.25,14.125,1.4140625],"rotation":0,"texture":"#2","tintindex":0},"south":{"uv":[13.375,12.6875,13.5,12.8515625],"rotation":0,"texture":"#2","tintindex":0},"north":{"uv":[12.6875,13.375,12.8125,13.5390625],"rotation":0,"texture":"#2","tintindex":0},"west":{"uv":[14.0625,1.4375,14.125,1.6015625],"rotation":0,"texture":"#2","tintindex":0},"up":{"uv":[14.25,10.5625,14.125,10.5],"rotation":0,"texture":"#2","tintindex":0},"down":{"uv":[14.25,10.5625,14.125,10.625],"rotation":0,"texture":"#2","tintindex":0}}},{"from":[6.8916664,5.754092,3.4142857],"to":[9.141666,8.191592,3.9767857],"rotation":{"angle":0.0,"axis":"y","origin":[8.016666,7.254092,4.9142857]},"faces":{"east":{"uv":[11.125,13.625,11.1875,13.890625],"rotation":0,"texture":"#2","tintindex":0},"south":{"uv":[3.9375,11.75,4.1835938,12.015625],"rotation":0,"texture":"#2","tintindex":0},"north":{"uv":[3.6875,11.75,3.9335938,12.015625],"rotation":0,"texture":"#2","tintindex":0},"west":{"uv":[11.1875,13.625,11.25,13.890625],"rotation":0,"texture":"#2","tintindex":0},"up":{"uv":[13.933594,1.875,13.6875,1.8125],"rotation":0,"texture":"#2","tintindex":0},"down":{"uv":[2.1210938,13.6875,1.875,13.75],"rotation":0,"texture":"#2","tintindex":0}}}],"display":{"head":{"translation":[0.0,-6.4,0.0],"scale":[4.0,4.0,4.0]}}}