{"textures":{"2":"modelengine:entity/pillars"},"elements":[{"from":[7.152381,6.778894,6.207143],"to":[8.866667,9.028894,7.9214287],"rotation":{"angle":0.0,"axis":"y","origin":[8.009523,7.636037,7.0642858]},"faces":{"east":{"uv":[11.25,12.0625,11.4375,12.308594],"rotation":0,"texture":"#2","tintindex":0},"south":{"uv":[12.0625,11.75,12.25,11.996094],"rotation":0,"texture":"#2","tintindex":0},"north":{"uv":[6.75,12.0625,6.9375,12.308594],"rotation":0,"texture":"#2","tintindex":0},"west":{"uv":[12.0625,12.0,12.25,12.246094],"rotation":0,"texture":"#2","tintindex":0},"up":{"uv":[12.875,7.0625,12.6875,6.875],"rotation":0,"texture":"#2","tintindex":0},"down":{"uv":[7.25,12.6875,7.0625,12.875],"rotation":0,"texture":"#2","tintindex":0}}},{"from":[6.830952,6.778894,6.4214287],"to":[7.152381,8.171751,7.707143],"rotation":{"angle":0.0,"axis":"y","origin":[7.045238,7.4753222,7.0642858]},"faces":{"east":{"uv":[13.3125,3.625,13.453125,3.7773438],"rotation":0,"texture":"#2","tintindex":0},"south":{"uv":[11.25,14.4375,11.285156,14.589844],"rotation":0,"texture":"#2","tintindex":0},"north":{"uv":[11.1875,14.4375,11.222656,14.589844],"rotation":0,"texture":"#2","tintindex":0},"west":{"uv":[3.8125,13.3125,3.953125,13.464844],"rotation":0,"texture":"#2","tintindex":0},"up":{"uv":[10.910156,14.640625,10.875,14.5],"rotation":0,"texture":"#2","tintindex":0},"down":{"uv":[14.535156,10.875,14.5,11.015625],"rotation":0,"texture":"#2","tintindex":0}}},{"from":[6.830952,8.171751,6.742857],"to":[7.152381,9.028894,7.385714],"rotation":{"angle":0.0,"axis":"y","origin":[7.045238,8.600323,7.0642858]},"faces":{"east":{"uv":[14.3125,1.875,14.3828125,1.96875],"rotation":0,"texture":"#2","tintindex":0},"south":{"uv":[14.75,2.875,14.785156,2.96875],"rotation":0,"texture":"#2","tintindex":0},"north":{"uv":[2.8125,14.75,2.8476562,14.84375],"rotation":0,"texture":"#2","tintindex":0},"west":{"uv":[14.3125,2.0,14.3828125,2.09375],"rotation":0,"texture":"#2","tintindex":0},"up":{"uv":[3.9101562,14.8828125,3.875,14.8125],"rotation":0,"texture":"#2","tintindex":0},"down":{"uv":[14.847656,3.875,14.8125,3.9453125],"rotation":0,"texture":"#2","tintindex":0}}},{"from":[8.866667,6.778894,6.635714],"to":[9.080953,8.171751,7.492857],"rotation":{"angle":0.0,"axis":"y","origin":[8.973809,7.4753222,7.0642858]},"faces":{"east":{"uv":[13.6875,9.9375,13.78125,10.089844],"rotation":0,"texture":"#2","tintindex":0},"south":{"uv":[14.6875,5.4375,14.7109375,5.5898438],"rotation":0,"texture":"#2","tintindex":0},"north":{"uv":[5.4375,14.6875,5.4609375,14.839844],"rotation":0,"texture":"#2","tintindex":0},"west":{"uv":[13.6875,10.125,13.78125,10.277344],"rotation":0,"texture":"#2","tintindex":0},"up":{"uv":[10.5859375,14.90625,10.5625,14.8125],"rotation":0,"texture":"#2","tintindex":0},"down":{"uv":[10.6484375,14.8125,10.625,14.90625],"rotation":0,"texture":"#2","tintindex":0}}},{"from":[8.866667,8.171751,6.85],"to":[9.080953,9.028894,7.278571],"rotation":{"angle":0.0,"axis":"y","origin":[8.973809,8.600323,7.0642858]},"faces":{"east":{"uv":[3.625,14.625,3.671875,14.71875],"rotation":0,"texture":"#2","tintindex":0},"south":{"uv":[10.75,14.8125,10.7734375,14.90625],"rotation":0,"texture":"#2","tintindex":0},"north":{"uv":[10.6875,14.8125,10.7109375,14.90625],"rotation":0,"texture":"#2","tintindex":0},"west":{"uv":[3.6875,14.625,3.734375,14.71875],"rotation":0,"texture":"#2","tintindex":0},"up":{"uv":[2.7109375,15.109375,2.6875,15.0625],"rotation":0,"texture":"#2","tintindex":0},"down":{"uv":[15.0859375,2.6875,15.0625,2.734375],"rotation":0,"texture":"#2","tintindex":0}}},{"from":[7.366667,6.778894,5.885714],"to":[8.652381,8.171751,6.207143],"rotation":{"angle":0.0,"axis":"y","origin":[8.009523,7.636037,6.742857]},"faces":{"east":{"uv":[14.4375,11.25,14.472656,11.402344],"rotation":0,"texture":"#2","tintindex":0},"south":{"uv":[4.0,13.3125,4.140625,13.464844],"rotation":0,"texture":"#2","tintindex":0},"north":{"uv":[13.3125,3.8125,13.453125,3.9648438],"rotation":0,"texture":"#2","tintindex":0},"west":{"uv":[11.3125,14.4375,11.347656,14.589844],"rotation":0,"texture":"#2","tintindex":0},"up":{"uv":[14.640625,10.722656,14.5,10.6875],"rotation":0,"texture":"#2","tintindex":0},"down":{"uv":[14.640625,10.75,14.5,10.785156],"rotation":0,"texture":"#2","tintindex":0}}},{"from":[7.6988096,8.171751,5.885714],"to":[8.341666,9.028894,6.207143],"rotation":{"angle":0.0,"axis":"y","origin":[8.07381,8.600323,6.0464287]},"faces":{"east":{"uv":[14.75,3.0,14.785156,3.09375],"rotation":0,"texture":"#2","tintindex":0},"south":{"uv":[14.3125,2.375,14.3828125,2.46875],"rotation":0,"texture":"#2","tintindex":0},"north":{"uv":[14.3125,2.125,14.3828125,2.21875],"rotation":0,"texture":"#2","tintindex":0},"west":{"uv":[3.125,14.75,3.1601562,14.84375],"rotation":0,"texture":"#2","tintindex":0},"up":{"uv":[4.0078125,14.847656,3.9375,14.8125],"rotation":0,"texture":"#2","tintindex":0},"down":{"uv":[14.8828125,4.0,14.8125,4.0351562],"rotation":0,"texture":"#2","tintindex":0}}},{"from":[7.6988096,8.171751,7.9214287],"to":[8.341666,9.028894,8.242857],"rotation":{"angle":0.0,"axis":"y","origin":[8.07381,8.600323,8.082143]},"faces":{"east":{"uv":[14.75,3.125,14.785156,3.21875],"rotation":0,"texture":"#2","tintindex":0},"south":{"uv":[14.3125,3.0,14.3828125,3.09375],"rotation":0,"texture":"#2","tintindex":0},"north":{"uv":[2.9375,14.3125,3.0078125,14.40625],"rotation":0,"texture":"#2","tintindex":0},"west":{"uv":[3.1875,14.75,3.2226562,14.84375],"rotation":0,"texture":"#2","tintindex":0},"up":{"uv":[4.1328125,14.847656,4.0625,14.8125],"rotation":0,"texture":"#2","tintindex":0},"down":{"uv":[14.8828125,4.0625,14.8125,4.0976562],"rotation":0,"texture":"#2","tintindex":0}}},{"from":[7.366667,6.778894,7.9214287],"to":[8.652381,8.171751,8.242857],"rotation":{"angle":0.0,"axis":"y","origin":[8.009523,7.636037,8.778571]},"faces":{"east":{"uv":[14.4375,11.4375,14.472656,11.589844],"rotation":0,"texture":"#2","tintindex":0},"south":{"uv":[4.1875,13.3125,4.328125,13.464844],"rotation":0,"texture":"#2","tintindex":0},"north":{"uv":[13.3125,4.0,13.453125,4.1523438],"rotation":0,"texture":"#2","tintindex":0},"west":{"uv":[11.5625,14.4375,11.597656,14.589844],"rotation":0,"texture":"#2","tintindex":0},"up":{"uv":[11.078125,14.535156,10.9375,14.5],"rotation":0,"texture":"#2","tintindex":0},"down":{"uv":[14.640625,11.0625,14.5,11.097656],"rotation":0,"texture":"#2","tintindex":0}}}],"display":{"head":{"translation":[0.0,-6.4,0.0],"scale":[4.0,4.0,4.0]}}}