{"textures":{"2":"modelengine:entity/pillars"},"elements":[{"from":[6.8875,6.198363,0.78928566],"to":[9.1375,9.151488,3.0392857],"rotation":{"angle":0.0,"axis":"y","origin":[8.0125,7.3233633,1.9142857]},"faces":{"east":{"uv":[11.25,9.25,11.496094,9.574219],"rotation":0,"texture":"#2","tintindex":0},"south":{"uv":[11.25,9.625,11.496094,9.949219],"rotation":0,"texture":"#2","tintindex":0},"north":{"uv":[11.25,8.875,11.496094,9.199219],"rotation":0,"texture":"#2","tintindex":0},"west":{"uv":[11.25,10.0,11.496094,10.324219],"rotation":0,"texture":"#2","tintindex":0},"up":{"uv":[12.183594,0.93359375,11.9375,0.6875],"rotation":0,"texture":"#2","tintindex":0},"down":{"uv":[0.99609375,11.9375,0.75,12.183594],"rotation":0,"texture":"#2","tintindex":0}}},{"from":[6.465625,6.198363,1.0705357],"to":[6.8875,8.026488,2.7580357],"rotation":{"angle":0.0,"axis":"y","origin":[6.746875,7.112426,1.9142857]},"faces":{"east":{"uv":[5.4375,12.5625,5.6210938,12.761719],"rotation":0,"texture":"#2","tintindex":0},"south":{"uv":[14.0625,9.8125,14.109375,10.011719],"rotation":0,"texture":"#2","tintindex":0},"north":{"uv":[9.75,14.0625,9.796875,14.261719],"rotation":0,"texture":"#2","tintindex":0},"west":{"uv":[6.1875,12.5625,6.3710938,12.761719],"rotation":0,"texture":"#2","tintindex":0},"up":{"uv":[14.171875,4.3085938,14.125,4.125],"rotation":0,"texture":"#2","tintindex":0},"down":{"uv":[4.359375,14.125,4.3125,14.308594],"rotation":0,"texture":"#2","tintindex":0}}},{"from":[6.465625,8.026488,1.4924107],"to":[6.8875,9.151488,2.3361607],"rotation":{"angle":0.0,"axis":"y","origin":[6.746875,8.588988,1.9142857]},"faces":{"east":{"uv":[5.375,13.9375,5.46875,14.0625],"rotation":0,"texture":"#2","tintindex":0},"south":{"uv":[5.625,14.375,5.671875,14.5],"rotation":0,"texture":"#2","tintindex":0},"north":{"uv":[14.375,5.4375,14.421875,5.5625],"rotation":0,"texture":"#2","tintindex":0},"west":{"uv":[13.9375,5.4375,14.03125,5.5625],"rotation":0,"texture":"#2","tintindex":0},"up":{"uv":[10.484375,14.65625,10.4375,14.5625],"rotation":0,"texture":"#2","tintindex":0},"down":{"uv":[10.546875,14.5625,10.5,14.65625],"rotation":0,"texture":"#2","tintindex":0}}},{"from":[9.1375,6.198363,1.3517857],"to":[9.41875,8.026488,2.4767857],"rotation":{"angle":0.0,"axis":"y","origin":[9.278125,7.112426,1.9142857]},"faces":{"east":{"uv":[13.1875,8.0625,13.3125,8.261719],"rotation":0,"texture":"#2","tintindex":0},"south":{"uv":[13.375,14.3125,13.40625,14.511719],"rotation":0,"texture":"#2","tintindex":0},"north":{"uv":[13.3125,14.3125,13.34375,14.511719],"rotation":0,"texture":"#2","tintindex":0},"west":{"uv":[13.1875,8.3125,13.3125,8.511719],"rotation":0,"texture":"#2","tintindex":0},"up":{"uv":[14.65625,5.8125,14.625,5.6875],"rotation":0,"texture":"#2","tintindex":0},"down":{"uv":[14.65625,5.8125,14.625,5.9375],"rotation":0,"texture":"#2","tintindex":0}}},{"from":[9.1375,8.026488,1.6330357],"to":[9.41875,9.151488,2.1955357],"rotation":{"angle":0.0,"axis":"y","origin":[9.278125,8.588988,1.9142857]},"faces":{"east":{"uv":[4.5,12.75,4.5625,12.875],"rotation":0,"texture":"#2","tintindex":0},"south":{"uv":[14.625,6.0625,14.65625,6.1875],"rotation":0,"texture":"#2","tintindex":0},"north":{"uv":[14.625,5.9375,14.65625,6.0625],"rotation":0,"texture":"#2","tintindex":0},"west":{"uv":[7.625,12.75,7.6875,12.875],"rotation":0,"texture":"#2","tintindex":0},"up":{"uv":[4.96875,14.9375,4.9375,14.875],"rotation":0,"texture":"#2","tintindex":0},"down":{"uv":[14.90625,4.9375,14.875,5.0],"rotation":0,"texture":"#2","tintindex":0}}},{"from":[7.16875,6.198363,0.36741066],"to":[8.85625,8.026488,0.78928566],"rotation":{"angle":0.0,"axis":"y","origin":[8.0125,7.3233633,1.4924107]},"faces":{"east":{"uv":[9.875,14.0625,9.921875,14.261719],"rotation":0,"texture":"#2","tintindex":0},"south":{"uv":[12.5625,7.3125,12.746094,7.5117188],"rotation":0,"texture":"#2","tintindex":0},"north":{"uv":[6.6875,12.5625,6.8710938,12.761719],"rotation":0,"texture":"#2","tintindex":0},"west":{"uv":[9.9375,14.0625,9.984375,14.261719],"rotation":0,"texture":"#2","tintindex":0},"up":{"uv":[14.308594,4.359375,14.125,4.3125],"rotation":0,"texture":"#2","tintindex":0},"down":{"uv":[14.308594,4.375,14.125,4.421875],"rotation":0,"texture":"#2","tintindex":0}}},{"from":[7.6046877,8.026488,0.36741066],"to":[8.448438,9.151488,0.78928566],"rotation":{"angle":0.0,"axis":"y","origin":[8.096875,8.588988,0.57834816]},"faces":{"east":{"uv":[5.6875,14.375,5.734375,14.5],"rotation":0,"texture":"#2","tintindex":0},"south":{"uv":[13.9375,5.5625,14.03125,5.6875],"rotation":0,"texture":"#2","tintindex":0},"north":{"uv":[5.5,13.9375,5.59375,14.0625],"rotation":0,"texture":"#2","tintindex":0},"west":{"uv":[14.375,5.75,14.421875,5.875],"rotation":0,"texture":"#2","tintindex":0},"up":{"uv":[14.65625,10.546875,14.5625,10.5],"rotation":0,"texture":"#2","tintindex":0},"down":{"uv":[10.65625,14.5625,10.5625,14.609375],"rotation":0,"texture":"#2","tintindex":0}}},{"from":[7.6046877,8.026488,3.0392857],"to":[8.448438,9.151488,3.4611607],"rotation":{"angle":0.0,"axis":"y","origin":[8.096875,8.588988,3.2502232]},"faces":{"east":{"uv":[14.375,5.875,14.421875,6.0],"rotation":0,"texture":"#2","tintindex":0},"south":{"uv":[5.75,13.9375,5.84375,14.0625],"rotation":0,"texture":"#2","tintindex":0},"north":{"uv":[13.9375,5.6875,14.03125,5.8125],"rotation":0,"texture":"#2","tintindex":0},"west":{"uv":[14.375,6.0,14.421875,6.125],"rotation":0,"texture":"#2","tintindex":0},"up":{"uv":[10.78125,14.609375,10.6875,14.5625],"rotation":0,"texture":"#2","tintindex":0},"down":{"uv":[14.65625,10.875,14.5625,10.921875],"rotation":0,"texture":"#2","tintindex":0}}},{"from":[7.16875,6.198363,3.0392857],"to":[8.85625,8.026488,3.4611607],"rotation":{"angle":0.0,"axis":"y","origin":[8.0125,7.3233633,4.1642857]},"faces":{"east":{"uv":[10.0,14.0625,10.046875,14.261719],"rotation":0,"texture":"#2","tintindex":0},"south":{"uv":[12.5625,7.8125,12.746094,8.011719],"rotation":0,"texture":"#2","tintindex":0},"north":{"uv":[12.5625,7.5625,12.746094,7.7617188],"rotation":0,"texture":"#2","tintindex":0},"west":{"uv":[10.0625,14.0625,10.109375,14.261719],"rotation":0,"texture":"#2","tintindex":0},"up":{"uv":[14.308594,4.484375,14.125,4.4375],"rotation":0,"texture":"#2","tintindex":0},"down":{"uv":[14.308594,4.5,14.125,4.546875],"rotation":0,"texture":"#2","tintindex":0}}}],"display":{"head":{"translation":[0.0,-6.4,0.0],"scale":[4.0,4.0,4.0]}}}