{"textures":{"2":"modelengine:entity/pillars"},"elements":[{"from":[7.761607,7.6860366,2.205357],"to":[8.24375,8.31885,2.6875],"rotation":{"angle":0.0,"axis":"y","origin":[8.002679,7.9271083,2.4464283]},"faces":{"east":{"uv":[12.9375,14.625,12.9921875,14.6953125],"rotation":0,"texture":"#2","tintindex":0},"south":{"uv":[13.0,14.625,13.0546875,14.6953125],"rotation":0,"texture":"#2","tintindex":0},"north":{"uv":[14.625,12.875,14.6796875,12.9453125],"rotation":0,"texture":"#2","tintindex":0},"west":{"uv":[14.625,13.0,14.6796875,13.0703125],"rotation":0,"texture":"#2","tintindex":0},"up":{"uv":[14.8046875,8.7421875,14.75,8.6875],"rotation":0,"texture":"#2","tintindex":0},"down":{"uv":[8.8046875,14.75,8.75,14.8046875],"rotation":0,"texture":"#2","tintindex":0}}},{"from":[7.6712055,7.6860366,2.2656245],"to":[7.761607,8.077778,2.627232],"rotation":{"angle":0.0,"axis":"y","origin":[7.731473,7.8819075,2.4464283]},"faces":{"east":{"uv":[14.875,13.1875,14.9140625,13.230469],"rotation":0,"texture":"#2","tintindex":0},"south":{"uv":[15.25,8.8125,15.261719,8.855469],"rotation":0,"texture":"#2","tintindex":0},"north":{"uv":[8.8125,15.25,8.824219,15.292969],"rotation":0,"texture":"#2","tintindex":0},"west":{"uv":[13.25,14.875,13.2890625,14.917969],"rotation":0,"texture":"#2","tintindex":0},"up":{"uv":[14.886719,15.2890625,14.875,15.25],"rotation":0,"texture":"#2","tintindex":0},"down":{"uv":[15.261719,14.875,15.25,14.9140625],"rotation":0,"texture":"#2","tintindex":0}}},{"from":[7.6712055,8.077778,2.3560266],"to":[7.761607,8.31885,2.53683],"rotation":{"angle":0.0,"axis":"y","origin":[7.731473,8.198314,2.4464283]},"faces":{"east":{"uv":[5.0625,15.25,5.0820312,15.277344],"rotation":0,"texture":"#2","tintindex":0},"south":{"uv":[11.5,15.3125,11.511719,15.339844],"rotation":0,"texture":"#2","tintindex":0},"north":{"uv":[15.3125,11.4375,15.324219,11.464844],"rotation":0,"texture":"#2","tintindex":0},"west":{"uv":[15.25,5.0625,15.269531,5.0898438],"rotation":0,"texture":"#2","tintindex":0},"up":{"uv":[15.449219,3.5820312,15.4375,3.5625],"rotation":0,"texture":"#2","tintindex":0},"down":{"uv":[3.6367188,15.4375,3.625,15.457031],"rotation":0,"texture":"#2","tintindex":0}}},{"from":[8.24375,7.6860366,2.3258924],"to":[8.304018,8.077778,2.5669641],"rotation":{"angle":0.0,"axis":"y","origin":[8.273884,7.8819075,2.4464283]},"faces":{"east":{"uv":[0.8125,15.0625,0.83984375,15.105469],"rotation":0,"texture":"#2","tintindex":0},"south":{"uv":[7.0625,15.3125,7.0703125,15.355469],"rotation":0,"texture":"#2","tintindex":0},"north":{"uv":[15.3125,7.0,15.3203125,7.0429688],"rotation":0,"texture":"#2","tintindex":0},"west":{"uv":[15.0625,0.8125,15.089844,0.85546875],"rotation":0,"texture":"#2","tintindex":0},"up":{"uv":[15.4453125,7.6523438,15.4375,7.625],"rotation":0,"texture":"#2","tintindex":0},"down":{"uv":[7.6953125,15.4375,7.6875,15.464844],"rotation":0,"texture":"#2","tintindex":0}}},{"from":[8.24375,8.077778,2.3861604],"to":[8.304018,8.31885,2.5066962],"rotation":{"angle":0.0,"axis":"y","origin":[8.273884,8.198314,2.4464283]},"faces":{"east":{"uv":[15.3125,11.5,15.324219,11.527344],"rotation":0,"texture":"#2","tintindex":0},"south":{"uv":[7.75,15.4375,7.7578125,15.464844],"rotation":0,"texture":"#2","tintindex":0},"north":{"uv":[15.4375,7.6875,15.4453125,7.7148438],"rotation":0,"texture":"#2","tintindex":0},"west":{"uv":[11.5625,15.3125,11.574219,15.339844],"rotation":0,"texture":"#2","tintindex":0},"up":{"uv":[4.2578125,15.511719,4.25,15.5],"rotation":0,"texture":"#2","tintindex":0},"down":{"uv":[15.5078125,4.25,15.5,4.2617188],"rotation":0,"texture":"#2","tintindex":0}}},{"from":[7.821875,7.6860366,2.114955],"to":[8.183482,8.077778,2.205357],"rotation":{"angle":0.0,"axis":"y","origin":[8.002679,7.9271083,2.3560266]},"faces":{"east":{"uv":[8.875,15.25,8.886719,15.292969],"rotation":0,"texture":"#2","tintindex":0},"south":{"uv":[13.3125,14.875,13.3515625,14.917969],"rotation":0,"texture":"#2","tintindex":0},"north":{"uv":[14.875,13.25,14.9140625,13.292969],"rotation":0,"texture":"#2","tintindex":0},"west":{"uv":[15.25,8.875,15.261719,8.917969],"rotation":0,"texture":"#2","tintindex":0},"up":{"uv":[14.9765625,15.261719,14.9375,15.25],"rotation":0,"texture":"#2","tintindex":0},"down":{"uv":[15.2890625,14.9375,15.25,14.949219],"rotation":0,"texture":"#2","tintindex":0}}},{"from":[7.9152904,8.077778,2.114955],"to":[8.096094,8.31885,2.205357],"rotation":{"angle":0.0,"axis":"y","origin":[8.020759,8.198314,2.1601558]},"faces":{"east":{"uv":[15.3125,11.5625,15.324219,11.589844],"rotation":0,"texture":"#2","tintindex":0},"south":{"uv":[15.25,5.125,15.269531,5.1523438],"rotation":0,"texture":"#2","tintindex":0},"north":{"uv":[5.125,15.25,5.1445312,15.277344],"rotation":0,"texture":"#2","tintindex":0},"west":{"uv":[11.625,15.3125,11.636719,15.339844],"rotation":0,"texture":"#2","tintindex":0},"up":{"uv":[15.457031,3.6367188,15.4375,3.625],"rotation":0,"texture":"#2","tintindex":0},"down":{"uv":[3.7070312,15.4375,3.6875,15.449219],"rotation":0,"texture":"#2","tintindex":0}}},{"from":[7.9152904,8.077778,2.6875],"to":[8.096094,8.31885,2.7779016],"rotation":{"angle":0.0,"axis":"y","origin":[8.020759,8.198314,2.7327008]},"faces":{"east":{"uv":[15.3125,11.625,15.324219,11.652344],"rotation":0,"texture":"#2","tintindex":0},"south":{"uv":[15.25,5.1875,15.269531,5.2148438],"rotation":0,"texture":"#2","tintindex":0},"north":{"uv":[5.1875,15.25,5.2070312,15.277344],"rotation":0,"texture":"#2","tintindex":0},"west":{"uv":[11.6875,15.3125,11.699219,15.339844],"rotation":0,"texture":"#2","tintindex":0},"up":{"uv":[15.457031,3.6992188,15.4375,3.6875],"rotation":0,"texture":"#2","tintindex":0},"down":{"uv":[3.7695312,15.4375,3.75,15.449219],"rotation":0,"texture":"#2","tintindex":0}}},{"from":[7.821875,7.6860366,2.6875],"to":[8.183482,8.077778,2.7779016],"rotation":{"angle":0.0,"axis":"y","origin":[8.002679,7.9271083,2.9285712]},"faces":{"east":{"uv":[8.9375,15.25,8.949219,15.292969],"rotation":0,"texture":"#2","tintindex":0},"south":{"uv":[13.375,14.875,13.4140625,14.917969],"rotation":0,"texture":"#2","tintindex":0},"north":{"uv":[14.875,13.3125,14.9140625,13.355469],"rotation":0,"texture":"#2","tintindex":0},"west":{"uv":[15.25,8.9375,15.261719,8.980469],"rotation":0,"texture":"#2","tintindex":0},"up":{"uv":[15.0390625,15.261719,15.0,15.25],"rotation":0,"texture":"#2","tintindex":0},"down":{"uv":[15.2890625,15.0,15.25,15.011719],"rotation":0,"texture":"#2","tintindex":0}}}],"display":{"head":{"translation":[0.0,-6.4,0.0],"scale":[4.0,4.0,4.0]}}}