{"textures":{"2":"modelengine:entity/pillars"},"elements":[{"from":[7.761607,7.6860366,2.205357],"to":[8.24375,8.31885,2.6875],"rotation":{"angle":0.0,"axis":"y","origin":[8.002679,7.9271083,2.4464283]},"faces":{"east":{"uv":[11.5625,14.625,11.6171875,14.6953125],"rotation":0,"texture":"#2","tintindex":0},"south":{"uv":[14.625,11.75,14.6796875,11.8203125],"rotation":0,"texture":"#2","tintindex":0},"north":{"uv":[11.5,14.625,11.5546875,14.6953125],"rotation":0,"texture":"#2","tintindex":0},"west":{"uv":[11.8125,14.625,11.8671875,14.6953125],"rotation":0,"texture":"#2","tintindex":0},"up":{"uv":[14.8046875,8.1796875,14.75,8.125],"rotation":0,"texture":"#2","tintindex":0},"down":{"uv":[8.2421875,14.75,8.1875,14.8046875],"rotation":0,"texture":"#2","tintindex":0}}},{"from":[7.6712055,7.6860366,2.2656245],"to":[7.761607,8.077778,2.627232],"rotation":{"angle":0.0,"axis":"y","origin":[7.731473,7.8819075,2.4464283]},"faces":{"east":{"uv":[14.875,11.875,14.9140625,11.917969],"rotation":0,"texture":"#2","tintindex":0},"south":{"uv":[15.25,7.5,15.261719,7.5429688],"rotation":0,"texture":"#2","tintindex":0},"north":{"uv":[7.5,15.25,7.5117188,15.292969],"rotation":0,"texture":"#2","tintindex":0},"west":{"uv":[11.9375,14.875,11.9765625,14.917969],"rotation":0,"texture":"#2","tintindex":0},"up":{"uv":[13.136719,15.2890625,13.125,15.25],"rotation":0,"texture":"#2","tintindex":0},"down":{"uv":[15.261719,13.125,15.25,13.1640625],"rotation":0,"texture":"#2","tintindex":0}}},{"from":[7.6712055,8.077778,2.3560266],"to":[7.761607,8.31885,2.53683],"rotation":{"angle":0.0,"axis":"y","origin":[7.731473,8.198314,2.4464283]},"faces":{"east":{"uv":[3.75,15.25,3.7695312,15.277344],"rotation":0,"texture":"#2","tintindex":0},"south":{"uv":[8.4375,15.3125,8.449219,15.339844],"rotation":0,"texture":"#2","tintindex":0},"north":{"uv":[15.3125,8.375,15.324219,8.402344],"rotation":0,"texture":"#2","tintindex":0},"west":{"uv":[15.25,3.75,15.269531,3.7773438],"rotation":0,"texture":"#2","tintindex":0},"up":{"uv":[15.449219,1.8320312,15.4375,1.8125],"rotation":0,"texture":"#2","tintindex":0},"down":{"uv":[1.8867188,15.4375,1.875,15.457031],"rotation":0,"texture":"#2","tintindex":0}}},{"from":[8.24375,7.6860366,2.3258924],"to":[8.304018,8.077778,2.5669641],"rotation":{"angle":0.0,"axis":"y","origin":[8.273884,7.8819075,2.4464283]},"faces":{"east":{"uv":[0.375,15.0625,0.40234375,15.105469],"rotation":0,"texture":"#2","tintindex":0},"south":{"uv":[6.625,15.3125,6.6328125,15.355469],"rotation":0,"texture":"#2","tintindex":0},"north":{"uv":[15.3125,6.5625,15.3203125,6.6054688],"rotation":0,"texture":"#2","tintindex":0},"west":{"uv":[15.0625,0.375,15.089844,0.41796875],"rotation":0,"texture":"#2","tintindex":0},"up":{"uv":[15.4453125,6.7773438,15.4375,6.75],"rotation":0,"texture":"#2","tintindex":0},"down":{"uv":[6.8203125,15.4375,6.8125,15.464844],"rotation":0,"texture":"#2","tintindex":0}}},{"from":[8.24375,8.077778,2.3861604],"to":[8.304018,8.31885,2.5066962],"rotation":{"angle":0.0,"axis":"y","origin":[8.273884,8.198314,2.4464283]},"faces":{"east":{"uv":[15.3125,8.4375,15.324219,8.464844],"rotation":0,"texture":"#2","tintindex":0},"south":{"uv":[6.875,15.4375,6.8828125,15.464844],"rotation":0,"texture":"#2","tintindex":0},"north":{"uv":[15.4375,6.8125,15.4453125,6.8398438],"rotation":0,"texture":"#2","tintindex":0},"west":{"uv":[8.5,15.3125,8.511719,15.339844],"rotation":0,"texture":"#2","tintindex":0},"up":{"uv":[3.8203125,15.511719,3.8125,15.5],"rotation":0,"texture":"#2","tintindex":0},"down":{"uv":[15.5078125,3.8125,15.5,3.8242188],"rotation":0,"texture":"#2","tintindex":0}}},{"from":[7.821875,7.6860366,2.114955],"to":[8.183482,8.077778,2.205357],"rotation":{"angle":0.0,"axis":"y","origin":[8.002679,7.9271083,2.3560266]},"faces":{"east":{"uv":[7.5625,15.25,7.5742188,15.292969],"rotation":0,"texture":"#2","tintindex":0},"south":{"uv":[12.0,14.875,12.0390625,14.917969],"rotation":0,"texture":"#2","tintindex":0},"north":{"uv":[14.875,11.9375,14.9140625,11.980469],"rotation":0,"texture":"#2","tintindex":0},"west":{"uv":[15.25,7.5625,15.261719,7.6054688],"rotation":0,"texture":"#2","tintindex":0},"up":{"uv":[13.2265625,15.261719,13.1875,15.25],"rotation":0,"texture":"#2","tintindex":0},"down":{"uv":[15.2890625,13.1875,15.25,13.199219],"rotation":0,"texture":"#2","tintindex":0}}},{"from":[7.9152904,8.077778,2.114955],"to":[8.096094,8.31885,2.205357],"rotation":{"angle":0.0,"axis":"y","origin":[8.020759,8.198314,2.1601558]},"faces":{"east":{"uv":[15.3125,8.5,15.324219,8.527344],"rotation":0,"texture":"#2","tintindex":0},"south":{"uv":[15.25,3.8125,15.269531,3.8398438],"rotation":0,"texture":"#2","tintindex":0},"north":{"uv":[3.8125,15.25,3.8320312,15.277344],"rotation":0,"texture":"#2","tintindex":0},"west":{"uv":[8.5625,15.3125,8.574219,15.339844],"rotation":0,"texture":"#2","tintindex":0},"up":{"uv":[15.457031,1.8867188,15.4375,1.875],"rotation":0,"texture":"#2","tintindex":0},"down":{"uv":[1.9570312,15.4375,1.9375,15.449219],"rotation":0,"texture":"#2","tintindex":0}}},{"from":[7.9152904,8.077778,2.6875],"to":[8.096094,8.31885,2.7779016],"rotation":{"angle":0.0,"axis":"y","origin":[8.020759,8.198314,2.7327008]},"faces":{"east":{"uv":[15.3125,8.5625,15.324219,8.589844],"rotation":0,"texture":"#2","tintindex":0},"south":{"uv":[15.25,3.875,15.269531,3.9023438],"rotation":0,"texture":"#2","tintindex":0},"north":{"uv":[3.875,15.25,3.8945312,15.277344],"rotation":0,"texture":"#2","tintindex":0},"west":{"uv":[8.625,15.3125,8.636719,15.339844],"rotation":0,"texture":"#2","tintindex":0},"up":{"uv":[15.457031,1.9492188,15.4375,1.9375],"rotation":0,"texture":"#2","tintindex":0},"down":{"uv":[2.0195312,15.4375,2.0,15.449219],"rotation":0,"texture":"#2","tintindex":0}}},{"from":[7.821875,7.6860366,2.6875],"to":[8.183482,8.077778,2.7779016],"rotation":{"angle":0.0,"axis":"y","origin":[8.002679,7.9271083,2.9285712]},"faces":{"east":{"uv":[7.625,15.25,7.6367188,15.292969],"rotation":0,"texture":"#2","tintindex":0},"south":{"uv":[12.0625,14.875,12.1015625,14.917969],"rotation":0,"texture":"#2","tintindex":0},"north":{"uv":[14.875,12.0,14.9140625,12.042969],"rotation":0,"texture":"#2","tintindex":0},"west":{"uv":[15.25,7.625,15.261719,7.6679688],"rotation":0,"texture":"#2","tintindex":0},"up":{"uv":[13.2890625,15.261719,13.25,15.25],"rotation":0,"texture":"#2","tintindex":0},"down":{"uv":[15.2890625,13.25,15.25,13.261719],"rotation":0,"texture":"#2","tintindex":0}}}],"display":{"head":{"translation":[0.0,-6.4,0.0],"scale":[4.0,4.0,4.0]}}}