{"textures":{"2":"modelengine:entity/pillars"},"elements":[{"from":[6.7845,27.105194,6.7845],"to":[9.2155,32.0,9.2155],"rotation":{"angle":0.0,"axis":"y","origin":[8.649187,28.969883,8.649187]},"faces":{"east":{"uv":[9.375,1.0,9.640625,1.5351562],"rotation":0,"texture":"#2","tintindex":0},"south":{"uv":[9.375,5.9375,9.640625,6.4726562],"rotation":0,"texture":"#2","tintindex":0},"north":{"uv":[9.375,0.4375,9.640625,0.97265625],"rotation":0,"texture":"#2","tintindex":0},"west":{"uv":[9.4375,1.5625,9.703125,2.0976562],"rotation":0,"texture":"#2","tintindex":0},"up":{"uv":[11.765625,2.515625,11.5,2.25],"rotation":0,"texture":"#2","tintindex":0},"down":{"uv":[11.765625,2.5625,11.5,2.828125],"rotation":0,"texture":"#2","tintindex":0}}}],"display":{"head":{"translation":[0.0,39.989616,0.0],"scale":[4.0,4.0,4.0]}}}