{"textures":{"2":"modelengine:entity/pillars"},"elements":[{"from":[7.45,21.892578,7.45],"to":[8.55,24.107422,8.55],"rotation":{"angle":0.0,"axis":"y","origin":[8.29375,22.736328,8.29375]},"faces":{"east":{"uv":[12.75,10.5,12.871094,10.7421875],"rotation":0,"texture":"#2","tintindex":0},"south":{"uv":[12.75,10.75,12.871094,10.9921875],"rotation":0,"texture":"#2","tintindex":0},"north":{"uv":[1.5,12.75,1.6210938,12.9921875],"rotation":0,"texture":"#2","tintindex":0},"west":{"uv":[12.75,11.0,12.871094,11.2421875],"rotation":0,"texture":"#2","tintindex":0},"up":{"uv":[3.6835938,10.746094,3.5625,10.625],"rotation":0,"texture":"#2","tintindex":0},"down":{"uv":[10.746094,5.5,10.625,5.6210938],"rotation":0,"texture":"#2","tintindex":0}}}],"display":{"head":{"translation":[0.0,-6.4,0.0],"scale":[4.0,4.0,4.0]}}}