{"textures":{"2":"modelengine:entity/pillars"},"elements":[{"from":[7.45,21.892578,7.45],"to":[8.55,24.107422,8.55],"rotation":{"angle":0.0,"axis":"y","origin":[8.29375,22.736328,8.29375]},"faces":{"east":{"uv":[12.625,12.75,12.746094,12.9921875],"rotation":0,"texture":"#2","tintindex":0},"south":{"uv":[12.75,12.75,12.871094,12.9921875],"rotation":0,"texture":"#2","tintindex":0},"north":{"uv":[12.25,12.75,12.371094,12.9921875],"rotation":0,"texture":"#2","tintindex":0},"west":{"uv":[12.8125,1.5,12.933594,1.7421875],"rotation":0,"texture":"#2","tintindex":0},"up":{"uv":[8.246094,11.246094,8.125,11.125],"rotation":0,"texture":"#2","tintindex":0},"down":{"uv":[11.496094,4.5,11.375,4.6210938],"rotation":0,"texture":"#2","tintindex":0}}}],"display":{"head":{"translation":[0.0,-6.4,0.0],"scale":[4.0,4.0,4.0]}}}