{"textures":{"1":"modelengine:entity/icecubes"},"elements":[{"from":[5.0714283,7.428571,4.0714283],"to":[12.928572,13.571428,18.07143],"rotation":{"angle":0.0,"axis":"y","origin":[8.142858,8.0,8.0]},"faces":{"east":{"uv":[4.375,13.0625,5.90625,13.734375],"rotation":0,"texture":"#1","tintindex":0},"south":{"uv":[13.375,9.8125,14.234375,10.484375],"rotation":0,"texture":"#1","tintindex":0},"north":{"uv":[13.375,9.125,14.234375,9.796875],"rotation":0,"texture":"#1","tintindex":0},"west":{"uv":[5.9375,13.0625,7.46875,13.734375],"rotation":0,"texture":"#1","tintindex":0},"up":{"uv":[1.734375,13.78125,0.875,12.25],"rotation":0,"texture":"#1","tintindex":0},"down":{"uv":[13.359375,6.5,12.5,8.03125],"rotation":0,"texture":"#1","tintindex":0}}},{"from":[5.0714283,13.571428,4.0714283],"to":[12.928572,14.142858,18.07143],"rotation":{"angle":0.0,"axis":"y","origin":[8.142858,8.571428,8.0]},"faces":{"east":{"uv":[6.3125,14.0625,7.84375,14.125],"rotation":0,"texture":"#1","tintindex":0},"south":{"uv":[11.0,13.625,11.859375,13.6875],"rotation":0,"texture":"#1","tintindex":0},"north":{"uv":[11.0,13.5625,11.859375,13.625],"rotation":0,"texture":"#1","tintindex":0},"west":{"uv":[12.125,14.0625,13.65625,14.125],"rotation":0,"texture":"#1","tintindex":0},"up":{"uv":[13.359375,9.59375,12.5,8.0625],"rotation":0,"texture":"#1","tintindex":0},"down":{"uv":[13.359375,9.625,12.5,11.15625],"rotation":0,"texture":"#1","tintindex":0}}}],"display":{"head":{"translation":[0.0,-6.4,0.0],"scale":[4.0,4.0,4.0]}}}