{"textures":{"1":"modelengine:entity/icecubes"},"elements":[{"from":[5.0714283,7.428571,4.0714283],"to":[12.928572,15.0,21.357143],"rotation":{"angle":0.0,"axis":"y","origin":[8.142858,8.0,8.0]},"faces":{"east":{"uv":[12.5,4.75,14.390625,5.578125],"rotation":0,"texture":"#1","tintindex":0},"south":{"uv":[13.375,8.25,14.234375,9.078125],"rotation":0,"texture":"#1","tintindex":0},"north":{"uv":[13.375,7.375,14.234375,8.203125],"rotation":0,"texture":"#1","tintindex":0},"west":{"uv":[12.5,5.625,14.390625,6.453125],"rotation":0,"texture":"#1","tintindex":0},"up":{"uv":[12.484375,11.578125,11.625,9.6875],"rotation":0,"texture":"#1","tintindex":0},"down":{"uv":[11.421875,11.625,10.5625,13.515625],"rotation":0,"texture":"#1","tintindex":0}}},{"from":[5.0714283,15.0,4.0714283],"to":[12.928572,15.571428,21.357143],"rotation":{"angle":0.0,"axis":"y","origin":[8.142858,10.0,8.0]},"faces":{"east":{"uv":[13.5625,3.8125,15.453125,3.875],"rotation":0,"texture":"#1","tintindex":0},"south":{"uv":[0.875,13.9375,1.734375,14.0],"rotation":0,"texture":"#1","tintindex":0},"north":{"uv":[0.875,13.875,1.734375,13.9375],"rotation":0,"texture":"#1","tintindex":0},"west":{"uv":[4.375,14.0625,6.265625,14.125],"rotation":0,"texture":"#1","tintindex":0},"up":{"uv":[12.296875,13.515625,11.4375,11.625],"rotation":0,"texture":"#1","tintindex":0},"down":{"uv":[0.859375,12.25,0.0,14.140625],"rotation":0,"texture":"#1","tintindex":0}}}],"display":{"head":{"translation":[0.0,-6.4,0.0],"scale":[4.0,4.0,4.0]}}}