{"textures":{"2":"modelengine:entity/pillars"},"elements":[{"from":[7.7642856,13.953962,7.7642856],"to":[8.235714,14.903181,8.235714],"rotation":{"angle":0.0,"axis":"y","origin":[8.125893,14.315569,8.125893]},"faces":{"east":{"uv":[8.5625,14.4375,8.613281,14.542969],"rotation":0,"texture":"#2","tintindex":0},"south":{"uv":[8.625,14.4375,8.675781,14.542969],"rotation":0,"texture":"#2","tintindex":0},"north":{"uv":[8.5,14.4375,8.550781,14.542969],"rotation":0,"texture":"#2","tintindex":0},"west":{"uv":[8.6875,14.4375,8.738281,14.542969],"rotation":0,"texture":"#2","tintindex":0},"up":{"uv":[12.488281,14.800781,12.4375,14.75],"rotation":0,"texture":"#2","tintindex":0},"down":{"uv":[14.800781,12.4375,14.75,12.488281],"rotation":0,"texture":"#2","tintindex":0}}}],"display":{"head":{"translation":[0.0,-6.4,0.0],"scale":[4.0,4.0,4.0]}}}