{"textures":{"2":"modelengine:entity/pillars"},"elements":[{"from":[7.882143,10.976981,7.882143],"to":[8.117857,11.451591,8.117857],"rotation":{"angle":0.0,"axis":"y","origin":[8.062946,11.157784,8.062946]},"faces":{"east":{"uv":[15.0,4.125,15.027344,4.1757812],"rotation":0,"texture":"#2","tintindex":0},"south":{"uv":[4.1875,15.0,4.2148438,15.050781],"rotation":0,"texture":"#2","tintindex":0},"north":{"uv":[4.125,15.0,4.1523438,15.050781],"rotation":0,"texture":"#2","tintindex":0},"west":{"uv":[15.0,4.1875,15.027344,4.2382812],"rotation":0,"texture":"#2","tintindex":0},"up":{"uv":[15.152344,13.777344,15.125,13.75],"rotation":0,"texture":"#2","tintindex":0},"down":{"uv":[13.839844,15.125,13.8125,15.152344],"rotation":0,"texture":"#2","tintindex":0}}}],"display":{"head":{"translation":[0.0,-6.4,0.0],"scale":[4.0,4.0,4.0]}}}