{"textures":{"0":"modelengine:entity/phoenix"},"elements":[{"from":[7.9410744,7.7646627,12.361372],"to":[8.360731,8.263314,13.521601],"rotation":{"angle":0.0,"axis":"y","origin":[8.150903,8.0139885,12.509486]},"faces":{"east":{"uv":[6.75,2.0,6.8125,2.0234375],"rotation":0,"texture":"#0","tintindex":0},"south":{"uv":[7.5,5.40625,7.5234375,5.4296875],"rotation":0,"texture":"#0","tintindex":0},"north":{"uv":[4.375,7.15625,4.3984375,7.1796875],"rotation":0,"texture":"#0","tintindex":0},"west":{"uv":[7.125,1.3125,7.1875,1.3359375],"rotation":0,"texture":"#0","tintindex":0},"up":{"uv":[7.6484375,3.5625,7.625,3.5],"rotation":0,"texture":"#0","tintindex":0},"down":{"uv":[7.6484375,3.5625,7.625,3.625],"rotation":0,"texture":"#0","tintindex":0}}},{"from":[7.632503,7.5178056,8.226514],"to":[8.669303,8.510172,12.534172],"rotation":{"angle":0.0,"axis":"y","origin":[4.0,28.415497,8.417829]},"faces":{"east":{"uv":[7.5,0.75,7.734375,0.8046875],"rotation":0,"texture":"#0","tintindex":0},"south":{"uv":[0.25,7.25,0.3046875,7.3046875],"rotation":0,"texture":"#0","tintindex":0},"north":{"uv":[6.84375,7.1875,6.8984375,7.2421875],"rotation":0,"texture":"#0","tintindex":0},"west":{"uv":[7.5,0.8125,7.734375,0.8671875],"rotation":0,"texture":"#0","tintindex":0},"up":{"uv":[0.7421875,6.953125,0.6875,6.71875],"rotation":0,"texture":"#0","tintindex":0},"down":{"uv":[1.8046875,6.71875,1.75,6.953125],"rotation":0,"texture":"#0","tintindex":0}}}],"display":{"head":{"translation":[0.0,-6.4,0.0],"scale":[4.0,4.0,4.0]}}}