{"textures":{"0":"modelengine:entity/phoenix"},"elements":[{"from":[7.6328,7.5636787,7.6848],"to":[8.3672,8.436317,9.7152],"faces":{"east":{"uv":[7.625,6.03125,7.6875,6.0546875],"tintindex":0,"rotation":0,"texture":"#0"},"south":{"uv":[1.90625,7.65625,1.9296875,7.6796875],"tintindex":0,"rotation":0,"texture":"#0"},"north":{"uv":[1.875,7.65625,1.8984375,7.6796875],"tintindex":0,"rotation":0,"texture":"#0"},"west":{"uv":[7.625,6.0625,7.6875,6.0859375],"tintindex":0,"rotation":0,"texture":"#0"},"up":{"uv":[7.6484375,6.15625,7.625,6.09375],"tintindex":0,"rotation":0,"texture":"#0"},"down":{"uv":[7.6484375,6.15625,7.625,6.21875],"tintindex":0,"rotation":0,"texture":"#0"}},"rotation":{"origin":[8.0,8.0,8.0],"angle":45.0,"axis":"y"}}]}