{"textures":{"0":"modelengine:entity/phoenix"},"elements":[{"from":[7.7696457,7.1674676,2.643979],"to":[8.189302,7.6661186,3.8042073],"rotation":{"angle":0.0,"axis":"y","origin":[7.979474,7.3025074,3.224093]},"faces":{"east":{"uv":[0.9375,7.15625,1.0,7.1796875],"rotation":0,"texture":"#0","tintindex":0},"south":{"uv":[0.8125,7.65625,0.8359375,7.6796875],"rotation":0,"texture":"#0","tintindex":0},"north":{"uv":[0.375,7.65625,0.3984375,7.6796875],"rotation":0,"texture":"#0","tintindex":0},"west":{"uv":[0.25,7.3125,0.3125,7.3359375],"rotation":0,"texture":"#0","tintindex":0},"up":{"uv":[3.6171875,7.6875,3.59375,7.625],"rotation":0,"texture":"#0","tintindex":0},"down":{"uv":[3.6484375,7.625,3.625,7.6875],"rotation":0,"texture":"#0","tintindex":0}}},{"from":[7.4610744,7.00352,3.474514],"to":[8.497874,7.995886,8.214171],"rotation":{"angle":0.0,"axis":"y","origin":[3.8285713,27.901213,4.0978284]},"faces":{"east":{"uv":[5.9375,4.5625,6.1953125,4.6171875],"rotation":0,"texture":"#0","tintindex":0},"south":{"uv":[5.28125,7.5625,5.3359375,7.6171875],"rotation":0,"texture":"#0","tintindex":0},"north":{"uv":[6.84375,7.25,6.8984375,7.3046875],"rotation":0,"texture":"#0","tintindex":0},"west":{"uv":[7.28125,5.0625,7.5390625,5.1171875],"rotation":0,"texture":"#0","tintindex":0},"up":{"uv":[6.7109375,7.0703125,6.65625,6.8125],"rotation":0,"texture":"#0","tintindex":0},"down":{"uv":[3.1484375,7.03125,3.09375,7.2890625],"rotation":0,"texture":"#0","tintindex":0}}},{"from":[11.313389,7.2246103,3.667429],"to":[11.733046,7.723262,4.8276577],"rotation":{"angle":-45.0,"axis":"y","origin":[10.951789,7.3025074,4.2475433]},"faces":{"east":{"uv":[7.625,3.625,7.6875,3.6484375],"rotation":0,"texture":"#0","tintindex":0},"south":{"uv":[7.65625,1.53125,7.6796875,1.5546875],"rotation":0,"texture":"#0","tintindex":0},"north":{"uv":[7.65625,1.5,7.6796875,1.5234375],"rotation":0,"texture":"#0","tintindex":0},"west":{"uv":[3.65625,7.625,3.71875,7.6484375],"rotation":0,"texture":"#0","tintindex":0},"up":{"uv":[7.6484375,3.71875,7.625,3.65625],"rotation":0,"texture":"#0","tintindex":0},"down":{"uv":[3.7421875,7.625,3.71875,7.6875],"rotation":0,"texture":"#0","tintindex":0}}},{"from":[7.4610744,7.00352,3.474514],"to":[8.497874,7.995886,8.214171],"rotation":{"angle":-45.0,"axis":"y","origin":[7.979474,7.401105,8.051932]},"faces":{"east":{"uv":[7.34375,2.9375,7.6015625,2.9921875],"rotation":0,"texture":"#0","tintindex":0},"south":{"uv":[0.09375,7.59375,0.1484375,7.6484375],"rotation":0,"texture":"#0","tintindex":0},"north":{"uv":[7.375,7.5625,7.4296875,7.6171875],"rotation":0,"texture":"#0","tintindex":0},"west":{"uv":[7.375,4.25,7.6328125,4.3046875],"rotation":0,"texture":"#0","tintindex":0},"up":{"uv":[4.0546875,7.7265625,4.0,7.46875],"rotation":0,"texture":"#0","tintindex":0},"down":{"uv":[4.1171875,7.46875,4.0625,7.7265625],"rotation":0,"texture":"#0","tintindex":0}}},{"from":[4.2259026,7.2246103,3.667429],"to":[4.64556,7.723262,4.8276577],"rotation":{"angle":45.0,"axis":"y","origin":[5.0071597,7.3025074,4.2475433]},"faces":{"east":{"uv":[4.125,7.625,4.1875,7.6484375],"rotation":0,"texture":"#0","tintindex":0},"south":{"uv":[7.65625,1.59375,7.6796875,1.6171875],"rotation":0,"texture":"#0","tintindex":0},"north":{"uv":[7.65625,1.5625,7.6796875,1.5859375],"rotation":0,"texture":"#0","tintindex":0},"west":{"uv":[4.1875,7.625,4.25,7.6484375],"rotation":0,"texture":"#0","tintindex":0},"up":{"uv":[3.7734375,7.6875,3.75,7.625],"rotation":0,"texture":"#0","tintindex":0},"down":{"uv":[4.2734375,7.625,4.25,7.6875],"rotation":0,"texture":"#0","tintindex":0}}},{"from":[7.4610744,7.00352,3.474514],"to":[8.497874,7.995886,8.214171],"rotation":{"angle":45.0,"axis":"y","origin":[7.979474,7.401105,8.051932]},"faces":{"east":{"uv":[7.40625,0.875,7.6640625,0.9296875],"rotation":0,"texture":"#0","tintindex":0},"south":{"uv":[1.0,7.59375,1.0546875,7.6484375],"rotation":0,"texture":"#0","tintindex":0},"north":{"uv":[0.9375,7.59375,0.9921875,7.6484375],"rotation":0,"texture":"#0","tintindex":0},"west":{"uv":[7.46875,2.875,7.7265625,2.9296875],"rotation":0,"texture":"#0","tintindex":0},"up":{"uv":[7.5234375,4.8828125,7.46875,4.625],"rotation":0,"texture":"#0","tintindex":0},"down":{"uv":[7.5234375,5.4375,7.46875,5.6953125],"rotation":0,"texture":"#0","tintindex":0}}}],"display":{"head":{"translation":[0.0,-6.4,0.0],"scale":[4.0,4.0,4.0]}}}