{"textures":{"0":"modelengine:entity/phoenix"},"elements":[{"from":[7.810697,7.0531816,2.643979],"to":[8.230354,7.551833,3.8042073],"rotation":{"angle":0.0,"axis":"y","origin":[8.020526,7.3025074,3.224093]},"faces":{"east":{"uv":[7.625,5.84375,7.6875,5.8671875],"rotation":0,"texture":"#0","tintindex":0},"south":{"uv":[1.84375,7.65625,1.8671875,7.6796875],"rotation":0,"texture":"#0","tintindex":0},"north":{"uv":[1.8125,7.65625,1.8359375,7.6796875],"rotation":0,"texture":"#0","tintindex":0},"west":{"uv":[7.625,5.875,7.6875,5.8984375],"rotation":0,"texture":"#0","tintindex":0},"up":{"uv":[7.6484375,5.96875,7.625,5.90625],"rotation":0,"texture":"#0","tintindex":0},"down":{"uv":[7.6484375,5.96875,7.625,6.03125],"rotation":0,"texture":"#0","tintindex":0}}},{"from":[7.5021257,7.00352,3.474514],"to":[8.538926,7.995886,8.214171],"rotation":{"angle":0.0,"axis":"y","origin":[12.171429,27.901213,4.0978284]},"faces":{"east":{"uv":[7.46875,3.9375,7.7265625,3.9921875],"rotation":0,"texture":"#0","tintindex":0},"south":{"uv":[7.59375,1.28125,7.6484375,1.3359375],"rotation":0,"texture":"#0","tintindex":0},"north":{"uv":[7.59375,1.21875,7.6484375,1.2734375],"rotation":0,"texture":"#0","tintindex":0},"west":{"uv":[7.46875,4.0,7.7265625,4.0546875],"rotation":0,"texture":"#0","tintindex":0},"up":{"uv":[7.5234375,7.6640625,7.46875,7.40625],"rotation":0,"texture":"#0","tintindex":0},"down":{"uv":[7.5546875,5.125,7.5,5.3828125],"rotation":0,"texture":"#0","tintindex":0}}},{"from":[7.5021257,7.00352,3.474514],"to":[8.538926,7.995886,8.214171],"rotation":{"angle":45.0,"axis":"y","origin":[8.020526,7.401105,8.051932]},"faces":{"east":{"uv":[7.46875,4.90625,7.7265625,4.9609375],"rotation":0,"texture":"#0","tintindex":0},"south":{"uv":[7.59375,2.53125,7.6484375,2.5859375],"rotation":0,"texture":"#0","tintindex":0},"north":{"uv":[7.59375,2.46875,7.6484375,2.5234375],"rotation":0,"texture":"#0","tintindex":0},"west":{"uv":[7.46875,4.96875,7.7265625,5.0234375],"rotation":0,"texture":"#0","tintindex":0},"up":{"uv":[5.8984375,7.7578125,5.84375,7.5],"rotation":0,"texture":"#0","tintindex":0},"down":{"uv":[5.9609375,7.5,5.90625,7.7578125],"rotation":0,"texture":"#0","tintindex":0}}},{"from":[11.354441,7.2246103,3.4960003],"to":[11.774097,7.723262,4.656229],"rotation":{"angle":-45.0,"axis":"y","origin":[10.99284,7.3025074,4.2475433]},"faces":{"east":{"uv":[7.625,6.21875,7.6875,6.2421875],"rotation":0,"texture":"#0","tintindex":0},"south":{"uv":[1.96875,7.65625,1.9921875,7.6796875],"rotation":0,"texture":"#0","tintindex":0},"north":{"uv":[1.9375,7.65625,1.9609375,7.6796875],"rotation":0,"texture":"#0","tintindex":0},"west":{"uv":[7.625,6.25,7.6875,6.2734375],"rotation":0,"texture":"#0","tintindex":0},"up":{"uv":[7.6484375,6.34375,7.625,6.28125],"rotation":0,"texture":"#0","tintindex":0},"down":{"uv":[7.6484375,6.34375,7.625,6.40625],"rotation":0,"texture":"#0","tintindex":0}}},{"from":[7.5021257,7.00352,3.474514],"to":[8.538926,7.995886,8.214171],"rotation":{"angle":-45.0,"axis":"y","origin":[8.020526,7.401105,8.051932]},"faces":{"east":{"uv":[7.5,0.625,7.7578125,0.6796875],"rotation":0,"texture":"#0","tintindex":0},"south":{"uv":[7.59375,2.65625,7.6484375,2.7109375],"rotation":0,"texture":"#0","tintindex":0},"north":{"uv":[7.59375,2.59375,7.6484375,2.6484375],"rotation":0,"texture":"#0","tintindex":0},"west":{"uv":[7.5,0.6875,7.7578125,0.7421875],"rotation":0,"texture":"#0","tintindex":0},"up":{"uv":[6.0234375,7.7578125,5.96875,7.5],"rotation":0,"texture":"#0","tintindex":0},"down":{"uv":[6.0859375,7.5,6.03125,7.7578125],"rotation":0,"texture":"#0","tintindex":0}}}],"display":{"head":{"translation":[0.0,-6.4,0.0],"scale":[4.0,4.0,4.0]}}}