{"textures":{"0":"modelengine:entity/phoenix"},"elements":[{"from":[7.05688,6.2561607,0.08039999],"to":[8.87128,7.9928017,8.3748],"faces":{"east":{"uv":[7.40625,0.875,7.6640625,0.9296875],"tintindex":0,"rotation":0,"texture":"#0"},"south":{"uv":[1.0,7.59375,1.0546875,7.6484375],"tintindex":0,"rotation":0,"texture":"#0"},"north":{"uv":[0.9375,7.59375,0.9921875,7.6484375],"tintindex":0,"rotation":0,"texture":"#0"},"west":{"uv":[7.46875,2.875,7.7265625,2.9296875],"tintindex":0,"rotation":0,"texture":"#0"},"up":{"uv":[7.5234375,4.8828125,7.46875,4.625],"tintindex":0,"rotation":0,"texture":"#0"},"down":{"uv":[7.5234375,5.4375,7.46875,5.6953125],"tintindex":0,"rotation":0,"texture":"#0"}},"rotation":{"origin":[7.96408,6.951935,8.090881],"angle":45.0,"axis":"y"}},{"from":[13.79843,6.6430664,0.4180007],"to":[14.53283,7.515709,2.448401],"faces":{"east":{"uv":[7.625,3.625,7.6875,3.6484375],"tintindex":0,"rotation":0,"texture":"#0"},"south":{"uv":[7.65625,1.53125,7.6796875,1.5546875],"tintindex":0,"rotation":0,"texture":"#0"},"north":{"uv":[7.65625,1.5,7.6796875,1.5234375],"tintindex":0,"rotation":0,"texture":"#0"},"west":{"uv":[3.65625,7.625,3.71875,7.6484375],"tintindex":0,"rotation":0,"texture":"#0"},"up":{"uv":[7.6484375,3.71875,7.625,3.65625],"tintindex":0,"rotation":0,"texture":"#0"},"down":{"uv":[3.7421875,7.625,3.71875,7.6875],"tintindex":0,"rotation":0,"texture":"#0"}},"rotation":{"origin":[13.16563,6.7793884,1.4332008],"angle":-45.0,"axis":"y"}},{"from":[7.05688,6.2561607,0.08039999],"to":[8.87128,7.9928017,8.3748],"faces":{"east":{"uv":[7.34375,2.9375,7.6015625,2.9921875],"tintindex":0,"rotation":0,"texture":"#0"},"south":{"uv":[0.09375,7.59375,0.1484375,7.6484375],"tintindex":0,"rotation":0,"texture":"#0"},"north":{"uv":[7.375,7.5625,7.4296875,7.6171875],"tintindex":0,"rotation":0,"texture":"#0"},"west":{"uv":[7.375,4.25,7.6328125,4.3046875],"tintindex":0,"rotation":0,"texture":"#0"},"up":{"uv":[4.0546875,7.7265625,4.0,7.46875],"tintindex":0,"rotation":0,"texture":"#0"},"down":{"uv":[4.1171875,7.46875,4.0625,7.7265625],"tintindex":0,"rotation":0,"texture":"#0"}},"rotation":{"origin":[7.96408,6.951935,8.090881],"angle":-45.0,"axis":"y"}},{"from":[1.3953295,6.6430664,0.4180007],"to":[2.1297293,7.515709,2.448401],"faces":{"east":{"uv":[4.125,7.625,4.1875,7.6484375],"tintindex":0,"rotation":0,"texture":"#0"},"south":{"uv":[7.65625,1.59375,7.6796875,1.6171875],"tintindex":0,"rotation":0,"texture":"#0"},"north":{"uv":[7.65625,1.5625,7.6796875,1.5859375],"tintindex":0,"rotation":0,"texture":"#0"},"west":{"uv":[4.1875,7.625,4.25,7.6484375],"tintindex":0,"rotation":0,"texture":"#0"},"up":{"uv":[3.7734375,7.6875,3.75,7.625],"tintindex":0,"rotation":0,"texture":"#0"},"down":{"uv":[4.2734375,7.625,4.25,7.6875],"tintindex":0,"rotation":0,"texture":"#0"}},"rotation":{"origin":[2.7625294,6.7793884,1.4332008],"angle":45.0,"axis":"y"}},{"from":[7.59688,6.543068,-1.3730373],"to":[8.33128,7.4157066,0.6573634],"faces":{"east":{"uv":[0.9375,7.15625,1.0,7.1796875],"tintindex":0,"rotation":0,"texture":"#0"},"south":{"uv":[0.8125,7.65625,0.8359375,7.6796875],"tintindex":0,"rotation":0,"texture":"#0"},"north":{"uv":[0.375,7.65625,0.3984375,7.6796875],"tintindex":0,"rotation":0,"texture":"#0"},"west":{"uv":[0.25,7.3125,0.3125,7.3359375],"tintindex":0,"rotation":0,"texture":"#0"},"up":{"uv":[3.6171875,7.6875,3.59375,7.625],"tintindex":0,"rotation":0,"texture":"#0"},"down":{"uv":[3.6484375,7.625,3.625,7.6875],"tintindex":0,"rotation":0,"texture":"#0"}}},{"from":[7.05688,6.2561607,0.08039999],"to":[8.87128,7.9928017,8.3748],"faces":{"east":{"uv":[5.9375,4.5625,6.1953125,4.6171875],"tintindex":0,"rotation":0,"texture":"#0"},"south":{"uv":[5.28125,7.5625,5.3359375,7.6171875],"tintindex":0,"rotation":0,"texture":"#0"},"north":{"uv":[6.84375,7.25,6.8984375,7.3046875],"tintindex":0,"rotation":0,"texture":"#0"},"west":{"uv":[7.28125,5.0625,7.5390625,5.1171875],"tintindex":0,"rotation":0,"texture":"#0"},"up":{"uv":[6.7109375,7.0703125,6.65625,6.8125],"tintindex":0,"rotation":0,"texture":"#0"},"down":{"uv":[3.1484375,7.03125,3.09375,7.2890625],"tintindex":0,"rotation":0,"texture":"#0"}}}]}