{"textures":{"0":"modelengine:entity/phoenix"},"elements":[{"from":[5.714286,5.8095236,4.0952377],"to":[10.285714,10.380953,6.952381],"rotation":{"angle":0.0,"axis":"y","origin":[8.0,-13.047619,8.666667]},"faces":{"east":{"uv":[5.4375,4.625,5.59375,4.875],"rotation":0,"texture":"#0","tintindex":0},"south":{"uv":[7.09375,2.46875,7.34375,2.71875],"rotation":0,"texture":"#0","tintindex":0},"north":{"uv":[2.84375,7.03125,3.09375,7.28125],"rotation":0,"texture":"#0","tintindex":0},"west":{"uv":[5.46875,6.3125,5.625,6.5625],"rotation":0,"texture":"#0","tintindex":0},"up":{"uv":[3.65625,7.4375,3.40625,7.28125],"rotation":0,"texture":"#0","tintindex":0},"down":{"uv":[3.90625,7.28125,3.65625,7.4375],"rotation":0,"texture":"#0","tintindex":0}}},{"from":[5.714286,6.3809524,6.952381],"to":[10.285714,9.809524,8.095238],"rotation":{"angle":0.0,"axis":"y","origin":[8.0,-13.047619,8.666667]},"faces":{"east":{"uv":[1.0,6.34375,1.0625,6.53125],"rotation":0,"texture":"#0","tintindex":0},"south":{"uv":[0.9375,7.1875,1.1875,7.375],"rotation":0,"texture":"#0","tintindex":0},"north":{"uv":[7.15625,7.0,7.40625,7.1875],"rotation":0,"texture":"#0","tintindex":0},"west":{"uv":[0.9375,6.96875,1.0,7.15625],"rotation":0,"texture":"#0","tintindex":0},"up":{"uv":[4.46875,3.75,4.21875,3.6875],"rotation":0,"texture":"#0","tintindex":0},"down":{"uv":[4.71875,3.6875,4.46875,3.75],"rotation":0,"texture":"#0","tintindex":0}}},{"from":[6.285714,6.038095,1.8095236],"to":[9.714286,9.809524,4.0952377],"rotation":{"angle":0.0,"axis":"y","origin":[8.0,-13.047619,8.666667]},"faces":{"east":{"uv":[7.34375,2.71875,7.46875,2.921875],"rotation":0,"texture":"#0","tintindex":0},"south":{"uv":[7.28125,4.84375,7.46875,5.046875],"rotation":0,"texture":"#0","tintindex":0},"north":{"uv":[7.28125,4.625,7.46875,4.828125],"rotation":0,"texture":"#0","tintindex":0},"west":{"uv":[0.9375,7.375,1.0625,7.578125],"rotation":0,"texture":"#0","tintindex":0},"up":{"uv":[7.03125,7.53125,6.84375,7.40625],"rotation":0,"texture":"#0","tintindex":0},"down":{"uv":[7.59375,6.9375,7.40625,7.0625],"rotation":0,"texture":"#0","tintindex":0}}}],"display":{"head":{"translation":[0.0,-6.4,0.0],"scale":[4.0,4.0,4.0]}}}