{"textures":{"0":"modelengine:entity/phoenix"},"elements":[{"from":[6.9142857,7.1761904,7.0571427],"to":[22.714287,9.033333,8.942857],"rotation":{"angle":0.0,"axis":"y","origin":[4.1142855,-4.652381,8.285714]},"faces":{"east":{"uv":[4.875,7.53125,4.9765625,7.6328125],"rotation":0,"texture":"#0","tintindex":0},"south":{"uv":[6.75,3.375,7.6171875,3.4765625],"rotation":0,"texture":"#0","tintindex":0},"north":{"uv":[6.75,3.25,7.6171875,3.3515625],"rotation":0,"texture":"#0","tintindex":0},"west":{"uv":[5.0,7.53125,5.1015625,7.6328125],"rotation":0,"texture":"#0","tintindex":0},"up":{"uv":[7.6171875,3.6015625,6.75,3.5],"rotation":0,"texture":"#0","tintindex":0},"down":{"uv":[7.6484375,0.96875,6.78125,1.0703125],"rotation":0,"texture":"#0","tintindex":0}}},{"from":[3.5428567,-11.823811,7.742857],"to":[22.714287,7.1761904,7.742857],"rotation":{"angle":0.0,"axis":"y","origin":[4.1142855,-4.652381,8.285714]},"faces":{"east":{"uv":[0.0,0.0,0.0,1.0390625],"rotation":0,"texture":"#0","tintindex":0},"south":{"uv":[1.375,4.8671875,2.421875,5.90625],"rotation":0,"texture":"#0","tintindex":0},"north":{"uv":[3.5,4.875,4.546875,5.9140625],"rotation":0,"texture":"#0","tintindex":0},"west":{"uv":[0.0,0.0,0.0,1.0390625],"rotation":0,"texture":"#0","tintindex":0},"up":{"uv":[1.046875,0.0,0.0,0.0],"rotation":0,"texture":"#0","tintindex":0},"down":{"uv":[1.046875,0.0,0.0,0.0],"rotation":0,"texture":"#0","tintindex":0}}}],"display":{"head":{"translation":[0.0,-6.4,0.0],"scale":[4.0,4.0,4.0]}}}