{"textures":{"0":"modelengine:entity/phoenix"},"elements":[{"from":[7.2026973,-1.2090521,7.3625145],"to":[8.609783,8.288457,8.7696],"rotation":{"angle":0.0,"axis":"y","origin":[12.057143,18.701212,8.417829]},"faces":{"east":{"uv":[2.8125,7.28125,2.890625,7.796875],"rotation":0,"texture":"#0","tintindex":0},"south":{"uv":[2.90625,7.28125,2.984375,7.796875],"rotation":0,"texture":"#0","tintindex":0},"north":{"uv":[6.75,7.1875,6.828125,7.703125],"rotation":0,"texture":"#0","tintindex":0},"west":{"uv":[3.0,7.28125,3.078125,7.796875],"rotation":0,"texture":"#0","tintindex":0},"up":{"uv":[7.640625,5.234375,7.5625,5.15625],"rotation":0,"texture":"#0","tintindex":0},"down":{"uv":[5.265625,7.5625,5.1875,7.640625],"rotation":0,"texture":"#0","tintindex":0}}}],"display":{"head":{"translation":[0.0,-6.4,0.0],"scale":[4.0,4.0,4.0]}}}