{"textures":{"0":"modelengine:entity/phoenix"},"elements":[{"from":[5.1654396,-1.63974,3.9370399],"to":[12.3064,7.9636197,12.06296],"faces":{"east":{"uv":[5.4375,6.875,5.6953125,7.171875],"tintindex":0,"rotation":0,"texture":"#0"},"south":{"uv":[6.90625,7.0,7.1328125,7.296875],"tintindex":0,"rotation":0,"texture":"#0"},"north":{"uv":[7.0,4.34375,7.2265625,4.640625],"tintindex":0,"rotation":0,"texture":"#0"},"west":{"uv":[6.875,5.4375,7.1328125,5.734375],"tintindex":0,"rotation":0,"texture":"#0"},"up":{"uv":[0.2265625,7.4140625,0.0,7.15625],"tintindex":0,"rotation":0,"texture":"#0"},"down":{"uv":[2.5390625,7.15625,2.3125,7.4140625],"tintindex":0,"rotation":0,"texture":"#0"}}},{"from":[5.9041595,-7.9188595,5.16824],"to":[11.56768,-1.5166206,10.83176],"faces":{"east":{"uv":[4.5625,7.3125,4.7421875,7.515625],"tintindex":0,"rotation":0,"texture":"#0"},"south":{"uv":[4.75,7.3125,4.9296875,7.515625],"tintindex":0,"rotation":0,"texture":"#0"},"north":{"uv":[4.375,7.3125,4.5546875,7.515625],"tintindex":0,"rotation":0,"texture":"#0"},"west":{"uv":[4.9375,7.3125,5.1171875,7.515625],"tintindex":0,"rotation":0,"texture":"#0"},"up":{"uv":[0.6171875,7.5234375,0.4375,7.34375],"tintindex":0,"rotation":0,"texture":"#0"},"down":{"uv":[1.5546875,7.34375,1.375,7.5234375],"tintindex":0,"rotation":0,"texture":"#0"}}}]}