{"textures":{"0":"modelengine:entity/phoenix"},"elements":[{"from":[10.25,-2.375,7.733333],"to":[10.25,18.375,11.233334],"faces":{"east":{"uv":[0.6875,6.96875,0.796875,7.6171875],"tintindex":0,"rotation":0,"texture":"#0"},"west":{"uv":[0.8125,6.96875,0.921875,7.6171875],"tintindex":0,"rotation":0,"texture":"#0"}}},{"from":[8.0,-2.375,7.733333],"to":[8.0,18.375,13.733334],"faces":{"east":{"uv":[1.0,6.53125,1.1875,7.1796875],"tintindex":0,"rotation":0,"texture":"#0"},"west":{"uv":[1.1875,6.53125,1.375,7.1796875],"tintindex":0,"rotation":0,"texture":"#0"}}},{"from":[5.75,-2.375,7.733333],"to":[5.75,18.375,11.233334],"faces":{"east":{"uv":[4.0,6.8125,4.109375,7.4609375],"tintindex":0,"rotation":0,"texture":"#0"},"west":{"uv":[5.71875,6.875,5.828125,7.5234375],"tintindex":0,"rotation":0,"texture":"#0"}}}]}