{"textures":{"0":"modelengine:entity/phoenix"},"elements":[{"from":[3.371428,-0.32857132,4.285714],"to":[12.628572,8.1,11.714286],"rotation":{"angle":0.0,"axis":"y","origin":[8.0,2.385714,8.285714]},"faces":{"east":{"uv":[5.9375,4.09375,6.34375,4.5546875],"rotation":0,"texture":"#0","tintindex":0},"south":{"uv":[5.09375,5.84375,5.6015625,6.3046875],"rotation":0,"texture":"#0","tintindex":0},"north":{"uv":[4.5625,5.84375,5.0703125,6.3046875],"rotation":0,"texture":"#0","tintindex":0},"west":{"uv":[4.125,5.9375,4.53125,6.3984375],"rotation":0,"texture":"#0","tintindex":0},"up":{"uv":[1.8828125,6.34375,1.375,5.9375],"rotation":0,"texture":"#0","tintindex":0},"down":{"uv":[2.4140625,5.9375,1.90625,6.34375],"rotation":0,"texture":"#0","tintindex":0}}},{"from":[4.0,-0.757143,4.742857],"to":[12.0,0.95714283,11.257143],"rotation":{"angle":0.0,"axis":"y","origin":[8.0,2.385714,8.285714]},"faces":{"east":{"uv":[6.84375,7.3125,7.203125,7.40625],"rotation":0,"texture":"#0","tintindex":0},"south":{"uv":[7.25,4.53125,7.6875,4.625],"rotation":0,"texture":"#0","tintindex":0},"north":{"uv":[7.25,4.4375,7.6875,4.53125],"rotation":0,"texture":"#0","tintindex":0},"west":{"uv":[7.21875,7.3125,7.578125,7.40625],"rotation":0,"texture":"#0","tintindex":0},"up":{"uv":[0.75,6.703125,0.3125,6.34375],"rotation":0,"texture":"#0","tintindex":0},"down":{"uv":[1.8125,6.34375,1.375,6.703125],"rotation":0,"texture":"#0","tintindex":0}}},{"from":[2.7999997,0.24285698,4.9142857],"to":[3.485714,8.1,11.085714],"rotation":{"angle":0.0,"axis":"y","origin":[8.0,2.385714,8.285714]},"faces":{"east":{"uv":[6.34375,4.09375,6.6796875,4.5234375],"rotation":0,"texture":"#0","tintindex":0},"south":{"uv":[3.78125,7.4375,3.8203125,7.8671875],"rotation":0,"texture":"#0","tintindex":0},"north":{"uv":[2.5,7.4375,2.5390625,7.8671875],"rotation":0,"texture":"#0","tintindex":0},"west":{"uv":[3.4375,6.375,3.7734375,6.8046875],"rotation":0,"texture":"#0","tintindex":0},"up":{"uv":[6.2578125,7.8359375,6.21875,7.5],"rotation":0,"texture":"#0","tintindex":0},"down":{"uv":[6.3203125,7.5,6.28125,7.8359375],"rotation":0,"texture":"#0","tintindex":0}}},{"from":[12.514286,0.24285698,4.9142857],"to":[13.200001,8.1,11.085714],"rotation":{"angle":0.0,"axis":"y","origin":[8.0,2.385714,8.285714]},"faces":{"east":{"uv":[3.78125,6.375,4.1171875,6.8046875],"rotation":0,"texture":"#0","tintindex":0},"south":{"uv":[5.125,7.4375,5.1640625,7.8671875],"rotation":0,"texture":"#0","tintindex":0},"north":{"uv":[3.84375,7.4375,3.8828125,7.8671875],"rotation":0,"texture":"#0","tintindex":0},"west":{"uv":[6.40625,3.21875,6.7421875,3.6484375],"rotation":0,"texture":"#0","tintindex":0},"up":{"uv":[6.3828125,7.8359375,6.34375,7.5],"rotation":0,"texture":"#0","tintindex":0},"down":{"uv":[0.2890625,7.53125,0.25,7.8671875],"rotation":0,"texture":"#0","tintindex":0}}},{"from":[3.885714,0.24285698,3.7142854],"to":[12.114286,8.1,4.285714],"rotation":{"angle":0.0,"axis":"y","origin":[8.0,2.385714,8.285714]},"faces":{"east":{"uv":[6.09375,7.5,6.125,7.9296875],"rotation":0,"texture":"#0","tintindex":0},"south":{"uv":[5.9375,3.21875,6.390625,3.6484375],"rotation":0,"texture":"#0","tintindex":0},"north":{"uv":[3.1875,5.9375,3.640625,6.3671875],"rotation":0,"texture":"#0","tintindex":0},"west":{"uv":[6.125,7.5,6.15625,7.9296875],"rotation":0,"texture":"#0","tintindex":0},"up":{"uv":[7.640625,3.90625,7.1875,3.875],"rotation":0,"texture":"#0","tintindex":0},"down":{"uv":[7.640625,3.90625,7.1875,3.9375],"rotation":0,"texture":"#0","tintindex":0}}},{"from":[3.885714,0.24285698,11.714286],"to":[12.114286,8.1,12.285715],"rotation":{"angle":0.0,"axis":"y","origin":[8.0,2.385714,8.285714]},"faces":{"east":{"uv":[6.15625,7.5,6.1875,7.9296875],"rotation":0,"texture":"#0","tintindex":0},"south":{"uv":[5.9375,3.65625,6.390625,4.0859375],"rotation":0,"texture":"#0","tintindex":0},"north":{"uv":[3.65625,5.9375,4.109375,6.3671875],"rotation":0,"texture":"#0","tintindex":0},"west":{"uv":[6.1875,7.5,6.21875,7.9296875],"rotation":0,"texture":"#0","tintindex":0},"up":{"uv":[7.671875,2.21875,7.21875,2.1875],"rotation":0,"texture":"#0","tintindex":0},"down":{"uv":[7.703125,1.34375,7.25,1.375],"rotation":0,"texture":"#0","tintindex":0}}}],"display":{"head":{"translation":[0.0,-6.4,0.0],"scale":[4.0,4.0,4.0]}}}