{"textures":{"0":"modelengine:entity/phoenix"},"elements":[{"from":[-0.10000038,-6.575,1.5],"to":[16.1,8.175,14.5],"faces":{"east":{"uv":[5.9375,4.09375,6.34375,4.5546875],"tintindex":0,"rotation":0,"texture":"#0"},"south":{"uv":[5.09375,5.84375,5.6015625,6.3046875],"tintindex":0,"rotation":0,"texture":"#0"},"north":{"uv":[4.5625,5.84375,5.0703125,6.3046875],"tintindex":0,"rotation":0,"texture":"#0"},"west":{"uv":[4.125,5.9375,4.53125,6.3984375],"tintindex":0,"rotation":0,"texture":"#0"},"up":{"uv":[1.8828125,6.34375,1.375,5.9375],"tintindex":0,"rotation":0,"texture":"#0"},"down":{"uv":[2.4140625,5.9375,1.90625,6.34375],"tintindex":0,"rotation":0,"texture":"#0"}}},{"from":[-1.1000004,-5.575,2.6],"to":[0.099999905,8.175,13.4],"faces":{"east":{"uv":[6.34375,4.09375,6.6796875,4.5234375],"tintindex":0,"rotation":0,"texture":"#0"},"south":{"uv":[3.78125,7.4375,3.8203125,7.8671875],"tintindex":0,"rotation":0,"texture":"#0"},"north":{"uv":[2.5,7.4375,2.5390625,7.8671875],"tintindex":0,"rotation":0,"texture":"#0"},"west":{"uv":[3.4375,6.375,3.7734375,6.8046875],"tintindex":0,"rotation":0,"texture":"#0"},"up":{"uv":[6.2578125,7.8359375,6.21875,7.5],"tintindex":0,"rotation":0,"texture":"#0"},"down":{"uv":[6.3203125,7.5,6.28125,7.8359375],"tintindex":0,"rotation":0,"texture":"#0"}}},{"from":[15.9,-5.575,2.6],"to":[17.1,8.175,13.4],"faces":{"east":{"uv":[3.78125,6.375,4.1171875,6.8046875],"tintindex":0,"rotation":0,"texture":"#0"},"south":{"uv":[5.125,7.4375,5.1640625,7.8671875],"tintindex":0,"rotation":0,"texture":"#0"},"north":{"uv":[3.84375,7.4375,3.8828125,7.8671875],"tintindex":0,"rotation":0,"texture":"#0"},"west":{"uv":[6.40625,3.21875,6.7421875,3.6484375],"tintindex":0,"rotation":0,"texture":"#0"},"up":{"uv":[6.3828125,7.8359375,6.34375,7.5],"tintindex":0,"rotation":0,"texture":"#0"},"down":{"uv":[0.2890625,7.53125,0.25,7.8671875],"tintindex":0,"rotation":0,"texture":"#0"}}},{"from":[0.8000002,-5.575,14.5],"to":[15.2,8.175,15.5],"faces":{"east":{"uv":[6.15625,7.5,6.1875,7.9296875],"tintindex":0,"rotation":0,"texture":"#0"},"south":{"uv":[5.9375,3.65625,6.390625,4.0859375],"tintindex":0,"rotation":0,"texture":"#0"},"north":{"uv":[3.65625,5.9375,4.109375,6.3671875],"tintindex":0,"rotation":0,"texture":"#0"},"west":{"uv":[6.1875,7.5,6.21875,7.9296875],"tintindex":0,"rotation":0,"texture":"#0"},"up":{"uv":[7.671875,2.21875,7.21875,2.1875],"tintindex":0,"rotation":0,"texture":"#0"},"down":{"uv":[7.703125,1.34375,7.25,1.375],"tintindex":0,"rotation":0,"texture":"#0"}}},{"from":[0.8000002,-5.575,0.5],"to":[15.2,8.175,1.5],"faces":{"east":{"uv":[6.09375,7.5,6.125,7.9296875],"tintindex":0,"rotation":0,"texture":"#0"},"south":{"uv":[5.9375,3.21875,6.390625,3.6484375],"tintindex":0,"rotation":0,"texture":"#0"},"north":{"uv":[3.1875,5.9375,3.640625,6.3671875],"tintindex":0,"rotation":0,"texture":"#0"},"west":{"uv":[6.125,7.5,6.15625,7.9296875],"tintindex":0,"rotation":0,"texture":"#0"},"up":{"uv":[7.640625,3.90625,7.1875,3.875],"tintindex":0,"rotation":0,"texture":"#0"},"down":{"uv":[7.640625,3.90625,7.1875,3.9375],"tintindex":0,"rotation":0,"texture":"#0"}}},{"from":[1.0,-7.325,2.3000002],"to":[15.0,-4.325,13.7],"faces":{"east":{"uv":[6.84375,7.3125,7.203125,7.40625],"tintindex":0,"rotation":0,"texture":"#0"},"south":{"uv":[7.25,4.53125,7.6875,4.625],"tintindex":0,"rotation":0,"texture":"#0"},"north":{"uv":[7.25,4.4375,7.6875,4.53125],"tintindex":0,"rotation":0,"texture":"#0"},"west":{"uv":[7.21875,7.3125,7.578125,7.40625],"tintindex":0,"rotation":0,"texture":"#0"},"up":{"uv":[0.75,6.703125,0.3125,6.34375],"tintindex":0,"rotation":0,"texture":"#0"},"down":{"uv":[1.8125,6.34375,1.375,6.703125],"tintindex":0,"rotation":0,"texture":"#0"}}}]}