{"textures":{"0":"modelengine:entity/phoenix"},"elements":[{"from":[8.0,8.185715,4.5],"to":[8.0,12.042857,11.5],"rotation":{"angle":0.0,"axis":"y","origin":[8.0,-14.671429,10.214286]},"faces":{"east":{"uv":[6.78125,1.09375,7.1640625,1.3046875],"rotation":0,"texture":"#0","tintindex":0},"south":{"uv":[0.0,0.0,0.0,0.2109375],"rotation":0,"texture":"#0","tintindex":0},"north":{"uv":[0.0,0.0,0.0,0.2109375],"rotation":0,"texture":"#0","tintindex":0},"west":{"uv":[6.8125,2.0,7.1953125,2.2109375],"rotation":0,"texture":"#0","tintindex":0},"up":{"uv":[0.0,0.3828125,0.0,0.0],"rotation":0,"texture":"#0","tintindex":0},"down":{"uv":[0.0,0.0,0.0,0.3828125],"rotation":0,"texture":"#0","tintindex":0}}},{"from":[6.857143,8.185715,4.5],"to":[6.857143,10.328571,11.5],"rotation":{"angle":0.0,"axis":"y","origin":[8.0,-14.671429,10.214286]},"faces":{"east":{"uv":[7.1875,1.09375,7.5703125,1.2109375],"rotation":0,"texture":"#0","tintindex":0},"south":{"uv":[0.0,0.0,0.0,0.1171875],"rotation":0,"texture":"#0","tintindex":0},"north":{"uv":[0.0,0.0,0.0,0.1171875],"rotation":0,"texture":"#0","tintindex":0},"west":{"uv":[7.1875,1.21875,7.5703125,1.3359375],"rotation":0,"texture":"#0","tintindex":0},"up":{"uv":[0.0,0.3828125,0.0,0.0],"rotation":0,"texture":"#0","tintindex":0},"down":{"uv":[0.0,0.0,0.0,0.3828125],"rotation":0,"texture":"#0","tintindex":0}}},{"from":[9.142858,8.185715,4.5],"to":[9.142858,10.328571,11.5],"rotation":{"angle":0.0,"axis":"y","origin":[8.0,-14.671429,10.214286]},"faces":{"east":{"uv":[4.375,7.1875,4.7578125,7.3046875],"rotation":0,"texture":"#0","tintindex":0},"south":{"uv":[0.0,0.0,0.0,0.1171875],"rotation":0,"texture":"#0","tintindex":0},"north":{"uv":[0.0,0.0,0.0,0.1171875],"rotation":0,"texture":"#0","tintindex":0},"west":{"uv":[4.78125,7.1875,5.1640625,7.3046875],"rotation":0,"texture":"#0","tintindex":0},"up":{"uv":[0.0,0.3828125,0.0,0.0],"rotation":0,"texture":"#0","tintindex":0},"down":{"uv":[0.0,0.0,0.0,0.3828125],"rotation":0,"texture":"#0","tintindex":0}}}],"display":{"head":{"translation":[0.0,-6.4,0.0],"scale":[4.0,4.0,4.0]}}}