{"textures":{"0":"modelengine:entity/phoenix"},"elements":[{"from":[6.6285715,-0.49600887,7.793153],"to":[9.3714285,8.246848,8.593153],"rotation":{"angle":0.0,"axis":"y","origin":[8.0,16.24685,9.421724]},"faces":{"east":{"uv":[0.625,7.34375,0.671875,7.8203125],"rotation":0,"texture":"#0","tintindex":0},"south":{"uv":[2.15625,6.96875,2.3046875,7.4453125],"rotation":0,"texture":"#0","tintindex":0},"north":{"uv":[2.0,6.96875,2.1484375,7.4453125],"rotation":0,"texture":"#0","tintindex":0},"west":{"uv":[7.21875,7.40625,7.265625,7.8828125],"rotation":0,"texture":"#0","tintindex":0},"up":{"uv":[6.7109375,1.015625,6.5625,0.96875],"rotation":0,"texture":"#0","tintindex":0},"down":{"uv":[7.3671875,6.9375,7.21875,6.984375],"rotation":0,"texture":"#0","tintindex":0}}},{"from":[7.0857143,-0.49600887,8.593153],"to":[8.914286,8.246848,8.878867],"rotation":{"angle":0.0,"axis":"y","origin":[8.0,16.24685,9.421724]},"faces":{"east":{"uv":[5.5625,7.53125,5.578125,8.0078125],"rotation":0,"texture":"#0","tintindex":0},"south":{"uv":[2.6875,7.15625,2.7890625,7.6328125],"rotation":0,"texture":"#0","tintindex":0},"north":{"uv":[2.5625,7.15625,2.6640625,7.6328125],"rotation":0,"texture":"#0","tintindex":0},"west":{"uv":[6.96875,7.53125,6.984375,8.0078125],"rotation":0,"texture":"#0","tintindex":0},"up":{"uv":[7.7265625,3.203125,7.625,3.1875],"rotation":0,"texture":"#0","tintindex":0},"down":{"uv":[7.7265625,3.21875,7.625,3.234375],"rotation":0,"texture":"#0","tintindex":0}}},{"from":[7.0857143,-0.49600887,7.593153],"to":[8.914286,8.246848,7.878867],"rotation":{"angle":0.0,"axis":"y","origin":[8.0,16.24685,9.421724]},"faces":{"east":{"uv":[7.0,7.53125,7.015625,8.0078125],"rotation":0,"texture":"#0","tintindex":0},"south":{"uv":[6.53125,7.15625,6.6328125,7.6328125],"rotation":0,"texture":"#0","tintindex":0},"north":{"uv":[6.40625,7.15625,6.5078125,7.6328125],"rotation":0,"texture":"#0","tintindex":0},"west":{"uv":[7.53125,7.4375,7.546875,7.9140625],"rotation":0,"texture":"#0","tintindex":0},"up":{"uv":[7.7265625,3.265625,7.625,3.25],"rotation":0,"texture":"#0","tintindex":0},"down":{"uv":[3.3828125,7.625,3.28125,7.640625],"rotation":0,"texture":"#0","tintindex":0}}}],"display":{"head":{"translation":[0.0,-6.4,0.0],"scale":[4.0,4.0,4.0]}}}