{"textures":{"0":"modelengine:entity/phoenix"},"elements":[{"from":[6.4,-6.8680153,7.2880173],"to":[9.6,8.431985,7.7880173],"faces":{"east":{"uv":[7.0,7.53125,7.015625,8.0078125],"tintindex":0,"rotation":0,"texture":"#0"},"south":{"uv":[6.53125,7.15625,6.6328125,7.6328125],"tintindex":0,"rotation":0,"texture":"#0"},"north":{"uv":[6.40625,7.15625,6.5078125,7.6328125],"tintindex":0,"rotation":0,"texture":"#0"},"west":{"uv":[7.53125,7.4375,7.546875,7.9140625],"tintindex":0,"rotation":0,"texture":"#0"},"up":{"uv":[7.7265625,3.265625,7.625,3.25],"tintindex":0,"rotation":0,"texture":"#0"},"down":{"uv":[3.3828125,7.625,3.28125,7.640625],"tintindex":0,"rotation":0,"texture":"#0"}}},{"from":[6.4,-6.8680153,9.038017],"to":[9.6,8.431985,9.538017],"faces":{"east":{"uv":[5.5625,7.53125,5.578125,8.0078125],"tintindex":0,"rotation":0,"texture":"#0"},"south":{"uv":[2.6875,7.15625,2.7890625,7.6328125],"tintindex":0,"rotation":0,"texture":"#0"},"north":{"uv":[2.5625,7.15625,2.6640625,7.6328125],"tintindex":0,"rotation":0,"texture":"#0"},"west":{"uv":[6.96875,7.53125,6.984375,8.0078125],"tintindex":0,"rotation":0,"texture":"#0"},"up":{"uv":[7.7265625,3.203125,7.625,3.1875],"tintindex":0,"rotation":0,"texture":"#0"},"down":{"uv":[7.7265625,3.21875,7.625,3.234375],"tintindex":0,"rotation":0,"texture":"#0"}}},{"from":[5.6,-6.8680153,7.6380177],"to":[10.4,8.431985,9.038017],"faces":{"east":{"uv":[0.625,7.34375,0.671875,7.8203125],"tintindex":0,"rotation":0,"texture":"#0"},"south":{"uv":[2.15625,6.96875,2.3046875,7.4453125],"tintindex":0,"rotation":0,"texture":"#0"},"north":{"uv":[2.0,6.96875,2.1484375,7.4453125],"tintindex":0,"rotation":0,"texture":"#0"},"west":{"uv":[7.21875,7.40625,7.265625,7.8828125],"tintindex":0,"rotation":0,"texture":"#0"},"up":{"uv":[6.7109375,1.015625,6.5625,0.96875],"tintindex":0,"rotation":0,"texture":"#0"},"down":{"uv":[7.3671875,6.9375,7.21875,6.984375],"tintindex":0,"rotation":0,"texture":"#0"}}}]}