{"textures":{"0":"modelengine:entity/phoenix"},"elements":[{"from":[-6.2250004,-13.595833,7.775],"to":[15.949999,7.279167,7.775],"faces":{"south":{"uv":[2.8046875,2.4296875,4.1875,3.734375],"tintindex":0,"rotation":0,"texture":"#0"},"north":{"uv":[0.0,2.4375,1.3828125,3.7421875],"tintindex":0,"rotation":0,"texture":"#0"}}},{"from":[-6.2750015,7.279167,7.175],"to":[8.249999,8.904167,8.825],"faces":{"east":{"uv":[4.75,7.53125,4.8515625,7.6328125],"tintindex":0,"rotation":0,"texture":"#0"},"south":{"uv":[6.75,0.0,7.65625,0.1015625],"tintindex":0,"rotation":0,"texture":"#0"},"north":{"uv":[6.65625,3.0,7.5625,3.1015625],"tintindex":0,"rotation":0,"texture":"#0"},"west":{"uv":[7.53125,4.75,7.6328125,4.8515625],"tintindex":0,"rotation":0,"texture":"#0"},"up":{"uv":[7.65625,0.2265625,6.75,0.125],"tintindex":0,"rotation":0,"texture":"#0"},"down":{"uv":[7.65625,0.25,6.75,0.3515625],"tintindex":0,"rotation":0,"texture":"#0"}}}]}