{"textures":{"0":"modelengine:entity/phoenix"},"elements":[{"from":[7.3902173,-1.2090521,7.3625145],"to":[8.797303,8.288457,8.7696],"rotation":{"angle":0.0,"axis":"y","origin":[3.9428568,18.701212,8.417829]},"faces":{"east":{"uv":[1.28125,7.1875,1.359375,7.703125],"rotation":0,"texture":"#0","tintindex":0},"south":{"uv":[5.59375,7.1875,5.671875,7.703125],"rotation":0,"texture":"#0","tintindex":0},"north":{"uv":[1.1875,7.1875,1.265625,7.703125],"rotation":0,"texture":"#0","tintindex":0},"west":{"uv":[6.65625,7.1875,6.734375,7.703125],"rotation":0,"texture":"#0","tintindex":0},"up":{"uv":[6.734375,3.203125,6.65625,3.125],"rotation":0,"texture":"#0","tintindex":0},"down":{"uv":[7.640625,5.0625,7.5625,5.140625],"rotation":0,"texture":"#0","tintindex":0}}}],"display":{"head":{"translation":[0.0,-6.4,0.0],"scale":[4.0,4.0,4.0]}}}