{"textures":{"0":"modelengine:entity/phoenix"},"elements":[{"from":[-5.457143,11.228574,7.0571427],"to":[7.7714286,13.085716,8.942857],"rotation":{"angle":0.0,"axis":"y","origin":[41.77143,-0.5999975,8.285714]},"faces":{"east":{"uv":[4.625,7.53125,4.7265625,7.6328125],"rotation":0,"texture":"#0","tintindex":0},"south":{"uv":[6.875,5.875,7.6015625,5.9765625],"rotation":0,"texture":"#0","tintindex":0},"north":{"uv":[6.875,5.75,7.6015625,5.8515625],"rotation":0,"texture":"#0","tintindex":0},"west":{"uv":[7.53125,4.625,7.6328125,4.7265625],"rotation":0,"texture":"#0","tintindex":0},"up":{"uv":[7.6015625,6.1015625,6.875,6.0],"rotation":0,"texture":"#0","tintindex":0},"down":{"uv":[7.6015625,6.125,6.875,6.2265625],"rotation":0,"texture":"#0","tintindex":0}}},{"from":[-5.4000006,-16.0,7.742857],"to":[24.171429,11.228574,7.742857],"rotation":{"angle":0.0,"axis":"y","origin":[41.77143,-0.5999975,8.285714]},"faces":{"east":{"uv":[0.0,0.0,0.0,1.1953125],"rotation":0,"texture":"#0","tintindex":0},"south":{"uv":[1.6171875,0.0,3.234375,1.1953125],"rotation":0,"texture":"#0","tintindex":0},"north":{"uv":[0.0,0.0,1.6171875,1.1953125],"rotation":0,"texture":"#0","tintindex":0},"west":{"uv":[0.0,0.0,0.0,1.1953125],"rotation":0,"texture":"#0","tintindex":0},"up":{"uv":[1.6171875,0.0,0.0,0.0],"rotation":0,"texture":"#0","tintindex":0},"down":{"uv":[1.6171875,0.0,0.0,0.0],"rotation":0,"texture":"#0","tintindex":0}}}],"display":{"head":{"translation":[0.0,-22.609533,0.0],"scale":[4.0,4.0,4.0]}}}