{"textures":{"0":"modelengine:entity/phoenix"},"elements":[{"from":[-6.714287,7.1761904,7.0571427],"to":[9.085714,9.033333,8.942857],"rotation":{"angle":0.0,"axis":"y","origin":[11.885715,-4.652381,8.285714]},"faces":{"east":{"uv":[4.375,7.53125,4.4765625,7.6328125],"rotation":0,"texture":"#0","tintindex":0},"south":{"uv":[6.75,1.75,7.6171875,1.8515625],"rotation":0,"texture":"#0","tintindex":0},"north":{"uv":[6.75,1.625,7.6171875,1.7265625],"rotation":0,"texture":"#0","tintindex":0},"west":{"uv":[4.5,7.53125,4.6015625,7.6328125],"rotation":0,"texture":"#0","tintindex":0},"up":{"uv":[7.6171875,1.9765625,6.75,1.875],"rotation":0,"texture":"#0","tintindex":0},"down":{"uv":[7.6171875,3.125,6.75,3.2265625],"rotation":0,"texture":"#0","tintindex":0}}},{"from":[-6.714287,-11.823811,7.742857],"to":[12.457144,7.1761904,7.742857],"rotation":{"angle":0.0,"axis":"y","origin":[11.885715,-4.652381,8.285714]},"faces":{"east":{"uv":[0.0,0.0,0.0,1.0390625],"rotation":0,"texture":"#0","tintindex":0},"south":{"uv":[3.5,4.8671875,4.546875,5.90625],"rotation":0,"texture":"#0","tintindex":0},"north":{"uv":[1.375,4.875,2.421875,5.9140625],"rotation":0,"texture":"#0","tintindex":0},"west":{"uv":[0.0,0.0,0.0,1.0390625],"rotation":0,"texture":"#0","tintindex":0},"up":{"uv":[1.046875,0.0,0.0,0.0],"rotation":0,"texture":"#0","tintindex":0},"down":{"uv":[1.046875,0.0,0.0,0.0],"rotation":0,"texture":"#0","tintindex":0}}}],"display":{"head":{"translation":[0.0,-6.4,0.0],"scale":[4.0,4.0,4.0]}}}