{"textures":{"0":"modelengine:entity/phoenix"},"elements":[{"from":[3.6935997,-1.63974,3.9370399],"to":[10.83456,7.9636197,12.06296],"faces":{"east":{"uv":[6.875,5.125,7.1328125,5.421875],"tintindex":0,"rotation":0,"texture":"#0"},"south":{"uv":[3.15625,7.0,3.3828125,7.296875],"tintindex":0,"rotation":0,"texture":"#0"},"north":{"uv":[6.9375,3.625,7.1640625,3.921875],"tintindex":0,"rotation":0,"texture":"#0"},"west":{"uv":[5.15625,6.875,5.4140625,7.171875],"tintindex":0,"rotation":0,"texture":"#0"},"up":{"uv":[7.3203125,2.9765625,7.09375,2.71875],"tintindex":0,"rotation":0,"texture":"#0"},"down":{"uv":[7.3515625,4.0625,7.125,4.3203125],"tintindex":0,"rotation":0,"texture":"#0"}}},{"from":[4.43232,-7.9188595,5.16824],"to":[10.09584,-1.5166206,10.83176],"faces":{"east":{"uv":[6.03125,7.28125,6.2109375,7.484375],"tintindex":0,"rotation":0,"texture":"#0"},"south":{"uv":[6.21875,7.28125,6.3984375,7.484375],"tintindex":0,"rotation":0,"texture":"#0"},"north":{"uv":[5.84375,7.28125,6.0234375,7.484375],"tintindex":0,"rotation":0,"texture":"#0"},"west":{"uv":[3.09375,7.3125,3.2734375,7.515625],"tintindex":0,"rotation":0,"texture":"#0"},"up":{"uv":[4.8359375,1.3046875,4.65625,1.125],"tintindex":0,"rotation":0,"texture":"#0"},"down":{"uv":[0.4296875,7.34375,0.25,7.5234375],"tintindex":0,"rotation":0,"texture":"#0"}}}]}