{"textures":{"0":"modelengine:entity/phoenix"},"elements":[{"from":[6.6,2.3999996,8.55],"to":[9.4,9.0,9.2],"faces":{"east":{"uv":[5.59375,4.625,5.6171875,4.828125],"tintindex":0,"rotation":0,"texture":"#0"},"south":{"uv":[2.3125,7.4375,2.3984375,7.640625],"tintindex":0,"rotation":0,"texture":"#0"},"north":{"uv":[0.15625,7.4375,0.2421875,7.640625],"tintindex":0,"rotation":0,"texture":"#0"},"west":{"uv":[4.375,6.9375,4.3984375,7.140625],"tintindex":0,"rotation":0,"texture":"#0"},"up":{"uv":[5.4296875,4.8671875,5.34375,4.84375],"tintindex":0,"rotation":0,"texture":"#0"},"down":{"uv":[7.7109375,1.84375,7.625,1.8671875],"tintindex":0,"rotation":0,"texture":"#0"}}},{"from":[5.9,2.3999996,7.3],"to":[10.1,9.0,8.7],"faces":{"east":{"uv":[6.84375,7.53125,6.890625,7.734375],"tintindex":0,"rotation":0,"texture":"#0"},"south":{"uv":[1.5625,7.34375,1.6953125,7.546875],"tintindex":0,"rotation":0,"texture":"#0"},"north":{"uv":[5.4375,7.3125,5.5703125,7.515625],"tintindex":0,"rotation":0,"texture":"#0"},"west":{"uv":[6.90625,7.53125,6.953125,7.734375],"tintindex":0,"rotation":0,"texture":"#0"},"up":{"uv":[7.6953125,3.046875,7.5625,3.0],"tintindex":0,"rotation":0,"texture":"#0"},"down":{"uv":[7.6953125,3.0625,7.5625,3.109375],"tintindex":0,"rotation":0,"texture":"#0"}}},{"from":[6.6,2.3999996,6.8],"to":[9.4,9.0,7.45],"faces":{"east":{"uv":[1.65625,7.5625,1.6796875,7.765625],"tintindex":0,"rotation":0,"texture":"#0"},"south":{"uv":[3.40625,7.4375,3.4921875,7.640625],"tintindex":0,"rotation":0,"texture":"#0"},"north":{"uv":[2.40625,7.4375,2.4921875,7.640625],"tintindex":0,"rotation":0,"texture":"#0"},"west":{"uv":[1.6875,7.5625,1.7109375,7.765625],"tintindex":0,"rotation":0,"texture":"#0"},"up":{"uv":[7.7109375,1.8984375,7.625,1.875],"tintindex":0,"rotation":0,"texture":"#0"},"down":{"uv":[1.9921875,7.625,1.90625,7.6484375],"tintindex":0,"rotation":0,"texture":"#0"}}}]}