{"textures":{"0":"modelengine:entity/phoenix"},"elements":[{"from":[8.0,8.228572,3.2380953],"to":[8.0,12.228572,13.066668],"rotation":{"angle":0.0,"axis":"y","origin":[8.0,-14.057142,16.380953]},"faces":{"east":{"uv":[4.875,4.625,5.4140625,4.84375],"rotation":0,"texture":"#0","tintindex":0},"south":{"uv":[0.0,0.0,0.0,0.21875],"rotation":0,"texture":"#0","tintindex":0},"north":{"uv":[0.0,0.0,0.0,0.21875],"rotation":0,"texture":"#0","tintindex":0},"west":{"uv":[6.25,2.03125,6.7890625,2.25],"rotation":0,"texture":"#0","tintindex":0},"up":{"uv":[0.0,0.5390625,0.0,0.0],"rotation":0,"texture":"#0","tintindex":0},"down":{"uv":[0.0,0.0,0.0,0.5390625],"rotation":0,"texture":"#0","tintindex":0}}},{"from":[6.857143,8.228572,3.2380953],"to":[6.857143,10.514286,12.609524],"rotation":{"angle":0.0,"axis":"y","origin":[8.0,-14.057142,16.380953]},"faces":{"east":{"uv":[6.9375,3.9375,7.453125,4.0625],"rotation":0,"texture":"#0","tintindex":0},"south":{"uv":[0.0,0.0,0.0,0.125],"rotation":0,"texture":"#0","tintindex":0},"north":{"uv":[0.0,0.0,0.0,0.125],"rotation":0,"texture":"#0","tintindex":0},"west":{"uv":[2.3125,7.03125,2.828125,7.15625],"rotation":0,"texture":"#0","tintindex":0},"up":{"uv":[0.0,0.515625,0.0,0.0],"rotation":0,"texture":"#0","tintindex":0},"down":{"uv":[0.0,0.0,0.0,0.515625],"rotation":0,"texture":"#0","tintindex":0}}},{"from":[9.142858,8.228572,3.2380953],"to":[9.142858,10.514286,12.609524],"rotation":{"angle":0.0,"axis":"y","origin":[8.0,-14.057142,16.380953]},"faces":{"east":{"uv":[7.09375,2.21875,7.609375,2.34375],"rotation":0,"texture":"#0","tintindex":0},"south":{"uv":[0.0,0.0,0.0,0.125],"rotation":0,"texture":"#0","tintindex":0},"north":{"uv":[0.0,0.0,0.0,0.125],"rotation":0,"texture":"#0","tintindex":0},"west":{"uv":[7.09375,2.34375,7.609375,2.46875],"rotation":0,"texture":"#0","tintindex":0},"up":{"uv":[0.0,0.515625,0.0,0.0],"rotation":0,"texture":"#0","tintindex":0},"down":{"uv":[0.0,0.0,0.0,0.515625],"rotation":0,"texture":"#0","tintindex":0}}}],"display":{"head":{"translation":[0.0,-6.4,0.0],"scale":[4.0,4.0,4.0]}}}