{"textures":{"0":"modelengine:entity/phoenix"},"elements":[{"from":[8.0,2.3285708,7.7904763],"to":[8.0,13.671429,12.361905],"rotation":{"angle":0.0,"axis":"y","origin":[8.0,-1.3285723,5.3619046]},"faces":{"east":{"uv":[0.75,6.34375,1.0,6.9609375],"rotation":0,"texture":"#0","tintindex":0},"south":{"uv":[0.0,0.0,0.0,0.6171875],"rotation":0,"texture":"#0","tintindex":0},"north":{"uv":[0.0,0.0,0.0,0.6171875],"rotation":0,"texture":"#0","tintindex":0},"west":{"uv":[1.8125,6.34375,2.0625,6.9609375],"rotation":0,"texture":"#0","tintindex":0},"up":{"uv":[0.0,0.25,0.0,0.0],"rotation":0,"texture":"#0","tintindex":0},"down":{"uv":[0.0,0.0,0.0,0.25],"rotation":0,"texture":"#0","tintindex":0}}},{"from":[6.714286,2.3285708,7.7904763],"to":[6.714286,13.671429,10.933333],"rotation":{"angle":0.0,"axis":"y","origin":[8.0,-1.3285723,5.3619046]},"faces":{"east":{"uv":[6.6875,4.6875,6.859375,5.3046875],"rotation":0,"texture":"#0","tintindex":0},"south":{"uv":[0.0,0.0,0.0,0.6171875],"rotation":0,"texture":"#0","tintindex":0},"north":{"uv":[0.0,0.0,0.0,0.6171875],"rotation":0,"texture":"#0","tintindex":0},"west":{"uv":[6.6875,5.3125,6.859375,5.9296875],"rotation":0,"texture":"#0","tintindex":0},"up":{"uv":[0.0,0.171875,0.0,0.0],"rotation":0,"texture":"#0","tintindex":0},"down":{"uv":[0.0,0.0,0.0,0.171875],"rotation":0,"texture":"#0","tintindex":0}}},{"from":[9.285714,2.3285708,7.7904763],"to":[9.285714,13.671429,10.933333],"rotation":{"angle":0.0,"axis":"y","origin":[8.0,-1.3285723,5.3619046]},"faces":{"east":{"uv":[0.5,6.71875,0.671875,7.3359375],"rotation":0,"texture":"#0","tintindex":0},"south":{"uv":[0.0,0.0,0.0,0.6171875],"rotation":0,"texture":"#0","tintindex":0},"north":{"uv":[0.0,0.0,0.0,0.6171875],"rotation":0,"texture":"#0","tintindex":0},"west":{"uv":[1.375,6.71875,1.546875,7.3359375],"rotation":0,"texture":"#0","tintindex":0},"up":{"uv":[0.0,0.171875,0.0,0.0],"rotation":0,"texture":"#0","tintindex":0},"down":{"uv":[0.0,0.0,0.0,0.171875],"rotation":0,"texture":"#0","tintindex":0}}}],"display":{"head":{"translation":[0.0,-6.4,0.0],"scale":[4.0,4.0,4.0]}}}