{"textures":{"0":"modelengine:entity/phoenix"},"elements":[{"from":[8.0,2.3285708,7.733333],"to":[8.0,13.671429,12.304762],"rotation":{"angle":0.0,"axis":"y","origin":[8.0,-1.3285723,5.304762]},"faces":{"east":{"uv":[2.0625,6.34375,2.3125,6.9609375],"rotation":0,"texture":"#0","tintindex":0},"south":{"uv":[0.0,0.0,0.0,0.6171875],"rotation":0,"texture":"#0","tintindex":0},"north":{"uv":[0.0,0.0,0.0,0.6171875],"rotation":0,"texture":"#0","tintindex":0},"west":{"uv":[3.1875,6.375,3.4375,6.9921875],"rotation":0,"texture":"#0","tintindex":0},"up":{"uv":[0.0,0.25,0.0,0.0],"rotation":0,"texture":"#0","tintindex":0},"down":{"uv":[0.0,0.0,0.0,0.25],"rotation":0,"texture":"#0","tintindex":0}}},{"from":[6.714286,2.3285708,7.733333],"to":[6.714286,13.671429,10.87619],"rotation":{"angle":0.0,"axis":"y","origin":[8.0,-1.3285723,5.304762]},"faces":{"east":{"uv":[6.6875,5.9375,6.859375,6.5546875],"rotation":0,"texture":"#0","tintindex":0},"south":{"uv":[0.0,0.0,0.0,0.6171875],"rotation":0,"texture":"#0","tintindex":0},"north":{"uv":[0.0,0.0,0.0,0.6171875],"rotation":0,"texture":"#0","tintindex":0},"west":{"uv":[0.3125,6.71875,0.484375,7.3359375],"rotation":0,"texture":"#0","tintindex":0},"up":{"uv":[0.0,0.171875,0.0,0.0],"rotation":0,"texture":"#0","tintindex":0},"down":{"uv":[0.0,0.0,0.0,0.171875],"rotation":0,"texture":"#0","tintindex":0}}},{"from":[9.285714,2.3285708,7.733333],"to":[9.285714,13.671429,10.87619],"rotation":{"angle":0.0,"axis":"y","origin":[8.0,-1.3285723,5.304762]},"faces":{"east":{"uv":[1.5625,6.71875,1.734375,7.3359375],"rotation":0,"texture":"#0","tintindex":0},"south":{"uv":[0.0,0.0,0.0,0.6171875],"rotation":0,"texture":"#0","tintindex":0},"north":{"uv":[0.0,0.0,0.0,0.6171875],"rotation":0,"texture":"#0","tintindex":0},"west":{"uv":[6.71875,6.5625,6.890625,7.1796875],"rotation":0,"texture":"#0","tintindex":0},"up":{"uv":[0.0,0.171875,0.0,0.0],"rotation":0,"texture":"#0","tintindex":0},"down":{"uv":[0.0,0.0,0.0,0.171875],"rotation":0,"texture":"#0","tintindex":0}}}],"display":{"head":{"translation":[0.0,-6.4,0.0],"scale":[4.0,4.0,4.0]}}}