{"textures":{"0":"modelengine:entity/phoenix"},"elements":[{"from":[8.0,-1.9250011,7.633333],"to":[8.0,17.925,15.633333],"faces":{"east":{"uv":[0.75,6.34375,1.0,6.9609375],"tintindex":0,"rotation":0,"texture":"#0"},"west":{"uv":[1.8125,6.34375,2.0625,6.9609375],"tintindex":0,"rotation":0,"texture":"#0"}}},{"from":[5.75,-1.9250011,7.633333],"to":[5.75,17.925,13.133333],"faces":{"east":{"uv":[6.6875,4.6875,6.859375,5.3046875],"tintindex":0,"rotation":0,"texture":"#0"},"west":{"uv":[6.6875,5.3125,6.859375,5.9296875],"tintindex":0,"rotation":0,"texture":"#0"}}},{"from":[10.25,-1.9250011,7.633333],"to":[10.25,17.925,13.133333],"faces":{"east":{"uv":[0.5,6.71875,0.671875,7.3359375],"tintindex":0,"rotation":0,"texture":"#0"},"west":{"uv":[1.375,6.71875,1.546875,7.3359375],"tintindex":0,"rotation":0,"texture":"#0"}}}]}