{"textures":{"0":"modelengine:entity/marinegunner"},"elements":[{"from":[7.569905,6.4174604,7.8301587],"to":[8.541333,8.674603,8.973016],"rotation":{"angle":0.0,"axis":"y","origin":[7.998476,7.546032,8.4015875]},"faces":{"east":{"uv":[3.75,9.25,4.25,10.25],"rotation":0,"texture":"#0","tintindex":0},"south":{"uv":[6.5,10.25,6.875,11.25],"rotation":0,"texture":"#0","tintindex":0},"north":{"uv":[10.25,5.5,10.625,6.5],"rotation":0,"texture":"#0","tintindex":0},"west":{"uv":[6.5,9.25,7.0,10.25],"rotation":0,"texture":"#0","tintindex":0},"up":{"uv":[0.875,11.75,0.5,11.25],"rotation":0,"texture":"#0","tintindex":0},"down":{"uv":[1.375,11.25,1.0,11.75],"rotation":0,"texture":"#0","tintindex":0}}},{"from":[8.4287615,5.9888887,7.6873016],"to":[8.6859045,6.5603175,8.973016],"rotation":{"angle":0.0,"axis":"y","origin":[8.714477,6.131746,8.4015875]},"faces":{"east":{"uv":[3.0,11.5,3.5,11.75],"rotation":0,"texture":"#0","tintindex":0},"south":{"uv":[8.0,13.0,8.125,13.25],"rotation":0,"texture":"#0","tintindex":0},"north":{"uv":[13.0,7.75,13.125,8.0],"rotation":0,"texture":"#0","tintindex":0},"west":{"uv":[3.5,11.5,4.0,11.75],"rotation":0,"texture":"#0","tintindex":0},"up":{"uv":[9.375,12.25,9.25,11.75],"rotation":0,"texture":"#0","tintindex":0},"down":{"uv":[9.625,11.75,9.5,12.25],"rotation":0,"texture":"#0","tintindex":0}}},{"from":[7.428762,5.9888887,7.6873016],"to":[7.685905,6.5603175,8.973016],"rotation":{"angle":0.0,"axis":"y","origin":[7.285905,6.131746,8.4015875]},"faces":{"east":{"uv":[4.75,11.5,5.25,11.75],"rotation":0,"texture":"#0","tintindex":0},"south":{"uv":[8.25,13.0,8.375,13.25],"rotation":0,"texture":"#0","tintindex":0},"north":{"uv":[13.0,8.0,13.125,8.25],"rotation":0,"texture":"#0","tintindex":0},"west":{"uv":[5.25,11.5,5.75,11.75],"rotation":0,"texture":"#0","tintindex":0},"up":{"uv":[9.875,12.25,9.75,11.75],"rotation":0,"texture":"#0","tintindex":0},"down":{"uv":[11.125,11.75,11.0,12.25],"rotation":0,"texture":"#0","tintindex":0}}},{"from":[7.428762,5.9888887,8.973016],"to":[8.6859045,6.5603175,9.115873],"rotation":{"angle":0.0,"axis":"y","origin":[8.000191,6.131746,9.115873]},"faces":{"east":{"uv":[13.0,8.25,13.125,8.5],"rotation":0,"texture":"#0","tintindex":0},"south":{"uv":[6.25,11.5,6.75,11.75],"rotation":0,"texture":"#0","tintindex":0},"north":{"uv":[5.75,11.5,6.25,11.75],"rotation":0,"texture":"#0","tintindex":0},"west":{"uv":[8.5,13.0,8.625,13.25],"rotation":0,"texture":"#0","tintindex":0},"up":{"uv":[11.75,11.875,11.25,11.75],"rotation":0,"texture":"#0","tintindex":0},"down":{"uv":[12.25,11.75,11.75,11.875],"rotation":0,"texture":"#0","tintindex":0}}},{"from":[7.285905,5.131746,5.973016],"to":[8.828762,5.9888887,9.144444],"rotation":{"angle":0.0,"axis":"y","origin":[8.000191,5.7031746,8.344444]},"faces":{"east":{"uv":[8.75,9.0,10.125,9.375],"rotation":0,"texture":"#0","tintindex":0},"south":{"uv":[9.25,10.75,9.875,11.125],"rotation":0,"texture":"#0","tintindex":0},"north":{"uv":[8.5,10.75,9.125,11.125],"rotation":0,"texture":"#0","tintindex":0},"west":{"uv":[9.25,2.0,10.625,2.375],"rotation":0,"texture":"#0","tintindex":0},"up":{"uv":[5.125,7.875,4.5,6.5],"rotation":0,"texture":"#0","tintindex":0},"down":{"uv":[7.375,3.0,6.75,4.375],"rotation":0,"texture":"#0","tintindex":0}}},{"from":[7.285905,4.3888884,8.4015875],"to":[8.828762,5.131746,9.144444],"rotation":{"angle":0.0,"axis":"y","origin":[8.000191,4.9031744,8.830159]},"faces":{"east":{"uv":[1.5,11.25,1.875,11.625],"rotation":0,"texture":"#0","tintindex":0},"south":{"uv":[10.75,10.25,11.375,10.625],"rotation":0,"texture":"#0","tintindex":0},"north":{"uv":[10.0,10.75,10.625,11.125],"rotation":0,"texture":"#0","tintindex":0},"west":{"uv":[4.25,11.25,4.625,11.625],"rotation":0,"texture":"#0","tintindex":0},"up":{"uv":[11.375,11.125,10.75,10.75],"rotation":0,"texture":"#0","tintindex":0},"down":{"uv":[11.625,0.0,11.0,0.375],"rotation":0,"texture":"#0","tintindex":0}}},{"from":[7.285905,4.3888884,5.8301587],"to":[8.828762,5.4174604,6.4015875],"rotation":{"angle":0.0,"axis":"y","origin":[8.000191,5.103174,6.0301585]},"faces":{"east":{"uv":[6.25,10.5,6.5,11.0],"rotation":0,"texture":"#0","tintindex":0},"south":{"uv":[0.5,10.75,1.125,11.25],"rotation":0,"texture":"#0","tintindex":0},"north":{"uv":[10.5,5.0,11.125,5.5],"rotation":0,"texture":"#0","tintindex":0},"west":{"uv":[4.0,11.5,4.25,12.0],"rotation":0,"texture":"#0","tintindex":0},"up":{"uv":[5.875,8.5,5.25,8.25],"rotation":0,"texture":"#0","tintindex":0},"down":{"uv":[11.875,4.25,11.25,4.5],"rotation":0,"texture":"#0","tintindex":0}}},{"from":[7.285905,4.560317,6.4015875],"to":[8.828762,5.131746,8.4015875],"rotation":{"angle":0.0,"axis":"y","origin":[8.000191,4.9888887,7.5444446]},"faces":{"east":{"uv":[7.25,6.5,8.375,6.75],"rotation":0,"texture":"#0","tintindex":0},"south":{"uv":[11.25,4.75,11.875,5.0],"rotation":0,"texture":"#0","tintindex":0},"north":{"uv":[11.25,4.5,11.875,4.75],"rotation":0,"texture":"#0","tintindex":0},"west":{"uv":[10.25,10.0,11.375,10.25],"rotation":0,"texture":"#0","tintindex":0},"up":{"uv":[3.625,8.375,3.0,7.25],"rotation":0,"texture":"#0","tintindex":0},"down":{"uv":[4.375,7.25,3.75,8.375],"rotation":0,"texture":"#0","tintindex":0}}},{"from":[7.571619,5.9888887,7.6873016],"to":[8.543048,6.5603175,7.8301587],"rotation":{"angle":0.0,"axis":"y","origin":[8.000191,6.131746,7.6873016]},"faces":{"east":{"uv":[13.0,8.5,13.125,8.75],"rotation":0,"texture":"#0","tintindex":0},"south":{"uv":[0.0,11.75,0.375,12.0],"rotation":0,"texture":"#0","tintindex":0},"north":{"uv":[11.5,11.5,11.875,11.75],"rotation":0,"texture":"#0","tintindex":0},"west":{"uv":[8.75,13.0,8.875,13.25],"rotation":0,"texture":"#0","tintindex":0},"up":{"uv":[12.375,2.375,12.0,2.25],"rotation":0,"texture":"#0","tintindex":0},"down":{"uv":[12.375,6.75,12.0,6.875],"rotation":0,"texture":"#0","tintindex":0}}}],"display":{"head":{"translation":[0.0,-6.4,0.0],"scale":[4.0,4.0,4.0]}}}