{"textures":{"0":"modelengine:entity/marinegunner"},"elements":[{"from":[7.485651,6.274603,7.822222],"to":[8.485651,8.531746,8.965079],"rotation":{"angle":0.0,"axis":"y","origin":[-1.6572065,7.1031747,8.393651]},"faces":{"east":{"uv":[9.5,4.75,10.0,5.75],"rotation":0,"texture":"#0","tintindex":0},"south":{"uv":[7.0,9.5,7.5,10.5],"rotation":0,"texture":"#0","tintindex":0},"north":{"uv":[9.5,1.0,10.0,2.0],"rotation":0,"texture":"#0","tintindex":0},"west":{"uv":[7.5,9.5,8.0,10.5],"rotation":0,"texture":"#0","tintindex":0},"up":{"uv":[11.25,7.0,10.75,6.5],"rotation":0,"texture":"#0","tintindex":0},"down":{"uv":[8.5,10.75,8.0,11.25],"rotation":0,"texture":"#0","tintindex":0}}},{"from":[7.341079,5.8460317,7.679365],"to":[7.4839363,6.4174604,9.107937],"rotation":{"angle":0.0,"axis":"y","origin":[7.341079,5.9888887,8.393651]},"faces":{"east":{"uv":[11.25,5.0,11.875,5.25],"rotation":0,"texture":"#0","tintindex":0},"south":{"uv":[13.0,9.0,13.125,9.25],"rotation":0,"texture":"#0","tintindex":0},"north":{"uv":[13.0,8.75,13.125,9.0],"rotation":0,"texture":"#0","tintindex":0},"west":{"uv":[11.25,5.25,11.875,5.5],"rotation":0,"texture":"#0","tintindex":0},"up":{"uv":[2.625,12.375,2.5,11.75],"rotation":0,"texture":"#0","tintindex":0},"down":{"uv":[2.875,11.75,2.75,12.375],"rotation":0,"texture":"#0","tintindex":0}}},{"from":[8.483936,5.8460317,7.679365],"to":[8.626794,6.4174604,8.965079],"rotation":{"angle":0.0,"axis":"y","origin":[8.76965,5.9888887,8.393651]},"faces":{"east":{"uv":[5.5,11.25,6.125,11.5],"rotation":0,"texture":"#0","tintindex":0},"south":{"uv":[13.0,9.5,13.125,9.75],"rotation":0,"texture":"#0","tintindex":0},"north":{"uv":[13.0,9.25,13.125,9.5],"rotation":0,"texture":"#0","tintindex":0},"west":{"uv":[11.25,5.5,11.875,5.75],"rotation":0,"texture":"#0","tintindex":0},"up":{"uv":[3.125,12.375,3.0,11.75],"rotation":0,"texture":"#0","tintindex":0},"down":{"uv":[3.375,11.75,3.25,12.375],"rotation":0,"texture":"#0","tintindex":0}}},{"from":[7.4839363,5.8460317,8.965079],"to":[8.626794,6.4174604,9.107937],"rotation":{"angle":0.0,"axis":"y","origin":[8.055365,5.9888887,9.107937]},"faces":{"east":{"uv":[13.0,9.75,13.125,10.0],"rotation":0,"texture":"#0","tintindex":0},"south":{"uv":[8.5,11.5,9.0,11.75],"rotation":0,"texture":"#0","tintindex":0},"north":{"uv":[7.5,11.5,8.0,11.75],"rotation":0,"texture":"#0","tintindex":0},"west":{"uv":[13.0,10.0,13.125,10.25],"rotation":0,"texture":"#0","tintindex":0},"up":{"uv":[0.5,12.125,0.0,12.0],"rotation":0,"texture":"#0","tintindex":0},"down":{"uv":[12.5,0.0,12.0,0.125],"rotation":0,"texture":"#0","tintindex":0}}},{"from":[7.341079,4.9888887,5.9650793],"to":[8.626794,5.8460317,9.136508],"rotation":{"angle":0.0,"axis":"y","origin":[8.055365,5.560317,8.336508]},"faces":{"east":{"uv":[2.25,9.25,3.625,9.625],"rotation":0,"texture":"#0","tintindex":0},"south":{"uv":[2.75,11.0,3.375,11.375],"rotation":0,"texture":"#0","tintindex":0},"north":{"uv":[2.0,11.0,2.625,11.375],"rotation":0,"texture":"#0","tintindex":0},"west":{"uv":[5.0,9.25,6.375,9.625],"rotation":0,"texture":"#0","tintindex":0},"up":{"uv":[7.375,5.875,6.75,4.5],"rotation":0,"texture":"#0","tintindex":0},"down":{"uv":[5.875,6.75,5.25,8.125],"rotation":0,"texture":"#0","tintindex":0}}},{"from":[7.341079,4.2460318,8.393651],"to":[8.626794,4.9888887,9.136508],"rotation":{"angle":0.0,"axis":"y","origin":[8.055365,4.7603173,8.822223]},"faces":{"east":{"uv":[7.0,11.25,7.375,11.625],"rotation":0,"texture":"#0","tintindex":0},"south":{"uv":[4.75,11.0,5.375,11.375],"rotation":0,"texture":"#0","tintindex":0},"north":{"uv":[3.5,11.0,4.125,11.375],"rotation":0,"texture":"#0","tintindex":0},"west":{"uv":[8.0,11.25,8.375,11.625],"rotation":0,"texture":"#0","tintindex":0},"up":{"uv":[11.625,7.875,11.0,7.5],"rotation":0,"texture":"#0","tintindex":0},"down":{"uv":[11.625,8.0,11.0,8.375],"rotation":0,"texture":"#0","tintindex":0}}},{"from":[7.341079,4.2460318,5.8222218],"to":[8.598223,5.274603,6.3936505],"rotation":{"angle":0.0,"axis":"y","origin":[8.055365,5.1888885,5.679365]},"faces":{"east":{"uv":[6.75,11.5,7.0,12.0],"rotation":0,"texture":"#0","tintindex":0},"south":{"uv":[1.25,10.75,1.875,11.25],"rotation":0,"texture":"#0","tintindex":0},"north":{"uv":[10.75,0.75,11.375,1.25],"rotation":0,"texture":"#0","tintindex":0},"west":{"uv":[11.5,8.75,11.75,9.25],"rotation":0,"texture":"#0","tintindex":0},"up":{"uv":[11.875,6.0,11.25,5.75],"rotation":0,"texture":"#0","tintindex":0},"down":{"uv":[6.875,11.25,6.25,11.5],"rotation":0,"texture":"#0","tintindex":0}}},{"from":[7.341079,4.4174604,6.3936505],"to":[8.626794,4.9888887,8.393651],"rotation":{"angle":0.0,"axis":"y","origin":[8.055365,4.8460317,7.536508]},"faces":{"east":{"uv":[10.75,1.25,11.875,1.5],"rotation":0,"texture":"#0","tintindex":0},"south":{"uv":[11.25,6.75,11.875,7.0],"rotation":0,"texture":"#0","tintindex":0},"north":{"uv":[11.25,6.5,11.875,6.75],"rotation":0,"texture":"#0","tintindex":0},"west":{"uv":[10.75,2.0,11.875,2.25],"rotation":0,"texture":"#0","tintindex":0},"up":{"uv":[0.625,8.625,0.0,7.5],"rotation":0,"texture":"#0","tintindex":0},"down":{"uv":[8.125,0.0,7.5,1.125],"rotation":0,"texture":"#0","tintindex":0}}},{"from":[7.4839363,5.8460317,7.679365],"to":[8.483936,6.4174604,7.822222],"rotation":{"angle":0.0,"axis":"y","origin":[8.055365,5.9888887,7.679365]},"faces":{"east":{"uv":[13.0,10.25,13.125,10.5],"rotation":0,"texture":"#0","tintindex":0},"south":{"uv":[11.5,9.25,12.0,9.5],"rotation":0,"texture":"#0","tintindex":0},"north":{"uv":[9.0,11.5,9.5,11.75],"rotation":0,"texture":"#0","tintindex":0},"west":{"uv":[13.0,10.5,13.125,10.75],"rotation":0,"texture":"#0","tintindex":0},"up":{"uv":[12.5,0.375,12.0,0.25],"rotation":0,"texture":"#0","tintindex":0},"down":{"uv":[12.5,0.5,12.0,0.625],"rotation":0,"texture":"#0","tintindex":0}}}],"display":{"head":{"translation":[0.0,-6.4,0.0],"scale":[4.0,4.0,4.0]}}}