{"textures":{"2":"modelengine:entity/bluejamballs_final"},"elements":[{"from":[1.96312,7.671997,-0.81379986],"to":[9.626881,8.327995,12.788799],"faces":{"east":{"uv":[12.25,3.5625,13.0625,3.609375],"tintindex":0,"rotation":0,"texture":"#2"},"south":{"uv":[13.0,5.375,13.28125,5.421875],"tintindex":0,"rotation":0,"texture":"#2"},"north":{"uv":[13.0,5.3125,13.28125,5.359375],"tintindex":0,"rotation":0,"texture":"#2"},"west":{"uv":[12.25,3.625,13.0625,3.671875],"tintindex":0,"rotation":0,"texture":"#2"},"up":{"uv":[1.46875,11.3125,1.1875,10.5],"tintindex":0,"rotation":0,"texture":"#2"},"down":{"uv":[1.78125,10.5,1.5,11.3125],"tintindex":0,"rotation":0,"texture":"#2"}}}]}