{"textures":{"2":"modelengine:entity/bluejamballs_final"},"elements":[{"from":[7.7116737,11.286907,8.23066],"to":[8.288322,11.863556,9.441626],"faces":{"east":{"uv":[13.3125,6.875,13.40625,6.921875],"tintindex":0,"rotation":0,"texture":"#2"},"south":{"uv":[1.5,13.4375,1.546875,13.484375],"tintindex":0,"rotation":0,"texture":"#2"},"north":{"uv":[1.4375,13.4375,1.484375,13.484375],"tintindex":0,"rotation":0,"texture":"#2"},"west":{"uv":[13.3125,6.9375,13.40625,6.984375],"tintindex":0,"rotation":0,"texture":"#2"},"up":{"uv":[7.484375,13.40625,7.4375,13.3125],"tintindex":0,"rotation":0,"texture":"#2"},"down":{"uv":[7.546875,13.3125,7.5,13.40625],"tintindex":0,"rotation":0,"texture":"#2"}}}]}