{"textures":{"2":"modelengine:entity/bluejamballs_final"},"elements":[{"from":[4.680641,7.5624466,7.1078396],"to":[8.03936,9.257545,8.89216],"faces":{"east":{"uv":[2.1875,12.8125,2.328125,12.9375],"tintindex":0,"rotation":0,"texture":"#2"},"south":{"uv":[6.375,9.0625,6.625,9.1875],"tintindex":0,"rotation":0,"texture":"#2"},"north":{"uv":[7.9375,0.9375,8.1875,1.0625],"tintindex":0,"rotation":0,"texture":"#2"},"west":{"uv":[4.5625,12.8125,4.703125,12.9375],"tintindex":0,"rotation":0,"texture":"#2"},"up":{"uv":[12.6875,11.015625,12.4375,10.875],"tintindex":0,"rotation":0,"texture":"#2"},"down":{"uv":[1.3125,12.5,1.0625,12.640625],"tintindex":0,"rotation":0,"texture":"#2"}}}]}