{"textures":{"2":"modelengine:entity/bluejamballs_final"},"elements":[{"from":[6.8034554,7.7008667,7.551296],"to":[9.196545,8.299133,8.448704],"faces":{"east":{"uv":[4.125,13.375,4.1875,13.421875],"tintindex":0,"rotation":0,"texture":"#2"},"south":{"uv":[13.1875,4.25,13.375,4.296875],"tintindex":0,"rotation":0,"texture":"#2"},"north":{"uv":[13.1875,4.1875,13.375,4.234375],"tintindex":0,"rotation":0,"texture":"#2"},"west":{"uv":[13.375,4.125,13.4375,4.171875],"tintindex":0,"rotation":0,"texture":"#2"},"up":{"uv":[13.25,6.125,13.0625,6.0625],"tintindex":0,"rotation":0,"texture":"#2"},"down":{"uv":[13.25,6.125,13.0625,6.1875],"tintindex":0,"rotation":0,"texture":"#2"}}}]}