{"textures":{"2":"modelengine:entity/bluejamballs_final"},"elements":[{"from":[7.711361,7.1524506,7.10784],"to":[11.568642,8.847549,8.89216],"faces":{"east":{"uv":[9.375,12.75,9.515625,12.875],"tintindex":0,"rotation":0,"texture":"#2"},"south":{"uv":[12.25,4.9375,12.546875,5.0625],"tintindex":0,"rotation":0,"texture":"#2"},"north":{"uv":[4.8125,12.25,5.109375,12.375],"tintindex":0,"rotation":0,"texture":"#2"},"west":{"uv":[12.75,9.875,12.890625,10.0],"tintindex":0,"rotation":0,"texture":"#2"},"up":{"uv":[1.359375,12.328125,1.0625,12.1875],"tintindex":0,"rotation":0,"texture":"#2"},"down":{"uv":[1.671875,12.1875,1.375,12.328125],"tintindex":0,"rotation":0,"texture":"#2"}}}]}