{"textures":{"2":"modelengine:entity/bluejamballs_final"},"elements":[{"from":[2.33216,8.041,2.4896002],"to":[13.22176,22.210602,11.936],"faces":{"east":{"uv":[1.875,5.375,2.59375,6.453125],"tintindex":0,"rotation":0,"texture":"#2"},"south":{"uv":[4.75,4.375,5.578125,5.453125],"tintindex":0,"rotation":0,"texture":"#2"},"north":{"uv":[3.875,4.375,4.703125,5.453125],"tintindex":0,"rotation":0,"texture":"#2"},"west":{"uv":[2.625,5.375,3.34375,6.453125],"tintindex":0,"rotation":0,"texture":"#2"},"up":{"uv":[8.390625,4.78125,7.5625,4.0625],"tintindex":0,"rotation":0,"texture":"#2"},"down":{"uv":[8.453125,7.375,7.625,8.09375],"tintindex":0,"rotation":0,"texture":"#2"}}}]}