{"textures":{"2":"modelengine:entity/bluejamballs_final"},"elements":[{"from":[5.6908803,-0.5132389,5.6384],"to":[10.41408,0.4051609,10.3616],"faces":{"east":{"uv":[5.875,1.5,6.234375,1.5625],"tintindex":0,"rotation":0,"texture":"#2"},"south":{"uv":[6.25,3.0,6.609375,3.0625],"tintindex":0,"rotation":0,"texture":"#2"},"north":{"uv":[0.5,5.5,0.859375,5.5625],"tintindex":0,"rotation":0,"texture":"#2"},"west":{"uv":[10.25,7.6875,10.609375,7.75],"tintindex":0,"rotation":0,"texture":"#2"},"up":{"uv":[0.859375,5.484375,0.5,5.125],"tintindex":0,"rotation":0,"texture":"#2"},"down":{"uv":[1.359375,6.4375,1.0,6.796875],"tintindex":0,"rotation":0,"texture":"#2"}}},{"from":[5.4547205,-3.3996391,5.376],"to":[10.702721,-0.5132389,10.624],"faces":{"east":{"uv":[8.0,11.5,8.40625,11.71875],"tintindex":0,"rotation":0,"texture":"#2"},"south":{"uv":[11.5,8.875,11.90625,9.09375],"tintindex":0,"rotation":0,"texture":"#2"},"north":{"uv":[8.4375,4.5625,8.84375,4.78125],"tintindex":0,"rotation":0,"texture":"#2"},"west":{"uv":[11.5,9.125,11.90625,9.34375],"tintindex":0,"rotation":0,"texture":"#2"},"up":{"uv":[4.84375,11.40625,4.4375,11.0],"tintindex":0,"rotation":0,"texture":"#2"},"down":{"uv":[11.40625,7.25,11.0,7.65625],"tintindex":0,"rotation":0,"texture":"#2"}}},{"from":[5.42848,0.4051609,5.376],"to":[10.67648,0.92996025,10.624],"faces":{"east":{"uv":[12.6875,11.375,13.09375,11.421875],"tintindex":0,"rotation":0,"texture":"#2"},"south":{"uv":[12.6875,12.5,13.09375,12.546875],"tintindex":0,"rotation":0,"texture":"#2"},"north":{"uv":[12.6875,9.375,13.09375,9.421875],"tintindex":0,"rotation":0,"texture":"#2"},"west":{"uv":[12.5625,12.6875,12.96875,12.734375],"tintindex":0,"rotation":0,"texture":"#2"},"up":{"uv":[11.34375,6.15625,10.9375,5.75],"tintindex":0,"rotation":0,"texture":"#2"},"down":{"uv":[4.40625,11.0,4.0,11.40625],"tintindex":0,"rotation":0,"texture":"#2"}}},{"from":[5.1660805,0.92996025,5.1136],"to":[10.93888,8.014761,10.8864],"faces":{"east":{"uv":[9.9375,10.125,10.375,10.671875],"tintindex":0,"rotation":0,"texture":"#2"},"south":{"uv":[10.1875,0.5625,10.625,1.109375],"tintindex":0,"rotation":0,"texture":"#2"},"north":{"uv":[9.5,10.125,9.9375,10.671875],"tintindex":0,"rotation":0,"texture":"#2"},"west":{"uv":[2.1875,10.1875,2.625,10.734375],"tintindex":0,"rotation":0,"texture":"#2"},"up":{"uv":[11.125,9.5,10.6875,9.0625],"tintindex":0,"rotation":0,"texture":"#2"},"down":{"uv":[9.8125,10.6875,9.375,11.125],"tintindex":0,"rotation":0,"texture":"#2"}}}]}