{"textures":{"2":"modelengine:entity/bluejamballs_final"},"elements":[{"from":[3.6982803,7.3574524,7.10784],"to":[7.7917175,9.052551,8.89216],"faces":{"east":{"uv":[12.375,12.75,12.515625,12.875],"tintindex":0,"rotation":0,"texture":"#2"},"south":{"uv":[10.5,1.9375,10.8125,2.0625],"tintindex":0,"rotation":0,"texture":"#2"},"north":{"uv":[9.625,5.8125,9.9375,5.9375],"tintindex":0,"rotation":0,"texture":"#2"},"west":{"uv":[12.5625,12.75,12.703125,12.875],"tintindex":0,"rotation":0,"texture":"#2"},"up":{"uv":[12.4375,8.390625,12.125,8.25],"tintindex":0,"rotation":0,"texture":"#2"},"down":{"uv":[12.4375,8.4375,12.125,8.578125],"tintindex":0,"rotation":0,"texture":"#2"}}}]}