{"textures":{"2":"modelengine:entity/bluejamballs_final"},"elements":[{"from":[5.74336,7.737602,4.5888],"to":[12.30336,19.152,11.6736],"faces":{"east":{"uv":[9.0,0.0,9.546875,0.875],"tintindex":0,"rotation":0,"texture":"#2"},"south":{"uv":[3.8125,9.0625,4.3125,9.9375],"tintindex":0,"rotation":0,"texture":"#2"},"north":{"uv":[1.6875,9.0625,2.1875,9.9375],"tintindex":0,"rotation":0,"texture":"#2"},"west":{"uv":[0.0,9.0625,0.546875,9.9375],"tintindex":0,"rotation":0,"texture":"#2"},"up":{"uv":[6.875,8.109375,6.375,7.5625],"tintindex":0,"rotation":0,"texture":"#2"},"down":{"uv":[2.375,8.0,1.875,8.546875],"tintindex":0,"rotation":0,"texture":"#2"}}}]}