{"textures":{"2":"modelengine:entity/bluejamballs_final"},"elements":[{"from":[3.4358788,7.3574524,7.10784],"to":[8.054119,9.052551,8.89216],"faces":{"east":{"uv":[12.75,12.75,12.890625,12.875],"tintindex":0,"rotation":0,"texture":"#2"},"south":{"uv":[3.25,7.8125,3.609375,7.9375],"tintindex":0,"rotation":0,"texture":"#2"},"north":{"uv":[7.5625,0.9375,7.921875,1.0625],"tintindex":0,"rotation":0,"texture":"#2"},"west":{"uv":[12.8125,0.3125,12.953125,0.4375],"tintindex":0,"rotation":0,"texture":"#2"},"up":{"uv":[12.359375,5.203125,12.0,5.0625],"tintindex":0,"rotation":0,"texture":"#2"},"down":{"uv":[12.359375,6.4375,12.0,6.578125],"tintindex":0,"rotation":0,"texture":"#2"}}}]}