{"textures":{"2":"modelengine:entity/bluejamballs_final"},"elements":[{"from":[3.2544937,6.8230057,4.5338926],"to":[8.056416,9.748764,11.539972],"faces":{"east":{"uv":[11.3125,5.25,11.84375,5.46875],"tintindex":0,"rotation":0,"texture":"#2"},"south":{"uv":[11.6875,10.125,12.046875,10.34375],"tintindex":0,"rotation":0,"texture":"#2"},"north":{"uv":[11.6875,9.875,12.046875,10.09375],"tintindex":0,"rotation":0,"texture":"#2"},"west":{"uv":[11.3125,5.5,11.84375,5.71875],"tintindex":0,"rotation":0,"texture":"#2"},"up":{"uv":[11.109375,4.15625,10.75,3.625],"tintindex":0,"rotation":0,"texture":"#2"},"down":{"uv":[6.046875,10.75,5.6875,11.28125],"tintindex":0,"rotation":0,"texture":"#2"}}}]}