{"textures":{"2":"modelengine:entity/bluejamballs_final"},"elements":[{"from":[5.1136,4.772484,3.203],"to":[10.8864,11.227524,12.387],"faces":{"east":{"uv":[9.625,9.125,10.328125,9.609375],"tintindex":0,"rotation":0,"texture":"#2"},"south":{"uv":[4.4375,10.5,4.875,10.984375],"tintindex":0,"rotation":0,"texture":"#2"},"north":{"uv":[4.0,10.5,4.4375,10.984375],"tintindex":0,"rotation":0,"texture":"#2"},"west":{"uv":[9.625,9.625,10.328125,10.109375],"tintindex":0,"rotation":0,"texture":"#2"},"up":{"uv":[0.4375,10.640625,0.0,9.9375],"tintindex":0,"rotation":0,"texture":"#2"},"down":{"uv":[0.875,9.9375,0.4375,10.640625],"tintindex":0,"rotation":0,"texture":"#2"}}}]}