{"textures":{"2":"modelengine:entity/bluejamballs_final"},"elements":[{"from":[4.3444366,7.1524506,7.1078396],"to":[7.965557,8.847549,8.89216],"faces":{"east":{"uv":[1.0625,12.8125,1.203125,12.9375],"tintindex":0,"rotation":0,"texture":"#2"},"south":{"uv":[12.4375,10.5,12.71875,10.625],"tintindex":0,"rotation":0,"texture":"#2"},"north":{"uv":[12.4375,10.375,12.71875,10.5],"tintindex":0,"rotation":0,"texture":"#2"},"west":{"uv":[1.25,12.8125,1.390625,12.9375],"tintindex":0,"rotation":0,"texture":"#2"},"up":{"uv":[12.53125,0.453125,12.25,0.3125],"tintindex":0,"rotation":0,"texture":"#2"},"down":{"uv":[12.53125,0.5,12.25,0.640625],"tintindex":0,"rotation":0,"texture":"#2"}}}]}