{"textures":{"2":"modelengine:entity/bluejamballs_final"},"elements":[{"from":[4.802,5.2841644,2.8831997],"to":[10.5748005,11.739204,12.0672],"faces":{"east":{"uv":[9.5625,8.625,10.265625,9.109375],"tintindex":0,"rotation":0,"texture":"#2"},"south":{"uv":[10.5,1.4375,10.9375,1.921875],"tintindex":0,"rotation":0,"texture":"#2"},"north":{"uv":[10.375,5.3125,10.8125,5.796875],"tintindex":0,"rotation":0,"texture":"#2"},"west":{"uv":[9.625,5.3125,10.328125,5.796875],"tintindex":0,"rotation":0,"texture":"#2"},"up":{"uv":[6.3125,10.203125,5.875,9.5],"tintindex":0,"rotation":0,"texture":"#2"},"down":{"uv":[10.3125,2.3125,9.875,3.015625],"tintindex":0,"rotation":0,"texture":"#2"}}}]}