{"textures":{"2":"modelengine:entity/bluejamballs_final"},"elements":[{"from":[7.868801,6.425606,4.8512],"to":[21.5136,10.624001,10.2304],"faces":{"east":{"uv":[5.875,6.6875,6.28125,7.0],"tintindex":0,"rotation":0,"texture":"#2"},"south":{"uv":[8.875,1.5625,9.921875,1.875],"tintindex":0,"rotation":0,"texture":"#2"},"north":{"uv":[4.5,0.5625,5.546875,0.875],"tintindex":0,"rotation":0,"texture":"#2"},"west":{"uv":[7.5625,4.8125,7.96875,5.125],"tintindex":0,"rotation":0,"texture":"#2"},"up":{"uv":[9.921875,6.34375,8.875,5.9375],"tintindex":0,"rotation":0,"texture":"#2"},"down":{"uv":[6.359375,9.0625,5.3125,9.46875],"tintindex":0,"rotation":0,"texture":"#2"}}}]}