{"textures":{"4":"modelengine:entity/gattlingshield"},"elements":[{"from":[-0.9624996,8.25,8.125],"to":[8.2125,24.875,8.125],"faces":{"south":{"uv":[2.5,0.0,4.96875,4.15625],"tintindex":0,"rotation":0,"texture":"#4"},"north":{"uv":[0.0,0.0,2.46875,4.15625],"tintindex":0,"rotation":0,"texture":"#4"}}},{"from":[-1.7124996,7.5,7.5],"to":[8.2125,8.25,8.125],"faces":{"east":{"uv":[4.0,8.5,4.15625,8.6875],"tintindex":0,"rotation":0,"texture":"#4"},"south":{"uv":[7.5,1.25,9.96875,1.4375],"tintindex":0,"rotation":0,"texture":"#4"},"north":{"uv":[7.5,1.0,9.96875,1.1875],"tintindex":0,"rotation":0,"texture":"#4"},"west":{"uv":[4.25,8.5,4.40625,8.6875],"tintindex":0,"rotation":0,"texture":"#4"},"up":{"uv":[10.21875,3.65625,7.75,3.5],"tintindex":0,"rotation":0,"texture":"#4"},"down":{"uv":[10.21875,3.75,7.75,3.90625],"tintindex":0,"rotation":0,"texture":"#4"}}},{"from":[-1.7124996,24.75,7.875],"to":[8.2125,25.5,8.125],"faces":{"east":{"uv":[8.5,8.5,8.59375,8.6875],"tintindex":0,"rotation":0,"texture":"#4"},"south":{"uv":[7.5,2.25,9.96875,2.4375],"tintindex":0,"rotation":0,"texture":"#4"},"north":{"uv":[7.5,2.0,9.96875,2.1875],"tintindex":0,"rotation":0,"texture":"#4"},"west":{"uv":[6.5,8.625,6.59375,8.8125],"tintindex":0,"rotation":0,"texture":"#4"},"up":{"uv":[10.59375,6.59375,8.125,6.5],"tintindex":0,"rotation":0,"texture":"#4"},"down":{"uv":[10.59375,6.625,8.125,6.71875],"tintindex":0,"rotation":0,"texture":"#4"}}},{"from":[-1.7124996,8.125,7.875],"to":[-0.9125004,24.75,8.125],"faces":{"east":{"uv":[7.5,3.5,7.59375,7.65625],"tintindex":0,"rotation":0,"texture":"#4"},"south":{"uv":[6.5,4.25,6.6875,8.40625],"tintindex":0,"rotation":0,"texture":"#4"},"north":{"uv":[6.5,0.0,6.6875,4.15625],"tintindex":0,"rotation":0,"texture":"#4"},"west":{"uv":[7.625,3.5,7.71875,7.65625],"tintindex":0,"rotation":0,"texture":"#4"},"up":{"uv":[8.0625,8.59375,7.875,8.5],"tintindex":0,"rotation":0,"texture":"#4"},"down":{"uv":[8.6875,7.875,8.5,7.96875],"tintindex":0,"rotation":0,"texture":"#4"}}}]}