{"textures":{"4":"modelengine:entity/tsunami5f"},"elements":[{"from":[-8.666668,3.0,-8.666668],"to":[24.666668,13.0,24.666668],"faces":{"east":{"uv":[9.375,10.546875,10.15625,10.78125],"tintindex":0,"rotation":0,"texture":"#4"},"south":{"uv":[10.15625,10.546875,10.9375,10.78125],"tintindex":0,"rotation":0,"texture":"#4"},"north":{"uv":[8.59375,10.546875,9.375,10.78125],"tintindex":0,"rotation":0,"texture":"#4"},"west":{"uv":[3.125,10.703125,3.90625,10.9375],"tintindex":0,"rotation":0,"texture":"#4"},"up":{"uv":[3.125,8.59375,2.34375,7.8125],"tintindex":0,"rotation":0,"texture":"#4"},"down":{"uv":[8.59375,2.34375,7.8125,3.125],"tintindex":0,"rotation":0,"texture":"#4"}}}]}