{"textures":{"4":"modelengine:entity/tsunami5"},"elements":[{"from":[-12.0,2.0,-12.0],"to":[28.0,14.0,28.0],"rotation":{"angle":0.0,"axis":"y","origin":[-12.0,2.0,8.0]},"faces":{"east":{"uv":[10.9375,0.0,11.71875,0.234375],"rotation":0,"texture":"#4","tintindex":0},"south":{"uv":[10.9375,0.234375,11.71875,0.46875],"rotation":0,"texture":"#4","tintindex":0},"north":{"uv":[10.15625,10.78125,10.9375,11.015625],"rotation":0,"texture":"#4","tintindex":0},"west":{"uv":[10.9375,0.46875,11.71875,0.703125],"rotation":0,"texture":"#4","tintindex":0},"up":{"uv":[6.25,8.59375,5.46875,7.8125],"rotation":0,"texture":"#4","tintindex":0},"down":{"uv":[8.59375,5.46875,7.8125,6.25],"rotation":0,"texture":"#4","tintindex":0}}}],"display":{"head":{"translation":[0.0,-6.4,0.0],"scale":[4.0,4.0,4.0]}}}