{"textures":{"5":"modelengine:entity/foam"},"elements":[{"from":[-12.25,-15.0,-9.5],"to":[28.25,31.0,25.5],"faces":{"east":{"uv":[2.734375,6.59375,3.828125,8.03125],"tintindex":0,"rotation":0,"texture":"#5"},"south":{"uv":[6.71875,0.0,7.984375,1.4375],"tintindex":0,"rotation":0,"texture":"#5"},"north":{"uv":[3.875,6.5625,5.140625,8.0],"tintindex":0,"rotation":0,"texture":"#5"},"west":{"uv":[0.0,7.609375,1.09375,9.046875],"tintindex":0,"rotation":0,"texture":"#5"},"up":{"uv":[5.09375,9.09375,3.828125,8.0],"tintindex":0,"rotation":0,"texture":"#5"},"down":{"uv":[3.578125,8.03125,2.3125,9.125],"tintindex":0,"rotation":0,"texture":"#5"}}}]}