{"textures":{"5":"modelengine:entity/foam"},"elements":[{"from":[-4.833334,-4.5,-11.333334],"to":[20.833334,20.5,27.333334],"faces":{"east":{"uv":[0.0,3.5,1.8125,4.671875],"tintindex":0,"rotation":0,"texture":"#5"},"south":{"uv":[7.984375,0.0,9.1875,1.171875],"tintindex":0,"rotation":0,"texture":"#5"},"north":{"uv":[7.875,4.015625,9.078125,5.1875],"tintindex":0,"rotation":0,"texture":"#5"},"west":{"uv":[1.8125,3.625,3.625,4.796875],"tintindex":0,"rotation":0,"texture":"#5"},"up":{"uv":[4.015625,1.8125,2.8125,0.0],"tintindex":0,"rotation":0,"texture":"#5"},"down":{"uv":[4.015625,1.8125,2.8125,3.625],"tintindex":0,"rotation":0,"texture":"#5"}}}]}