{"textures":{"3":"modelengine:entity/tsunami4"},"elements":[{"from":[-12.0,-2.0,-12.0],"to":[28.0,18.0,28.0],"rotation":{"angle":0.0,"axis":"y","origin":[-12.0,-2.0,8.0]},"faces":{"east":{"uv":[0.78125,10.15625,1.5625,10.546875],"rotation":0,"texture":"#3","tintindex":0},"south":{"uv":[10.15625,0.78125,10.9375,1.171875],"rotation":0,"texture":"#3","tintindex":0},"north":{"uv":[10.15625,0.390625,10.9375,0.78125],"rotation":0,"texture":"#3","tintindex":0},"west":{"uv":[10.15625,1.171875,10.9375,1.5625],"rotation":0,"texture":"#3","tintindex":0},"up":{"uv":[3.125,5.46875,2.34375,4.6875],"rotation":0,"texture":"#3","tintindex":0},"down":{"uv":[5.46875,2.34375,4.6875,3.125],"rotation":0,"texture":"#3","tintindex":0}}}],"display":{"head":{"translation":[0.0,-6.4,0.0],"scale":[4.0,4.0,4.0]}}}