{"textures":{"4":"modelengine:entity/tsunami5"},"elements":[{"from":[-12.0,2.0,-12.0],"to":[28.0,14.0,28.0],"rotation":{"angle":0.0,"axis":"y","origin":[-12.0,2.0,8.0]},"faces":{"east":{"uv":[7.8125,10.234375,8.59375,10.46875],"rotation":0,"texture":"#4","tintindex":0},"south":{"uv":[0.0,10.3125,0.78125,10.546875],"rotation":0,"texture":"#4","tintindex":0},"north":{"uv":[7.03125,10.234375,7.8125,10.46875],"rotation":0,"texture":"#4","tintindex":0},"west":{"uv":[0.78125,10.3125,1.5625,10.546875],"rotation":0,"texture":"#4","tintindex":0},"up":{"uv":[7.8125,6.25,7.03125,5.46875],"rotation":0,"texture":"#4","tintindex":0},"down":{"uv":[7.03125,7.03125,6.25,7.8125],"rotation":0,"texture":"#4","tintindex":0}}}],"display":{"head":{"translation":[0.0,-6.4,0.0],"scale":[4.0,4.0,4.0]}}}