{"textures":{"1":"modelengine:entity/tsunami2f"},"elements":[{"from":[-8.666668,3.000001,-8.666668],"to":[24.666668,13.0,24.666668],"faces":{"east":{"uv":[8.59375,10.78125,9.375,11.015625],"tintindex":0,"rotation":0,"texture":"#1"},"south":{"uv":[9.375,10.78125,10.15625,11.015625],"tintindex":0,"rotation":0,"texture":"#1"},"north":{"uv":[7.8125,10.78125,8.59375,11.015625],"tintindex":0,"rotation":0,"texture":"#1"},"west":{"uv":[10.15625,10.78125,10.9375,11.015625],"tintindex":0,"rotation":0,"texture":"#1"},"up":{"uv":[1.5625,2.34375,0.78125,1.5625],"tintindex":0,"rotation":0,"texture":"#1"},"down":{"uv":[2.34375,0.78125,1.5625,1.5625],"tintindex":0,"rotation":0,"texture":"#1"}}}]}