{"textures":{"4":"modelengine:entity/tsunami5f"},"elements":[{"from":[-8.666668,3.0,-8.666668],"to":[24.666668,13.0,24.666668],"faces":{"east":{"uv":[0.0,10.078125,0.78125,10.3125],"tintindex":0,"rotation":0,"texture":"#4"},"south":{"uv":[0.78125,10.078125,1.5625,10.3125],"tintindex":0,"rotation":0,"texture":"#4"},"north":{"uv":[7.8125,10.0,8.59375,10.234375],"tintindex":0,"rotation":0,"texture":"#4"},"west":{"uv":[1.5625,10.078125,2.34375,10.3125],"tintindex":0,"rotation":0,"texture":"#4"},"up":{"uv":[2.34375,7.03125,1.5625,6.25],"tintindex":0,"rotation":0,"texture":"#4"},"down":{"uv":[7.03125,1.5625,6.25,2.34375],"tintindex":0,"rotation":0,"texture":"#4"}}}]}