{"textures":{"3":"modelengine:entity/tsunami4f"},"elements":[{"from":[-8.666668,3.0,-8.666668],"to":[24.666668,13.0,24.666668],"faces":{"east":{"uv":[10.9375,7.265625,11.71875,7.5],"tintindex":0,"rotation":0,"texture":"#3"},"south":{"uv":[10.9375,7.5,11.71875,7.734375],"tintindex":0,"rotation":0,"texture":"#3"},"north":{"uv":[10.9375,7.03125,11.71875,7.265625],"tintindex":0,"rotation":0,"texture":"#3"},"west":{"uv":[10.9375,7.734375,11.71875,7.96875],"tintindex":0,"rotation":0,"texture":"#3"},"up":{"uv":[7.8125,3.90625,7.03125,3.125],"tintindex":0,"rotation":0,"texture":"#3"},"down":{"uv":[4.6875,7.03125,3.90625,7.8125],"tintindex":0,"rotation":0,"texture":"#3"}}}]}