{"textures":{"0":"modelengine:entity/tsunami1f"},"elements":[{"from":[-8.666668,3.0,-8.666668],"to":[24.666668,13.0,24.666668],"faces":{"east":{"uv":[8.59375,3.984375,9.375,4.21875],"tintindex":0,"rotation":0,"texture":"#0"},"south":{"uv":[8.59375,4.21875,9.375,4.453125],"tintindex":0,"rotation":0,"texture":"#0"},"north":{"uv":[3.90625,8.59375,4.6875,8.828125],"tintindex":0,"rotation":0,"texture":"#0"},"west":{"uv":[8.59375,4.453125,9.375,4.6875],"tintindex":0,"rotation":0,"texture":"#0"},"up":{"uv":[0.78125,2.34375,0.0,1.5625],"tintindex":0,"rotation":0,"texture":"#0"},"down":{"uv":[2.34375,0.0,1.5625,0.78125],"tintindex":0,"rotation":0,"texture":"#0"}}}]}