{"textures":{"4":"modelengine:entity/tsunami5f"},"elements":[{"from":[-8.666668,3.0,-8.666666],"to":[24.666668,13.0,24.666668],"faces":{"east":{"uv":[9.375,7.265625,10.15625,7.5],"tintindex":0,"rotation":0,"texture":"#4"},"south":{"uv":[9.375,7.5,10.15625,7.734375],"tintindex":0,"rotation":0,"texture":"#4"},"north":{"uv":[9.375,7.03125,10.15625,7.265625],"tintindex":0,"rotation":0,"texture":"#4"},"west":{"uv":[9.375,7.734375,10.15625,7.96875],"tintindex":0,"rotation":0,"texture":"#4"},"up":{"uv":[4.6875,5.46875,3.90625,4.6875],"tintindex":0,"rotation":0,"texture":"#4"},"down":{"uv":[5.46875,3.90625,4.6875,4.6875],"tintindex":0,"rotation":0,"texture":"#4"}}}]}