{"textures":{"0":"modelengine:entity/tsunami1f"},"elements":[{"from":[-8.666668,3.0,-8.666668],"to":[24.666668,13.0,24.666668],"faces":{"east":{"uv":[8.59375,4.6875,9.375,4.921875],"tintindex":0,"rotation":0,"texture":"#0"},"south":{"uv":[8.59375,4.921875,9.375,5.15625],"tintindex":0,"rotation":0,"texture":"#0"},"north":{"uv":[4.6875,8.59375,5.46875,8.828125],"tintindex":0,"rotation":0,"texture":"#0"},"west":{"uv":[8.59375,5.15625,9.375,5.390625],"tintindex":0,"rotation":0,"texture":"#0"},"up":{"uv":[1.5625,2.34375,0.78125,1.5625],"tintindex":0,"rotation":0,"texture":"#0"},"down":{"uv":[2.34375,0.78125,1.5625,1.5625],"tintindex":0,"rotation":0,"texture":"#0"}}}]}