{"textures":{"2":"modelengine:entity/tsunami3f"},"elements":[{"from":[-8.666668,-2.833334,-8.666668],"to":[24.666668,18.83334,24.666668],"faces":{"east":{"uv":[0.78125,12.6953125,1.5625,13.203125],"tintindex":0,"rotation":0,"texture":"#2"},"south":{"uv":[1.5625,12.6953125,2.34375,13.203125],"tintindex":0,"rotation":0,"texture":"#2"},"north":{"uv":[0.0,12.6953125,0.78125,13.203125],"tintindex":0,"rotation":0,"texture":"#2"},"west":{"uv":[2.34375,12.6953125,3.125,13.203125],"tintindex":0,"rotation":0,"texture":"#2"},"up":{"uv":[7.8125,6.25,7.03125,5.46875],"tintindex":0,"rotation":0,"texture":"#2"},"down":{"uv":[7.03125,7.03125,6.25,7.8125],"tintindex":0,"rotation":0,"texture":"#2"}}}]}