{"textures":{"3":"modelengine:entity/tsunami4f"},"elements":[{"from":[-8.666668,-0.33333397,-8.666668],"to":[24.666668,16.333334,24.666668],"faces":{"east":{"uv":[9.375,0.0,10.15625,0.390625],"tintindex":0,"rotation":0,"texture":"#3"},"south":{"uv":[9.375,0.390625,10.15625,0.78125],"tintindex":0,"rotation":0,"texture":"#3"},"north":{"uv":[0.0,9.375,0.78125,9.765625],"tintindex":0,"rotation":0,"texture":"#3"},"west":{"uv":[0.78125,9.375,1.5625,9.765625],"tintindex":0,"rotation":0,"texture":"#3"},"up":{"uv":[0.78125,3.90625,0.0,3.125],"tintindex":0,"rotation":0,"texture":"#3"},"down":{"uv":[3.90625,0.0,3.125,0.78125],"tintindex":0,"rotation":0,"texture":"#3"}}}]}