{"textures":{"1":"modelengine:entity/tsunami2f"},"elements":[{"from":[-8.666668,3.000001,-8.666668],"to":[24.666668,13.0,24.666668],"faces":{"east":{"uv":[5.46875,10.78125,6.25,11.015625],"tintindex":0,"rotation":0,"texture":"#1"},"south":{"uv":[6.25,10.78125,7.03125,11.015625],"tintindex":0,"rotation":0,"texture":"#1"},"north":{"uv":[4.6875,10.78125,5.46875,11.015625],"tintindex":0,"rotation":0,"texture":"#1"},"west":{"uv":[7.03125,10.78125,7.8125,11.015625],"tintindex":0,"rotation":0,"texture":"#1"},"up":{"uv":[0.78125,2.34375,0.0,1.5625],"tintindex":0,"rotation":0,"texture":"#1"},"down":{"uv":[2.34375,0.0,1.5625,0.78125],"tintindex":0,"rotation":0,"texture":"#1"}}}]}