{"textures":{"4":"modelengine:entity/tsunami5f"},"elements":[{"from":[-8.666668,3.0,-8.666668],"to":[24.666668,13.0,24.666668],"faces":{"east":{"uv":[9.375,8.203125,10.15625,8.4375],"tintindex":0,"rotation":0,"texture":"#4"},"south":{"uv":[9.375,8.4375,10.15625,8.671875],"tintindex":0,"rotation":0,"texture":"#4"},"north":{"uv":[9.375,7.96875,10.15625,8.203125],"tintindex":0,"rotation":0,"texture":"#4"},"west":{"uv":[8.59375,9.375,9.375,9.609375],"tintindex":0,"rotation":0,"texture":"#4"},"up":{"uv":[5.46875,5.46875,4.6875,4.6875],"tintindex":0,"rotation":0,"texture":"#4"},"down":{"uv":[0.78125,5.46875,0.0,6.25],"tintindex":0,"rotation":0,"texture":"#4"}}}]}