{"textures":{"4":"modelengine:entity/tsunami5f"},"elements":[{"from":[-8.666668,3.0,-8.666668],"to":[24.666668,13.0,24.666668],"faces":{"east":{"uv":[9.375,8.90625,10.15625,9.140625],"tintindex":0,"rotation":0,"texture":"#4"},"south":{"uv":[9.375,9.140625,10.15625,9.375],"tintindex":0,"rotation":0,"texture":"#4"},"north":{"uv":[9.375,8.671875,10.15625,8.90625],"tintindex":0,"rotation":0,"texture":"#4"},"west":{"uv":[9.375,9.375,10.15625,9.609375],"tintindex":0,"rotation":0,"texture":"#4"},"up":{"uv":[6.25,0.78125,5.46875,0.0],"tintindex":0,"rotation":0,"texture":"#4"},"down":{"uv":[1.5625,5.46875,0.78125,6.25],"tintindex":0,"rotation":0,"texture":"#4"}}}]}