{"textures":{"4":"modelengine:entity/tsunami5f"},"elements":[{"from":[-8.666668,3.0,-8.666668],"to":[24.666668,13.0,24.666668],"faces":{"east":{"uv":[9.375,0.46875,10.15625,0.703125],"tintindex":0,"rotation":0,"texture":"#4"},"south":{"uv":[9.375,0.703125,10.15625,0.9375],"tintindex":0,"rotation":0,"texture":"#4"},"north":{"uv":[9.375,0.234375,10.15625,0.46875],"tintindex":0,"rotation":0,"texture":"#4"},"west":{"uv":[0.78125,9.375,1.5625,9.609375],"tintindex":0,"rotation":0,"texture":"#4"},"up":{"uv":[4.6875,2.34375,3.90625,1.5625],"tintindex":0,"rotation":0,"texture":"#4"},"down":{"uv":[3.125,3.90625,2.34375,4.6875],"tintindex":0,"rotation":0,"texture":"#4"}}}]}