{"textures":{"4":"modelengine:entity/tsunami5"},"elements":[{"from":[-12.0,2.0,-12.0],"to":[28.0,14.0,28.0],"rotation":{"angle":0.0,"axis":"y","origin":[-12.0,2.0,8.0]},"faces":{"east":{"uv":[10.15625,8.90625,10.9375,9.140625],"rotation":0,"texture":"#4","tintindex":0},"south":{"uv":[10.15625,9.140625,10.9375,9.375],"rotation":0,"texture":"#4","tintindex":0},"north":{"uv":[10.15625,8.671875,10.9375,8.90625],"rotation":0,"texture":"#4","tintindex":0},"west":{"uv":[10.15625,9.375,10.9375,9.609375],"rotation":0,"texture":"#4","tintindex":0},"up":{"uv":[7.8125,3.90625,7.03125,3.125],"rotation":0,"texture":"#4","tintindex":0},"down":{"uv":[4.6875,7.03125,3.90625,7.8125],"rotation":0,"texture":"#4","tintindex":0}}}],"display":{"head":{"translation":[0.0,-6.4,0.0],"scale":[4.0,4.0,4.0]}}}