{"textures":{"2":"modelengine:entity/tsunami3f"},"elements":[{"from":[-8.666668,-2.833334,-8.666666],"to":[24.666668,18.833334,24.666668],"faces":{"east":{"uv":[11.71875,3.046875,12.5,3.5546875],"tintindex":0,"rotation":0,"texture":"#2"},"south":{"uv":[11.71875,3.5546875,12.5,4.0625],"tintindex":0,"rotation":0,"texture":"#2"},"north":{"uv":[11.71875,2.5390625,12.5,3.046875],"tintindex":0,"rotation":0,"texture":"#2"},"west":{"uv":[11.71875,4.0625,12.5,4.5703125],"tintindex":0,"rotation":0,"texture":"#2"},"up":{"uv":[6.25,5.46875,5.46875,4.6875],"tintindex":0,"rotation":0,"texture":"#2"},"down":{"uv":[6.25,5.46875,5.46875,6.25],"tintindex":0,"rotation":0,"texture":"#2"}}}]}