{"textures":{"1":"modelengine:entity/tsunami2f"},"elements":[{"from":[-8.666668,-0.33333397,-8.666668],"to":[24.666668,16.333334,24.666668],"faces":{"east":{"uv":[10.15625,7.8125,10.9375,8.203125],"tintindex":0,"rotation":0,"texture":"#1"},"south":{"uv":[10.15625,8.203125,10.9375,8.59375],"tintindex":0,"rotation":0,"texture":"#1"},"north":{"uv":[7.8125,10.15625,8.59375,10.546875],"tintindex":0,"rotation":0,"texture":"#1"},"west":{"uv":[8.59375,10.15625,9.375,10.546875],"tintindex":0,"rotation":0,"texture":"#1"},"up":{"uv":[8.59375,8.59375,7.8125,7.8125],"tintindex":0,"rotation":0,"texture":"#1"},"down":{"uv":[0.78125,8.59375,0.0,9.375],"tintindex":0,"rotation":0,"texture":"#1"}}}]}