{"textures":{"5":"modelengine:entity/foam"},"elements":[{"from":[-13.5,-12.0,-15.5],"to":[29.5,28.0,31.5],"faces":{"east":{"uv":[6.40625,4.03125,7.875,5.28125],"tintindex":0,"rotation":0,"texture":"#5"},"south":{"uv":[6.890625,6.53125,8.234375,7.78125],"tintindex":0,"rotation":0,"texture":"#5"},"north":{"uv":[6.890625,5.28125,8.234375,6.53125],"tintindex":0,"rotation":0,"texture":"#5"},"west":{"uv":[1.265625,6.59375,2.734375,7.84375],"tintindex":0,"rotation":0,"texture":"#5"},"up":{"uv":[5.359375,2.890625,4.015625,1.421875],"tintindex":0,"rotation":0,"texture":"#5"},"down":{"uv":[1.34375,4.671875,0.0,6.140625],"tintindex":0,"rotation":0,"texture":"#5"}}}]}