{"textures":{"4":"modelengine:entity/tsunami5"},"elements":[{"from":[-12.0,2.0,-12.0],"to":[28.0,14.0,28.0],"rotation":{"angle":0.0,"axis":"y","origin":[-12.0,2.0,8.0]},"faces":{"east":{"uv":[10.9375,1.875,11.71875,2.109375],"rotation":0,"texture":"#4","tintindex":0},"south":{"uv":[10.9375,2.109375,11.71875,2.34375],"rotation":0,"texture":"#4","tintindex":0},"north":{"uv":[10.9375,1.640625,11.71875,1.875],"rotation":0,"texture":"#4","tintindex":0},"west":{"uv":[10.9375,2.34375,11.71875,2.578125],"rotation":0,"texture":"#4","tintindex":0},"up":{"uv":[7.8125,8.59375,7.03125,7.8125],"rotation":0,"texture":"#4","tintindex":0},"down":{"uv":[8.59375,7.03125,7.8125,7.8125],"rotation":0,"texture":"#4","tintindex":0}}}],"display":{"head":{"translation":[0.0,-6.4,0.0],"scale":[4.0,4.0,4.0]}}}