{"textures":{"1":"modelengine:entity/tsunami2f"},"elements":[{"from":[-8.666668,3.000001,-8.666668],"to":[24.666668,13.0,24.666668],"faces":{"east":{"uv":[10.9375,0.0,11.71875,0.234375],"tintindex":0,"rotation":0,"texture":"#1"},"south":{"uv":[10.9375,0.234375,11.71875,0.46875],"tintindex":0,"rotation":0,"texture":"#1"},"north":{"uv":[0.0,10.9375,0.78125,11.171875],"tintindex":0,"rotation":0,"texture":"#1"},"west":{"uv":[10.9375,0.46875,11.71875,0.703125],"tintindex":0,"rotation":0,"texture":"#1"},"up":{"uv":[2.34375,2.34375,1.5625,1.5625],"tintindex":0,"rotation":0,"texture":"#1"},"down":{"uv":[0.78125,2.34375,0.0,3.125],"tintindex":0,"rotation":0,"texture":"#1"}}}]}