{"textures":{"2":"modelengine:entity/tsunami3"},"elements":[{"from":[-12.0,-5.0,-12.0],"to":[28.0,21.0,28.0],"rotation":{"angle":0.0,"axis":"y","origin":[8.0,8.0,8.0]},"faces":{"east":{"uv":[2.34375,10.390625,3.125,10.8984375],"rotation":0,"texture":"#2","tintindex":0},"south":{"uv":[8.59375,10.46875,9.375,10.9765625],"rotation":0,"texture":"#2","tintindex":0},"north":{"uv":[1.5625,10.390625,2.34375,10.8984375],"rotation":0,"texture":"#2","tintindex":0},"west":{"uv":[3.125,10.625,3.90625,11.1328125],"rotation":0,"texture":"#2","tintindex":0},"up":{"uv":[5.46875,5.46875,4.6875,4.6875],"rotation":0,"texture":"#2","tintindex":0},"down":{"uv":[0.78125,5.46875,0.0,6.25],"rotation":0,"texture":"#2","tintindex":0}}}],"display":{"head":{"translation":[0.0,-6.4,0.0],"scale":[4.0,4.0,4.0]}}}