{"textures":{"3":"modelengine:entity/tsunami4f"},"elements":[{"from":[-8.666668,-0.33333397,-8.666668],"to":[24.666668,16.333334,24.666662],"faces":{"east":{"uv":[3.90625,8.984375,4.6875,9.375],"tintindex":0,"rotation":0,"texture":"#3"},"south":{"uv":[4.6875,8.984375,5.46875,9.375],"tintindex":0,"rotation":0,"texture":"#3"},"north":{"uv":[3.125,8.984375,3.90625,9.375],"tintindex":0,"rotation":0,"texture":"#3"},"west":{"uv":[5.46875,8.984375,6.25,9.375],"tintindex":0,"rotation":0,"texture":"#3"},"up":{"uv":[3.125,1.5625,2.34375,0.78125],"tintindex":0,"rotation":0,"texture":"#3"},"down":{"uv":[2.34375,2.34375,1.5625,3.125],"tintindex":0,"rotation":0,"texture":"#3"}}}]}