{"textures":{"2":"modelengine:entity/tsunami3"},"elements":[{"from":[-12.0,-5.0,-12.0],"to":[28.0,21.0,28.0],"rotation":{"angle":0.0,"axis":"y","origin":[-12.0,-5.0,8.0]},"faces":{"east":{"uv":[9.375,11.6796875,10.15625,12.1875],"rotation":0,"texture":"#2","tintindex":0},"south":{"uv":[10.15625,11.6796875,10.9375,12.1875],"rotation":0,"texture":"#2","tintindex":0},"north":{"uv":[7.8125,11.640625,8.59375,12.1484375],"rotation":0,"texture":"#2","tintindex":0},"west":{"uv":[10.9375,11.6796875,11.71875,12.1875],"rotation":0,"texture":"#2","tintindex":0},"up":{"uv":[6.25,7.03125,5.46875,6.25],"rotation":0,"texture":"#2","tintindex":0},"down":{"uv":[7.03125,5.46875,6.25,6.25],"rotation":0,"texture":"#2","tintindex":0}}}],"display":{"head":{"translation":[0.0,-6.4,0.0],"scale":[4.0,4.0,4.0]}}}