{"textures":{"5":"modelengine:entity/foam"},"elements":[{"from":[1.5,-8.166668,-5.5],"to":[14.5,24.166668,21.5],"faces":{"east":{"uv":[3.875,5.046875,5.140625,6.5625],"tintindex":0,"rotation":0,"texture":"#5"},"south":{"uv":[9.859375,0.890625,10.46875,2.40625],"tintindex":0,"rotation":0,"texture":"#5"},"north":{"uv":[8.546875,9.625,9.15625,11.140625],"tintindex":0,"rotation":0,"texture":"#5"},"west":{"uv":[5.0625,2.890625,6.328125,4.40625],"tintindex":0,"rotation":0,"texture":"#5"},"up":{"uv":[0.609375,11.578125,0.0,10.3125],"tintindex":0,"rotation":0,"texture":"#5"},"down":{"uv":[3.921875,10.359375,3.3125,11.625],"tintindex":0,"rotation":0,"texture":"#5"}}}]}