{"textures":{"0":"modelengine:entity/tsunami1f"},"elements":[{"from":[-8.666668,2.999999,-8.666666],"to":[24.666668,13.0,24.666668],"faces":{"east":{"uv":[7.8125,10.234375,8.59375,10.46875],"tintindex":0,"rotation":0,"texture":"#0"},"south":{"uv":[0.0,10.3125,0.78125,10.546875],"tintindex":0,"rotation":0,"texture":"#0"},"north":{"uv":[7.03125,10.234375,7.8125,10.46875],"tintindex":0,"rotation":0,"texture":"#0"},"west":{"uv":[0.78125,10.3125,1.5625,10.546875],"tintindex":0,"rotation":0,"texture":"#0"},"up":{"uv":[7.8125,6.25,7.03125,5.46875],"tintindex":0,"rotation":0,"texture":"#0"},"down":{"uv":[7.03125,7.03125,6.25,7.8125],"tintindex":0,"rotation":0,"texture":"#0"}}}]}