{"textures":{"3":"modelengine:entity/tsunami4f"},"elements":[{"from":[-8.666668,3.0,-8.666668],"to":[24.666668,13.0,24.666668],"faces":{"east":{"uv":[10.9375,8.203125,11.71875,8.4375],"tintindex":0,"rotation":0,"texture":"#3"},"south":{"uv":[10.9375,8.4375,11.71875,8.671875],"tintindex":0,"rotation":0,"texture":"#3"},"north":{"uv":[10.9375,7.96875,11.71875,8.203125],"tintindex":0,"rotation":0,"texture":"#3"},"west":{"uv":[10.9375,8.671875,11.71875,8.90625],"tintindex":0,"rotation":0,"texture":"#3"},"up":{"uv":[7.8125,4.6875,7.03125,3.90625],"tintindex":0,"rotation":0,"texture":"#3"},"down":{"uv":[5.46875,7.03125,4.6875,7.8125],"tintindex":0,"rotation":0,"texture":"#3"}}}]}