{"textures":{"1":"modelengine:entity/tsunami2f"},"elements":[{"from":[-8.666668,3.000001,-8.666668],"to":[24.666668,13.0,24.666668],"faces":{"east":{"uv":[10.9375,8.203125,11.71875,8.4375],"tintindex":0,"rotation":0,"texture":"#1"},"south":{"uv":[10.9375,8.4375,11.71875,8.671875],"tintindex":0,"rotation":0,"texture":"#1"},"north":{"uv":[10.9375,7.96875,11.71875,8.203125],"tintindex":0,"rotation":0,"texture":"#1"},"west":{"uv":[10.9375,8.671875,11.71875,8.90625],"tintindex":0,"rotation":0,"texture":"#1"},"up":{"uv":[4.6875,1.5625,3.90625,0.78125],"tintindex":0,"rotation":0,"texture":"#1"},"down":{"uv":[2.34375,3.90625,1.5625,4.6875],"tintindex":0,"rotation":0,"texture":"#1"}}}]}