{"textures":{"3":"modelengine:entity/tsunami4f"},"elements":[{"from":[-8.666668,-0.33333397,-8.666668],"to":[24.666668,16.333334,24.666668],"faces":{"east":{"uv":[10.15625,10.15625,10.9375,10.546875],"tintindex":0,"rotation":0,"texture":"#3"},"south":{"uv":[0.0,10.546875,0.78125,10.9375],"tintindex":0,"rotation":0,"texture":"#3"},"north":{"uv":[10.15625,9.765625,10.9375,10.15625],"tintindex":0,"rotation":0,"texture":"#3"},"west":{"uv":[0.78125,10.546875,1.5625,10.9375],"tintindex":0,"rotation":0,"texture":"#3"},"up":{"uv":[6.25,4.6875,5.46875,3.90625],"tintindex":0,"rotation":0,"texture":"#3"},"down":{"uv":[5.46875,5.46875,4.6875,6.25],"tintindex":0,"rotation":0,"texture":"#3"}}}]}