{"textures":{"2":"modelengine:entity/tsunami3f"},"elements":[{"from":[-8.666668,-2.833334,-8.666668],"to":[24.666668,18.833334,24.666668],"faces":{"east":{"uv":[1.5625,10.15625,2.34375,10.6640625],"tintindex":0,"rotation":0,"texture":"#2"},"south":{"uv":[10.15625,2.03125,10.9375,2.5390625],"tintindex":0,"rotation":0,"texture":"#2"},"north":{"uv":[10.15625,1.5234375,10.9375,2.03125],"tintindex":0,"rotation":0,"texture":"#2"},"west":{"uv":[2.34375,10.15625,3.125,10.6640625],"tintindex":0,"rotation":0,"texture":"#2"},"up":{"uv":[0.78125,3.90625,0.0,3.125],"tintindex":0,"rotation":0,"texture":"#2"},"down":{"uv":[3.90625,0.0,3.125,0.78125],"tintindex":0,"rotation":0,"texture":"#2"}}}]}