{"textures":{"3":"modelengine:entity/tsunami4f"},"elements":[{"from":[-8.666668,-0.33333397,-8.666668],"to":[24.666668,16.333334,24.666668],"faces":{"east":{"uv":[10.15625,4.6875,10.9375,5.078125],"tintindex":0,"rotation":0,"texture":"#3"},"south":{"uv":[10.15625,5.078125,10.9375,5.46875],"tintindex":0,"rotation":0,"texture":"#3"},"north":{"uv":[4.6875,10.15625,5.46875,10.546875],"tintindex":0,"rotation":0,"texture":"#3"},"west":{"uv":[5.46875,10.15625,6.25,10.546875],"tintindex":0,"rotation":0,"texture":"#3"},"up":{"uv":[6.25,0.78125,5.46875,0.0],"tintindex":0,"rotation":0,"texture":"#3"},"down":{"uv":[1.5625,5.46875,0.78125,6.25],"tintindex":0,"rotation":0,"texture":"#3"}}}]}