{"textures":{"2":"modelengine:entity/tsunami3f"},"elements":[{"from":[-8.666668,-2.833334,-8.666666],"to":[24.666668,18.83334,24.666668],"faces":{"east":{"uv":[13.28125,3.5546875,14.0625,4.0625],"tintindex":0,"rotation":0,"texture":"#2"},"south":{"uv":[13.28125,4.0625,14.0625,4.5703125],"tintindex":0,"rotation":0,"texture":"#2"},"north":{"uv":[13.28125,3.046875,14.0625,3.5546875],"tintindex":0,"rotation":0,"texture":"#2"},"west":{"uv":[13.28125,4.5703125,14.0625,5.078125],"tintindex":0,"rotation":0,"texture":"#2"},"up":{"uv":[5.46875,8.59375,4.6875,7.8125],"tintindex":0,"rotation":0,"texture":"#2"},"down":{"uv":[8.59375,4.6875,7.8125,5.46875],"tintindex":0,"rotation":0,"texture":"#2"}}}]}