{"textures":{"2":"modelengine:entity/tsunami3f"},"elements":[{"from":[-8.666668,-2.833334,-8.666668],"to":[24.666668,18.83334,24.666668],"faces":{"east":{"uv":[0.0,13.203125,0.78125,13.7109375],"tintindex":0,"rotation":0,"texture":"#2"},"south":{"uv":[0.78125,13.203125,1.5625,13.7109375],"tintindex":0,"rotation":0,"texture":"#2"},"north":{"uv":[9.375,13.046875,10.15625,13.5546875],"tintindex":0,"rotation":0,"texture":"#2"},"west":{"uv":[1.5625,13.203125,2.34375,13.7109375],"tintindex":0,"rotation":0,"texture":"#2"},"up":{"uv":[2.34375,8.59375,1.5625,7.8125],"tintindex":0,"rotation":0,"texture":"#2"},"down":{"uv":[8.59375,1.5625,7.8125,2.34375],"tintindex":0,"rotation":0,"texture":"#2"}}}]}