{"textures":{"2":"modelengine:entity/tsunami3"},"elements":[{"from":[-12.0,-5.0,-12.0],"to":[28.0,21.0,28.0],"rotation":{"angle":0.0,"axis":"y","origin":[-12.0,-5.0,8.0]},"faces":{"east":{"uv":[8.59375,6.40625,9.375,6.9140625],"rotation":0,"texture":"#2","tintindex":0},"south":{"uv":[8.59375,6.9140625,9.375,7.421875],"rotation":0,"texture":"#2","tintindex":0},"north":{"uv":[6.25,8.59375,7.03125,9.1015625],"rotation":0,"texture":"#2","tintindex":0},"west":{"uv":[7.03125,8.59375,7.8125,9.1015625],"rotation":0,"texture":"#2","tintindex":0},"up":{"uv":[1.5625,2.34375,0.78125,1.5625],"rotation":0,"texture":"#2","tintindex":0},"down":{"uv":[2.34375,0.78125,1.5625,1.5625],"rotation":0,"texture":"#2","tintindex":0}}}],"display":{"head":{"translation":[0.0,-6.4,0.0],"scale":[4.0,4.0,4.0]}}}