{"textures":{"0":"modelengine:entity/tsunami1f"},"elements":[{"from":[-8.666668,2.999999,-8.666668],"to":[24.666668,13.0,24.666668],"faces":{"east":{"uv":[4.6875,10.234375,5.46875,10.46875],"tintindex":0,"rotation":0,"texture":"#0"},"south":{"uv":[5.46875,10.234375,6.25,10.46875],"tintindex":0,"rotation":0,"texture":"#0"},"north":{"uv":[3.90625,10.234375,4.6875,10.46875],"tintindex":0,"rotation":0,"texture":"#0"},"west":{"uv":[6.25,10.234375,7.03125,10.46875],"tintindex":0,"rotation":0,"texture":"#0"},"up":{"uv":[7.8125,5.46875,7.03125,4.6875],"tintindex":0,"rotation":0,"texture":"#0"},"down":{"uv":[6.25,7.03125,5.46875,7.8125],"tintindex":0,"rotation":0,"texture":"#0"}}}]}