{"textures":{"2":"modelengine:entity/tsunami3f"},"elements":[{"from":[-8.666668,-2.833334,-8.666668],"to":[24.666668,18.83334,24.666668],"faces":{"east":{"uv":[12.5,11.6796875,13.28125,12.1875],"tintindex":0,"rotation":0,"texture":"#2"},"south":{"uv":[12.5,12.1875,13.28125,12.6953125],"tintindex":0,"rotation":0,"texture":"#2"},"north":{"uv":[12.5,11.171875,13.28125,11.6796875],"tintindex":0,"rotation":0,"texture":"#2"},"west":{"uv":[9.375,12.5390625,10.15625,13.046875],"tintindex":0,"rotation":0,"texture":"#2"},"up":{"uv":[7.8125,5.46875,7.03125,4.6875],"tintindex":0,"rotation":0,"texture":"#2"},"down":{"uv":[6.25,7.03125,5.46875,7.8125],"tintindex":0,"rotation":0,"texture":"#2"}}}]}