{"textures":{"2":"modelengine:entity/tsunami3f"},"elements":[{"from":[-8.666668,-2.833334,-8.666668],"to":[24.666668,18.83334,24.666668],"faces":{"east":{"uv":[3.125,13.203125,3.90625,13.7109375],"tintindex":0,"rotation":0,"texture":"#2"},"south":{"uv":[10.15625,13.203125,10.9375,13.7109375],"tintindex":0,"rotation":0,"texture":"#2"},"north":{"uv":[2.34375,13.203125,3.125,13.7109375],"tintindex":0,"rotation":0,"texture":"#2"},"west":{"uv":[10.9375,13.203125,11.71875,13.7109375],"tintindex":0,"rotation":0,"texture":"#2"},"up":{"uv":[3.125,8.59375,2.34375,7.8125],"tintindex":0,"rotation":0,"texture":"#2"},"down":{"uv":[8.59375,2.34375,7.8125,3.125],"tintindex":0,"rotation":0,"texture":"#2"}}}]}