{"textures":{"1":"modelengine:entity/tsunami2f"},"elements":[{"from":[-8.666668,3.000001,-8.666668],"to":[24.666668,13.0,24.666668],"faces":{"east":{"uv":[7.8125,11.015625,8.59375,11.25],"tintindex":0,"rotation":0,"texture":"#1"},"south":{"uv":[8.59375,11.015625,9.375,11.25],"tintindex":0,"rotation":0,"texture":"#1"},"north":{"uv":[7.03125,11.015625,7.8125,11.25],"tintindex":0,"rotation":0,"texture":"#1"},"west":{"uv":[9.375,11.015625,10.15625,11.25],"tintindex":0,"rotation":0,"texture":"#1"},"up":{"uv":[0.78125,5.46875,0.0,4.6875],"tintindex":0,"rotation":0,"texture":"#1"},"down":{"uv":[5.46875,0.0,4.6875,0.78125],"tintindex":0,"rotation":0,"texture":"#1"}}}]}