{"textures":{"3":"modelengine:entity/tsunami4"},"elements":[{"from":[-12.0,2.0,-12.0],"to":[28.0,14.0,28.0],"rotation":{"angle":0.0,"axis":"y","origin":[-12.0,2.0,8.0]},"faces":{"east":{"uv":[0.78125,10.9375,1.5625,11.171875],"rotation":0,"texture":"#3","tintindex":0},"south":{"uv":[10.9375,0.9375,11.71875,1.171875],"rotation":0,"texture":"#3","tintindex":0},"north":{"uv":[10.9375,0.703125,11.71875,0.9375],"rotation":0,"texture":"#3","tintindex":0},"west":{"uv":[10.9375,1.171875,11.71875,1.40625],"rotation":0,"texture":"#3","tintindex":0},"up":{"uv":[4.6875,7.03125,3.90625,6.25],"rotation":0,"texture":"#3","tintindex":0},"down":{"uv":[7.03125,3.90625,6.25,4.6875],"rotation":0,"texture":"#3","tintindex":0}}}],"display":{"head":{"translation":[0.0,-6.4,0.0],"scale":[4.0,4.0,4.0]}}}