{"textures":{"4":"modelengine:entity/tsunami5f"},"elements":[{"from":[-8.666668,3.0,-8.666668],"to":[24.666668,13.0,24.666668],"faces":{"east":{"uv":[6.25,10.46875,7.03125,10.703125],"tintindex":0,"rotation":0,"texture":"#4"},"south":{"uv":[7.03125,10.46875,7.8125,10.703125],"tintindex":0,"rotation":0,"texture":"#4"},"north":{"uv":[5.46875,10.46875,6.25,10.703125],"tintindex":0,"rotation":0,"texture":"#4"},"west":{"uv":[7.8125,10.46875,8.59375,10.703125],"tintindex":0,"rotation":0,"texture":"#4"},"up":{"uv":[1.5625,8.59375,0.78125,7.8125],"tintindex":0,"rotation":0,"texture":"#4"},"down":{"uv":[8.59375,0.78125,7.8125,1.5625],"tintindex":0,"rotation":0,"texture":"#4"}}}]}