{"textures":{"2":"modelengine:entity/tsunami3f"},"elements":[{"from":[-8.666668,-2.833334,-8.666668],"to":[24.666668,18.833334,24.666668],"faces":{"east":{"uv":[10.15625,3.046875,10.9375,3.5546875],"tintindex":0,"rotation":0,"texture":"#2"},"south":{"uv":[3.125,10.15625,3.90625,10.6640625],"tintindex":0,"rotation":0,"texture":"#2"},"north":{"uv":[10.15625,2.5390625,10.9375,3.046875],"tintindex":0,"rotation":0,"texture":"#2"},"west":{"uv":[10.15625,3.5546875,10.9375,4.0625],"tintindex":0,"rotation":0,"texture":"#2"},"up":{"uv":[1.5625,3.90625,0.78125,3.125],"tintindex":0,"rotation":0,"texture":"#2"},"down":{"uv":[3.90625,0.78125,3.125,1.5625],"tintindex":0,"rotation":0,"texture":"#2"}}}]}