{"textures":{"3":"modelengine:entity/tsunami4f"},"elements":[{"from":[-8.666668,-0.33333397,-8.666668],"to":[24.666668,16.333334,24.666662],"faces":{"east":{"uv":[8.59375,7.8125,9.375,8.203125],"tintindex":0,"rotation":0,"texture":"#3"},"south":{"uv":[8.59375,8.203125,9.375,8.59375],"tintindex":0,"rotation":0,"texture":"#3"},"north":{"uv":[7.8125,8.59375,8.59375,8.984375],"tintindex":0,"rotation":0,"texture":"#3"},"west":{"uv":[8.59375,8.59375,9.375,8.984375],"tintindex":0,"rotation":0,"texture":"#3"},"up":{"uv":[3.125,0.78125,2.34375,0.0],"tintindex":0,"rotation":0,"texture":"#3"},"down":{"uv":[1.5625,2.34375,0.78125,3.125],"tintindex":0,"rotation":0,"texture":"#3"}}}]}