{"textures":{"2":"modelengine:entity/tsunami3f"},"elements":[{"from":[-8.666668,-2.833334,-8.666668],"to":[24.666668,18.83334,24.666668],"faces":{"east":{"uv":[12.5,5.5859375,13.28125,6.09375],"tintindex":0,"rotation":0,"texture":"#2"},"south":{"uv":[12.5,6.09375,13.28125,6.6015625],"tintindex":0,"rotation":0,"texture":"#2"},"north":{"uv":[12.5,5.078125,13.28125,5.5859375],"tintindex":0,"rotation":0,"texture":"#2"},"west":{"uv":[12.5,6.6015625,13.28125,7.109375],"tintindex":0,"rotation":0,"texture":"#2"},"up":{"uv":[7.8125,3.125,7.03125,2.34375],"tintindex":0,"rotation":0,"texture":"#2"},"down":{"uv":[3.90625,7.03125,3.125,7.8125],"tintindex":0,"rotation":0,"texture":"#2"}}}]}