{"textures":{"2":"modelengine:entity/tsunami3f"},"elements":[{"from":[-8.666668,-2.833334,-8.666668],"to":[24.666668,18.83334,24.666662],"faces":{"east":{"uv":[11.71875,9.140625,12.5,9.6484375],"tintindex":0,"rotation":0,"texture":"#2"},"south":{"uv":[11.71875,9.6484375,12.5,10.15625],"tintindex":0,"rotation":0,"texture":"#2"},"north":{"uv":[11.71875,8.6328125,12.5,9.140625],"tintindex":0,"rotation":0,"texture":"#2"},"west":{"uv":[11.71875,10.15625,12.5,10.6640625],"tintindex":0,"rotation":0,"texture":"#2"},"up":{"uv":[2.34375,7.03125,1.5625,6.25],"tintindex":0,"rotation":0,"texture":"#2"},"down":{"uv":[7.03125,1.5625,6.25,2.34375],"tintindex":0,"rotation":0,"texture":"#2"}}}]}