{"textures":{"0":"modelengine:entity/tsunami1f"},"elements":[{"from":[-8.666668,2.999999,-8.666668],"to":[24.666668,13.0,24.666668],"faces":{"east":{"uv":[10.9375,4.921875,11.71875,5.15625],"tintindex":0,"rotation":0,"texture":"#0"},"south":{"uv":[10.9375,5.15625,11.71875,5.390625],"tintindex":0,"rotation":0,"texture":"#0"},"north":{"uv":[10.9375,4.6875,11.71875,4.921875],"tintindex":0,"rotation":0,"texture":"#0"},"west":{"uv":[10.9375,5.390625,11.71875,5.625],"tintindex":0,"rotation":0,"texture":"#0"},"up":{"uv":[9.375,2.34375,8.59375,1.5625],"tintindex":0,"rotation":0,"texture":"#0"},"down":{"uv":[3.125,8.59375,2.34375,9.375],"tintindex":0,"rotation":0,"texture":"#0"}}}]}