{"textures":{"1":"modelengine:entity/tsunami2f"},"elements":[{"from":[-8.666668,-0.33333397,-8.666668],"to":[24.666668,16.333334,24.666662],"faces":{"east":{"uv":[8.59375,4.6875,9.375,5.078125],"tintindex":0,"rotation":0,"texture":"#1"},"south":{"uv":[8.59375,5.078125,9.375,5.46875],"tintindex":0,"rotation":0,"texture":"#1"},"north":{"uv":[4.6875,8.59375,5.46875,8.984375],"tintindex":0,"rotation":0,"texture":"#1"},"west":{"uv":[5.46875,8.59375,6.25,8.984375],"tintindex":0,"rotation":0,"texture":"#1"},"up":{"uv":[2.34375,7.03125,1.5625,6.25],"tintindex":0,"rotation":0,"texture":"#1"},"down":{"uv":[7.03125,1.5625,6.25,2.34375],"tintindex":0,"rotation":0,"texture":"#1"}}}]}