{"textures":{"5":"modelengine:entity/foam"},"elements":[{"from":[-5.5,-10.666668,3.833333],"to":[21.5,21.333334,26.166668],"faces":{"east":{"uv":[6.390625,7.78125,7.4375,9.28125],"tintindex":0,"rotation":0,"texture":"#5"},"south":{"uv":[5.453125,0.0,6.71875,1.5],"tintindex":0,"rotation":0,"texture":"#5"},"north":{"uv":[5.140625,4.40625,6.40625,5.90625],"tintindex":0,"rotation":0,"texture":"#5"},"west":{"uv":[7.4375,7.78125,8.484375,9.28125],"tintindex":0,"rotation":0,"texture":"#5"},"up":{"uv":[6.359375,9.328125,5.09375,8.28125],"tintindex":0,"rotation":0,"texture":"#5"},"down":{"uv":[9.75,7.3125,8.484375,8.359375],"tintindex":0,"rotation":0,"texture":"#5"}}}]}