{"textures":{"1":"modelengine:entity/tsunami2f"},"elements":[{"from":[-8.666668,-0.33333397,-8.666668],"to":[24.666668,16.333334,24.666668],"faces":{"east":{"uv":[5.46875,9.375,6.25,9.765625],"tintindex":0,"rotation":0,"texture":"#1"},"south":{"uv":[9.375,5.46875,10.15625,5.859375],"tintindex":0,"rotation":0,"texture":"#1"},"north":{"uv":[9.375,5.078125,10.15625,5.46875],"tintindex":0,"rotation":0,"texture":"#1"},"west":{"uv":[9.375,5.859375,10.15625,6.25],"tintindex":0,"rotation":0,"texture":"#1"},"up":{"uv":[7.8125,3.90625,7.03125,3.125],"tintindex":0,"rotation":0,"texture":"#1"},"down":{"uv":[4.6875,7.03125,3.90625,7.8125],"tintindex":0,"rotation":0,"texture":"#1"}}}]}