{"textures":{"1":"modelengine:entity/tsunami2f"},"elements":[{"from":[-8.666668,-0.33333397,-8.666668],"to":[24.666668,16.333334,24.666668],"faces":{"east":{"uv":[9.375,0.0,10.15625,0.390625],"tintindex":0,"rotation":0,"texture":"#1"},"south":{"uv":[9.375,0.390625,10.15625,0.78125],"tintindex":0,"rotation":0,"texture":"#1"},"north":{"uv":[0.0,9.375,0.78125,9.765625],"tintindex":0,"rotation":0,"texture":"#1"},"west":{"uv":[0.78125,9.375,1.5625,9.765625],"tintindex":0,"rotation":0,"texture":"#1"},"up":{"uv":[7.03125,7.03125,6.25,6.25],"tintindex":0,"rotation":0,"texture":"#1"},"down":{"uv":[0.78125,7.03125,0.0,7.8125],"tintindex":0,"rotation":0,"texture":"#1"}}}]}