{"textures":{"3":"modelengine:entity/tsunami4f"},"elements":[{"from":[-8.666668,-0.33333397,-8.666668],"to":[24.666668,16.333334,24.666668],"faces":{"east":{"uv":[5.46875,9.375,6.25,9.765625],"tintindex":0,"rotation":0,"texture":"#3"},"south":{"uv":[9.375,5.46875,10.15625,5.859375],"tintindex":0,"rotation":0,"texture":"#3"},"north":{"uv":[9.375,5.078125,10.15625,5.46875],"tintindex":0,"rotation":0,"texture":"#3"},"west":{"uv":[9.375,5.859375,10.15625,6.25],"tintindex":0,"rotation":0,"texture":"#3"},"up":{"uv":[4.6875,0.78125,3.90625,0.0],"tintindex":0,"rotation":0,"texture":"#3"},"down":{"uv":[1.5625,3.90625,0.78125,4.6875],"tintindex":0,"rotation":0,"texture":"#3"}}}]}