{"textures":{"2":"modelengine:entity/tsunami3f"},"elements":[{"from":[-8.666668,-2.833334,-8.666668],"to":[24.666668,18.83334,24.666668],"faces":{"east":{"uv":[12.5,7.6171875,13.28125,8.125],"tintindex":0,"rotation":0,"texture":"#2"},"south":{"uv":[12.5,8.125,13.28125,8.6328125],"tintindex":0,"rotation":0,"texture":"#2"},"north":{"uv":[12.5,7.109375,13.28125,7.6171875],"tintindex":0,"rotation":0,"texture":"#2"},"west":{"uv":[12.5,8.6328125,13.28125,9.140625],"tintindex":0,"rotation":0,"texture":"#2"},"up":{"uv":[7.8125,3.90625,7.03125,3.125],"tintindex":0,"rotation":0,"texture":"#2"},"down":{"uv":[4.6875,7.03125,3.90625,7.8125],"tintindex":0,"rotation":0,"texture":"#2"}}}]}