{"textures":{"3":"modelengine:entity/tsunami4"},"elements":[{"from":[-12.0,2.0,-12.0],"to":[28.0,14.0,28.0],"rotation":{"angle":0.0,"axis":"y","origin":[-12.0,2.0,8.0]},"faces":{"east":{"uv":[2.34375,11.171875,3.125,11.40625],"rotation":0,"texture":"#3","tintindex":0},"south":{"uv":[3.125,11.171875,3.90625,11.40625],"rotation":0,"texture":"#3","tintindex":0},"north":{"uv":[1.5625,11.171875,2.34375,11.40625],"rotation":0,"texture":"#3","tintindex":0},"west":{"uv":[3.90625,11.171875,4.6875,11.40625],"rotation":0,"texture":"#3","tintindex":0},"up":{"uv":[2.34375,8.59375,1.5625,7.8125],"rotation":0,"texture":"#3","tintindex":0},"down":{"uv":[8.59375,1.5625,7.8125,2.34375],"rotation":0,"texture":"#3","tintindex":0}}}],"display":{"head":{"translation":[0.0,-6.4,0.0],"scale":[4.0,4.0,4.0]}}}