{"textures":{"2":"modelengine:entity/tsunami3f"},"elements":[{"from":[-8.666668,-2.833334,-8.666668],"to":[24.666668,18.833334,24.666662],"faces":{"east":{"uv":[10.15625,0.5078125,10.9375,1.015625],"tintindex":0,"rotation":0,"texture":"#2"},"south":{"uv":[0.78125,10.15625,1.5625,10.6640625],"tintindex":0,"rotation":0,"texture":"#2"},"north":{"uv":[10.15625,0.0,10.9375,0.5078125],"tintindex":0,"rotation":0,"texture":"#2"},"west":{"uv":[10.15625,1.015625,10.9375,1.5234375],"tintindex":0,"rotation":0,"texture":"#2"},"up":{"uv":[3.125,2.34375,2.34375,1.5625],"tintindex":0,"rotation":0,"texture":"#2"},"down":{"uv":[3.125,2.34375,2.34375,3.125],"tintindex":0,"rotation":0,"texture":"#2"}}}]}