{"textures":{"3":"modelengine:entity/tsunami4f"},"elements":[{"from":[-8.666668,3.0,-8.666668],"to":[24.666668,13.0,24.666668],"faces":{"east":{"uv":[2.34375,11.171875,3.125,11.40625],"tintindex":0,"rotation":0,"texture":"#3"},"south":{"uv":[3.125,11.171875,3.90625,11.40625],"tintindex":0,"rotation":0,"texture":"#3"},"north":{"uv":[1.5625,11.171875,2.34375,11.40625],"tintindex":0,"rotation":0,"texture":"#3"},"west":{"uv":[3.90625,11.171875,4.6875,11.40625],"tintindex":0,"rotation":0,"texture":"#3"},"up":{"uv":[2.34375,8.59375,1.5625,7.8125],"tintindex":0,"rotation":0,"texture":"#3"},"down":{"uv":[8.59375,1.5625,7.8125,2.34375],"tintindex":0,"rotation":0,"texture":"#3"}}}]}