{"textures":{"2":"modelengine:entity/tsunami3f"},"elements":[{"from":[-8.666668,-2.833334,-8.666666],"to":[24.666668,18.833334,24.666668],"faces":{"east":{"uv":[0.78125,11.6796875,1.5625,12.1875],"tintindex":0,"rotation":0,"texture":"#2"},"south":{"uv":[1.5625,11.6796875,2.34375,12.1875],"tintindex":0,"rotation":0,"texture":"#2"},"north":{"uv":[0.0,11.6796875,0.78125,12.1875],"tintindex":0,"rotation":0,"texture":"#2"},"west":{"uv":[2.34375,11.6796875,3.125,12.1875],"tintindex":0,"rotation":0,"texture":"#2"},"up":{"uv":[6.25,3.125,5.46875,2.34375],"tintindex":0,"rotation":0,"texture":"#2"},"down":{"uv":[3.90625,5.46875,3.125,6.25],"tintindex":0,"rotation":0,"texture":"#2"}}}]}