{"textures":{"5":"modelengine:entity/foam1"},"elements":[{"from":[-8.200001,-10.800001,-11.800001],"to":[24.2,26.800001,27.800001],"rotation":{"angle":0.0,"axis":"y","origin":[-11.0,-7.6000004,7.8]},"faces":{"east":{"uv":[0.0,0.0,1.546875,1.46875],"rotation":0,"texture":"#5","tintindex":0},"south":{"uv":[0.0,4.484375,1.265625,5.953125],"rotation":0,"texture":"#5","tintindex":0},"north":{"uv":[4.078125,4.453125,5.34375,5.921875],"rotation":0,"texture":"#5","tintindex":0},"west":{"uv":[0.0,1.46875,1.546875,2.9375],"rotation":0,"texture":"#5","tintindex":0},"up":{"uv":[1.265625,4.484375,0.0,2.9375],"rotation":0,"texture":"#5","tintindex":0},"down":{"uv":[4.078125,2.9375,2.8125,4.484375],"rotation":0,"texture":"#5","tintindex":0}}}],"display":{"head":{"translation":[0.0,-6.4,0.0],"scale":[4.0,4.0,4.0]}}}