{"textures":{"2":"modelengine:entity/tsunami3f"},"elements":[{"from":[-8.666668,-2.833334,-8.666666],"to":[24.666668,18.83334,24.666668],"faces":{"east":{"uv":[13.28125,7.6171875,14.0625,8.125],"tintindex":0,"rotation":0,"texture":"#2"},"south":{"uv":[13.28125,8.125,14.0625,8.6328125],"tintindex":0,"rotation":0,"texture":"#2"},"north":{"uv":[13.28125,7.109375,14.0625,7.6171875],"tintindex":0,"rotation":0,"texture":"#2"},"west":{"uv":[13.28125,8.6328125,14.0625,9.140625],"tintindex":0,"rotation":0,"texture":"#2"},"up":{"uv":[7.03125,8.59375,6.25,7.8125],"tintindex":0,"rotation":0,"texture":"#2"},"down":{"uv":[8.59375,6.25,7.8125,7.03125],"tintindex":0,"rotation":0,"texture":"#2"}}}]}