{"textures":{"1":"modelengine:entity/tsunami2"},"elements":[{"from":[-12.0,2.0,-12.0],"to":[28.0,14.0,28.0],"rotation":{"angle":0.0,"axis":"y","origin":[-12.0,2.0,8.0]},"faces":{"east":{"uv":[10.9375,5.390625,11.71875,5.625],"rotation":0,"texture":"#1","tintindex":0},"south":{"uv":[10.9375,5.625,11.71875,5.859375],"rotation":0,"texture":"#1","tintindex":0},"north":{"uv":[10.9375,5.15625,11.71875,5.390625],"rotation":0,"texture":"#1","tintindex":0},"west":{"uv":[10.9375,5.859375,11.71875,6.09375],"rotation":0,"texture":"#1","tintindex":0},"up":{"uv":[3.125,3.90625,2.34375,3.125],"rotation":0,"texture":"#1","tintindex":0},"down":{"uv":[3.90625,2.34375,3.125,3.125],"rotation":0,"texture":"#1","tintindex":0}}}],"display":{"head":{"translation":[0.0,-6.4,0.0],"scale":[4.0,4.0,4.0]}}}