{"textures":{"2":"modelengine:entity/tsunami3f"},"elements":[{"from":[-8.666668,-2.833334,-8.666668],"to":[24.666668,18.833334,24.666662],"faces":{"east":{"uv":[9.375,8.984375,10.15625,9.4921875],"tintindex":0,"rotation":0,"texture":"#2"},"south":{"uv":[9.375,9.4921875,10.15625,10.0],"tintindex":0,"rotation":0,"texture":"#2"},"north":{"uv":[8.59375,9.375,9.375,9.8828125],"tintindex":0,"rotation":0,"texture":"#2"},"west":{"uv":[3.90625,9.8828125,4.6875,10.390625],"tintindex":0,"rotation":0,"texture":"#2"},"up":{"uv":[2.34375,2.34375,1.5625,1.5625],"tintindex":0,"rotation":0,"texture":"#2"},"down":{"uv":[0.78125,2.34375,0.0,3.125],"tintindex":0,"rotation":0,"texture":"#2"}}}]}