{"textures":{"2":"modelengine:entity/tsunami3"},"elements":[{"from":[-12.0,-5.0,-12.0],"to":[28.0,21.0,28.0],"rotation":{"angle":0.0,"axis":"y","origin":[-12.0,-5.0,8.0]},"faces":{"east":{"uv":[9.375,4.5703125,10.15625,5.078125],"rotation":0,"texture":"#2","tintindex":0},"south":{"uv":[9.375,5.078125,10.15625,5.5859375],"rotation":0,"texture":"#2","tintindex":0},"north":{"uv":[9.375,4.0625,10.15625,4.5703125],"rotation":0,"texture":"#2","tintindex":0},"west":{"uv":[9.375,5.5859375,10.15625,6.09375],"rotation":0,"texture":"#2","tintindex":0},"up":{"uv":[2.34375,3.90625,1.5625,3.125],"rotation":0,"texture":"#2","tintindex":0},"down":{"uv":[3.90625,1.5625,3.125,2.34375],"rotation":0,"texture":"#2","tintindex":0}}}],"display":{"head":{"translation":[0.0,-6.4,0.0],"scale":[4.0,4.0,4.0]}}}