{"textures":{"1":"modelengine:entity/tsunami2f"},"elements":[{"from":[-8.666668,3.000001,-8.666668],"to":[24.666668,13.0,24.666668],"faces":{"east":{"uv":[2.34375,10.9375,3.125,11.171875],"tintindex":0,"rotation":0,"texture":"#1"},"south":{"uv":[10.9375,2.34375,11.71875,2.578125],"tintindex":0,"rotation":0,"texture":"#1"},"north":{"uv":[10.9375,2.109375,11.71875,2.34375],"tintindex":0,"rotation":0,"texture":"#1"},"west":{"uv":[10.9375,2.578125,11.71875,2.8125],"tintindex":0,"rotation":0,"texture":"#1"},"up":{"uv":[3.125,2.34375,2.34375,1.5625],"tintindex":0,"rotation":0,"texture":"#1"},"down":{"uv":[3.125,2.34375,2.34375,3.125],"tintindex":0,"rotation":0,"texture":"#1"}}}]}