{"textures":{"6":"modelengine:entity/foam2"},"elements":[{"from":[-7.4000006,-7.0,-15.200001],"to":[23.400002,23.0,31.2],"rotation":{"angle":0.0,"axis":"y","origin":[-13.800001,-5.8,4.8]},"faces":{"east":{"uv":[0.0,1.8125,1.8125,2.984375],"rotation":0,"texture":"#6","tintindex":0},"south":{"uv":[4.875,1.3125,6.078125,2.484375],"rotation":0,"texture":"#6","tintindex":0},"north":{"uv":[2.4375,4.484375,3.640625,5.65625],"rotation":0,"texture":"#6","tintindex":0},"west":{"uv":[1.8125,1.8125,3.625,2.984375],"rotation":0,"texture":"#6","tintindex":0},"up":{"uv":[1.203125,1.8125,0.0,0.0],"rotation":0,"texture":"#6","tintindex":0},"down":{"uv":[2.40625,0.0,1.203125,1.8125],"rotation":0,"texture":"#6","tintindex":0}}}],"display":{"head":{"translation":[0.0,-6.4,0.0],"scale":[4.0,4.0,4.0]}}}