{"textures":{"0":"modelengine:entity/tsunami1f"},"elements":[{"from":[-8.666668,2.999999,-8.666668],"to":[24.666668,13.0,24.666668],"faces":{"east":{"uv":[10.15625,6.09375,10.9375,6.328125],"tintindex":0,"rotation":0,"texture":"#0"},"south":{"uv":[10.15625,6.328125,10.9375,6.5625],"tintindex":0,"rotation":0,"texture":"#0"},"north":{"uv":[10.15625,5.859375,10.9375,6.09375],"tintindex":0,"rotation":0,"texture":"#0"},"west":{"uv":[10.15625,6.5625,10.9375,6.796875],"tintindex":0,"rotation":0,"texture":"#0"},"up":{"uv":[7.8125,1.5625,7.03125,0.78125],"tintindex":0,"rotation":0,"texture":"#0"},"down":{"uv":[2.34375,7.03125,1.5625,7.8125],"tintindex":0,"rotation":0,"texture":"#0"}}}]}