{"textures":{"1":"modelengine:entity/tsunami2f"},"elements":[{"from":[-8.666668,3.000001,-8.666668],"to":[24.666668,13.0,24.666666],"faces":{"east":{"uv":[11.71875,0.703125,12.5,0.9375],"tintindex":0,"rotation":0,"texture":"#1"},"south":{"uv":[11.71875,0.9375,12.5,1.171875],"tintindex":0,"rotation":0,"texture":"#1"},"north":{"uv":[11.71875,0.46875,12.5,0.703125],"tintindex":0,"rotation":0,"texture":"#1"},"west":{"uv":[11.71875,1.171875,12.5,1.40625],"tintindex":0,"rotation":0,"texture":"#1"},"up":{"uv":[6.25,3.90625,5.46875,3.125],"tintindex":0,"rotation":0,"texture":"#1"},"down":{"uv":[4.6875,5.46875,3.90625,6.25],"tintindex":0,"rotation":0,"texture":"#1"}}}]}