{"textures":{"0":"modelengine:entity/tsunami1"},"elements":[{"from":[-12.0,2.0,-12.0],"to":[28.0,14.0,28.0],"rotation":{"angle":0.0,"axis":"y","origin":[-12.0,2.0,8.0]},"faces":{"east":{"uv":[10.15625,1.40625,10.9375,1.640625],"rotation":0,"texture":"#0","tintindex":0},"south":{"uv":[10.15625,1.640625,10.9375,1.875],"rotation":0,"texture":"#0","tintindex":0},"north":{"uv":[10.15625,1.171875,10.9375,1.40625],"rotation":0,"texture":"#0","tintindex":0},"west":{"uv":[10.15625,1.875,10.9375,2.109375],"rotation":0,"texture":"#0","tintindex":0},"up":{"uv":[4.6875,7.03125,3.90625,6.25],"rotation":0,"texture":"#0","tintindex":0},"down":{"uv":[7.03125,3.90625,6.25,4.6875],"rotation":0,"texture":"#0","tintindex":0}}}],"display":{"head":{"translation":[0.0,-6.4,0.0],"scale":[4.0,4.0,4.0]}}}