{"textures":{"1":"modelengine:entity/tsunami2f"},"elements":[{"from":[-8.666668,-0.33333397,-8.666668],"to":[24.666668,16.333334,24.666668],"faces":{"east":{"uv":[9.375,4.296875,10.15625,4.6875],"tintindex":0,"rotation":0,"texture":"#1"},"south":{"uv":[4.6875,9.375,5.46875,9.765625],"tintindex":0,"rotation":0,"texture":"#1"},"north":{"uv":[9.375,3.90625,10.15625,4.296875],"tintindex":0,"rotation":0,"texture":"#1"},"west":{"uv":[9.375,4.6875,10.15625,5.078125],"tintindex":0,"rotation":0,"texture":"#1"},"up":{"uv":[7.8125,3.125,7.03125,2.34375],"tintindex":0,"rotation":0,"texture":"#1"},"down":{"uv":[3.90625,7.03125,3.125,7.8125],"tintindex":0,"rotation":0,"texture":"#1"}}}]}