{"textures":{"0":"modelengine:entity/tsunami1f"},"elements":[{"from":[-8.666668,3.0,-8.666668],"to":[24.666668,13.0,24.666668],"faces":{"east":{"uv":[9.375,4.453125,10.15625,4.6875],"tintindex":0,"rotation":0,"texture":"#0"},"south":{"uv":[9.375,4.6875,10.15625,4.921875],"tintindex":0,"rotation":0,"texture":"#0"},"north":{"uv":[9.375,4.21875,10.15625,4.453125],"tintindex":0,"rotation":0,"texture":"#0"},"west":{"uv":[9.375,4.921875,10.15625,5.15625],"tintindex":0,"rotation":0,"texture":"#0"},"up":{"uv":[2.34375,5.46875,1.5625,4.6875],"tintindex":0,"rotation":0,"texture":"#0"},"down":{"uv":[5.46875,1.5625,4.6875,2.34375],"tintindex":0,"rotation":0,"texture":"#0"}}}]}