{"textures":{"3":"modelengine:entity/tsunami4f"},"elements":[{"from":[-8.666668,3.0,-8.666668],"to":[24.666668,13.0,24.666668],"faces":{"east":{"uv":[5.46875,11.25,6.25,11.484375],"tintindex":0,"rotation":0,"texture":"#3"},"south":{"uv":[6.25,11.25,7.03125,11.484375],"tintindex":0,"rotation":0,"texture":"#3"},"north":{"uv":[4.6875,11.25,5.46875,11.484375],"tintindex":0,"rotation":0,"texture":"#3"},"west":{"uv":[7.03125,11.25,7.8125,11.484375],"tintindex":0,"rotation":0,"texture":"#3"},"up":{"uv":[3.125,8.59375,2.34375,7.8125],"tintindex":0,"rotation":0,"texture":"#3"},"down":{"uv":[8.59375,2.34375,7.8125,3.125],"tintindex":0,"rotation":0,"texture":"#3"}}}]}