{"textures":{"3":"modelengine:entity/tsunami4"},"elements":[{"from":[-12.0,-2.0,-12.0],"to":[28.0,18.0,28.0],"rotation":{"angle":0.0,"axis":"y","origin":[-12.0,-2.0,8.0]},"faces":{"east":{"uv":[10.15625,1.5625,10.9375,1.953125],"rotation":0,"texture":"#3","tintindex":0},"south":{"uv":[10.15625,1.953125,10.9375,2.34375],"rotation":0,"texture":"#3","tintindex":0},"north":{"uv":[1.5625,10.15625,2.34375,10.546875],"rotation":0,"texture":"#3","tintindex":0},"west":{"uv":[2.34375,10.15625,3.125,10.546875],"rotation":0,"texture":"#3","tintindex":0},"up":{"uv":[3.90625,5.46875,3.125,4.6875],"rotation":0,"texture":"#3","tintindex":0},"down":{"uv":[5.46875,3.125,4.6875,3.90625],"rotation":0,"texture":"#3","tintindex":0}}}],"display":{"head":{"translation":[0.0,-6.4,0.0],"scale":[4.0,4.0,4.0]}}}