{"textures":{"1":"modelengine:entity/tsunami2f"},"elements":[{"from":[-8.666668,3.000001,-8.666668],"to":[24.666668,13.0,24.666668],"faces":{"east":{"uv":[10.9375,9.140625,11.71875,9.375],"tintindex":0,"rotation":0,"texture":"#1"},"south":{"uv":[10.9375,9.375,11.71875,9.609375],"tintindex":0,"rotation":0,"texture":"#1"},"north":{"uv":[10.9375,8.90625,11.71875,9.140625],"tintindex":0,"rotation":0,"texture":"#1"},"west":{"uv":[10.9375,9.609375,11.71875,9.84375],"tintindex":0,"rotation":0,"texture":"#1"},"up":{"uv":[4.6875,2.34375,3.90625,1.5625],"tintindex":0,"rotation":0,"texture":"#1"},"down":{"uv":[3.125,3.90625,2.34375,4.6875],"tintindex":0,"rotation":0,"texture":"#1"}}}]}