{"textures":{"2":"modelengine:entity/tsunami3f"},"elements":[{"from":[-8.666668,-2.833334,-8.666668],"to":[24.666668,18.83334,24.666662],"faces":{"east":{"uv":[5.46875,11.9140625,6.25,12.421875],"tintindex":0,"rotation":0,"texture":"#2"},"south":{"uv":[6.25,11.9140625,7.03125,12.421875],"tintindex":0,"rotation":0,"texture":"#2"},"north":{"uv":[4.6875,11.9140625,5.46875,12.421875],"tintindex":0,"rotation":0,"texture":"#2"},"west":{"uv":[7.03125,11.9140625,7.8125,12.421875],"tintindex":0,"rotation":0,"texture":"#2"},"up":{"uv":[3.90625,7.03125,3.125,6.25],"tintindex":0,"rotation":0,"texture":"#2"},"down":{"uv":[7.03125,3.125,6.25,3.90625],"tintindex":0,"rotation":0,"texture":"#2"}}}]}