{"textures":{"3":"modelengine:entity/tsunami4f"},"elements":[{"from":[-8.666668,3.0,-8.666668],"to":[24.666668,13.0,24.666668],"faces":{"east":{"uv":[10.9375,0.0,11.71875,0.234375],"tintindex":0,"rotation":0,"texture":"#3"},"south":{"uv":[10.9375,0.234375,11.71875,0.46875],"tintindex":0,"rotation":0,"texture":"#3"},"north":{"uv":[0.0,10.9375,0.78125,11.171875],"tintindex":0,"rotation":0,"texture":"#3"},"west":{"uv":[10.9375,0.46875,11.71875,0.703125],"tintindex":0,"rotation":0,"texture":"#3"},"up":{"uv":[3.90625,7.03125,3.125,6.25],"tintindex":0,"rotation":0,"texture":"#3"},"down":{"uv":[7.03125,3.125,6.25,3.90625],"tintindex":0,"rotation":0,"texture":"#3"}}}]}