{"textures":{"2":"modelengine:entity/tsunami3f"},"elements":[{"from":[-8.666668,-2.833334,-8.666668],"to":[24.666668,18.83334,24.666668],"faces":{"east":{"uv":[7.03125,12.9296875,7.8125,13.4375],"tintindex":0,"rotation":0,"texture":"#2"},"south":{"uv":[7.8125,12.9296875,8.59375,13.4375],"tintindex":0,"rotation":0,"texture":"#2"},"north":{"uv":[6.25,12.9296875,7.03125,13.4375],"tintindex":0,"rotation":0,"texture":"#2"},"west":{"uv":[8.59375,12.9296875,9.375,13.4375],"tintindex":0,"rotation":0,"texture":"#2"},"up":{"uv":[1.5625,8.59375,0.78125,7.8125],"tintindex":0,"rotation":0,"texture":"#2"},"down":{"uv":[8.59375,0.78125,7.8125,1.5625],"tintindex":0,"rotation":0,"texture":"#2"}}}]}