{"textures":{"1":"modelengine:entity/tsunami2f"},"elements":[{"from":[-8.666668,3.000001,-8.666668],"to":[24.666668,13.0,24.666666],"faces":{"east":{"uv":[9.375,11.484375,10.15625,11.71875],"tintindex":0,"rotation":0,"texture":"#1"},"south":{"uv":[10.15625,11.484375,10.9375,11.71875],"tintindex":0,"rotation":0,"texture":"#1"},"north":{"uv":[8.59375,11.484375,9.375,11.71875],"tintindex":0,"rotation":0,"texture":"#1"},"west":{"uv":[10.9375,11.484375,11.71875,11.71875],"tintindex":0,"rotation":0,"texture":"#1"},"up":{"uv":[6.25,1.5625,5.46875,0.78125],"tintindex":0,"rotation":0,"texture":"#1"},"down":{"uv":[2.34375,5.46875,1.5625,6.25],"tintindex":0,"rotation":0,"texture":"#1"}}}]}