{"textures":{"2":"modelengine:entity/tsunami3"},"elements":[{"from":[-12.0,-5.0,-12.0],"to":[28.0,21.0,28.0],"rotation":{"angle":0.0,"axis":"y","origin":[-12.0,-5.0,8.0]},"faces":{"east":{"uv":[12.5,12.6953125,13.28125,13.203125],"rotation":0,"texture":"#2","tintindex":0},"south":{"uv":[0.0,12.9296875,0.78125,13.4375],"rotation":0,"texture":"#2","tintindex":0},"north":{"uv":[11.71875,12.6953125,12.5,13.203125],"rotation":0,"texture":"#2","tintindex":0},"west":{"uv":[0.78125,12.9296875,1.5625,13.4375],"rotation":0,"texture":"#2","tintindex":0},"up":{"uv":[8.59375,8.59375,7.8125,7.8125],"rotation":0,"texture":"#2","tintindex":0},"down":{"uv":[0.78125,8.59375,0.0,9.375],"rotation":0,"texture":"#2","tintindex":0}}}],"display":{"head":{"translation":[0.0,-6.4,0.0],"scale":[4.0,4.0,4.0]}}}