{"textures":{"0":"modelengine:entity/tsunami1f"},"elements":[{"from":[-8.666668,2.999999,-8.666666],"to":[24.666668,13.0,24.666668],"faces":{"east":{"uv":[4.6875,10.703125,5.46875,10.9375],"tintindex":0,"rotation":0,"texture":"#0"},"south":{"uv":[5.46875,10.703125,6.25,10.9375],"tintindex":0,"rotation":0,"texture":"#0"},"north":{"uv":[3.90625,10.703125,4.6875,10.9375],"tintindex":0,"rotation":0,"texture":"#0"},"west":{"uv":[6.25,10.703125,7.03125,10.9375],"tintindex":0,"rotation":0,"texture":"#0"},"up":{"uv":[3.90625,8.59375,3.125,7.8125],"tintindex":0,"rotation":0,"texture":"#0"},"down":{"uv":[8.59375,3.125,7.8125,3.90625],"tintindex":0,"rotation":0,"texture":"#0"}}}]}