{"textures":{"3":"modelengine:entity/tsunami4f"},"elements":[{"from":[-8.666668,-0.33333397,-8.666668],"to":[24.666668,16.333334,24.666668],"faces":{"east":{"uv":[2.34375,10.546875,3.125,10.9375],"tintindex":0,"rotation":0,"texture":"#3"},"south":{"uv":[3.125,10.546875,3.90625,10.9375],"tintindex":0,"rotation":0,"texture":"#3"},"north":{"uv":[1.5625,10.546875,2.34375,10.9375],"tintindex":0,"rotation":0,"texture":"#3"},"west":{"uv":[3.90625,10.546875,4.6875,10.9375],"tintindex":0,"rotation":0,"texture":"#3"},"up":{"uv":[6.25,5.46875,5.46875,4.6875],"tintindex":0,"rotation":0,"texture":"#3"},"down":{"uv":[6.25,5.46875,5.46875,6.25],"tintindex":0,"rotation":0,"texture":"#3"}}}]}