{"textures":{"2":"modelengine:entity/tsunami3"},"elements":[{"from":[-12.0,-5.0,-12.0],"to":[28.0,21.0,28.0],"rotation":{"angle":0.0,"axis":"y","origin":[-12.0,-5.0,8.0]},"faces":{"east":{"uv":[0.78125,9.8828125,1.5625,10.390625],"rotation":0,"texture":"#2","tintindex":0},"south":{"uv":[1.5625,9.8828125,2.34375,10.390625],"rotation":0,"texture":"#2","tintindex":0},"north":{"uv":[0.0,9.8828125,0.78125,10.390625],"rotation":0,"texture":"#2","tintindex":0},"west":{"uv":[2.34375,9.8828125,3.125,10.390625],"rotation":0,"texture":"#2","tintindex":0},"up":{"uv":[4.6875,2.34375,3.90625,1.5625],"rotation":0,"texture":"#2","tintindex":0},"down":{"uv":[3.125,3.90625,2.34375,4.6875],"rotation":0,"texture":"#2","tintindex":0}}}],"display":{"head":{"translation":[0.0,-6.4,0.0],"scale":[4.0,4.0,4.0]}}}