{"textures":{"2":"modelengine:entity/tsunami3f"},"elements":[{"from":[-8.666668,-2.833334,-8.666666],"to":[24.666668,18.833334,24.666668],"faces":{"east":{"uv":[3.125,11.171875,3.90625,11.6796875],"tintindex":0,"rotation":0,"texture":"#2"},"south":{"uv":[10.15625,11.171875,10.9375,11.6796875],"tintindex":0,"rotation":0,"texture":"#2"},"north":{"uv":[2.34375,11.171875,3.125,11.6796875],"tintindex":0,"rotation":0,"texture":"#2"},"west":{"uv":[10.9375,11.171875,11.71875,11.6796875],"tintindex":0,"rotation":0,"texture":"#2"},"up":{"uv":[6.25,0.78125,5.46875,0.0],"tintindex":0,"rotation":0,"texture":"#2"},"down":{"uv":[1.5625,5.46875,0.78125,6.25],"tintindex":0,"rotation":0,"texture":"#2"}}}]}