{"textures":{"2":"modelengine:entity/tsunami3f"},"elements":[{"from":[-8.666668,-2.833334,-8.666668],"to":[24.666668,18.833334,24.666668],"faces":{"east":{"uv":[10.9375,9.6484375,11.71875,10.15625],"tintindex":0,"rotation":0,"texture":"#2"},"south":{"uv":[10.9375,10.15625,11.71875,10.6640625],"tintindex":0,"rotation":0,"texture":"#2"},"north":{"uv":[10.9375,9.140625,11.71875,9.6484375],"tintindex":0,"rotation":0,"texture":"#2"},"west":{"uv":[10.9375,10.6640625,11.71875,11.171875],"tintindex":0,"rotation":0,"texture":"#2"},"up":{"uv":[4.6875,5.46875,3.90625,4.6875],"tintindex":0,"rotation":0,"texture":"#2"},"down":{"uv":[5.46875,3.90625,4.6875,4.6875],"tintindex":0,"rotation":0,"texture":"#2"}}}]}