{"textures":{"2":"modelengine:entity/tsunami3f"},"elements":[{"from":[-8.666668,-2.833334,-8.666666],"to":[24.666668,18.833334,24.666668],"faces":{"east":{"uv":[4.6875,11.40625,5.46875,11.9140625],"tintindex":0,"rotation":0,"texture":"#2"},"south":{"uv":[5.46875,11.40625,6.25,11.9140625],"tintindex":0,"rotation":0,"texture":"#2"},"north":{"uv":[3.90625,11.40625,4.6875,11.9140625],"tintindex":0,"rotation":0,"texture":"#2"},"west":{"uv":[6.25,11.40625,7.03125,11.9140625],"tintindex":0,"rotation":0,"texture":"#2"},"up":{"uv":[6.25,1.5625,5.46875,0.78125],"tintindex":0,"rotation":0,"texture":"#2"},"down":{"uv":[2.34375,5.46875,1.5625,6.25],"tintindex":0,"rotation":0,"texture":"#2"}}}]}