{"textures":{"1":"modelengine:entity/tsunami2f"},"elements":[{"from":[-8.666668,3.000001,-8.666668],"to":[24.666668,13.0,24.666668],"faces":{"east":{"uv":[10.9375,4.453125,11.71875,4.6875],"tintindex":0,"rotation":0,"texture":"#1"},"south":{"uv":[10.9375,4.6875,11.71875,4.921875],"tintindex":0,"rotation":0,"texture":"#1"},"north":{"uv":[10.9375,4.21875,11.71875,4.453125],"tintindex":0,"rotation":0,"texture":"#1"},"west":{"uv":[10.9375,4.921875,11.71875,5.15625],"tintindex":0,"rotation":0,"texture":"#1"},"up":{"uv":[2.34375,3.90625,1.5625,3.125],"tintindex":0,"rotation":0,"texture":"#1"},"down":{"uv":[3.90625,1.5625,3.125,2.34375],"tintindex":0,"rotation":0,"texture":"#1"}}}]}