{"textures":{"4":"modelengine:entity/tsunami5f"},"elements":[{"from":[-8.666668,3.0,-8.666668],"to":[24.666668,13.0,24.666668],"faces":{"east":{"uv":[4.6875,8.828125,5.46875,9.0625],"tintindex":0,"rotation":0,"texture":"#4"},"south":{"uv":[5.46875,8.828125,6.25,9.0625],"tintindex":0,"rotation":0,"texture":"#4"},"north":{"uv":[3.90625,8.828125,4.6875,9.0625],"tintindex":0,"rotation":0,"texture":"#4"},"west":{"uv":[6.25,8.828125,7.03125,9.0625],"tintindex":0,"rotation":0,"texture":"#4"},"up":{"uv":[1.5625,3.90625,0.78125,3.125],"tintindex":0,"rotation":0,"texture":"#4"},"down":{"uv":[3.90625,0.78125,3.125,1.5625],"tintindex":0,"rotation":0,"texture":"#4"}}}]}