{"textures":{"4":"modelengine:entity/tsunami5f"},"elements":[{"from":[-8.666668,3.0,-8.666668],"to":[24.666668,13.0,24.666668],"faces":{"east":{"uv":[5.46875,10.0,6.25,10.234375],"tintindex":0,"rotation":0,"texture":"#4"},"south":{"uv":[6.25,10.0,7.03125,10.234375],"tintindex":0,"rotation":0,"texture":"#4"},"north":{"uv":[4.6875,10.0,5.46875,10.234375],"tintindex":0,"rotation":0,"texture":"#4"},"west":{"uv":[7.03125,10.0,7.8125,10.234375],"tintindex":0,"rotation":0,"texture":"#4"},"up":{"uv":[1.5625,7.03125,0.78125,6.25],"tintindex":0,"rotation":0,"texture":"#4"},"down":{"uv":[7.03125,0.78125,6.25,1.5625],"tintindex":0,"rotation":0,"texture":"#4"}}}]}