{"textures":{"0":"modelengine:entity/tsunami1f"},"elements":[{"from":[-8.666668,3.0,-8.666668],"to":[24.666668,13.0,24.666668],"faces":{"east":{"uv":[8.59375,3.28125,9.375,3.515625],"tintindex":0,"rotation":0,"texture":"#0"},"south":{"uv":[8.59375,3.515625,9.375,3.75],"tintindex":0,"rotation":0,"texture":"#0"},"north":{"uv":[3.125,8.59375,3.90625,8.828125],"tintindex":0,"rotation":0,"texture":"#0"},"west":{"uv":[8.59375,3.75,9.375,3.984375],"tintindex":0,"rotation":0,"texture":"#0"},"up":{"uv":[1.5625,0.78125,0.78125,0.0],"tintindex":0,"rotation":0,"texture":"#0"},"down":{"uv":[1.5625,0.78125,0.78125,1.5625],"tintindex":0,"rotation":0,"texture":"#0"}}}]}