{"textures":{"4":"modelengine:entity/tsunami5f"},"elements":[{"from":[-8.666668,3.0,-8.666668],"to":[24.666668,13.0,24.666668],"faces":{"east":{"uv":[7.03125,9.53125,7.8125,9.765625],"tintindex":0,"rotation":0,"texture":"#4"},"south":{"uv":[7.8125,9.53125,8.59375,9.765625],"tintindex":0,"rotation":0,"texture":"#4"},"north":{"uv":[6.25,9.53125,7.03125,9.765625],"tintindex":0,"rotation":0,"texture":"#4"},"west":{"uv":[0.0,9.609375,0.78125,9.84375],"tintindex":0,"rotation":0,"texture":"#4"},"up":{"uv":[6.25,2.34375,5.46875,1.5625],"tintindex":0,"rotation":0,"texture":"#4"},"down":{"uv":[3.125,5.46875,2.34375,6.25],"tintindex":0,"rotation":0,"texture":"#4"}}}]}