{"textures":{"2":"modelengine:entity/tsunami3f"},"elements":[{"from":[-8.666668,-2.833334,-8.666668],"to":[24.666668,18.83334,24.666668],"faces":{"east":{"uv":[13.28125,1.5234375,14.0625,2.03125],"tintindex":0,"rotation":0,"texture":"#2"},"south":{"uv":[13.28125,2.03125,14.0625,2.5390625],"tintindex":0,"rotation":0,"texture":"#2"},"north":{"uv":[13.28125,1.015625,14.0625,1.5234375],"tintindex":0,"rotation":0,"texture":"#2"},"west":{"uv":[13.28125,2.5390625,14.0625,3.046875],"tintindex":0,"rotation":0,"texture":"#2"},"up":{"uv":[4.6875,8.59375,3.90625,7.8125],"tintindex":0,"rotation":0,"texture":"#2"},"down":{"uv":[8.59375,3.90625,7.8125,4.6875],"tintindex":0,"rotation":0,"texture":"#2"}}}]}