{"textures":{"3":"modelengine:entity/tsunami4f"},"elements":[{"from":[-8.666668,3.0,-8.666668],"to":[24.666668,13.0,24.666668],"faces":{"east":{"uv":[10.9375,3.75,11.71875,3.984375],"tintindex":0,"rotation":0,"texture":"#3"},"south":{"uv":[3.90625,10.9375,4.6875,11.171875],"tintindex":0,"rotation":0,"texture":"#3"},"north":{"uv":[10.9375,3.515625,11.71875,3.75],"tintindex":0,"rotation":0,"texture":"#3"},"west":{"uv":[10.9375,3.984375,11.71875,4.21875],"tintindex":0,"rotation":0,"texture":"#3"},"up":{"uv":[7.8125,0.78125,7.03125,0.0],"tintindex":0,"rotation":0,"texture":"#3"},"down":{"uv":[1.5625,7.03125,0.78125,7.8125],"tintindex":0,"rotation":0,"texture":"#3"}}}]}