{"textures":{"2":"modelengine:entity/tsunami3"},"elements":[{"from":[-12.0,-5.0,-12.0],"to":[28.0,21.0,28.0],"rotation":{"angle":0.0,"axis":"y","origin":[-12.0,-5.0,8.0]},"faces":{"east":{"uv":[9.375,6.6015625,10.15625,7.109375],"rotation":0,"texture":"#2","tintindex":0},"south":{"uv":[9.375,7.109375,10.15625,7.6171875],"rotation":0,"texture":"#2","tintindex":0},"north":{"uv":[9.375,6.09375,10.15625,6.6015625],"rotation":0,"texture":"#2","tintindex":0},"west":{"uv":[9.375,7.6171875,10.15625,8.125],"rotation":0,"texture":"#2","tintindex":0},"up":{"uv":[3.125,3.90625,2.34375,3.125],"rotation":0,"texture":"#2","tintindex":0},"down":{"uv":[3.90625,2.34375,3.125,3.125],"rotation":0,"texture":"#2","tintindex":0}}}],"display":{"head":{"translation":[0.0,-6.4,0.0],"scale":[4.0,4.0,4.0]}}}