{"textures":{"0":"modelengine:entity/tsunami1f"},"elements":[{"from":[-8.666668,2.999999,-8.666668],"to":[24.666668,13.0,24.666668],"faces":{"east":{"uv":[9.375,9.84375,10.15625,10.078125],"tintindex":0,"rotation":0,"texture":"#0"},"south":{"uv":[3.125,10.0,3.90625,10.234375],"tintindex":0,"rotation":0,"texture":"#0"},"north":{"uv":[8.59375,9.84375,9.375,10.078125],"tintindex":0,"rotation":0,"texture":"#0"},"west":{"uv":[3.90625,10.0,4.6875,10.234375],"tintindex":0,"rotation":0,"texture":"#0"},"up":{"uv":[0.78125,7.03125,0.0,6.25],"tintindex":0,"rotation":0,"texture":"#0"},"down":{"uv":[7.03125,0.0,6.25,0.78125],"tintindex":0,"rotation":0,"texture":"#0"}}}]}