{"textures":{"2":"modelengine:entity/tsunami3f"},"elements":[{"from":[-8.666668,-2.833334,-8.666668],"to":[24.666668,18.83334,24.666662],"faces":{"east":{"uv":[11.71875,11.171875,12.5,11.6796875],"tintindex":0,"rotation":0,"texture":"#2"},"south":{"uv":[11.71875,11.6796875,12.5,12.1875],"tintindex":0,"rotation":0,"texture":"#2"},"north":{"uv":[11.71875,10.6640625,12.5,11.171875],"tintindex":0,"rotation":0,"texture":"#2"},"west":{"uv":[3.90625,11.9140625,4.6875,12.421875],"tintindex":0,"rotation":0,"texture":"#2"},"up":{"uv":[3.125,7.03125,2.34375,6.25],"tintindex":0,"rotation":0,"texture":"#2"},"down":{"uv":[7.03125,2.34375,6.25,3.125],"tintindex":0,"rotation":0,"texture":"#2"}}}]}