{"textures":{"2":"modelengine:entity/tsunami3"},"elements":[{"from":[-12.0,-5.0,-12.0],"to":[28.0,21.0,28.0],"rotation":{"angle":0.0,"axis":"y","origin":[-12.0,-5.0,8.0]},"faces":{"east":{"uv":[10.9375,10.6640625,11.71875,11.171875],"rotation":0,"texture":"#2","tintindex":0},"south":{"uv":[8.59375,10.9765625,9.375,11.484375],"rotation":0,"texture":"#2","tintindex":0},"north":{"uv":[10.9375,10.15625,11.71875,10.6640625],"rotation":0,"texture":"#2","tintindex":0},"west":{"uv":[3.125,11.1328125,3.90625,11.640625],"rotation":0,"texture":"#2","tintindex":0},"up":{"uv":[1.5625,7.03125,0.78125,6.25],"rotation":0,"texture":"#2","tintindex":0},"down":{"uv":[7.03125,0.78125,6.25,1.5625],"rotation":0,"texture":"#2","tintindex":0}}}],"display":{"head":{"translation":[0.0,-6.4,0.0],"scale":[4.0,4.0,4.0]}}}