{"textures":{"4":"modelengine:entity/tsunami5f"},"elements":[{"from":[-8.666668,3.0,-8.666668],"to":[24.666668,13.0,24.666668],"faces":{"east":{"uv":[10.15625,1.40625,10.9375,1.640625],"tintindex":0,"rotation":0,"texture":"#4"},"south":{"uv":[10.15625,1.640625,10.9375,1.875],"tintindex":0,"rotation":0,"texture":"#4"},"north":{"uv":[10.15625,1.171875,10.9375,1.40625],"tintindex":0,"rotation":0,"texture":"#4"},"west":{"uv":[10.15625,1.875,10.9375,2.109375],"tintindex":0,"rotation":0,"texture":"#4"},"up":{"uv":[4.6875,7.03125,3.90625,6.25],"tintindex":0,"rotation":0,"texture":"#4"},"down":{"uv":[7.03125,3.90625,6.25,4.6875],"tintindex":0,"rotation":0,"texture":"#4"}}}]}