{"textures":{"0":"modelengine:entity/tsunami1f"},"elements":[{"from":[-8.666668,3.0,-8.666668],"to":[24.666668,13.0,24.666668],"faces":{"east":{"uv":[9.375,2.578125,10.15625,2.8125],"tintindex":0,"rotation":0,"texture":"#0"},"south":{"uv":[9.375,2.8125,10.15625,3.046875],"tintindex":0,"rotation":0,"texture":"#0"},"north":{"uv":[9.375,2.34375,10.15625,2.578125],"tintindex":0,"rotation":0,"texture":"#0"},"west":{"uv":[9.375,3.046875,10.15625,3.28125],"tintindex":0,"rotation":0,"texture":"#0"},"up":{"uv":[0.78125,5.46875,0.0,4.6875],"tintindex":0,"rotation":0,"texture":"#0"},"down":{"uv":[5.46875,0.0,4.6875,0.78125],"tintindex":0,"rotation":0,"texture":"#0"}}}]}