{"textures":{"3":"modelengine:entity/tsunami4f"},"elements":[{"from":[-8.666668,3.0,-8.666668],"to":[24.666668,13.0,24.666668],"faces":{"east":{"uv":[10.9375,11.015625,11.71875,11.25],"tintindex":0,"rotation":0,"texture":"#3"},"south":{"uv":[0.0,11.171875,0.78125,11.40625],"tintindex":0,"rotation":0,"texture":"#3"},"north":{"uv":[10.15625,11.015625,10.9375,11.25],"tintindex":0,"rotation":0,"texture":"#3"},"west":{"uv":[0.78125,11.171875,1.5625,11.40625],"tintindex":0,"rotation":0,"texture":"#3"},"up":{"uv":[1.5625,8.59375,0.78125,7.8125],"tintindex":0,"rotation":0,"texture":"#3"},"down":{"uv":[8.59375,0.78125,7.8125,1.5625],"tintindex":0,"rotation":0,"texture":"#3"}}}]}