{"textures":{"3":"modelengine:entity/tsunami4f"},"elements":[{"from":[-8.666668,3.0,-8.666668],"to":[24.666668,13.0,24.666668],"faces":{"east":{"uv":[10.9375,9.140625,11.71875,9.375],"tintindex":0,"rotation":0,"texture":"#3"},"south":{"uv":[10.9375,9.375,11.71875,9.609375],"tintindex":0,"rotation":0,"texture":"#3"},"north":{"uv":[10.9375,8.90625,11.71875,9.140625],"tintindex":0,"rotation":0,"texture":"#3"},"west":{"uv":[10.9375,9.609375,11.71875,9.84375],"tintindex":0,"rotation":0,"texture":"#3"},"up":{"uv":[7.8125,5.46875,7.03125,4.6875],"tintindex":0,"rotation":0,"texture":"#3"},"down":{"uv":[6.25,7.03125,5.46875,7.8125],"tintindex":0,"rotation":0,"texture":"#3"}}}]}