{"textures":{"3":"modelengine:entity/tsunami4f"},"elements":[{"from":[-8.666668,-0.33333397,-8.666668],"to":[24.666668,16.333334,24.666668],"faces":{"east":{"uv":[3.90625,10.15625,4.6875,10.546875],"tintindex":0,"rotation":0,"texture":"#3"},"south":{"uv":[10.15625,3.90625,10.9375,4.296875],"tintindex":0,"rotation":0,"texture":"#3"},"north":{"uv":[10.15625,3.515625,10.9375,3.90625],"tintindex":0,"rotation":0,"texture":"#3"},"west":{"uv":[10.15625,4.296875,10.9375,4.6875],"tintindex":0,"rotation":0,"texture":"#3"},"up":{"uv":[5.46875,5.46875,4.6875,4.6875],"tintindex":0,"rotation":0,"texture":"#3"},"down":{"uv":[0.78125,5.46875,0.0,6.25],"tintindex":0,"rotation":0,"texture":"#3"}}}]}