{"textures":{"2":"modelengine:entity/tsunami3f"},"elements":[{"from":[-8.666668,-2.833334,-8.666668],"to":[24.666668,18.833334,24.666668],"faces":{"east":{"uv":[3.125,10.6640625,3.90625,11.171875],"tintindex":0,"rotation":0,"texture":"#2"},"south":{"uv":[10.15625,10.6640625,10.9375,11.171875],"tintindex":0,"rotation":0,"texture":"#2"},"north":{"uv":[2.34375,10.6640625,3.125,11.171875],"tintindex":0,"rotation":0,"texture":"#2"},"west":{"uv":[3.90625,10.8984375,4.6875,11.40625],"tintindex":0,"rotation":0,"texture":"#2"},"up":{"uv":[4.6875,3.125,3.90625,2.34375],"tintindex":0,"rotation":0,"texture":"#2"},"down":{"uv":[3.90625,3.90625,3.125,4.6875],"tintindex":0,"rotation":0,"texture":"#2"}}}]}