{"textures":{"0":"modelengine:entity/tsunami1"},"elements":[{"from":[-12.0,2.0,-12.0],"to":[28.0,14.0,28.0],"rotation":{"angle":0.0,"axis":"y","origin":[-12.0,2.0,8.0]},"faces":{"east":{"uv":[2.34375,10.78125,3.125,11.015625],"rotation":0,"texture":"#0","tintindex":0},"south":{"uv":[8.59375,10.78125,9.375,11.015625],"rotation":0,"texture":"#0","tintindex":0},"north":{"uv":[1.5625,10.78125,2.34375,11.015625],"rotation":0,"texture":"#0","tintindex":0},"west":{"uv":[9.375,10.78125,10.15625,11.015625],"rotation":0,"texture":"#0","tintindex":0},"up":{"uv":[5.46875,8.59375,4.6875,7.8125],"rotation":0,"texture":"#0","tintindex":0},"down":{"uv":[8.59375,4.6875,7.8125,5.46875],"rotation":0,"texture":"#0","tintindex":0}}}],"display":{"head":{"translation":[0.0,-6.4,0.0],"scale":[4.0,4.0,4.0]}}}