{"textures":{"3":"modelengine:entity/tsunami4f"},"elements":[{"from":[-8.666668,3.0,-8.666668],"to":[24.666668,13.0,24.666666],"faces":{"east":{"uv":[6.25,11.484375,7.03125,11.71875],"tintindex":0,"rotation":0,"texture":"#3"},"south":{"uv":[7.03125,11.484375,7.8125,11.71875],"tintindex":0,"rotation":0,"texture":"#3"},"north":{"uv":[5.46875,11.484375,6.25,11.71875],"tintindex":0,"rotation":0,"texture":"#3"},"west":{"uv":[7.8125,11.484375,8.59375,11.71875],"tintindex":0,"rotation":0,"texture":"#3"},"up":{"uv":[6.25,8.59375,5.46875,7.8125],"tintindex":0,"rotation":0,"texture":"#3"},"down":{"uv":[8.59375,5.46875,7.8125,6.25],"tintindex":0,"rotation":0,"texture":"#3"}}}]}