{"textures":{"0":"modelengine:entity/tsunami1"},"elements":[{"from":[-12.0,2.0,-12.0],"to":[28.0,14.0,28.0],"rotation":{"angle":0.0,"axis":"y","origin":[-12.0,2.0,8.0]},"faces":{"east":{"uv":[9.375,10.546875,10.15625,10.78125],"rotation":0,"texture":"#0","tintindex":0},"south":{"uv":[10.15625,10.546875,10.9375,10.78125],"rotation":0,"texture":"#0","tintindex":0},"north":{"uv":[8.59375,10.546875,9.375,10.78125],"rotation":0,"texture":"#0","tintindex":0},"west":{"uv":[3.125,10.703125,3.90625,10.9375],"rotation":0,"texture":"#0","tintindex":0},"up":{"uv":[3.125,8.59375,2.34375,7.8125],"rotation":0,"texture":"#0","tintindex":0},"down":{"uv":[8.59375,2.34375,7.8125,3.125],"rotation":0,"texture":"#0","tintindex":0}}}],"display":{"head":{"translation":[0.0,-6.4,0.0],"scale":[4.0,4.0,4.0]}}}