{"textures":{"1":"modelengine:entity/tsunami2f"},"elements":[{"from":[-8.666668,3.000001,-8.666668],"to":[24.666668,13.0,24.666666],"faces":{"east":{"uv":[11.71875,1.640625,12.5,1.875],"tintindex":0,"rotation":0,"texture":"#1"},"south":{"uv":[11.71875,1.875,12.5,2.109375],"tintindex":0,"rotation":0,"texture":"#1"},"north":{"uv":[11.71875,1.40625,12.5,1.640625],"tintindex":0,"rotation":0,"texture":"#1"},"west":{"uv":[11.71875,2.109375,12.5,2.34375],"tintindex":0,"rotation":0,"texture":"#1"},"up":{"uv":[6.25,4.6875,5.46875,3.90625],"tintindex":0,"rotation":0,"texture":"#1"},"down":{"uv":[5.46875,5.46875,4.6875,6.25],"tintindex":0,"rotation":0,"texture":"#1"}}}]}