{"textures":{"2":"modelengine:entity/tsunami3f"},"elements":[{"from":[-8.666668,-2.833334,-8.666668],"to":[24.666668,18.833334,24.666668],"faces":{"east":{"uv":[10.9375,3.5546875,11.71875,4.0625],"tintindex":0,"rotation":0,"texture":"#2"},"south":{"uv":[10.9375,4.0625,11.71875,4.5703125],"tintindex":0,"rotation":0,"texture":"#2"},"north":{"uv":[10.9375,3.046875,11.71875,3.5546875],"tintindex":0,"rotation":0,"texture":"#2"},"west":{"uv":[10.9375,4.5703125,11.71875,5.078125],"tintindex":0,"rotation":0,"texture":"#2"},"up":{"uv":[2.34375,5.46875,1.5625,4.6875],"tintindex":0,"rotation":0,"texture":"#2"},"down":{"uv":[5.46875,1.5625,4.6875,2.34375],"tintindex":0,"rotation":0,"texture":"#2"}}}]}