{"textures":{"1":"modelengine:entity/tsunami2f"},"elements":[{"from":[-8.666668,-0.33333397,-8.666668],"to":[24.666668,16.333334,24.666668],"faces":{"east":{"uv":[10.15625,1.5625,10.9375,1.953125],"tintindex":0,"rotation":0,"texture":"#1"},"south":{"uv":[10.15625,1.953125,10.9375,2.34375],"tintindex":0,"rotation":0,"texture":"#1"},"north":{"uv":[1.5625,10.15625,2.34375,10.546875],"tintindex":0,"rotation":0,"texture":"#1"},"west":{"uv":[2.34375,10.15625,3.125,10.546875],"tintindex":0,"rotation":0,"texture":"#1"},"up":{"uv":[3.90625,8.59375,3.125,7.8125],"tintindex":0,"rotation":0,"texture":"#1"},"down":{"uv":[8.59375,3.125,7.8125,3.90625],"tintindex":0,"rotation":0,"texture":"#1"}}}]}