{"textures":{"3":"modelengine:entity/tsunami4"},"elements":[{"from":[-12.0,2.0,-12.0],"to":[28.0,14.0,28.0],"rotation":{"angle":0.0,"axis":"y","origin":[-12.0,2.0,8.0]},"faces":{"east":{"uv":[10.9375,4.453125,11.71875,4.6875],"rotation":0,"texture":"#3","tintindex":0},"south":{"uv":[10.9375,4.6875,11.71875,4.921875],"rotation":0,"texture":"#3","tintindex":0},"north":{"uv":[10.9375,4.21875,11.71875,4.453125],"rotation":0,"texture":"#3","tintindex":0},"west":{"uv":[10.9375,4.921875,11.71875,5.15625],"rotation":0,"texture":"#3","tintindex":0},"up":{"uv":[7.8125,1.5625,7.03125,0.78125],"rotation":0,"texture":"#3","tintindex":0},"down":{"uv":[2.34375,7.03125,1.5625,7.8125],"rotation":0,"texture":"#3","tintindex":0}}}],"display":{"head":{"translation":[0.0,-6.4,0.0],"scale":[4.0,4.0,4.0]}}}