{"textures":{"2":"modelengine:entity/tsunami3f"},"elements":[{"from":[-8.666668,-2.833334,-8.666668],"to":[24.666668,18.833334,24.666668],"faces":{"east":{"uv":[10.9375,7.6171875,11.71875,8.125],"tintindex":0,"rotation":0,"texture":"#2"},"south":{"uv":[10.9375,8.125,11.71875,8.6328125],"tintindex":0,"rotation":0,"texture":"#2"},"north":{"uv":[10.9375,7.109375,11.71875,7.6171875],"tintindex":0,"rotation":0,"texture":"#2"},"west":{"uv":[10.9375,8.6328125,11.71875,9.140625],"tintindex":0,"rotation":0,"texture":"#2"},"up":{"uv":[3.90625,5.46875,3.125,4.6875],"tintindex":0,"rotation":0,"texture":"#2"},"down":{"uv":[5.46875,3.125,4.6875,3.90625],"tintindex":0,"rotation":0,"texture":"#2"}}}]}