{"textures":{"5":"modelengine:entity/foam1"},"elements":[{"from":[-9.200001,-8.0,-10.800001],"to":[25.2,24.0,26.800001],"rotation":{"angle":0.0,"axis":"y","origin":[-12.0,-4.8,10.8]},"faces":{"east":{"uv":[2.53125,4.484375,4.0,5.734375],"rotation":0,"texture":"#5","tintindex":0},"south":{"uv":[2.53125,5.734375,3.875,6.984375],"rotation":0,"texture":"#5","tintindex":0},"north":{"uv":[5.34375,4.8125,6.6875,6.0625],"rotation":0,"texture":"#5","tintindex":0},"west":{"uv":[5.34375,2.125,6.8125,3.375],"rotation":0,"texture":"#5","tintindex":0},"up":{"uv":[4.15625,1.46875,2.8125,0.0],"rotation":0,"texture":"#5","tintindex":0},"down":{"uv":[4.15625,1.46875,2.8125,2.9375],"rotation":0,"texture":"#5","tintindex":0}}}],"display":{"head":{"translation":[0.0,-6.4,0.0],"scale":[4.0,4.0,4.0]}}}