{"textures":{"4":"modelengine:entity/tsunami5f"},"elements":[{"from":[-8.666668,3.0,-8.666668],"to":[24.666668,13.0,24.666668],"faces":{"east":{"uv":[8.59375,7.734375,9.375,7.96875],"tintindex":0,"rotation":0,"texture":"#4"},"south":{"uv":[7.8125,8.59375,8.59375,8.828125],"tintindex":0,"rotation":0,"texture":"#4"},"north":{"uv":[8.59375,7.5,9.375,7.734375],"tintindex":0,"rotation":0,"texture":"#4"},"west":{"uv":[8.59375,7.96875,9.375,8.203125],"tintindex":0,"rotation":0,"texture":"#4"},"up":{"uv":[3.125,2.34375,2.34375,1.5625],"tintindex":0,"rotation":0,"texture":"#4"},"down":{"uv":[3.125,2.34375,2.34375,3.125],"tintindex":0,"rotation":0,"texture":"#4"}}}]}