{"textures":{"2":"modelengine:entity/tsunami3f"},"elements":[{"from":[-8.666668,-2.833334,-8.666666],"to":[24.666668,18.83334,24.666668],"faces":{"east":{"uv":[3.90625,13.4375,4.6875,13.9453125],"tintindex":0,"rotation":0,"texture":"#2"},"south":{"uv":[4.6875,13.4375,5.46875,13.9453125],"tintindex":0,"rotation":0,"texture":"#2"},"north":{"uv":[13.28125,13.203125,14.0625,13.7109375],"tintindex":0,"rotation":0,"texture":"#2"},"west":{"uv":[5.46875,13.4375,6.25,13.9453125],"tintindex":0,"rotation":0,"texture":"#2"},"up":{"uv":[9.375,0.78125,8.59375,0.0],"tintindex":0,"rotation":0,"texture":"#2"},"down":{"uv":[1.5625,8.59375,0.78125,9.375],"tintindex":0,"rotation":0,"texture":"#2"}}}]}