{"textures":{"4":"modelengine:entity/tsunami5f"},"elements":[{"from":[-8.666668,3.0,-8.666668],"to":[24.666668,13.0,24.666668],"faces":{"east":{"uv":[10.9375,0.0,11.71875,0.234375],"tintindex":0,"rotation":0,"texture":"#4"},"south":{"uv":[10.9375,0.234375,11.71875,0.46875],"tintindex":0,"rotation":0,"texture":"#4"},"north":{"uv":[10.15625,10.78125,10.9375,11.015625],"tintindex":0,"rotation":0,"texture":"#4"},"west":{"uv":[10.9375,0.46875,11.71875,0.703125],"tintindex":0,"rotation":0,"texture":"#4"},"up":{"uv":[6.25,8.59375,5.46875,7.8125],"tintindex":0,"rotation":0,"texture":"#4"},"down":{"uv":[8.59375,5.46875,7.8125,6.25],"tintindex":0,"rotation":0,"texture":"#4"}}}]}