{"textures":{"0":"modelengine:entity/tsunami1f"},"elements":[{"from":[-8.666668,2.999999,-8.666668],"to":[24.666668,13.0,24.666668],"faces":{"east":{"uv":[8.59375,10.078125,9.375,10.3125],"tintindex":0,"rotation":0,"texture":"#0"},"south":{"uv":[9.375,10.078125,10.15625,10.3125],"tintindex":0,"rotation":0,"texture":"#0"},"north":{"uv":[2.34375,10.078125,3.125,10.3125],"tintindex":0,"rotation":0,"texture":"#0"},"west":{"uv":[10.15625,0.0,10.9375,0.234375],"tintindex":0,"rotation":0,"texture":"#0"},"up":{"uv":[3.125,7.03125,2.34375,6.25],"tintindex":0,"rotation":0,"texture":"#0"},"down":{"uv":[7.03125,2.34375,6.25,3.125],"tintindex":0,"rotation":0,"texture":"#0"}}}]}