{"textures":{"4":"modelengine:entity/tsunami5f"},"elements":[{"from":[-8.666668,3.0,-8.666668],"to":[24.666668,13.0,24.666668],"faces":{"east":{"uv":[0.78125,10.546875,1.5625,10.78125],"tintindex":0,"rotation":0,"texture":"#4"},"south":{"uv":[1.5625,10.546875,2.34375,10.78125],"tintindex":0,"rotation":0,"texture":"#4"},"north":{"uv":[0.0,10.546875,0.78125,10.78125],"tintindex":0,"rotation":0,"texture":"#4"},"west":{"uv":[2.34375,10.546875,3.125,10.78125],"tintindex":0,"rotation":0,"texture":"#4"},"up":{"uv":[2.34375,8.59375,1.5625,7.8125],"tintindex":0,"rotation":0,"texture":"#4"},"down":{"uv":[8.59375,1.5625,7.8125,2.34375],"tintindex":0,"rotation":0,"texture":"#4"}}}]}