{"textures":{"1":"modelengine:entity/tsunami2f"},"elements":[{"from":[-8.666668,3.000001,-8.666668],"to":[24.666668,13.0,24.666668],"faces":{"east":{"uv":[10.9375,3.75,11.71875,3.984375],"tintindex":0,"rotation":0,"texture":"#1"},"south":{"uv":[3.90625,10.9375,4.6875,11.171875],"tintindex":0,"rotation":0,"texture":"#1"},"north":{"uv":[10.9375,3.515625,11.71875,3.75],"tintindex":0,"rotation":0,"texture":"#1"},"west":{"uv":[10.9375,3.984375,11.71875,4.21875],"tintindex":0,"rotation":0,"texture":"#1"},"up":{"uv":[1.5625,3.90625,0.78125,3.125],"tintindex":0,"rotation":0,"texture":"#1"},"down":{"uv":[3.90625,0.78125,3.125,1.5625],"tintindex":0,"rotation":0,"texture":"#1"}}}]}