{"textures":{"6":"modelengine:entity/foam2"},"elements":[{"from":[-14.285715,-15.1428585,-10.57143],"to":[30.285715,31.142859,26.57143],"rotation":{"angle":0.0,"axis":"y","origin":[-22.857143,-22.000002,-2.0]},"faces":{"east":{"uv":[3.453125,5.734375,4.46875,7.0],"rotation":0,"texture":"#6","tintindex":0},"south":{"uv":[1.21875,4.484375,2.4375,5.75],"rotation":0,"texture":"#6","tintindex":0},"north":{"uv":[0.0,4.40625,1.21875,5.671875],"rotation":0,"texture":"#6","tintindex":0},"west":{"uv":[1.015625,5.75,2.03125,7.015625],"rotation":0,"texture":"#6","tintindex":0},"up":{"uv":[5.6875,6.859375,4.46875,5.84375],"rotation":0,"texture":"#6","tintindex":0},"down":{"uv":[6.90625,5.84375,5.6875,6.859375],"rotation":0,"texture":"#6","tintindex":0}}}],"display":{"head":{"translation":[0.0,-6.4,0.0],"scale":[4.0,4.0,4.0]}}}