{"textures":{"5":"modelengine:entity/foam"},"elements":[{"from":[-11.5,-12.25,-8.25],"to":[27.5,28.25,24.25],"faces":{"east":{"uv":[3.578125,9.09375,4.59375,10.359375],"tintindex":0,"rotation":0,"texture":"#5"},"south":{"uv":[1.09375,7.84375,2.3125,9.109375],"tintindex":0,"rotation":0,"texture":"#5"},"north":{"uv":[7.59375,2.75,8.8125,4.015625],"tintindex":0,"rotation":0,"texture":"#5"},"west":{"uv":[1.015625,9.109375,2.03125,10.375],"tintindex":0,"rotation":0,"texture":"#5"},"up":{"uv":[10.296875,5.03125,9.078125,4.015625],"tintindex":0,"rotation":0,"texture":"#5"},"down":{"uv":[3.25,9.125,2.03125,10.140625],"tintindex":0,"rotation":0,"texture":"#5"}}}]}