{"textures":{"3":"modelengine:entity/tsunami4f"},"elements":[{"from":[-8.666668,3.0,-8.666668],"to":[24.666668,13.0,24.666668],"faces":{"east":{"uv":[5.46875,10.546875,6.25,10.78125],"tintindex":0,"rotation":0,"texture":"#3"},"south":{"uv":[6.25,10.546875,7.03125,10.78125],"tintindex":0,"rotation":0,"texture":"#3"},"north":{"uv":[4.6875,10.546875,5.46875,10.78125],"tintindex":0,"rotation":0,"texture":"#3"},"west":{"uv":[7.03125,10.546875,7.8125,10.78125],"tintindex":0,"rotation":0,"texture":"#3"},"up":{"uv":[0.78125,7.03125,0.0,6.25],"tintindex":0,"rotation":0,"texture":"#3"},"down":{"uv":[7.03125,0.0,6.25,0.78125],"tintindex":0,"rotation":0,"texture":"#3"}}}]}