{"textures":{"4":"modelengine:entity/tsunami5f"},"elements":[{"from":[-8.666668,3.0,-8.666668],"to":[24.666668,13.0,24.666668],"faces":{"east":{"uv":[10.15625,3.28125,10.9375,3.515625],"tintindex":0,"rotation":0,"texture":"#4"},"south":{"uv":[10.15625,3.515625,10.9375,3.75],"tintindex":0,"rotation":0,"texture":"#4"},"north":{"uv":[10.15625,3.046875,10.9375,3.28125],"tintindex":0,"rotation":0,"texture":"#4"},"west":{"uv":[10.15625,3.75,10.9375,3.984375],"tintindex":0,"rotation":0,"texture":"#4"},"up":{"uv":[6.25,7.03125,5.46875,6.25],"tintindex":0,"rotation":0,"texture":"#4"},"down":{"uv":[7.03125,5.46875,6.25,6.25],"tintindex":0,"rotation":0,"texture":"#4"}}}]}