{"textures":{"0":"modelengine:entity/tsunami1f"},"elements":[{"from":[-8.666668,2.999999,-8.666666],"to":[24.666668,13.0,24.666668],"faces":{"east":{"uv":[7.8125,10.703125,8.59375,10.9375],"tintindex":0,"rotation":0,"texture":"#0"},"south":{"uv":[0.0,10.78125,0.78125,11.015625],"tintindex":0,"rotation":0,"texture":"#0"},"north":{"uv":[7.03125,10.703125,7.8125,10.9375],"tintindex":0,"rotation":0,"texture":"#0"},"west":{"uv":[0.78125,10.78125,1.5625,11.015625],"tintindex":0,"rotation":0,"texture":"#0"},"up":{"uv":[4.6875,8.59375,3.90625,7.8125],"tintindex":0,"rotation":0,"texture":"#0"},"down":{"uv":[8.59375,3.90625,7.8125,4.6875],"tintindex":0,"rotation":0,"texture":"#0"}}}]}