{"textures":{"2":"modelengine:entity/tsunami3f"},"elements":[{"from":[-8.666668,-2.833334,-8.666666],"to":[24.666668,18.833334,24.666668],"faces":{"east":{"uv":[0.0,11.171875,0.78125,11.6796875],"tintindex":0,"rotation":0,"texture":"#2"},"south":{"uv":[0.78125,11.171875,1.5625,11.6796875],"tintindex":0,"rotation":0,"texture":"#2"},"north":{"uv":[9.375,11.015625,10.15625,11.5234375],"tintindex":0,"rotation":0,"texture":"#2"},"west":{"uv":[1.5625,11.171875,2.34375,11.6796875],"tintindex":0,"rotation":0,"texture":"#2"},"up":{"uv":[5.46875,5.46875,4.6875,4.6875],"tintindex":0,"rotation":0,"texture":"#2"},"down":{"uv":[0.78125,5.46875,0.0,6.25],"tintindex":0,"rotation":0,"texture":"#2"}}}]}