{"textures":{"6":"modelengine:entity/foam2"},"elements":[{"from":[-0.19999981,-15.4,-4.800001],"to":[16.2,21.0,32.0],"rotation":{"angle":0.0,"axis":"y","origin":[-21.0,-15.0,3.1999993]},"faces":{"east":{"uv":[2.40625,0.0,3.84375,1.421875],"rotation":0,"texture":"#6","tintindex":0},"south":{"uv":[2.03125,6.921875,2.671875,8.34375],"rotation":0,"texture":"#6","tintindex":0},"north":{"uv":[6.78125,6.859375,7.421875,8.28125],"rotation":0,"texture":"#6","tintindex":0},"west":{"uv":[0.0,2.984375,1.4375,4.40625],"rotation":0,"texture":"#6","tintindex":0},"up":{"uv":[6.140625,8.296875,5.5,6.859375],"rotation":0,"texture":"#6","tintindex":0},"down":{"uv":[6.78125,6.859375,6.140625,8.296875],"rotation":0,"texture":"#6","tintindex":0}}}],"display":{"head":{"translation":[0.0,-6.4,12.800003],"scale":[4.0,4.0,4.0]}}}