{"textures":{"2":"modelengine:entity/tsunami3"},"elements":[{"from":[-12.0,-5.0,-12.0],"to":[28.0,21.0,28.0],"rotation":{"angle":0.0,"axis":"y","origin":[-12.0,-5.0,8.0]},"faces":{"east":{"uv":[10.9375,2.5390625,11.71875,3.046875],"rotation":0,"texture":"#2","tintindex":0},"south":{"uv":[10.9375,3.046875,11.71875,3.5546875],"rotation":0,"texture":"#2","tintindex":0},"north":{"uv":[10.9375,2.03125,11.71875,2.5390625],"rotation":0,"texture":"#2","tintindex":0},"west":{"uv":[10.9375,3.5546875,11.71875,4.0625],"rotation":0,"texture":"#2","tintindex":0},"up":{"uv":[6.25,3.90625,5.46875,3.125],"rotation":0,"texture":"#2","tintindex":0},"down":{"uv":[4.6875,5.46875,3.90625,6.25],"rotation":0,"texture":"#2","tintindex":0}}}],"display":{"head":{"translation":[0.0,-6.4,0.0],"scale":[4.0,4.0,4.0]}}}