{"textures":{"2":"modelengine:entity/tsunami3"},"elements":[{"from":[-12.0,-5.0,-12.0],"to":[28.0,21.0,28.0],"rotation":{"angle":0.0,"axis":"y","origin":[-12.0,-5.0,8.0]},"faces":{"east":{"uv":[12.5,12.1875,13.28125,12.6953125],"rotation":0,"texture":"#2","tintindex":0},"south":{"uv":[3.125,12.65625,3.90625,13.1640625],"rotation":0,"texture":"#2","tintindex":0},"north":{"uv":[12.5,11.6796875,13.28125,12.1875],"rotation":0,"texture":"#2","tintindex":0},"west":{"uv":[3.90625,12.65625,4.6875,13.1640625],"rotation":0,"texture":"#2","tintindex":0},"up":{"uv":[6.25,8.59375,5.46875,7.8125],"rotation":0,"texture":"#2","tintindex":0},"down":{"uv":[8.59375,5.46875,7.8125,6.25],"rotation":0,"texture":"#2","tintindex":0}}}],"display":{"head":{"translation":[0.0,-6.4,0.0],"scale":[4.0,4.0,4.0]}}}