{"textures":{"1":"modelengine:entity/tsunami2f"},"elements":[{"from":[-8.666668,-0.33333397,-8.666668],"to":[24.666668,16.333334,24.666668],"faces":{"east":{"uv":[0.78125,10.15625,1.5625,10.546875],"tintindex":0,"rotation":0,"texture":"#1"},"south":{"uv":[10.15625,0.78125,10.9375,1.171875],"tintindex":0,"rotation":0,"texture":"#1"},"north":{"uv":[10.15625,0.390625,10.9375,0.78125],"tintindex":0,"rotation":0,"texture":"#1"},"west":{"uv":[10.15625,1.171875,10.9375,1.5625],"tintindex":0,"rotation":0,"texture":"#1"},"up":{"uv":[3.125,8.59375,2.34375,7.8125],"tintindex":0,"rotation":0,"texture":"#1"},"down":{"uv":[8.59375,2.34375,7.8125,3.125],"tintindex":0,"rotation":0,"texture":"#1"}}}]}