{"textures":{"1":"modelengine:entity/tsunami2"},"elements":[{"from":[-12.0,2.0,-12.0],"to":[28.0,14.0,28.0],"rotation":{"angle":0.0,"axis":"y","origin":[-12.0,2.0,8.0]},"faces":{"east":{"uv":[0.0,11.40625,0.78125,11.640625],"rotation":0,"texture":"#1","tintindex":0},"south":{"uv":[0.78125,11.40625,1.5625,11.640625],"rotation":0,"texture":"#1","tintindex":0},"north":{"uv":[10.9375,11.25,11.71875,11.484375],"rotation":0,"texture":"#1","tintindex":0},"west":{"uv":[1.5625,11.40625,2.34375,11.640625],"rotation":0,"texture":"#1","tintindex":0},"up":{"uv":[4.6875,5.46875,3.90625,4.6875],"rotation":0,"texture":"#1","tintindex":0},"down":{"uv":[5.46875,3.90625,4.6875,4.6875],"rotation":0,"texture":"#1","tintindex":0}}}],"display":{"head":{"translation":[0.0,-6.4,0.0],"scale":[4.0,4.0,4.0]}}}