{"textures":{"2":"modelengine:entity/tsunami3"},"elements":[{"from":[-12.0,-5.0,-12.0],"to":[28.0,21.0,28.0],"rotation":{"angle":0.0,"axis":"y","origin":[-12.0,-5.0,8.0]},"faces":{"east":{"uv":[4.6875,11.1328125,5.46875,11.640625],"rotation":0,"texture":"#2","tintindex":0},"south":{"uv":[5.46875,11.1328125,6.25,11.640625],"rotation":0,"texture":"#2","tintindex":0},"north":{"uv":[3.90625,11.1328125,4.6875,11.640625],"rotation":0,"texture":"#2","tintindex":0},"west":{"uv":[6.25,11.1328125,7.03125,11.640625],"rotation":0,"texture":"#2","tintindex":0},"up":{"uv":[2.34375,7.03125,1.5625,6.25],"rotation":0,"texture":"#2","tintindex":0},"down":{"uv":[7.03125,1.5625,6.25,2.34375],"rotation":0,"texture":"#2","tintindex":0}}}],"display":{"head":{"translation":[0.0,-6.4,0.0],"scale":[4.0,4.0,4.0]}}}