{"textures":{"1":"modelengine:entity/tsunami2f"},"elements":[{"from":[-8.666668,3.000001,-8.666668],"to":[24.666668,13.0,24.666668],"faces":{"east":{"uv":[10.9375,7.265625,11.71875,7.5],"tintindex":0,"rotation":0,"texture":"#1"},"south":{"uv":[10.9375,7.5,11.71875,7.734375],"tintindex":0,"rotation":0,"texture":"#1"},"north":{"uv":[10.9375,7.03125,11.71875,7.265625],"tintindex":0,"rotation":0,"texture":"#1"},"west":{"uv":[10.9375,7.734375,11.71875,7.96875],"tintindex":0,"rotation":0,"texture":"#1"},"up":{"uv":[4.6875,0.78125,3.90625,0.0],"tintindex":0,"rotation":0,"texture":"#1"},"down":{"uv":[1.5625,3.90625,0.78125,4.6875],"tintindex":0,"rotation":0,"texture":"#1"}}}]}