{"textures":{"2":"modelengine:entity/tsunami3"},"elements":[{"from":[-12.0,-5.0,-12.0],"to":[28.0,21.0,28.0],"rotation":{"angle":0.0,"axis":"y","origin":[-12.0,-5.0,8.0]},"faces":{"east":{"uv":[11.71875,10.6640625,12.5,11.171875],"rotation":0,"texture":"#2","tintindex":0},"south":{"uv":[11.71875,11.171875,12.5,11.6796875],"rotation":0,"texture":"#2","tintindex":0},"north":{"uv":[11.71875,10.15625,12.5,10.6640625],"rotation":0,"texture":"#2","tintindex":0},"west":{"uv":[11.71875,11.6796875,12.5,12.1875],"rotation":0,"texture":"#2","tintindex":0},"up":{"uv":[7.8125,3.90625,7.03125,3.125],"rotation":0,"texture":"#2","tintindex":0},"down":{"uv":[4.6875,7.03125,3.90625,7.8125],"rotation":0,"texture":"#2","tintindex":0}}}],"display":{"head":{"translation":[0.0,-6.4,0.0],"scale":[4.0,4.0,4.0]}}}