{"textures":{"0":"modelengine:entity/white_tiger"},"elements":[{"from":[5.4376955,5.27396,3.662652],"to":[10.580553,10.988246,8.091224],"rotation":{"angle":0.0,"axis":"y","origin":[6.0091243,-1.011755,2.9483662]},"faces":{"east":{"uv":[9.125,0.0,10.375,1.25],"rotation":0,"texture":"#0","tintindex":0},"south":{"uv":[10.375,0.0,11.5,1.25],"rotation":0,"texture":"#0","tintindex":0},"north":{"uv":[6.0,10.25,7.125,11.5],"rotation":0,"texture":"#0","tintindex":0},"west":{"uv":[9.125,5.375,10.375,6.625],"rotation":0,"texture":"#0","tintindex":0},"up":{"uv":[11.5,6.125,10.375,4.875],"rotation":0,"texture":"#0","tintindex":0},"down":{"uv":[11.625,8.0,10.5,9.25],"rotation":0,"texture":"#0","tintindex":0}}},{"from":[6.7256956,9.023682,1.3498273],"to":[9.292553,12.447681,2.488113],"rotation":{"angle":45.0,"axis":"x","origin":[8.294839,8.702532,0.662652]},"faces":{"east":{"uv":[7.75,5.5,8.0,6.25],"rotation":0,"texture":"#0","tintindex":0},"south":{"uv":[13.75,13.5,14.3125,14.25],"rotation":0,"texture":"#0","tintindex":0},"north":{"uv":[13.75,12.75,14.3125,13.5],"rotation":0,"texture":"#0","tintindex":0},"west":{"uv":[7.125,10.25,7.375,11.0],"rotation":0,"texture":"#0","tintindex":0},"up":{"uv":[14.8125,0.75,14.25,0.5],"rotation":0,"texture":"#0","tintindex":0},"down":{"uv":[14.9375,8.25,14.375,8.5],"rotation":0,"texture":"#0","tintindex":0}}},{"from":[6.724553,6.604192,0.33906412],"to":[9.293695,8.316192,4.9082074],"rotation":{"angle":-22.5,"axis":"x","origin":[8.294839,8.702532,-0.48020554]},"faces":{"east":{"uv":[14.0,2.375,15.0,2.75],"rotation":0,"texture":"#0","tintindex":0},"south":{"uv":[4.375,13.0,4.9375,13.375],"rotation":0,"texture":"#0","tintindex":0},"north":{"uv":[6.5,12.875,7.0625,13.25],"rotation":0,"texture":"#0","tintindex":0},"west":{"uv":[14.0,2.75,15.0,3.125],"rotation":0,"texture":"#0","tintindex":0},"up":{"uv":[8.5625,14.25,8.0,13.25],"rotation":0,"texture":"#0","tintindex":0},"down":{"uv":[5.6875,13.375,5.125,14.375],"rotation":0,"texture":"#0","tintindex":0}}},{"from":[6.580553,6.534992,0.7346325],"to":[9.437696,8.820706,3.5917754],"rotation":{"angle":0.0,"axis":"y","origin":[6.0091243,-1.011755,2.9483662]},"faces":{"east":{"uv":[7.0,14.25,7.625,14.75],"rotation":0,"texture":"#0","tintindex":0},"south":{"uv":[7.625,14.25,8.25,14.75],"rotation":0,"texture":"#0","tintindex":0},"north":{"uv":[6.375,14.25,7.0,14.75],"rotation":0,"texture":"#0","tintindex":0},"west":{"uv":[13.375,14.25,14.0,14.75],"rotation":0,"texture":"#0","tintindex":0},"up":{"uv":[9.75,1.875,9.125,1.25],"rotation":0,"texture":"#0","tintindex":0},"down":{"uv":[9.75,6.625,9.125,7.25],"rotation":0,"texture":"#0","tintindex":0}}},{"from":[6.8651247,4.2442455,5.718652],"to":[9.153125,5.389388,8.435224],"rotation":{"angle":0.0,"axis":"y","origin":[7.72341,8.131103,5.2340803]},"faces":{"east":{"uv":[5.5,8.25,5.75,8.5],"rotation":0,"texture":"#0","tintindex":0},"south":{"uv":[2.75,14.5,3.25,14.75],"rotation":0,"texture":"#0","tintindex":0},"north":{"uv":[13.625,8.5,14.125,8.75],"rotation":0,"texture":"#0","tintindex":0},"west":{"uv":[14.75,14.5,15.0,14.75],"rotation":0,"texture":"#0","tintindex":0},"up":{"uv":[3.75,14.75,3.25,14.5],"rotation":0,"texture":"#0","tintindex":0},"down":{"uv":[6.0,14.5,5.5,14.75],"rotation":0,"texture":"#0","tintindex":0}}},{"from":[7.6091247,4.216817,5.7547092],"to":[9.32341,5.9311028,8.468995],"rotation":{"angle":-22.5,"axis":"z","origin":[8.672608,4.9556227,7.522458]},"faces":{"east":{"uv":[6.875,12.0,7.125,12.375],"rotation":0,"texture":"#0","tintindex":0},"south":{"uv":[12.625,9.75,13.0,10.125],"rotation":0,"texture":"#0","tintindex":0},"north":{"uv":[11.5,5.75,11.875,6.125],"rotation":0,"texture":"#0","tintindex":0},"west":{"uv":[5.75,12.375,6.0,12.75],"rotation":0,"texture":"#0","tintindex":0},"up":{"uv":[13.75,14.25,13.375,14.0],"rotation":0,"texture":"#0","tintindex":0},"down":{"uv":[7.125,14.75,6.75,15.0],"rotation":0,"texture":"#0","tintindex":0}}},{"from":[8.6715765,4.1893883,5.755852],"to":[9.812148,5.4442453,8.467853],"rotation":{"angle":22.5,"axis":"z","origin":[9.241863,4.9556227,7.5722613]},"faces":{"east":{"uv":[12.625,14.75,12.875,15.03125],"rotation":0,"texture":"#0","tintindex":0},"south":{"uv":[13.375,14.75,13.625,15.03125],"rotation":0,"texture":"#0","tintindex":0},"north":{"uv":[14.75,12.25,15.0,12.53125],"rotation":0,"texture":"#0","tintindex":0},"west":{"uv":[13.625,14.75,13.875,15.03125],"rotation":0,"texture":"#0","tintindex":0},"up":{"uv":[2.75,15.125,2.5,14.875],"rotation":0,"texture":"#0","tintindex":0},"down":{"uv":[4.0,14.875,3.75,15.125],"rotation":0,"texture":"#0","tintindex":0}}},{"from":[9.353125,4.9518766,5.755852],"to":[10.77941,6.435305,8.467853],"rotation":{"angle":-45.0,"axis":"z","origin":[9.817617,5.5221624,7.547762]},"faces":{"east":{"uv":[8.625,14.75,8.875,15.0625],"rotation":0,"texture":"#0","tintindex":0},"south":{"uv":[9.125,14.5,9.4375,14.8125],"rotation":0,"texture":"#0","tintindex":0},"north":{"uv":[6.0,14.5,6.3125,14.8125],"rotation":0,"texture":"#0","tintindex":0},"west":{"uv":[8.875,14.75,9.125,15.0625],"rotation":0,"texture":"#0","tintindex":0},"up":{"uv":[15.0625,9.75,14.75,9.5],"rotation":0,"texture":"#0","tintindex":0},"down":{"uv":[15.0625,9.75,14.75,10.0],"rotation":0,"texture":"#0","tintindex":0}}},{"from":[9.136101,5.9311028,5.7547092],"to":[11.421815,7.07396,8.468995],"rotation":{"angle":-22.5,"axis":"z","origin":[9.736101,6.4297338,5.8162413]},"faces":{"east":{"uv":[15.125,5.875,14.875,6.125],"rotation":0,"texture":"#0","tintindex":0},"south":{"uv":[3.25,14.75,2.75,15.0],"rotation":0,"texture":"#0","tintindex":0},"north":{"uv":[15.25,1.5,14.75,1.75],"rotation":0,"texture":"#0","tintindex":0},"west":{"uv":[15.125,5.625,14.875,5.875],"rotation":0,"texture":"#0","tintindex":0},"up":{"uv":[3.25,15.0,3.75,14.75],"rotation":0,"texture":"#0","tintindex":0},"down":{"uv":[5.5,14.75,6.0,15.0],"rotation":0,"texture":"#0","tintindex":0}}},{"from":[9.385757,6.41796,5.755852],"to":[11.669186,7.844246,8.467853],"rotation":{"angle":0.0,"axis":"y","origin":[6.8703284,8.129354,5.84235]},"faces":{"east":{"uv":[15.0,10.0,14.75,10.3125],"rotation":0,"texture":"#0","tintindex":0},"south":{"uv":[14.875,13.75,14.375,14.0625],"rotation":0,"texture":"#0","tintindex":0},"north":{"uv":[3.625,13.625,3.125,13.9375],"rotation":0,"texture":"#0","tintindex":0},"west":{"uv":[10.25,14.75,10.0,15.0625],"rotation":0,"texture":"#0","tintindex":0},"up":{"uv":[14.75,1.5,15.25,1.25],"rotation":0,"texture":"#0","tintindex":0},"down":{"uv":[1.5,14.75,2.0,15.0],"rotation":0,"texture":"#0","tintindex":0}}},{"from":[9.32341,7.8453884,5.7547092],"to":[11.609125,8.988246,8.468995],"rotation":{"angle":22.5,"axis":"z","origin":[11.70821,8.131103,5.4937267]},"faces":{"east":{"uv":[15.125,5.375,14.875,5.625],"rotation":0,"texture":"#0","tintindex":0},"south":{"uv":[15.25,0.75,14.75,1.0],"rotation":0,"texture":"#0","tintindex":0},"north":{"uv":[1.0,14.75,0.5,15.0],"rotation":0,"texture":"#0","tintindex":0},"west":{"uv":[15.125,5.125,14.875,5.375],"rotation":0,"texture":"#0","tintindex":0},"up":{"uv":[1.0,15.0,1.5,14.75],"rotation":0,"texture":"#0","tintindex":0},"down":{"uv":[14.75,1.0,15.25,1.25],"rotation":0,"texture":"#0","tintindex":0}}},{"from":[9.585639,7.563098,5.7535663],"to":[11.302211,9.851098,8.470138],"rotation":{"angle":45.0,"axis":"z","origin":[9.815353,8.278526,6.722101]},"faces":{"east":{"uv":[7.125,11.5,6.875,12.0],"rotation":0,"texture":"#0","tintindex":0},"south":{"uv":[8.625,14.25,8.25,14.75],"rotation":0,"texture":"#0","tintindex":0},"north":{"uv":[9.0,12.25,8.625,12.75],"rotation":0,"texture":"#0","tintindex":0},"west":{"uv":[10.0,6.625,9.75,7.125],"rotation":0,"texture":"#0","tintindex":0},"up":{"uv":[7.125,15.0,7.5,14.75],"rotation":0,"texture":"#0","tintindex":0},"down":{"uv":[7.5,14.75,7.875,15.0],"rotation":0,"texture":"#0","tintindex":0}}},{"from":[4.631894,7.564847,5.753579],"to":[6.3484654,9.852847,8.470151],"rotation":{"angle":-45.0,"axis":"z","origin":[6.118751,8.280275,6.611865]},