{"textures":{"0":"modelengine:entity/white_tiger"},"elements":[{"from":[6.25,18.086048,13.779446],"to":[9.75,21.586048,20.279446],"faces":{"east":{"uv":[10.0,14.0,10.8125,14.4375],"tintindex":0,"rotation":0,"texture":"#0"},"south":{"uv":[14.375,10.75,14.8125,11.1875],"tintindex":0,"rotation":0,"texture":"#0"},"north":{"uv":[14.375,7.75,14.8125,8.1875],"tintindex":0,"rotation":0,"texture":"#0"},"west":{"uv":[12.0,14.0,12.8125,14.4375],"tintindex":0,"rotation":0,"texture":"#0"},"up":{"uv":[13.3125,14.8125,12.875,14.0],"tintindex":0,"rotation":0,"texture":"#0"},"down":{"uv":[0.4375,14.125,0.0,14.9375],"tintindex":0,"rotation":0,"texture":"#0"}},"rotation":{"origin":[8.25,27.336048,-0.22055435],"angle":45.0,"axis":"x"}}]}