{"textures":{"0":"modelengine:entity/white_tiger"},"elements":[{"from":[6.25,4.219864,4.730587],"to":[9.75,7.719864,10.230587],"faces":{"east":{"uv":[14.0,14.25,14.6875,14.6875],"tintindex":0,"rotation":0,"texture":"#0"},"south":{"uv":[11.0,4.375,11.4375,4.8125],"tintindex":0,"rotation":0,"texture":"#0"},"north":{"uv":[9.875,4.875,10.3125,5.3125],"tintindex":0,"rotation":0,"texture":"#0"},"west":{"uv":[2.0,14.375,2.6875,14.8125],"tintindex":0,"rotation":0,"texture":"#0"},"up":{"uv":[2.3125,6.3125,1.875,5.625],"tintindex":0,"rotation":0,"texture":"#0"},"down":{"uv":[4.4375,14.375,4.0,15.0625],"tintindex":0,"rotation":0,"texture":"#0"}},"rotation":{"origin":[8.25,6.219864,10.730587],"angle":45.0,"axis":"x"}}]}