{"textures":{"2":"modelengine:entity/pillars"},"elements":[{"from":[7.568457,7.613015,-1.9560547],"to":[7.6871095,8.127175,-1.4814453],"faces":{"east":{"uv":[12.625,15.0625,12.65625,15.09375],"tintindex":0,"rotation":0,"texture":"#2"},"south":{"uv":[15.375,13.0625,15.3828125,13.09375],"tintindex":0,"rotation":0,"texture":"#2"},"north":{"uv":[13.0625,15.375,13.0703125,15.40625],"tintindex":0,"rotation":0,"texture":"#2"},"west":{"uv":[12.6875,15.0625,12.71875,15.09375],"tintindex":0,"rotation":0,"texture":"#2"},"up":{"uv":[13.1328125,15.40625,13.125,15.375],"tintindex":0,"rotation":0,"texture":"#2"},"down":{"uv":[15.3828125,13.125,15.375,13.15625],"tintindex":0,"rotation":0,"texture":"#2"}}},{"from":[7.766211,7.613015,-2.1538086],"to":[8.24082,8.127175,-2.0351562],"faces":{"east":{"uv":[13.1875,15.375,13.1953125,15.40625],"tintindex":0,"rotation":0,"texture":"#2"},"south":{"uv":[12.875,15.0625,12.90625,15.09375],"tintindex":0,"rotation":0,"texture":"#2"},"north":{"uv":[12.75,15.0625,12.78125,15.09375],"tintindex":0,"rotation":0,"texture":"#2"},"west":{"uv":[15.375,13.1875,15.3828125,13.21875],"tintindex":0,"rotation":0,"texture":"#2"},"up":{"uv":[13.28125,15.3828125,13.25,15.375],"tintindex":0,"rotation":0,"texture":"#2"},"down":{"uv":[15.40625,13.25,15.375,13.2578125],"tintindex":0,"rotation":0,"texture":"#2"}}},{"from":[7.8888183,8.127175,-1.4023438],"to":[8.126123,8.443582,-1.2836914],"faces":{"east":{"uv":[15.4375,11.875,15.4453125,11.894531],"tintindex":0,"rotation":0,"texture":"#2"},"south":{"uv":[15.375,3.8125,15.390625,3.8320312],"tintindex":0,"rotation":0,"texture":"#2"},"north":{"uv":[3.8125,15.375,3.828125,15.394531],"tintindex":0,"rotation":0,"texture":"#2"},"west":{"uv":[11.9375,15.4375,11.9453125,15.457031],"tintindex":0,"rotation":0,"texture":"#2"},"up":{"uv":[1.515625,15.5078125,1.5,15.5],"tintindex":0,"rotation":0,"texture":"#2"},"down":{"uv":[15.515625,1.5,15.5,1.5078125],"tintindex":0,"rotation":0,"texture":"#2"}}},{"from":[7.766211,7.613015,-1.4023438],"to":[8.24082,8.127175,-1.2836914],"faces":{"east":{"uv":[13.3125,15.375,13.3203125,15.40625],"tintindex":0,"rotation":0,"texture":"#2"},"south":{"uv":[13.0,15.0625,13.03125,15.09375],"tintindex":0,"rotation":0,"texture":"#2"},"north":{"uv":[12.9375,15.0625,12.96875,15.09375],"tintindex":0,"rotation":0,"texture":"#2"},"west":{"uv":[15.375,13.3125,15.3828125,13.34375],"tintindex":0,"rotation":0,"texture":"#2"},"up":{"uv":[13.40625,15.3828125,13.375,15.375],"tintindex":0,"rotation":0,"texture":"#2"},"down":{"uv":[15.40625,13.375,15.375,13.3828125],"tintindex":0,"rotation":0,"texture":"#2"}}},{"from":[7.6871095,7.613015,-2.0351562],"to":[8.3199215,8.443582,-1.4023438],"faces":{"east":{"uv":[14.875,2.6875,14.9140625,2.7382812],"tintindex":0,"rotation":0,"texture":"#2"},"south":{"uv":[14.875,2.75,14.9140625,2.8007812],"tintindex":0,"rotation":0,"texture":"#2"},"north":{"uv":[2.6875,14.875,2.7265625,14.925781],"tintindex":0,"rotation":0,"texture":"#2"},"west":{"uv":[2.8125,14.875,2.8515625,14.925781],"tintindex":0,"rotation":0,"texture":"#2"},"up":{"uv":[14.9765625,11.7890625,14.9375,11.75],"tintindex":0,"rotation":0,"texture":"#2"},"down":{"uv":[14.9765625,11.8125,14.9375,11.8515625],"tintindex":0,"rotation":0,"texture":"#2"}}},{"from":[8.3199215,8.127175,-1.7978516],"to":[8.399023,8.443582,-1.6396484],"faces":{"east":{"uv":[15.4375,4.25,15.449219,4.2695312],"tintindex":0,"rotation":0,"texture":"#2"},"south":{"uv":[15.5,6.375,15.503906,6.3945312],"tintindex":0,"rotation":0,"texture":"#2"},"north":{"uv":[6.375,15.5,6.3789062,15.519531],"tintindex":0,"rotation":0,"texture":"#2"},"west":{"uv":[4.3125,15.4375,4.3242188,15.457031],"tintindex":0,"rotation":0,"texture":"#2"},"up":{"uv":[8.191406,15.511719,8.1875,15.5],"tintindex":0,"rotation":0,"texture":"#2"},"down":{"uv":[15.503906,8.1875,15.5,8.199219],"tintindex":0,"rotation":0,"texture":"#2"}}},{"from":[7.8888183,8.127175,-2.1538086],"to":[8.126123,8.443582,-2.0351562],"faces":{"east":{"uv":[15.4375,11.8125,15.4453125,11.832031],"tintindex":0,"rotation":0,"texture":"#2"},"south":{"uv":[15.375,3.75,15.390625,3.7695312],"tintindex":0,"rotation":0,"texture":"#2"},"north":{"uv":[3.75,15.375,3.765625,15.394531],"tintindex":0,"rotation":0,"texture":"#2"},"west":{"uv":[11.875,15.4375,11.8828125,15.457031],"tintindex":0,"rotation":0,"texture":"#2"},"up":{"uv":[1.453125,15.5078125,1.4375,15.5],"tintindex":0,"rotation":0,"texture":"#2"},"down":{"uv":[15.515625,1.4375,15.5,1.4453125],"tintindex":0,"rotation":0,"texture":"#2"}}},{"from":[7.568457,8.127175,-1.8374023],"to":[7.6871095,8.443582,-1.6000977],"faces":{"east":{"uv":[3.6875,15.375,3.703125,15.394531],"tintindex":0,"rotation":0,"texture":"#2"},"south":{"uv":[11.8125,15.4375,11.8203125,15.457031],"tintindex":0,"rotation":0,"texture":"#2"},"north":{"uv":[15.4375,11.75,15.4453125,11.769531],"tintindex":0,"rotation":0,"texture":"#2"},"west":{"uv":[15.375,3.6875,15.390625,3.7070312],"tintindex":0,"rotation":0,"texture":"#2"},"up":{"uv":[1.3203125,15.515625,1.3125,15.5],"tintindex":0,"rotation":0,"texture":"#2"},"down":{"uv":[15.5078125,1.3125,15.5,1.328125],"tintindex":0,"rotation":0,"texture":"#2"}}},{"from":[8.3199215,7.613015,-1.8769531],"to":[8.399023,8.127175,-1.5605469],"faces":{"east":{"uv":[0.625,15.25,0.64453125,15.28125],"tintindex":0,"rotation":0,"texture":"#2"},"south":{"uv":[15.5,1.375,15.503906,1.40625],"tintindex":0,"rotation":0,"texture":"#2"},"north":{"uv":[1.375,15.5,1.3789062,15.53125],"tintindex":0,"rotation":0,"texture":"#2"},"west":{"uv":[15.25,0.625,15.269531,0.65625],"tintindex":0,"rotation":0,"texture":"#2"},"up":{"uv":[6.3164062,15.519531,6.3125,15.5],"tintindex":0,"rotation":0,"texture":"#2"},"down":{"uv":[15.503906,6.3125,15.5,6.3320312],"tintindex":0,"rotation":0,"texture":"#2"}}}]}