{"textures":{"2":"modelengine:entity/pillars"},"elements":[{"from":[6.977083,7.0118275,-2.28125],"to":[7.258333,8.230577,-1.15625],"faces":{"east":{"uv":[14.375,9.9375,14.4453125,10.015625],"tintindex":0,"rotation":0,"texture":"#2"},"south":{"uv":[14.9375,8.625,14.957031,8.703125],"tintindex":0,"rotation":0,"texture":"#2"},"north":{"uv":[8.625,14.9375,8.644531,15.015625],"tintindex":0,"rotation":0,"texture":"#2"},"west":{"uv":[14.375,10.0625,14.4453125,10.140625],"tintindex":0,"rotation":0,"texture":"#2"},"up":{"uv":[7.7070312,15.0703125,7.6875,15.0],"tintindex":0,"rotation":0,"texture":"#2"},"down":{"uv":[15.019531,7.6875,15.0,7.7578125],"tintindex":0,"rotation":0,"texture":"#2"}}},{"from":[8.758333,7.0118275,-2.09375],"to":[8.945833,8.230577,-1.34375],"faces":{"east":{"uv":[0.75,14.6875,0.796875,14.765625],"tintindex":0,"rotation":0,"texture":"#2"},"south":{"uv":[5.5,15.125,5.5117188,15.203125],"tintindex":0,"rotation":0,"texture":"#2"},"north":{"uv":[15.125,5.4375,15.136719,5.515625],"tintindex":0,"rotation":0,"texture":"#2"},"west":{"uv":[14.6875,0.75,14.734375,0.828125],"tintindex":0,"rotation":0,"texture":"#2"},"up":{"uv":[1.5117188,15.296875,1.5,15.25],"tintindex":0,"rotation":0,"texture":"#2"},"down":{"uv":[15.261719,1.5,15.25,1.546875],"tintindex":0,"rotation":0,"texture":"#2"}}},{"from":[7.258333,7.0118275,-2.46875],"to":[8.758333,8.980577,-0.96875],"faces":{"east":{"uv":[11.0,13.9375,11.09375,14.0625],"tintindex":0,"rotation":0,"texture":"#2"},"south":{"uv":[11.125,13.9375,11.21875,14.0625],"tintindex":0,"rotation":0,"texture":"#2"},"north":{"uv":[10.875,13.9375,10.96875,14.0625],"tintindex":0,"rotation":0,"texture":"#2"},"west":{"uv":[11.25,13.9375,11.34375,14.0625],"tintindex":0,"rotation":0,"texture":"#2"},"up":{"uv":[11.28125,14.15625,11.1875,14.0625],"tintindex":0,"rotation":0,"texture":"#2"},"down":{"uv":[11.40625,14.0625,11.3125,14.15625],"tintindex":0,"rotation":0,"texture":"#2"}}},{"from":[6.977083,8.230577,-2.0],"to":[7.258333,8.980577,-1.4375],"faces":{"east":{"uv":[1.125,14.9375,1.1601562,14.984375],"tintindex":0,"rotation":0,"texture":"#2"},"south":{"uv":[5.4375,15.125,5.4570312,15.171875],"tintindex":0,"rotation":0,"texture":"#2"},"north":{"uv":[15.125,5.375,15.144531,5.421875],"tintindex":0,"rotation":0,"texture":"#2"},"west":{"uv":[14.9375,1.125,14.972656,1.171875],"tintindex":0,"rotation":0,"texture":"#2"},"up":{"uv":[1.0195312,15.222656,1.0,15.1875],"tintindex":0,"rotation":0,"texture":"#2"},"down":{"uv":[15.207031,1.0,15.1875,1.0351562],"tintindex":0,"rotation":0,"texture":"#2"}}},{"from":[8.758333,8.230577,-1.90625],"to":[8.945833,8.980577,-1.53125],"faces":{"east":{"uv":[2.9375,15.0625,2.9609375,15.109375],"tintindex":0,"rotation":0,"texture":"#2"},"south":{"uv":[15.25,1.5625,15.261719,1.609375],"tintindex":0,"rotation":0,"texture":"#2"},"north":{"uv":[1.5625,15.25,1.5742188,15.296875],"tintindex":0,"rotation":0,"texture":"#2"},"west":{"uv":[15.0625,2.9375,15.0859375,2.984375],"tintindex":0,"rotation":0,"texture":"#2"},"up":{"uv":[6.0742188,15.3984375,6.0625,15.375],"tintindex":0,"rotation":0,"texture":"#2"},"down":{"uv":[15.386719,6.0625,15.375,6.0859375],"tintindex":0,"rotation":0,"texture":"#2"}}},{"from":[7.445833,7.0118275,-2.75],"to":[8.570833,8.230577,-2.46875],"faces":{"east":{"uv":[8.6875,14.9375,8.707031,15.015625],"tintindex":0,"rotation":0,"texture":"#2"},"south":{"uv":[14.375,10.3125,14.4453125,10.390625],"tintindex":0,"rotation":0,"texture":"#2"},"north":{"uv":[14.375,10.1875,14.4453125,10.265625],"tintindex":0,"rotation":0,"texture":"#2"},"west":{"uv":[8.75,14.9375,8.769531,15.015625],"tintindex":0,"rotation":0,"texture":"#2"},"up":{"uv":[7.8203125,15.019531,7.75,15.0],"tintindex":0,"rotation":0,"texture":"#2"},"down":{"uv":[15.0703125,7.8125,15.0,7.8320312],"tintindex":0,"rotation":0,"texture":"#2"}}},{"from":[7.445833,7.0118275,-0.96875],"to":[8.570833,8.230577,-0.6875],"faces":{"east":{"uv":[14.9375,8.75,14.957031,8.828125],"tintindex":0,"rotation":0,"texture":"#2"},"south":{"uv":[10.5,14.375,10.5703125,14.453125],"tintindex":0,"rotation":0,"texture":"#2"},"north":{"uv":[14.375,10.4375,14.4453125,10.515625],"tintindex":0,"rotation":0,"texture":"#2"},"west":{"uv":[8.8125,14.9375,8.832031,15.015625],"tintindex":0,"rotation":0,"texture":"#2"},"up":{"uv":[7.9453125,15.019531,7.875,15.0],"tintindex":0,"rotation":0,"texture":"#2"},"down":{"uv":[15.0703125,7.875,15.0,7.8945312],"tintindex":0,"rotation":0,"texture":"#2"}}},{"from":[7.7364583,8.230577,-0.96875],"to":[8.298958,8.980577,-0.6875],"faces":{"east":{"uv":[5.625,15.125,5.6445312,15.171875],"tintindex":0,"rotation":0,"texture":"#2"},"south":{"uv":[14.9375,1.25,14.972656,1.296875],"tintindex":0,"rotation":0,"texture":"#2"},"north":{"uv":[1.25,14.9375,1.2851562,14.984375],"tintindex":0,"rotation":0,"texture":"#2"},"west":{"uv":[15.125,5.625,15.144531,5.671875],"tintindex":0,"rotation":0,"texture":"#2"},"up":{"uv":[1.1601562,15.207031,1.125,15.1875],"tintindex":0,"rotation":0,"texture":"#2"},"down":{"uv":[15.222656,1.125,15.1875,1.1445312],"tintindex":0,"rotation":0,"texture":"#2"}}},{"from":[7.7364583,8.230577,-2.75],"to":[8.298958,8.980577,-2.46875],"faces":{"east":{"uv":[5.5625,15.125,5.5820312,15.171875],"tintindex":0,"rotation":0,"texture":"#2"},"south":{"uv":[14.9375,1.1875,14.972656,1.234375],"tintindex":0,"rotation":0,"texture":"#2"},"north":{"uv":[1.1875,14.9375,1.2226562,14.984375],"tintindex":0,"rotation":0,"texture":"#2"},"west":{"uv":[15.125,5.5625,15.144531,5.609375],"tintindex":0,"rotation":0,"texture":"#2"},"up":{"uv":[1.0976562,15.207031,1.0625,15.1875],"tintindex":0,"rotation":0,"texture":"#2"},"down":{"uv":[15.222656,1.0625,15.1875,1.0820312],"tintindex":0,"rotation":0,"texture":"#2"}}}]}