{"textures":{"2":"modelengine:entity/pillars"},"elements":[{"from":[6.977083,7.0118275,-2.28125],"to":[7.258333,8.230577,-1.15625],"faces":{"east":{"uv":[1.75,14.4375,1.8203125,14.515625],"tintindex":0,"rotation":0,"texture":"#2"},"south":{"uv":[14.9375,11.125,14.957031,11.203125],"tintindex":0,"rotation":0,"texture":"#2"},"north":{"uv":[14.9375,11.0,14.957031,11.078125],"tintindex":0,"rotation":0,"texture":"#2"},"west":{"uv":[14.4375,1.75,14.5078125,1.828125],"tintindex":0,"rotation":0,"texture":"#2"},"up":{"uv":[15.019531,10.0703125,15.0,10.0],"tintindex":0,"rotation":0,"texture":"#2"},"down":{"uv":[15.019531,10.125,15.0,10.1953125],"tintindex":0,"rotation":0,"texture":"#2"}}},{"from":[8.758333,7.0118275,-2.09375],"to":[8.945833,8.230577,-1.34375],"faces":{"east":{"uv":[1.375,14.6875,1.421875,14.765625],"tintindex":0,"rotation":0,"texture":"#2"},"south":{"uv":[7.8125,15.125,7.8242188,15.203125],"tintindex":0,"rotation":0,"texture":"#2"},"north":{"uv":[15.125,7.6875,15.136719,7.765625],"tintindex":0,"rotation":0,"texture":"#2"},"west":{"uv":[1.4375,14.6875,1.484375,14.765625],"tintindex":0,"rotation":0,"texture":"#2"},"up":{"uv":[2.3867188,15.296875,2.375,15.25],"tintindex":0,"rotation":0,"texture":"#2"},"down":{"uv":[15.261719,2.375,15.25,2.421875],"tintindex":0,"rotation":0,"texture":"#2"}}},{"from":[7.445833,7.0118275,-0.96875],"to":[8.570833,8.230577,-0.6875],"faces":{"east":{"uv":[14.9375,11.5,14.957031,11.578125],"tintindex":0,"rotation":0,"texture":"#2"},"south":{"uv":[14.4375,2.25,14.5078125,2.328125],"tintindex":0,"rotation":0,"texture":"#2"},"north":{"uv":[14.4375,2.125,14.5078125,2.203125],"tintindex":0,"rotation":0,"texture":"#2"},"west":{"uv":[14.9375,11.625,14.957031,11.703125],"tintindex":0,"rotation":0,"texture":"#2"},"up":{"uv":[15.0703125,10.332031,15.0,10.3125],"tintindex":0,"rotation":0,"texture":"#2"},"down":{"uv":[15.0703125,10.375,15.0,10.394531],"tintindex":0,"rotation":0,"texture":"#2"}}},{"from":[7.445833,7.0118275,-2.75],"to":[8.570833,8.230577,-2.46875],"faces":{"east":{"uv":[14.9375,11.25,14.957031,11.328125],"tintindex":0,"rotation":0,"texture":"#2"},"south":{"uv":[14.4375,2.0,14.5078125,2.078125],"tintindex":0,"rotation":0,"texture":"#2"},"north":{"uv":[14.4375,1.875,14.5078125,1.953125],"tintindex":0,"rotation":0,"texture":"#2"},"west":{"uv":[14.9375,11.375,14.957031,11.453125],"tintindex":0,"rotation":0,"texture":"#2"},"up":{"uv":[10.3203125,15.019531,10.25,15.0],"tintindex":0,"rotation":0,"texture":"#2"},"down":{"uv":[15.0703125,10.25,15.0,10.269531],"tintindex":0,"rotation":0,"texture":"#2"}}},{"from":[7.7364583,8.230577,-2.75],"to":[8.298958,8.980577,-2.46875],"faces":{"east":{"uv":[15.125,7.8125,15.144531,7.859375],"tintindex":0,"rotation":0,"texture":"#2"},"south":{"uv":[14.9375,2.5,14.972656,2.546875],"tintindex":0,"rotation":0,"texture":"#2"},"north":{"uv":[2.5,14.9375,2.5351562,14.984375],"tintindex":0,"rotation":0,"texture":"#2"},"west":{"uv":[7.875,15.125,7.8945312,15.171875],"tintindex":0,"rotation":0,"texture":"#2"},"up":{"uv":[4.1601562,15.207031,4.125,15.1875],"tintindex":0,"rotation":0,"texture":"#2"},"down":{"uv":[15.222656,4.125,15.1875,4.1445312],"tintindex":0,"rotation":0,"texture":"#2"}}},{"from":[6.977083,8.230577,-2.0],"to":[7.258333,8.980577,-1.4375],"faces":{"east":{"uv":[2.4375,14.9375,2.4726562,14.984375],"tintindex":0,"rotation":0,"texture":"#2"},"south":{"uv":[7.6875,15.125,7.7070312,15.171875],"tintindex":0,"rotation":0,"texture":"#2"},"north":{"uv":[15.125,7.625,15.144531,7.671875],"tintindex":0,"rotation":0,"texture":"#2"},"west":{"uv":[14.9375,2.4375,14.972656,2.484375],"tintindex":0,"rotation":0,"texture":"#2"},"up":{"uv":[4.0820312,15.222656,4.0625,15.1875],"tintindex":0,"rotation":0,"texture":"#2"},"down":{"uv":[15.207031,4.0625,15.1875,4.0976562],"tintindex":0,"rotation":0,"texture":"#2"}}},{"from":[8.758333,8.230577,-1.90625],"to":[8.945833,8.980577,-1.53125],"faces":{"east":{"uv":[3.375,15.0625,3.3984375,15.109375],"tintindex":0,"rotation":0,"texture":"#2"},"south":{"uv":[15.25,2.4375,15.261719,2.484375],"tintindex":0,"rotation":0,"texture":"#2"},"north":{"uv":[2.4375,15.25,2.4492188,15.296875],"tintindex":0,"rotation":0,"texture":"#2"},"west":{"uv":[15.0625,3.375,15.0859375,3.421875],"tintindex":0,"rotation":0,"texture":"#2"},"up":{"uv":[7.3867188,15.3984375,7.375,15.375],"tintindex":0,"rotation":0,"texture":"#2"},"down":{"uv":[15.386719,7.375,15.375,7.3984375],"tintindex":0,"rotation":0,"texture":"#2"}}},{"from":[7.258333,7.0118275,-2.46875],"to":[8.758333,8.980577,-0.96875],"faces":{"east":{"uv":[14.0,2.375,14.09375,2.5],"tintindex":0,"rotation":0,"texture":"#2"},"south":{"uv":[2.5,14.0,2.59375,14.125],"tintindex":0,"rotation":0,"texture":"#2"},"north":{"uv":[2.375,14.0,2.46875,14.125],"tintindex":0,"rotation":0,"texture":"#2"},"west":{"uv":[2.625,14.0,2.71875,14.125],"tintindex":0,"rotation":0,"texture":"#2"},"up":{"uv":[14.15625,12.53125,14.0625,12.4375],"tintindex":0,"rotation":0,"texture":"#2"},"down":{"uv":[12.65625,14.0625,12.5625,14.15625],"tintindex":0,"rotation":0,"texture":"#2"}}},{"from":[7.7364583,8.230577,-0.96875],"to":[8.298958,8.980577,-0.6875],"faces":{"east":{"uv":[15.125,7.875,15.144531,7.921875],"tintindex":0,"rotation":0,"texture":"#2"},"south":{"uv":[14.9375,2.5625,14.972656,2.609375],"tintindex":0,"rotation":0,"texture":"#2"},"north":{"uv":[2.5625,14.9375,2.5976562,14.984375],"tintindex":0,"rotation":0,"texture":"#2"},"west":{"uv":[7.9375,15.125,7.9570312,15.171875],"tintindex":0,"rotation":0,"texture":"#2"},"up":{"uv":[4.2226562,15.207031,4.1875,15.1875],"tintindex":0,"rotation":0,"texture":"#2"},"down":{"uv":[15.222656,4.1875,15.1875,4.2070312],"tintindex":0,"rotation":0,"texture":"#2"}}}]}