{"textures":{"2":"modelengine:entity/pillars"},"elements":[{"from":[7.766211,7.613015,-1.4023438],"to":[8.24082,8.127175,-1.2836914],"faces":{"east":{"uv":[10.6875,15.375,10.6953125,15.40625],"tintindex":0,"rotation":0,"texture":"#2"},"south":{"uv":[10.6875,15.0625,10.71875,15.09375],"tintindex":0,"rotation":0,"texture":"#2"},"north":{"uv":[15.0625,10.625,15.09375,10.65625],"tintindex":0,"rotation":0,"texture":"#2"},"west":{"uv":[15.375,10.6875,15.3828125,10.71875],"tintindex":0,"rotation":0,"texture":"#2"},"up":{"uv":[10.78125,15.3828125,10.75,15.375],"tintindex":0,"rotation":0,"texture":"#2"},"down":{"uv":[15.40625,10.75,15.375,10.7578125],"tintindex":0,"rotation":0,"texture":"#2"}}},{"from":[7.6871095,7.613015,-2.0351562],"to":[8.3199215,8.443582,-1.4023438],"faces":{"east":{"uv":[1.4375,14.875,1.4765625,14.925781],"tintindex":0,"rotation":0,"texture":"#2"},"south":{"uv":[14.875,1.4375,14.9140625,1.4882812],"tintindex":0,"rotation":0,"texture":"#2"},"north":{"uv":[1.375,14.875,1.4140625,14.925781],"tintindex":0,"rotation":0,"texture":"#2"},"west":{"uv":[1.5,14.875,1.5390625,14.925781],"tintindex":0,"rotation":0,"texture":"#2"},"up":{"uv":[8.9140625,14.9765625,8.875,14.9375],"tintindex":0,"rotation":0,"texture":"#2"},"down":{"uv":[14.9765625,8.875,14.9375,8.9140625],"tintindex":0,"rotation":0,"texture":"#2"}}},{"from":[7.568457,7.613015,-1.9560547],"to":[7.6871095,8.127175,-1.4814453],"faces":{"east":{"uv":[10.5,15.0625,10.53125,15.09375],"tintindex":0,"rotation":0,"texture":"#2"},"south":{"uv":[15.375,10.4375,15.3828125,10.46875],"tintindex":0,"rotation":0,"texture":"#2"},"north":{"uv":[10.4375,15.375,10.4453125,15.40625],"tintindex":0,"rotation":0,"texture":"#2"},"west":{"uv":[15.0625,10.5,15.09375,10.53125],"tintindex":0,"rotation":0,"texture":"#2"},"up":{"uv":[10.5078125,15.40625,10.5,15.375],"tintindex":0,"rotation":0,"texture":"#2"},"down":{"uv":[15.3828125,10.5,15.375,10.53125],"tintindex":0,"rotation":0,"texture":"#2"}}},{"from":[7.568457,8.127175,-1.8374023],"to":[7.6871095,8.443582,-1.6000977],"faces":{"east":{"uv":[2.375,15.375,2.390625,15.394531],"tintindex":0,"rotation":0,"texture":"#2"},"south":{"uv":[10.0625,15.4375,10.0703125,15.457031],"tintindex":0,"rotation":0,"texture":"#2"},"north":{"uv":[15.4375,10.0,15.4453125,10.019531],"tintindex":0,"rotation":0,"texture":"#2"},"west":{"uv":[15.375,2.375,15.390625,2.3945312],"tintindex":0,"rotation":0,"texture":"#2"},"up":{"uv":[15.4453125,15.015625,15.4375,15.0],"tintindex":0,"rotation":0,"texture":"#2"},"down":{"uv":[15.0703125,15.4375,15.0625,15.453125],"tintindex":0,"rotation":0,"texture":"#2"}}},{"from":[8.3199215,8.127175,-1.7978516],"to":[8.399023,8.443582,-1.6396484],"faces":{"east":{"uv":[15.4375,2.5,15.449219,2.5195312],"tintindex":0,"rotation":0,"texture":"#2"},"south":{"uv":[15.5,5.5,15.503906,5.5195312],"tintindex":0,"rotation":0,"texture":"#2"},"north":{"uv":[5.5,15.5,5.5039062,15.519531],"tintindex":0,"rotation":0,"texture":"#2"},"west":{"uv":[2.5625,15.4375,2.5742188,15.457031],"tintindex":0,"rotation":0,"texture":"#2"},"up":{"uv":[7.7539062,15.511719,7.75,15.5],"tintindex":0,"rotation":0,"texture":"#2"},"down":{"uv":[15.503906,7.75,15.5,7.7617188],"tintindex":0,"rotation":0,"texture":"#2"}}},{"from":[7.8888187,8.127175,-2.1538086],"to":[8.126123,8.443582,-2.0351562],"faces":{"east":{"uv":[15.4375,10.0625,15.4453125,10.082031],"tintindex":0,"rotation":0,"texture":"#2"},"south":{"uv":[15.375,2.4375,15.390625,2.4570312],"tintindex":0,"rotation":0,"texture":"#2"},"north":{"uv":[2.4375,15.375,2.453125,15.394531],"tintindex":0,"rotation":0,"texture":"#2"},"west":{"uv":[10.125,15.4375,10.1328125,15.457031],"tintindex":0,"rotation":0,"texture":"#2"},"up":{"uv":[15.453125,15.1328125,15.4375,15.125],"tintindex":0,"rotation":0,"texture":"#2"},"down":{"uv":[15.203125,15.4375,15.1875,15.4453125],"tintindex":0,"rotation":0,"texture":"#2"}}},{"from":[7.766211,7.613015,-2.1538086],"to":[8.24082,8.127175,-2.0351562],"faces":{"east":{"uv":[10.5625,15.375,10.5703125,15.40625],"tintindex":0,"rotation":0,"texture":"#2"},"south":{"uv":[15.0625,10.5625,15.09375,10.59375],"tintindex":0,"rotation":0,"texture":"#2"},"north":{"uv":[10.5625,15.0625,10.59375,15.09375],"tintindex":0,"rotation":0,"texture":"#2"},"west":{"uv":[15.375,10.5625,15.3828125,10.59375],"tintindex":0,"rotation":0,"texture":"#2"},"up":{"uv":[10.65625,15.3828125,10.625,15.375],"tintindex":0,"rotation":0,"texture":"#2"},"down":{"uv":[15.40625,10.625,15.375,10.6328125],"tintindex":0,"rotation":0,"texture":"#2"}}},{"from":[8.3199215,7.613015,-1.8769531],"to":[8.399023,8.127175,-1.5605469],"faces":{"east":{"uv":[0.1875,15.25,0.20703125,15.28125],"tintindex":0,"rotation":0,"texture":"#2"},"south":{"uv":[15.125,15.4375,15.128906,15.46875],"tintindex":0,"rotation":0,"texture":"#2"},"north":{"uv":[15.4375,15.0625,15.441406,15.09375],"tintindex":0,"rotation":0,"texture":"#2"},"west":{"uv":[15.25,0.1875,15.269531,0.21875],"tintindex":0,"rotation":0,"texture":"#2"},"up":{"uv":[5.4414062,15.519531,5.4375,15.5],"tintindex":0,"rotation":0,"texture":"#2"},"down":{"uv":[15.503906,5.4375,15.5,5.4570312],"tintindex":0,"rotation":0,"texture":"#2"}}},{"from":[7.8888187,8.127175,-1.4023438],"to":[8.126123,8.443582,-1.2836914],"faces":{"east":{"uv":[15.4375,10.125,15.4453125,10.144531],"tintindex":0,"rotation":0,"texture":"#2"},"south":{"uv":[15.375,2.5,15.390625,2.5195312],"tintindex":0,"rotation":0,"texture":"#2"},"north":{"uv":[2.5,15.375,2.515625,15.394531],"tintindex":0,"rotation":0,"texture":"#2"},"west":{"uv":[10.1875,15.4375,10.1953125,15.457031],"tintindex":0,"rotation":0,"texture":"#2"},"up":{"uv":[15.453125,15.1953125,15.4375,15.1875],"tintindex":0,"rotation":0,"texture":"#2"},"down":{"uv":[15.265625,15.4375,15.25,15.4453125],"tintindex":0,"rotation":0,"texture":"#2"}}}]}