{"textures":{"2":"modelengine:entity/pillars"},"elements":[{"from":[7.568457,8.127175,-1.8374023],"to":[7.6871095,8.443582,-1.6000977],"faces":{"east":{"uv":[3.5,15.375,3.515625,15.394531],"tintindex":0,"rotation":0,"texture":"#2"},"south":{"uv":[11.5625,15.4375,11.5703125,15.457031],"tintindex":0,"rotation":0,"texture":"#2"},"north":{"uv":[15.4375,11.5,15.4453125,11.519531],"tintindex":0,"rotation":0,"texture":"#2"},"west":{"uv":[15.375,3.5,15.390625,3.5195312],"tintindex":0,"rotation":0,"texture":"#2"},"up":{"uv":[1.0703125,15.515625,1.0625,15.5],"tintindex":0,"rotation":0,"texture":"#2"},"down":{"uv":[15.5078125,1.0625,15.5,1.078125],"tintindex":0,"rotation":0,"texture":"#2"}}},{"from":[7.766211,7.613015,-1.4023438],"to":[8.24082,8.127175,-1.2836914],"faces":{"east":{"uv":[12.9375,15.375,12.9453125,15.40625],"tintindex":0,"rotation":0,"texture":"#2"},"south":{"uv":[12.5625,15.0625,12.59375,15.09375],"tintindex":0,"rotation":0,"texture":"#2"},"north":{"uv":[15.0625,12.5,15.09375,12.53125],"tintindex":0,"rotation":0,"texture":"#2"},"west":{"uv":[15.375,12.9375,15.3828125,12.96875],"tintindex":0,"rotation":0,"texture":"#2"},"up":{"uv":[13.03125,15.3828125,13.0,15.375],"tintindex":0,"rotation":0,"texture":"#2"},"down":{"uv":[15.40625,13.0,15.375,13.0078125],"tintindex":0,"rotation":0,"texture":"#2"}}},{"from":[7.568457,7.613015,-1.9560547],"to":[7.6871095,8.127175,-1.4814453],"faces":{"east":{"uv":[12.3125,15.0625,12.34375,15.09375],"tintindex":0,"rotation":0,"texture":"#2"},"south":{"uv":[15.375,12.6875,15.3828125,12.71875],"tintindex":0,"rotation":0,"texture":"#2"},"north":{"uv":[12.6875,15.375,12.6953125,15.40625],"tintindex":0,"rotation":0,"texture":"#2"},"west":{"uv":[12.375,15.0625,12.40625,15.09375],"tintindex":0,"rotation":0,"texture":"#2"},"up":{"uv":[12.7578125,15.40625,12.75,15.375],"tintindex":0,"rotation":0,"texture":"#2"},"down":{"uv":[15.3828125,12.75,15.375,12.78125],"tintindex":0,"rotation":0,"texture":"#2"}}},{"from":[8.3199215,8.127175,-1.7978516],"to":[8.399023,8.443582,-1.6396484],"faces":{"east":{"uv":[15.4375,4.0,15.449219,4.0195312],"tintindex":0,"rotation":0,"texture":"#2"},"south":{"uv":[15.5,6.25,15.503906,6.2695312],"tintindex":0,"rotation":0,"texture":"#2"},"north":{"uv":[6.25,15.5,6.2539062,15.519531],"tintindex":0,"rotation":0,"texture":"#2"},"west":{"uv":[4.0625,15.4375,4.0742188,15.457031],"tintindex":0,"rotation":0,"texture":"#2"},"up":{"uv":[8.128906,15.511719,8.125,15.5],"tintindex":0,"rotation":0,"texture":"#2"},"down":{"uv":[15.503906,8.125,15.5,8.136719],"tintindex":0,"rotation":0,"texture":"#2"}}},{"from":[7.8888183,8.127175,-1.4023438],"to":[8.126123,8.443582,-1.2836914],"faces":{"east":{"uv":[15.4375,11.625,15.4453125,11.644531],"tintindex":0,"rotation":0,"texture":"#2"},"south":{"uv":[15.375,3.625,15.390625,3.6445312],"tintindex":0,"rotation":0,"texture":"#2"},"north":{"uv":[3.625,15.375,3.640625,15.394531],"tintindex":0,"rotation":0,"texture":"#2"},"west":{"uv":[11.6875,15.4375,11.6953125,15.457031],"tintindex":0,"rotation":0,"texture":"#2"},"up":{"uv":[1.265625,15.5078125,1.25,15.5],"tintindex":0,"rotation":0,"texture":"#2"},"down":{"uv":[15.515625,1.25,15.5,1.2578125],"tintindex":0,"rotation":0,"texture":"#2"}}},{"from":[7.766211,7.613015,-2.1538086],"to":[8.24082,8.127175,-2.0351562],"faces":{"east":{"uv":[12.8125,15.375,12.8203125,15.40625],"tintindex":0,"rotation":0,"texture":"#2"},"south":{"uv":[15.0625,12.4375,15.09375,12.46875],"tintindex":0,"rotation":0,"texture":"#2"},"north":{"uv":[12.4375,15.0625,12.46875,15.09375],"tintindex":0,"rotation":0,"texture":"#2"},"west":{"uv":[15.375,12.8125,15.3828125,12.84375],"tintindex":0,"rotation":0,"texture":"#2"},"up":{"uv":[12.90625,15.3828125,12.875,15.375],"tintindex":0,"rotation":0,"texture":"#2"},"down":{"uv":[15.40625,12.875,15.375,12.8828125],"tintindex":0,"rotation":0,"texture":"#2"}}},{"from":[8.3199215,7.613015,-1.8769531],"to":[8.399023,8.127175,-1.5605469],"faces":{"east":{"uv":[0.5625,15.25,0.58203125,15.28125],"tintindex":0,"rotation":0,"texture":"#2"},"south":{"uv":[15.5,1.125,15.503906,1.15625],"tintindex":0,"rotation":0,"texture":"#2"},"north":{"uv":[1.125,15.5,1.1289062,15.53125],"tintindex":0,"rotation":0,"texture":"#2"},"west":{"uv":[15.25,0.5625,15.269531,0.59375],"tintindex":0,"rotation":0,"texture":"#2"},"up":{"uv":[6.1914062,15.519531,6.1875,15.5],"tintindex":0,"rotation":0,"texture":"#2"},"down":{"uv":[15.503906,6.1875,15.5,6.2070312],"tintindex":0,"rotation":0,"texture":"#2"}}},{"from":[7.8888183,8.127175,-2.1538086],"to":[8.126123,8.443582,-2.0351562],"faces":{"east":{"uv":[15.4375,11.5625,15.4453125,11.582031],"tintindex":0,"rotation":0,"texture":"#2"},"south":{"uv":[15.375,3.5625,15.390625,3.5820312],"tintindex":0,"rotation":0,"texture":"#2"},"north":{"uv":[3.5625,15.375,3.578125,15.394531],"tintindex":0,"rotation":0,"texture":"#2"},"west":{"uv":[11.625,15.4375,11.6328125,15.457031],"tintindex":0,"rotation":0,"texture":"#2"},"up":{"uv":[1.203125,15.5078125,1.1875,15.5],"tintindex":0,"rotation":0,"texture":"#2"},"down":{"uv":[15.515625,1.1875,15.5,1.1953125],"tintindex":0,"rotation":0,"texture":"#2"}}},{"from":[7.6871095,7.613015,-2.0351562],"to":[8.3199215,8.443582,-1.4023438],"faces":{"east":{"uv":[2.5625,14.875,2.6015625,14.925781],"tintindex":0,"rotation":0,"texture":"#2"},"south":{"uv":[2.625,14.875,2.6640625,14.925781],"tintindex":0,"rotation":0,"texture":"#2"},"north":{"uv":[2.5,14.875,2.5390625,14.925781],"tintindex":0,"rotation":0,"texture":"#2"},"west":{"uv":[14.875,2.625,14.9140625,2.6757812],"tintindex":0,"rotation":0,"texture":"#2"},"up":{"uv":[14.9765625,10.9140625,14.9375,10.875],"tintindex":0,"rotation":0,"texture":"#2"},"down":{"uv":[14.9765625,10.9375,14.9375,10.9765625],"tintindex":0,"rotation":0,"texture":"#2"}}}]}