{"textures":{"2":"modelengine:entity/pillars"},"elements":[{"from":[10.654167,4.069662,-3.9624996],"to":[11.310417,8.335287,-1.3374996],"faces":{"east":{"uv":[12.0625,12.25,12.2265625,12.515625],"tintindex":0,"rotation":0,"texture":"#2"},"south":{"uv":[1.8125,14.0,1.8554688,14.265625],"tintindex":0,"rotation":0,"texture":"#2"},"north":{"uv":[0.9375,14.0,0.98046875,14.265625],"tintindex":0,"rotation":0,"texture":"#2"},"west":{"uv":[12.25,12.1875,12.4140625,12.453125],"tintindex":0,"rotation":0,"texture":"#2"},"up":{"uv":[13.605469,14.2890625,13.5625,14.125],"tintindex":0,"rotation":0,"texture":"#2"},"down":{"uv":[13.667969,14.125,13.625,14.2890625],"tintindex":0,"rotation":0,"texture":"#2"}}},{"from":[10.654167,8.335287,-3.3062496],"to":[11.310417,10.960287,-1.9937496],"faces":{"east":{"uv":[0.875,13.8125,0.95703125,13.9765625],"tintindex":0,"rotation":0,"texture":"#2"},"south":{"uv":[14.1875,1.0,14.230469,1.1640625],"tintindex":0,"rotation":0,"texture":"#2"},"north":{"uv":[13.6875,14.125,13.730469,14.2890625],"tintindex":0,"rotation":0,"texture":"#2"},"west":{"uv":[1.5,13.8125,1.5820312,13.9765625],"tintindex":0,"rotation":0,"texture":"#2"},"up":{"uv":[14.730469,5.9570312,14.6875,5.875],"tintindex":0,"rotation":0,"texture":"#2"},"down":{"uv":[5.9804688,14.6875,5.9375,14.769531],"tintindex":0,"rotation":0,"texture":"#2"}}},{"from":[7.0776043,8.335287,-6.2593746],"to":[9.046354,10.960287,-5.2749996],"faces":{"east":{"uv":[12.1875,1.0,12.25,1.1640625],"tintindex":0,"rotation":0,"texture":"#2"},"south":{"uv":[13.375,1.4375,13.5,1.6015625],"tintindex":0,"rotation":0,"texture":"#2"},"north":{"uv":[1.0,13.375,1.125,13.5390625],"tintindex":0,"rotation":0,"texture":"#2"},"west":{"uv":[12.1875,11.5625,12.25,11.7265625],"tintindex":0,"rotation":0,"texture":"#2"},"up":{"uv":[12.0625,1.25,11.9375,1.1875],"tintindex":0,"rotation":0,"texture":"#2"},"down":{"uv":[12.0625,1.4375,11.9375,1.5],"tintindex":0,"rotation":0,"texture":"#2"}}},{"from":[7.0776043,8.335287,-0.024999619],"to":[9.046354,10.960287,0.9593754],"faces":{"east":{"uv":[12.25,2.0,12.3125,2.1640625],"tintindex":0,"rotation":0,"texture":"#2"},"south":{"uv":[1.625,13.375,1.75,13.5390625],"tintindex":0,"rotation":0,"texture":"#2"},"north":{"uv":[1.5,13.375,1.625,13.5390625],"tintindex":0,"rotation":0,"texture":"#2"},"west":{"uv":[6.6875,12.375,6.75,12.5390625],"tintindex":0,"rotation":0,"texture":"#2"},"up":{"uv":[12.1875,2.25,12.0625,2.1875],"tintindex":0,"rotation":0,"texture":"#2"},"down":{"uv":[4.6875,12.0625,4.5625,12.125],"tintindex":0,"rotation":0,"texture":"#2"}}},{"from":[4.419792,4.069662,-4.6187496],"to":[5.404167,8.335287,-0.6812496],"faces":{"east":{"uv":[1.375,11.625,1.6210938,11.890625],"tintindex":0,"rotation":0,"texture":"#2"},"south":{"uv":[13.625,7.5,13.6875,7.765625],"tintindex":0,"rotation":0,"texture":"#2"},"north":{"uv":[13.625,7.1875,13.6875,7.453125],"tintindex":0,"rotation":0,"texture":"#2"},"west":{"uv":[11.625,4.125,11.871094,4.390625],"tintindex":0,"rotation":0,"texture":"#2"},"up":{"uv":[2.4375,11.996094,2.375,11.75],"tintindex":0,"rotation":0,"texture":"#2"},"down":{"uv":[10.0,12.0,9.9375,12.246094],"tintindex":0,"rotation":0,"texture":"#2"}}},{"from":[6.060417,4.069662,-6.2593746],"to":[9.997917,8.335287,-5.2749996],"faces":{"east":{"uv":[13.625,7.8125,13.6875,8.078125],"tintindex":0,"rotation":0,"texture":"#2"},"south":{"uv":[5.8125,11.625,6.0585938,11.890625],"tintindex":0,"rotation":0,"texture":"#2"},"north":{"uv":[11.625,5.5,11.871094,5.765625],"tintindex":0,"rotation":0,"texture":"#2"},"west":{"uv":[8.125,13.625,8.1875,13.890625],"tintindex":0,"rotation":0,"texture":"#2"},"up":{"uv":[13.871094,6.3125,13.625,6.25],"tintindex":0,"rotation":0,"texture":"#2"},"down":{"uv":[13.871094,9.5,13.625,9.5625],"tintindex":0,"rotation":0,"texture":"#2"}}},{"from":[6.060417,4.069662,-0.024999619],"to":[9.997917,8.335287,0.9593754],"faces":{"east":{"uv":[13.625,8.125,13.6875,8.390625],"tintindex":0,"rotation":0,"texture":"#2"},"south":{"uv":[6.0625,11.625,6.3085938,11.890625],"tintindex":0,"rotation":0,"texture":"#2"},"north":{"uv":[11.625,5.8125,11.871094,6.078125],"tintindex":0,"rotation":0,"texture":"#2"},"west":{"uv":[8.1875,13.625,8.25,13.890625],"tintindex":0,"rotation":0,"texture":"#2"},"up":{"uv":[13.933594,0.5625,13.6875,0.5],"tintindex":0,"rotation":0,"texture":"#2"},"down":{"uv":[13.933594,0.5625,13.6875,0.625],"tintindex":0,"rotation":0,"texture":"#2"}}},{"from":[5.404167,4.069662,-5.2749996],"to":[10.654167,10.960287,-0.024999619],"faces":{"east":{"uv":[0.75,9.6875,1.078125,10.1171875],"tintindex":0,"rotation":0,"texture":"#2"},"south":{"uv":[9.6875,0.875,10.015625,1.3046875],"tintindex":0,"rotation":0,"texture":"#2"},"north":{"uv":[9.6875,0.4375,10.015625,0.8671875],"tintindex":0,"rotation":0,"texture":"#2"},"west":{"uv":[3.3125,9.6875,3.640625,10.1171875],"tintindex":0,"rotation":0,"texture":"#2"},"up":{"uv":[10.328125,10.890625,10.0,10.5625],"tintindex":0,"rotation":0,"texture":"#2"},"down":{"uv":[10.703125,10.5625,10.375,10.890625],"tintindex":0,"rotation":0,"texture":"#2"}}},{"from":[4.419792,8.335287,-3.6343746],"to":[5.404167,10.960287,-1.6656246],"faces":{"east":{"uv":[13.375,0.5625,13.5,0.7265625],"tintindex":0,"rotation":0,"texture":"#2"},"south":{"uv":[0.9375,12.1875,1.0,12.3515625],"tintindex":0,"rotation":0,"texture":"#2"},"north":{"uv":[12.125,10.3125,12.1875,10.4765625],"tintindex":0,"rotation":0,"texture":"#2"},"west":{"uv":[0.875,13.375,1.0,13.5390625],"tintindex":0,"rotation":0,"texture":"#2"},"up":{"uv":[11.375,4.25,11.3125,4.125],"tintindex":0,"rotation":0,"texture":"#2"},"down":{"uv":[0.9375,11.5,0.875,11.625],"tintindex":0,"rotation":0,"texture":"#2"}}}]}