{"textures":{"2":"modelengine:entity/pillars"},"elements":[{"from":[7.851758,8.13611,-1.296875],"to":[8.168164,8.557985,-1.1386719],"faces":{"east":{"uv":[15.3125,11.1875,15.324219,11.214844],"tintindex":0,"rotation":0,"texture":"#2"},"south":{"uv":[15.25,5.0,15.269531,5.0273438],"tintindex":0,"rotation":0,"texture":"#2"},"north":{"uv":[5.0,15.25,5.0195312,15.277344],"tintindex":0,"rotation":0,"texture":"#2"},"west":{"uv":[11.25,15.3125,11.261719,15.339844],"tintindex":0,"rotation":0,"texture":"#2"},"up":{"uv":[15.457031,3.4492188,15.4375,3.4375],"tintindex":0,"rotation":0,"texture":"#2"},"down":{"uv":[3.5195312,15.4375,3.5,15.449219],"tintindex":0,"rotation":0,"texture":"#2"}}},{"from":[7.582813,7.4505644,-2.140625],"to":[8.426562,8.557985,-1.296875],"faces":{"east":{"uv":[12.75,14.625,12.8046875,14.6953125],"tintindex":0,"rotation":0,"texture":"#2"},"south":{"uv":[14.625,12.75,14.6796875,12.8203125],"tintindex":0,"rotation":0,"texture":"#2"},"north":{"uv":[12.6875,14.625,12.7421875,14.6953125],"tintindex":0,"rotation":0,"texture":"#2"},"west":{"uv":[12.875,14.625,12.9296875,14.6953125],"tintindex":0,"rotation":0,"texture":"#2"},"up":{"uv":[14.8046875,8.6171875,14.75,8.5625],"tintindex":0,"rotation":0,"texture":"#2"},"down":{"uv":[14.8046875,8.625,14.75,8.6796875],"tintindex":0,"rotation":0,"texture":"#2"}}},{"from":[7.851758,8.13611,-2.2988281],"to":[8.168164,8.557985,-2.140625],"faces":{"east":{"uv":[15.3125,11.125,15.324219,11.152344],"tintindex":0,"rotation":0,"texture":"#2"},"south":{"uv":[15.25,4.9375,15.269531,4.9648438],"tintindex":0,"rotation":0,"texture":"#2"},"north":{"uv":[4.9375,15.25,4.9570312,15.277344],"tintindex":0,"rotation":0,"texture":"#2"},"west":{"uv":[11.1875,15.3125,11.199219,15.339844],"tintindex":0,"rotation":0,"texture":"#2"},"up":{"uv":[15.457031,3.3867188,15.4375,3.375],"tintindex":0,"rotation":0,"texture":"#2"},"down":{"uv":[3.4570312,15.4375,3.4375,15.449219],"tintindex":0,"rotation":0,"texture":"#2"}}},{"from":[8.426562,7.4505644,-1.9296875],"to":[8.532031,8.13611,-1.5078125],"faces":{"east":{"uv":[0.75,15.0625,0.77734375,15.105469],"tintindex":0,"rotation":0,"texture":"#2"},"south":{"uv":[7.0,15.3125,7.0078125,15.355469],"tintindex":0,"rotation":0,"texture":"#2"},"north":{"uv":[15.3125,6.9375,15.3203125,6.9804688],"tintindex":0,"rotation":0,"texture":"#2"},"west":{"uv":[15.0625,0.75,15.089844,0.79296875],"tintindex":0,"rotation":0,"texture":"#2"},"up":{"uv":[15.4453125,7.5273438,15.4375,7.5],"tintindex":0,"rotation":0,"texture":"#2"},"down":{"uv":[7.5703125,15.4375,7.5625,15.464844],"tintindex":0,"rotation":0,"texture":"#2"}}},{"from":[8.426562,8.13611,-1.8242188],"to":[8.532031,8.557985,-1.6132812],"faces":{"east":{"uv":[15.3125,11.0625,15.324219,11.089844],"tintindex":0,"rotation":0,"texture":"#2"},"south":{"uv":[7.625,15.4375,7.6328125,15.464844],"tintindex":0,"rotation":0,"texture":"#2"},"north":{"uv":[15.4375,7.5625,15.4453125,7.5898438],"tintindex":0,"rotation":0,"texture":"#2"},"west":{"uv":[11.125,15.3125,11.136719,15.339844],"tintindex":0,"rotation":0,"texture":"#2"},"up":{"uv":[4.1953125,15.511719,4.1875,15.5],"tintindex":0,"rotation":0,"texture":"#2"},"down":{"uv":[15.5078125,4.1875,15.5,4.1992188],"tintindex":0,"rotation":0,"texture":"#2"}}},{"from":[7.6882815,7.4505644,-2.2988281],"to":[8.321094,8.13611,-2.140625],"faces":{"east":{"uv":[8.6875,15.25,8.699219,15.292969],"tintindex":0,"rotation":0,"texture":"#2"},"south":{"uv":[13.125,14.875,13.1640625,14.917969],"tintindex":0,"rotation":0,"texture":"#2"},"north":{"uv":[14.875,13.0625,14.9140625,13.105469],"tintindex":0,"rotation":0,"texture":"#2"},"west":{"uv":[15.25,8.6875,15.261719,8.730469],"tintindex":0,"rotation":0,"texture":"#2"},"up":{"uv":[14.7265625,15.261719,14.6875,15.25],"tintindex":0,"rotation":0,"texture":"#2"},"down":{"uv":[15.2890625,14.6875,15.25,14.699219],"tintindex":0,"rotation":0,"texture":"#2"}}},{"from":[7.6882815,7.4505644,-1.296875],"to":[8.321094,8.13611,-1.1386719],"faces":{"east":{"uv":[8.75,15.25,8.761719,15.292969],"tintindex":0,"rotation":0,"texture":"#2"},"south":{"uv":[13.1875,14.875,13.2265625,14.917969],"tintindex":0,"rotation":0,"texture":"#2"},"north":{"uv":[14.875,13.125,14.9140625,13.167969],"tintindex":0,"rotation":0,"texture":"#2"},"west":{"uv":[15.25,8.75,15.261719,8.792969],"tintindex":0,"rotation":0,"texture":"#2"},"up":{"uv":[14.7890625,15.261719,14.75,15.25],"tintindex":0,"rotation":0,"texture":"#2"},"down":{"uv":[15.2890625,14.75,15.25,14.761719],"tintindex":0,"rotation":0,"texture":"#2"}}},{"from":[7.4246097,7.4505644,-2.0351562],"to":[7.582813,8.13611,-1.4023438],"faces":{"east":{"uv":[14.875,13.0,14.9140625,13.042969],"tintindex":0,"rotation":0,"texture":"#2"},"south":{"uv":[15.25,8.625,15.261719,8.667969],"tintindex":0,"rotation":0,"texture":"#2"},"north":{"uv":[8.625,15.25,8.636719,15.292969],"tintindex":0,"rotation":0,"texture":"#2"},"west":{"uv":[13.0625,14.875,13.1015625,14.917969],"tintindex":0,"rotation":0,"texture":"#2"},"up":{"uv":[14.636719,15.2890625,14.625,15.25],"tintindex":0,"rotation":0,"texture":"#2"},"down":{"uv":[15.261719,14.625,15.25,14.6640625],"tintindex":0,"rotation":0,"texture":"#2"}}},{"from":[7.4246097,8.13611,-1.8769531],"to":[7.582813,8.557985,-1.5605469],"faces":{"east":{"uv":[4.875,15.25,4.8945312,15.277344],"tintindex":0,"rotation":0,"texture":"#2"},"south":{"uv":[11.0625,15.3125,11.074219,15.339844],"tintindex":0,"rotation":0,"texture":"#2"},"north":{"uv":[15.3125,11.0,15.324219,11.027344],"tintindex":0,"rotation":0,"texture":"#2"},"west":{"uv":[15.25,4.875,15.269531,4.9023438],"tintindex":0,"rotation":0,"texture":"#2"},"up":{"uv":[15.449219,3.3320312,15.4375,3.3125],"tintindex":0,"rotation":0,"texture":"#2"},"down":{"uv":[3.3867188,15.4375,3.375,15.457031],"tintindex":0,"rotation":0,"texture":"#2"}}}]}