{"textures":{"2":"modelengine:entity/pillars"},"elements":[{"from":[8.3199215,7.613015,-1.8769531],"to":[8.399023,8.127175,-1.5605469],"faces":{"east":{"uv":[0.0,15.25,0.01953125,15.28125],"tintindex":0,"rotation":0,"texture":"#2"},"south":{"uv":[14.375,15.4375,14.378906,15.46875],"tintindex":0,"rotation":0,"texture":"#2"},"north":{"uv":[15.4375,14.3125,15.441406,14.34375],"tintindex":0,"rotation":0,"texture":"#2"},"west":{"uv":[15.25,0.0,15.269531,0.03125],"tintindex":0,"rotation":0,"texture":"#2"},"up":{"uv":[5.0664062,15.519531,5.0625,15.5],"tintindex":0,"rotation":0,"texture":"#2"},"down":{"uv":[15.503906,5.0625,15.5,5.0820312],"tintindex":0,"rotation":0,"texture":"#2"}}},{"from":[7.568457,8.127175,-1.8374023],"to":[7.6871095,8.443582,-1.6000977],"faces":{"east":{"uv":[1.8125,15.375,1.828125,15.394531],"tintindex":0,"rotation":0,"texture":"#2"},"south":{"uv":[9.3125,15.4375,9.3203125,15.457031],"tintindex":0,"rotation":0,"texture":"#2"},"north":{"uv":[15.4375,9.25,15.4453125,9.269531],"tintindex":0,"rotation":0,"texture":"#2"},"west":{"uv":[15.375,1.8125,15.390625,1.8320312],"tintindex":0,"rotation":0,"texture":"#2"},"up":{"uv":[15.4453125,14.265625,15.4375,14.25],"tintindex":0,"rotation":0,"texture":"#2"},"down":{"uv":[14.3203125,15.4375,14.3125,15.453125],"tintindex":0,"rotation":0,"texture":"#2"}}},{"from":[8.3199215,8.127175,-1.7978516],"to":[8.399023,8.443582,-1.6396484],"faces":{"east":{"uv":[15.4375,1.75,15.449219,1.7695312],"tintindex":0,"rotation":0,"texture":"#2"},"south":{"uv":[15.5,5.125,15.503906,5.1445312],"tintindex":0,"rotation":0,"texture":"#2"},"north":{"uv":[5.125,15.5,5.1289062,15.519531],"tintindex":0,"rotation":0,"texture":"#2"},"west":{"uv":[1.8125,15.4375,1.8242188,15.457031],"tintindex":0,"rotation":0,"texture":"#2"},"up":{"uv":[7.5664062,15.511719,7.5625,15.5],"tintindex":0,"rotation":0,"texture":"#2"},"down":{"uv":[15.503906,7.5625,15.5,7.5742188],"tintindex":0,"rotation":0,"texture":"#2"}}},{"from":[7.766211,7.613015,-1.4023438],"to":[8.24082,8.127175,-1.2836914],"faces":{"east":{"uv":[9.5625,15.375,9.5703125,15.40625],"tintindex":0,"rotation":0,"texture":"#2"},"south":{"uv":[10.0,15.0625,10.03125,15.09375],"tintindex":0,"rotation":0,"texture":"#2"},"north":{"uv":[9.9375,15.0625,9.96875,15.09375],"tintindex":0,"rotation":0,"texture":"#2"},"west":{"uv":[15.375,9.5625,15.3828125,9.59375],"tintindex":0,"rotation":0,"texture":"#2"},"up":{"uv":[9.65625,15.3828125,9.625,15.375],"tintindex":0,"rotation":0,"texture":"#2"},"down":{"uv":[15.40625,9.625,15.375,9.6328125],"tintindex":0,"rotation":0,"texture":"#2"}}},{"from":[7.766211,7.613015,-2.1538086],"to":[8.24082,8.127175,-2.0351562],"faces":{"east":{"uv":[9.4375,15.375,9.4453125,15.40625],"tintindex":0,"rotation":0,"texture":"#2"},"south":{"uv":[9.875,15.0625,9.90625,15.09375],"tintindex":0,"rotation":0,"texture":"#2"},"north":{"uv":[9.8125,15.0625,9.84375,15.09375],"tintindex":0,"rotation":0,"texture":"#2"},"west":{"uv":[15.375,9.4375,15.3828125,9.46875],"tintindex":0,"rotation":0,"texture":"#2"},"up":{"uv":[9.53125,15.3828125,9.5,15.375],"tintindex":0,"rotation":0,"texture":"#2"},"down":{"uv":[15.40625,9.5,15.375,9.5078125],"tintindex":0,"rotation":0,"texture":"#2"}}},{"from":[7.8888183,8.127175,-1.4023438],"to":[8.126123,8.443582,-1.2836914],"faces":{"east":{"uv":[15.4375,9.375,15.4453125,9.394531],"tintindex":0,"rotation":0,"texture":"#2"},"south":{"uv":[15.375,1.9375,15.390625,1.9570312],"tintindex":0,"rotation":0,"texture":"#2"},"north":{"uv":[1.9375,15.375,1.953125,15.394531],"tintindex":0,"rotation":0,"texture":"#2"},"west":{"uv":[9.4375,15.4375,9.4453125,15.457031],"tintindex":0,"rotation":0,"texture":"#2"},"up":{"uv":[15.453125,14.4453125,15.4375,14.4375],"tintindex":0,"rotation":0,"texture":"#2"},"down":{"uv":[14.515625,15.4375,14.5,15.4453125],"tintindex":0,"rotation":0,"texture":"#2"}}},{"from":[7.8888183,8.127175,-2.1538086],"to":[8.126123,8.443582,-2.0351562],"faces":{"east":{"uv":[15.4375,9.3125,15.4453125,9.332031],"tintindex":0,"rotation":0,"texture":"#2"},"south":{"uv":[15.375,1.875,15.390625,1.8945312],"tintindex":0,"rotation":0,"texture":"#2"},"north":{"uv":[1.875,15.375,1.890625,15.394531],"tintindex":0,"rotation":0,"texture":"#2"},"west":{"uv":[9.375,15.4375,9.3828125,15.457031],"tintindex":0,"rotation":0,"texture":"#2"},"up":{"uv":[15.453125,14.3828125,15.4375,14.375],"tintindex":0,"rotation":0,"texture":"#2"},"down":{"uv":[14.453125,15.4375,14.4375,15.4453125],"tintindex":0,"rotation":0,"texture":"#2"}}},{"from":[7.568457,7.613015,-1.9560547],"to":[7.6871095,8.127175,-1.4814453],"faces":{"east":{"uv":[9.75,15.0625,9.78125,15.09375],"tintindex":0,"rotation":0,"texture":"#2"},"south":{"uv":[15.375,9.3125,15.3828125,9.34375],"tintindex":0,"rotation":0,"texture":"#2"},"north":{"uv":[9.3125,15.375,9.3203125,15.40625],"tintindex":0,"rotation":0,"texture":"#2"},"west":{"uv":[15.0625,9.75,15.09375,9.78125],"tintindex":0,"rotation":0,"texture":"#2"},"up":{"uv":[9.3828125,15.40625,9.375,15.375],"tintindex":0,"rotation":0,"texture":"#2"},"down":{"uv":[15.3828125,9.375,15.375,9.40625],"tintindex":0,"rotation":0,"texture":"#2"}}},{"from":[7.6871095,7.613015,-2.0351562],"to":[8.3199215,8.443582,-1.4023438],"faces":{"east":{"uv":[14.875,0.75,14.9140625,0.80078125],"tintindex":0,"rotation":0,"texture":"#2"},"south":{"uv":[14.875,0.8125,14.9140625,0.86328125],"tintindex":0,"rotation":0,"texture":"#2"},"north":{"uv":[0.6875,14.875,0.7265625,14.925781],"tintindex":0,"rotation":0,"texture":"#2"},"west":{"uv":[0.9375,14.875,0.9765625,14.925781],"tintindex":0,"rotation":0,"texture":"#2"},"up":{"uv":[14.9765625,7.5390625,14.9375,7.5],"tintindex":0,"rotation":0,"texture":"#2"},"down":{"uv":[14.9765625,7.5625,14.9375,7.6015625],"tintindex":0,"rotation":0,"texture":"#2"}}}]}