{"textures":{"2":"modelengine:entity/pillars"},"elements":[{"from":[8.758333,7.0118275,-2.09375],"to":[8.945833,8.230577,-1.34375],"faces":{"east":{"uv":[2.1875,14.6875,2.234375,14.765625],"tintindex":0,"rotation":0,"texture":"#2"},"south":{"uv":[9.1875,15.125,9.199219,15.203125],"tintindex":0,"rotation":0,"texture":"#2"},"north":{"uv":[15.125,9.125,15.136719,9.203125],"tintindex":0,"rotation":0,"texture":"#2"},"west":{"uv":[2.25,14.6875,2.296875,14.765625],"tintindex":0,"rotation":0,"texture":"#2"},"up":{"uv":[3.0117188,15.296875,3.0,15.25],"tintindex":0,"rotation":0,"texture":"#2"},"down":{"uv":[15.261719,3.0,15.25,3.046875],"tintindex":0,"rotation":0,"texture":"#2"}}},{"from":[6.977083,7.0118275,-2.28125],"to":[7.258333,8.230577,-1.15625],"faces":{"east":{"uv":[14.4375,4.125,14.5078125,4.203125],"tintindex":0,"rotation":0,"texture":"#2"},"south":{"uv":[13.1875,14.9375,13.207031,15.015625],"tintindex":0,"rotation":0,"texture":"#2"},"north":{"uv":[14.9375,13.125,14.957031,13.203125],"tintindex":0,"rotation":0,"texture":"#2"},"west":{"uv":[4.1875,14.4375,4.2578125,14.515625],"tintindex":0,"rotation":0,"texture":"#2"},"up":{"uv":[15.019531,11.6953125,15.0,11.625],"tintindex":0,"rotation":0,"texture":"#2"},"down":{"uv":[11.769531,15.0,11.75,15.0703125],"tintindex":0,"rotation":0,"texture":"#2"}}},{"from":[8.758333,8.230577,-1.90625],"to":[8.945833,8.980577,-1.53125],"faces":{"east":{"uv":[3.6875,15.0625,3.7109375,15.109375],"tintindex":0,"rotation":0,"texture":"#2"},"south":{"uv":[15.25,3.0625,15.261719,3.109375],"tintindex":0,"rotation":0,"texture":"#2"},"north":{"uv":[3.0625,15.25,3.0742188,15.296875],"tintindex":0,"rotation":0,"texture":"#2"},"west":{"uv":[15.0625,3.6875,15.0859375,3.734375],"tintindex":0,"rotation":0,"texture":"#2"},"up":{"uv":[8.324219,15.3984375,8.3125,15.375],"tintindex":0,"rotation":0,"texture":"#2"},"down":{"uv":[15.386719,8.3125,15.375,8.3359375],"tintindex":0,"rotation":0,"texture":"#2"}}},{"from":[7.445833,7.0118275,-2.75],"to":[8.570833,8.230577,-2.46875],"faces":{"east":{"uv":[13.25,14.9375,13.269531,15.015625],"tintindex":0,"rotation":0,"texture":"#2"},"south":{"uv":[4.3125,14.4375,4.3828125,14.515625],"tintindex":0,"rotation":0,"texture":"#2"},"north":{"uv":[14.4375,4.25,14.5078125,4.328125],"tintindex":0,"rotation":0,"texture":"#2"},"west":{"uv":[14.9375,13.25,14.957031,13.328125],"tintindex":0,"rotation":0,"texture":"#2"},"up":{"uv":[15.0703125,11.769531,15.0,11.75],"tintindex":0,"rotation":0,"texture":"#2"},"down":{"uv":[11.8828125,15.0,11.8125,15.019531],"tintindex":0,"rotation":0,"texture":"#2"}}},{"from":[7.7364583,8.230577,-2.75],"to":[8.298958,8.980577,-2.46875],"faces":{"east":{"uv":[9.25,15.125,9.269531,15.171875],"tintindex":0,"rotation":0,"texture":"#2"},"south":{"uv":[14.9375,3.4375,14.972656,3.484375],"tintindex":0,"rotation":0,"texture":"#2"},"north":{"uv":[3.4375,14.9375,3.4726562,14.984375],"tintindex":0,"rotation":0,"texture":"#2"},"west":{"uv":[15.125,9.25,15.144531,9.296875],"tintindex":0,"rotation":0,"texture":"#2"},"up":{"uv":[6.5351562,15.207031,6.5,15.1875],"tintindex":0,"rotation":0,"texture":"#2"},"down":{"uv":[15.222656,6.5,15.1875,6.5195312],"tintindex":0,"rotation":0,"texture":"#2"}}},{"from":[7.445833,7.0118275,-0.96875],"to":[8.570833,8.230577,-0.6875],"faces":{"east":{"uv":[13.3125,14.9375,13.332031,15.015625],"tintindex":0,"rotation":0,"texture":"#2"},"south":{"uv":[14.4375,4.5,14.5078125,4.578125],"tintindex":0,"rotation":0,"texture":"#2"},"north":{"uv":[14.4375,4.375,14.5078125,4.453125],"tintindex":0,"rotation":0,"texture":"#2"},"west":{"uv":[13.375,14.9375,13.394531,15.015625],"tintindex":0,"rotation":0,"texture":"#2"},"up":{"uv":[15.0703125,11.832031,15.0,11.8125],"tintindex":0,"rotation":0,"texture":"#2"},"down":{"uv":[15.0703125,11.875,15.0,11.894531],"tintindex":0,"rotation":0,"texture":"#2"}}},{"from":[7.258333,7.0118275,-2.46875],"to":[8.758333,8.980577,-0.96875],"faces":{"east":{"uv":[4.125,14.0,4.21875,14.125],"tintindex":0,"rotation":0,"texture":"#2"},"south":{"uv":[14.0,4.125,14.09375,4.25],"tintindex":0,"rotation":0,"texture":"#2"},"north":{"uv":[14.0,4.0,14.09375,4.125],"tintindex":0,"rotation":0,"texture":"#2"},"west":{"uv":[4.25,14.0,4.34375,14.125],"tintindex":0,"rotation":0,"texture":"#2"},"up":{"uv":[14.15625,13.40625,14.0625,13.3125],"tintindex":0,"rotation":0,"texture":"#2"},"down":{"uv":[14.15625,13.6875,14.0625,13.78125],"tintindex":0,"rotation":0,"texture":"#2"}}},{"from":[6.977083,8.230577,-2.0],"to":[7.258333,8.980577,-1.4375],"faces":{"east":{"uv":[3.375,14.9375,3.4101562,14.984375],"tintindex":0,"rotation":0,"texture":"#2"},"south":{"uv":[9.125,15.125,9.144531,15.171875],"tintindex":0,"rotation":0,"texture":"#2"},"north":{"uv":[15.125,9.0625,15.144531,9.109375],"tintindex":0,"rotation":0,"texture":"#2"},"west":{"uv":[14.9375,3.375,14.972656,3.421875],"tintindex":0,"rotation":0,"texture":"#2"},"up":{"uv":[6.4570312,15.222656,6.4375,15.1875],"tintindex":0,"rotation":0,"texture":"#2"},"down":{"uv":[15.207031,6.4375,15.1875,6.4726562],"tintindex":0,"rotation":0,"texture":"#2"}}},{"from":[7.7364583,8.230577,-0.96875],"to":[8.298958,8.980577,-0.6875],"faces":{"east":{"uv":[9.3125,15.125,9.332031,15.171875],"tintindex":0,"rotation":0,"texture":"#2"},"south":{"uv":[14.9375,3.5,14.972656,3.546875],"tintindex":0,"rotation":0,"texture":"#2"},"north":{"uv":[3.5,14.9375,3.5351562,14.984375],"tintindex":0,"rotation":0,"texture":"#2"},"west":{"uv":[15.125,9.3125,15.144531,9.359375],"tintindex":0,"rotation":0,"texture":"#2"},"up":{"uv":[6.5976562,15.207031,6.5625,15.1875],"tintindex":0,"rotation":0,"texture":"#2"},"down":{"uv":[15.222656,6.5625,15.1875,6.5820312],"tintindex":0,"rotation":0,"texture":"#2"}}}]}