{"textures":{"2":"modelengine:entity/pillars"},"elements":[{"from":[9.492969,8.004656,-3.0191402],"to":[9.862109,9.481218,-2.280859],"faces":{"east":{"uv":[14.5625,6.0625,14.609375,6.15625],"tintindex":0,"rotation":0,"texture":"#2"},"south":{"uv":[6.375,14.8125,6.3984375,14.90625],"tintindex":0,"rotation":0,"texture":"#2"},"north":{"uv":[6.3125,14.8125,6.3359375,14.90625],"tintindex":0,"rotation":0,"texture":"#2"},"west":{"uv":[6.125,14.5625,6.171875,14.65625],"tintindex":0,"rotation":0,"texture":"#2"},"up":{"uv":[1.6484375,15.109375,1.625,15.0625],"tintindex":0,"rotation":0,"texture":"#2"},"down":{"uv":[15.0859375,1.625,15.0625,1.671875],"tintindex":0,"rotation":0,"texture":"#2"}}},{"from":[6.908984,5.605242,-1.1734371],"to":[9.123828,8.004656,-0.6197262],"faces":{"east":{"uv":[12.25,14.4375,12.285156,14.5859375],"tintindex":0,"rotation":0,"texture":"#2"},"south":{"uv":[13.4375,7.5,13.574219,7.6484375],"tintindex":0,"rotation":0,"texture":"#2"},"north":{"uv":[13.4375,7.3125,13.574219,7.4609375],"tintindex":0,"rotation":0,"texture":"#2"},"west":{"uv":[12.3125,14.4375,12.347656,14.5859375],"tintindex":0,"rotation":0,"texture":"#2"},"up":{"uv":[14.699219,1.5351562,14.5625,1.5],"tintindex":0,"rotation":0,"texture":"#2"},"down":{"uv":[14.699219,1.5625,14.5625,1.5976562],"tintindex":0,"rotation":0,"texture":"#2"}}},{"from":[5.9861326,5.605242,-3.7574215],"to":[6.5398436,8.004656,-1.5425777],"faces":{"east":{"uv":[6.125,13.4375,6.2617188,13.5859375],"tintindex":0,"rotation":0,"texture":"#2"},"south":{"uv":[12.125,14.4375,12.160156,14.5859375],"tintindex":0,"rotation":0,"texture":"#2"},"north":{"uv":[12.0625,14.4375,12.097656,14.5859375],"tintindex":0,"rotation":0,"texture":"#2"},"west":{"uv":[13.4375,6.125,13.574219,6.2734375],"tintindex":0,"rotation":0,"texture":"#2"},"up":{"uv":[13.222656,14.636719,13.1875,14.5],"tintindex":0,"rotation":0,"texture":"#2"},"down":{"uv":[0.28515625,14.5625,0.25,14.699219],"tintindex":0,"rotation":0,"texture":"#2"}}},{"from":[5.9861326,8.004656,-3.2037106],"to":[6.5398436,9.481218,-2.0962887],"faces":{"east":{"uv":[14.1875,13.9375,14.2578125,14.03125],"tintindex":0,"rotation":0,"texture":"#2"},"south":{"uv":[8.5625,14.6875,8.597656,14.78125],"tintindex":0,"rotation":0,"texture":"#2"},"north":{"uv":[8.5,14.6875,8.535156,14.78125],"tintindex":0,"rotation":0,"texture":"#2"},"west":{"uv":[14.0,14.1875,14.0703125,14.28125],"tintindex":0,"rotation":0,"texture":"#2"},"up":{"uv":[12.785156,14.8203125,12.75,14.75],"tintindex":0,"rotation":0,"texture":"#2"},"down":{"uv":[14.785156,12.75,14.75,12.8203125],"tintindex":0,"rotation":0,"texture":"#2"}}},{"from":[9.492969,5.605242,-3.3882809],"to":[9.862109,8.004656,-1.9117184],"faces":{"east":{"uv":[13.6875,10.6875,13.78125,10.8359375],"tintindex":0,"rotation":0,"texture":"#2"},"south":{"uv":[6.625,14.6875,6.6484375,14.8359375],"tintindex":0,"rotation":0,"texture":"#2"},"north":{"uv":[14.6875,6.5,14.7109375,6.6484375],"tintindex":0,"rotation":0,"texture":"#2"},"west":{"uv":[13.6875,10.875,13.78125,11.0234375],"tintindex":0,"rotation":0,"texture":"#2"},"up":{"uv":[6.2734375,14.90625,6.25,14.8125],"tintindex":0,"rotation":0,"texture":"#2"},"down":{"uv":[14.8359375,6.25,14.8125,6.34375],"tintindex":0,"rotation":0,"texture":"#2"}}},{"from":[6.5398436,5.605242,-4.126562],"to":[9.492969,9.481218,-1.1734371],"faces":{"east":{"uv":[12.1875,7.3125,12.371094,7.5546875],"tintindex":0,"rotation":0,"texture":"#2"},"south":{"uv":[12.1875,7.5625,12.371094,7.8046875],"tintindex":0,"rotation":0,"texture":"#2"},"north":{"uv":[12.125,10.0625,12.308594,10.3046875],"tintindex":0,"rotation":0,"texture":"#2"},"west":{"uv":[12.1875,7.8125,12.371094,8.0546875],"tintindex":0,"rotation":0,"texture":"#2"},"up":{"uv":[12.871094,9.246094,12.6875,9.0625],"tintindex":0,"rotation":0,"texture":"#2"},"down":{"uv":[12.871094,9.25,12.6875,9.433594],"tintindex":0,"rotation":0,"texture":"#2"}}},{"from":[7.4811525,8.004656,-4.680273],"to":[8.588574,9.481218,-4.126562],"faces":{"east":{"uv":[14.6875,8.5625,14.722656,8.65625],"tintindex":0,"rotation":0,"texture":"#2"},"south":{"uv":[14.125,14.1875,14.1953125,14.28125],"tintindex":0,"rotation":0,"texture":"#2"},"north":{"uv":[14.1875,14.0625,14.2578125,14.15625],"tintindex":0,"rotation":0,"texture":"#2"},"west":{"uv":[8.625,14.6875,8.660156,14.78125],"tintindex":0,"rotation":0,"texture":"#2"},"up":{"uv":[12.9453125,14.785156,12.875,14.75],"tintindex":0,"rotation":0,"texture":"#2"},"down":{"uv":[14.8203125,12.875,14.75,12.910156],"tintindex":0,"rotation":0,"texture":"#2"}}},{"from":[7.4811525,8.004656,-1.1734371],"to":[8.588574,9.481218,-0.6197262],"faces":{"east":{"uv":[8.6875,14.6875,8.722656,14.78125],"tintindex":0,"rotation":0,"texture":"#2"},"south":{"uv":[14.25,0.125,14.3203125,0.21875],"tintindex":0,"rotation":0,"texture":"#2"},"north":{"uv":[14.25,0.0,14.3203125,0.09375],"tintindex":0,"rotation":0,"texture":"#2"},"west":{"uv":[14.6875,8.6875,14.722656,8.78125],"tintindex":0,"rotation":0,"texture":"#2"},"up":{"uv":[14.8203125,12.972656,14.75,12.9375],"tintindex":0,"rotation":0,"texture":"#2"},"down":{"uv":[13.0703125,14.75,13.0,14.785156],"tintindex":0,"rotation":0,"texture":"#2"}}},{"from":[6.908984,5.605242,-4.680273],"to":[9.123828,8.004656,-4.126562],"faces":{"east":{"uv":[14.4375,12.125,14.472656,12.2734375],"tintindex":0,"rotation":0,"texture":"#2"},"south":{"uv":[13.4375,7.125,13.574219,7.2734375],"tintindex":0,"rotation":0,"texture":"#2"},"north":{"uv":[13.4375,6.9375,13.574219,7.0859375],"tintindex":0,"rotation":0,"texture":"#2"},"west":{"uv":[12.1875,14.4375,12.222656,14.5859375],"tintindex":0,"rotation":0,"texture":"#2"},"up":{"uv":[14.699219,1.4101562,14.5625,1.375],"tintindex":0,"rotation":0,"texture":"#2"},"down":{"uv":[14.699219,1.4375,14.5625,1.4726562],"tintindex":0,"rotation":0,"texture":"#2"}}}]}