{"textures":{"2":"modelengine:entity/pillars"},"elements":[{"from":[7.2328124,7.2839622,-2.140625],"to":[7.44375,8.198025,-1.296875],"faces":{"east":{"uv":[14.25,1.875,14.3046875,1.9335938],"tintindex":0,"rotation":0,"texture":"#2"},"south":{"uv":[15.1875,3.8125,15.199219,3.8710938],"tintindex":0,"rotation":0,"texture":"#2"},"north":{"uv":[3.8125,15.1875,3.8242188,15.246094],"tintindex":0,"rotation":0,"texture":"#2"},"west":{"uv":[14.25,2.375,14.3046875,2.4335938],"tintindex":0,"rotation":0,"texture":"#2"},"up":{"uv":[15.199219,12.0546875,15.1875,12.0],"tintindex":0,"rotation":0,"texture":"#2"},"down":{"uv":[12.074219,15.1875,12.0625,15.2421875],"tintindex":0,"rotation":0,"texture":"#2"}}},{"from":[7.802344,8.198025,-1.15625],"to":[8.224218,8.760525,-0.9453125],"faces":{"east":{"uv":[15.3125,4.625,15.324219,4.6601562],"tintindex":0,"rotation":0,"texture":"#2"},"south":{"uv":[1.8125,15.125,1.8398438,15.160156],"tintindex":0,"rotation":0,"texture":"#2"},"north":{"uv":[15.125,1.75,15.152344,1.7851562],"tintindex":0,"rotation":0,"texture":"#2"},"west":{"uv":[4.6875,15.3125,4.6992188,15.347656],"tintindex":0,"rotation":0,"texture":"#2"},"up":{"uv":[15.339844,12.699219,15.3125,12.6875],"tintindex":0,"rotation":0,"texture":"#2"},"down":{"uv":[12.777344,15.3125,12.75,15.324219],"tintindex":0,"rotation":0,"texture":"#2"}}},{"from":[7.584375,7.2839622,-1.15625],"to":[8.428125,8.198025,-0.9453125],"faces":{"east":{"uv":[4.0,15.1875,4.0117188,15.246094],"tintindex":0,"rotation":0,"texture":"#2"},"south":{"uv":[14.25,7.0625,14.3046875,7.1210938],"tintindex":0,"rotation":0,"texture":"#2"},"north":{"uv":[14.25,5.625,14.3046875,5.6835938],"tintindex":0,"rotation":0,"texture":"#2"},"west":{"uv":[15.1875,4.0,15.199219,4.0585938],"tintindex":0,"rotation":0,"texture":"#2"},"up":{"uv":[15.2421875,12.136719,15.1875,12.125],"tintindex":0,"rotation":0,"texture":"#2"},"down":{"uv":[12.2421875,15.1875,12.1875,15.199219],"tintindex":0,"rotation":0,"texture":"#2"}}},{"from":[7.2328124,8.198025,-1.9296875],"to":[7.44375,8.760525,-1.5078125],"faces":{"east":{"uv":[15.125,1.625,15.152344,1.6601562],"tintindex":0,"rotation":0,"texture":"#2"},"south":{"uv":[4.5625,15.3125,4.5742188,15.347656],"tintindex":0,"rotation":0,"texture":"#2"},"north":{"uv":[15.3125,4.5,15.324219,4.5351562],"tintindex":0,"rotation":0,"texture":"#2"},"west":{"uv":[1.6875,15.125,1.7148438,15.160156],"tintindex":0,"rotation":0,"texture":"#2"},"up":{"uv":[15.324219,12.589844,15.3125,12.5625],"tintindex":0,"rotation":0,"texture":"#2"},"down":{"uv":[12.636719,15.3125,12.625,15.339844],"tintindex":0,"rotation":0,"texture":"#2"}}},{"from":[8.56875,8.198025,-1.859375],"to":[8.709375,8.760525,-1.578125],"faces":{"east":{"uv":[3.875,15.1875,3.8945312,15.222656],"tintindex":0,"rotation":0,"texture":"#2"},"south":{"uv":[15.375,7.3125,15.3828125,7.3476562],"tintindex":0,"rotation":0,"texture":"#2"},"north":{"uv":[7.3125,15.375,7.3203125,15.410156],"tintindex":0,"rotation":0,"texture":"#2"},"west":{"uv":[15.1875,3.875,15.207031,3.9101562],"tintindex":0,"rotation":0,"texture":"#2"},"up":{"uv":[15.4453125,11.707031,15.4375,11.6875],"tintindex":0,"rotation":0,"texture":"#2"},"down":{"uv":[11.7578125,15.4375,11.75,15.457031],"tintindex":0,"rotation":0,"texture":"#2"}}},{"from":[8.56875,7.2839622,-2.0],"to":[8.709375,8.198025,-1.4375],"faces":{"east":{"uv":[14.3125,14.8125,14.347656,14.871094],"tintindex":0,"rotation":0,"texture":"#2"},"south":{"uv":[0.3125,15.3125,0.3203125,15.371094],"tintindex":0,"rotation":0,"texture":"#2"},"north":{"uv":[15.3125,0.25,15.3203125,0.30859375],"tintindex":0,"rotation":0,"texture":"#2"},"west":{"uv":[14.375,14.8125,14.410156,14.871094],"tintindex":0,"rotation":0,"texture":"#2"},"up":{"uv":[7.2578125,15.410156,7.25,15.375],"tintindex":0,"rotation":0,"texture":"#2"},"down":{"uv":[15.3828125,7.25,15.375,7.2851562],"tintindex":0,"rotation":0,"texture":"#2"}}},{"from":[7.584375,7.2839622,-2.4921875],"to":[8.428125,8.198025,-2.28125],"faces":{"east":{"uv":[3.9375,15.1875,3.9492188,15.246094],"tintindex":0,"rotation":0,"texture":"#2"},"south":{"uv":[14.25,5.1875,14.3046875,5.2460938],"tintindex":0,"rotation":0,"texture":"#2"},"north":{"uv":[14.25,3.0,14.3046875,3.0585938],"tintindex":0,"rotation":0,"texture":"#2"},"west":{"uv":[15.1875,3.9375,15.199219,3.9960938],"tintindex":0,"rotation":0,"texture":"#2"},"up":{"uv":[15.2421875,12.074219,15.1875,12.0625],"tintindex":0,"rotation":0,"texture":"#2"},"down":{"uv":[12.1796875,15.1875,12.125,15.199219],"tintindex":0,"rotation":0,"texture":"#2"}}},{"from":[7.44375,7.2839622,-2.28125],"to":[8.56875,8.760525,-1.15625],"faces":{"east":{"uv":[7.9375,14.3125,8.0078125,14.40625],"tintindex":0,"rotation":0,"texture":"#2"},"south":{"uv":[8.0625,14.3125,8.1328125,14.40625],"tintindex":0,"rotation":0,"texture":"#2"},"north":{"uv":[7.8125,14.3125,7.8828125,14.40625],"tintindex":0,"rotation":0,"texture":"#2"},"west":{"uv":[8.1875,14.3125,8.2578125,14.40625],"tintindex":0,"rotation":0,"texture":"#2"},"up":{"uv":[14.5703125,13.8828125,14.5,13.8125],"tintindex":0,"rotation":0,"texture":"#2"},"down":{"uv":[13.9453125,14.5,13.875,14.5703125],"tintindex":0,"rotation":0,"texture":"#2"}}},{"from":[7.802344,8.198025,-2.4921875],"to":[8.224218,8.760525,-2.28125],"faces":{"east":{"uv":[15.3125,4.5625,15.324219,4.5976562],"tintindex":0,"rotation":0,"texture":"#2"},"south":{"uv":[1.75,15.125,1.7773438,15.160156],"tintindex":0,"rotation":0,"texture":"#2"},"north":{"uv":[15.125,1.6875,15.152344,1.7226562],"tintindex":0,"rotation":0,"texture":"#2"},"west":{"uv":[4.625,15.3125,4.6367188,15.347656],"tintindex":0,"rotation":0,"texture":"#2"},"up":{"uv":[15.339844,12.636719,15.3125,12.625],"tintindex":0,"rotation":0,"texture":"#2"},"down":{"uv":[12.714844,15.3125,12.6875,15.324219],"tintindex":0,"rotation":0,"texture":"#2"}}}]}