{"textures":{"2":"modelengine:entity/pillars"},"elements":[{"from":[9.4929695,8.004656,-3.0191402],"to":[9.86211,9.481218,-2.280859],"faces":{"east":{"uv":[8.5,14.5625,8.546875,14.65625],"tintindex":0,"rotation":0,"texture":"#2"},"south":{"uv":[8.3125,14.8125,8.3359375,14.90625],"tintindex":0,"rotation":0,"texture":"#2"},"north":{"uv":[14.8125,8.25,14.8359375,8.34375],"tintindex":0,"rotation":0,"texture":"#2"},"west":{"uv":[14.5625,8.5,14.609375,8.59375],"tintindex":0,"rotation":0,"texture":"#2"},"up":{"uv":[1.9609375,15.109375,1.9375,15.0625],"tintindex":0,"rotation":0,"texture":"#2"},"down":{"uv":[15.0859375,1.9375,15.0625,1.984375],"tintindex":0,"rotation":0,"texture":"#2"}}},{"from":[6.908985,5.605242,-4.680273],"to":[9.123829,8.004656,-4.126562],"faces":{"east":{"uv":[0.5,14.5,0.53515625,14.6484375],"tintindex":0,"rotation":0,"texture":"#2"},"south":{"uv":[13.4375,12.125,13.574219,12.2734375],"tintindex":0,"rotation":0,"texture":"#2"},"north":{"uv":[13.4375,11.9375,13.574219,12.0859375],"tintindex":0,"rotation":0,"texture":"#2"},"west":{"uv":[0.6875,14.5,0.72265625,14.6484375],"tintindex":0,"rotation":0,"texture":"#2"},"up":{"uv":[3.3242188,14.597656,3.1875,14.5625],"tintindex":0,"rotation":0,"texture":"#2"},"down":{"uv":[14.699219,3.3125,14.5625,3.3476562],"tintindex":0,"rotation":0,"texture":"#2"}}},{"from":[9.4929695,5.605242,-3.3882809],"to":[9.86211,8.004656,-1.9117184],"faces":{"east":{"uv":[13.75,4.0,13.84375,4.1484375],"tintindex":0,"rotation":0,"texture":"#2"},"south":{"uv":[14.6875,7.25,14.7109375,7.3984375],"tintindex":0,"rotation":0,"texture":"#2"},"north":{"uv":[7.125,14.6875,7.1484375,14.8359375],"tintindex":0,"rotation":0,"texture":"#2"},"west":{"uv":[13.75,4.1875,13.84375,4.3359375],"tintindex":0,"rotation":0,"texture":"#2"},"up":{"uv":[8.2109375,14.90625,8.1875,14.8125],"tintindex":0,"rotation":0,"texture":"#2"},"down":{"uv":[8.2734375,14.8125,8.25,14.90625],"tintindex":0,"rotation":0,"texture":"#2"}}},{"from":[7.4811516,8.004656,-4.680273],"to":[8.588573,9.481218,-4.126562],"faces":{"east":{"uv":[10.9375,14.6875,10.972656,14.78125],"tintindex":0,"rotation":0,"texture":"#2"},"south":{"uv":[14.25,5.0625,14.3203125,5.15625],"tintindex":0,"rotation":0,"texture":"#2"},"north":{"uv":[5.0,14.25,5.0703125,14.34375],"tintindex":0,"rotation":0,"texture":"#2"},"west":{"uv":[14.6875,10.9375,14.722656,11.03125],"tintindex":0,"rotation":0,"texture":"#2"},"up":{"uv":[14.3203125,14.785156,14.25,14.75],"tintindex":0,"rotation":0,"texture":"#2"},"down":{"uv":[14.8203125,14.3125,14.75,14.347656],"tintindex":0,"rotation":0,"texture":"#2"}}},{"from":[5.9861336,5.605242,-3.7574215],"to":[6.5398445,8.004656,-1.5425777],"faces":{"east":{"uv":[13.4375,11.75,13.574219,11.8984375],"tintindex":0,"rotation":0,"texture":"#2"},"south":{"uv":[0.4375,14.5,0.47265625,14.6484375],"tintindex":0,"rotation":0,"texture":"#2"},"north":{"uv":[0.375,14.5,0.41015625,14.6484375],"tintindex":0,"rotation":0,"texture":"#2"},"west":{"uv":[11.9375,13.4375,12.074219,13.5859375],"tintindex":0,"rotation":0,"texture":"#2"},"up":{"uv":[3.1601562,14.699219,3.125,14.5625],"tintindex":0,"rotation":0,"texture":"#2"},"down":{"uv":[14.597656,3.125,14.5625,3.2617188],"tintindex":0,"rotation":0,"texture":"#2"}}},{"from":[5.9861336,8.004656,-3.2037106],"to":[6.5398445,9.481218,-2.0962887],"faces":{"east":{"uv":[4.875,14.25,4.9453125,14.34375],"tintindex":0,"rotation":0,"texture":"#2"},"south":{"uv":[10.875,14.6875,10.910156,14.78125],"tintindex":0,"rotation":0,"texture":"#2"},"north":{"uv":[14.6875,10.8125,14.722656,10.90625],"tintindex":0,"rotation":0,"texture":"#2"},"west":{"uv":[14.25,4.9375,14.3203125,5.03125],"tintindex":0,"rotation":0,"texture":"#2"},"up":{"uv":[14.222656,14.8203125,14.1875,14.75],"tintindex":0,"rotation":0,"texture":"#2"},"down":{"uv":[14.785156,14.1875,14.75,14.2578125],"tintindex":0,"rotation":0,"texture":"#2"}}},{"from":[7.4811516,8.004656,-1.1734371],"to":[8.588573,9.481218,-0.6197262],"faces":{"east":{"uv":[11.0,14.6875,11.035156,14.78125],"tintindex":0,"rotation":0,"texture":"#2"},"south":{"uv":[5.25,14.25,5.3203125,14.34375],"tintindex":0,"rotation":0,"texture":"#2"},"north":{"uv":[5.125,14.25,5.1953125,14.34375],"tintindex":0,"rotation":0,"texture":"#2"},"west":{"uv":[14.6875,11.0625,14.722656,11.15625],"tintindex":0,"rotation":0,"texture":"#2"},"up":{"uv":[14.4453125,14.785156,14.375,14.75],"tintindex":0,"rotation":0,"texture":"#2"},"down":{"uv":[14.8203125,14.375,14.75,14.410156],"tintindex":0,"rotation":0,"texture":"#2"}}},{"from":[6.5398445,5.605242,-4.126562],"to":[9.4929695,9.481218,-1.1734371],"faces":{"east":{"uv":[12.25,3.1875,12.433594,3.4296875],"tintindex":0,"rotation":0,"texture":"#2"},"south":{"uv":[12.25,3.4375,12.433594,3.6796875],"tintindex":0,"rotation":0,"texture":"#2"},"north":{"uv":[12.25,2.9375,12.433594,3.1796875],"tintindex":0,"rotation":0,"texture":"#2"},"west":{"uv":[12.25,3.6875,12.433594,3.9296875],"tintindex":0,"rotation":0,"texture":"#2"},"up":{"uv":[1.4960938,12.933594,1.3125,12.75],"tintindex":0,"rotation":0,"texture":"#2"},"down":{"uv":[12.933594,1.3125,12.75,1.4960938],"tintindex":0,"rotation":0,"texture":"#2"}}},{"from":[6.908985,5.605242,-1.1734371],"to":[9.123829,8.004656,-0.6197262],"faces":{"east":{"uv":[0.75,14.5,0.78515625,14.6484375],"tintindex":0,"rotation":0,"texture":"#2"},"south":{"uv":[12.375,13.4375,12.511719,13.5859375],"tintindex":0,"rotation":0,"texture":"#2"},"north":{"uv":[13.4375,12.3125,13.574219,12.4609375],"tintindex":0,"rotation":0,"texture":"#2"},"west":{"uv":[1.0,14.5,1.0351562,14.6484375],"tintindex":0,"rotation":0,"texture":"#2"},"up":{"uv":[3.5117188,14.597656,3.375,14.5625],"tintindex":0,"rotation":0,"texture":"#2"},"down":{"uv":[14.699219,3.375,14.5625,3.4101562],"tintindex":0,"rotation":0,"texture":"#2"}}}]}