{"textures":{"2":"modelengine:entity/pillars"},"elements":[{"from":[3.5493526,3.2638245,5.552597],"to":[4.773054,8.566528,10.447403],"faces":{"east":{"uv":[10.75,5.5,11.0546875,5.8320312],"tintindex":0,"rotation":0,"texture":"#2"},"south":{"uv":[13.0625,4.5,13.140625,4.8320312],"tintindex":0,"rotation":0,"texture":"#2"},"north":{"uv":[13.0625,4.125,13.140625,4.4570312],"tintindex":0,"rotation":0,"texture":"#2"},"west":{"uv":[10.75,7.875,11.0546875,8.207031],"tintindex":0,"rotation":0,"texture":"#2"},"up":{"uv":[5.953125,13.5546875,5.875,13.25],"tintindex":0,"rotation":0,"texture":"#2"},"down":{"uv":[6.078125,13.25,6.0,13.5546875],"tintindex":0,"rotation":0,"texture":"#2"}}},{"from":[6.853346,8.566528,11.263203],"to":[9.300749,11.829731,12.486904],"faces":{"east":{"uv":[13.3125,13.625,13.390625,13.828125],"tintindex":0,"rotation":0,"texture":"#2"},"south":{"uv":[8.75,12.75,8.902344,12.953125],"tintindex":0,"rotation":0,"texture":"#2"},"north":{"uv":[8.5625,12.75,8.714844,12.953125],"tintindex":0,"rotation":0,"texture":"#2"},"west":{"uv":[13.625,13.375,13.703125,13.578125],"tintindex":0,"rotation":0,"texture":"#2"},"up":{"uv":[14.027344,11.890625,13.875,11.8125],"tintindex":0,"rotation":0,"texture":"#2"},"down":{"uv":[14.027344,11.9375,13.875,12.015625],"tintindex":0,"rotation":0,"texture":"#2"}}},{"from":[5.588854,3.2638245,11.263203],"to":[10.48366,8.566528,12.486904],"faces":{"east":{"uv":[13.0625,5.25,13.140625,5.5820312],"tintindex":0,"rotation":0,"texture":"#2"},"south":{"uv":[10.75,9.0,11.0546875,9.332031],"tintindex":0,"rotation":0,"texture":"#2"},"north":{"uv":[10.75,8.625,11.0546875,8.957031],"tintindex":0,"rotation":0,"texture":"#2"},"west":{"uv":[5.375,13.0625,5.453125,13.394531],"tintindex":0,"rotation":0,"texture":"#2"},"up":{"uv":[13.5546875,5.765625,13.25,5.6875],"tintindex":0,"rotation":0,"texture":"#2"},"down":{"uv":[7.1171875,13.25,6.8125,13.328125],"tintindex":0,"rotation":0,"texture":"#2"}}},{"from":[4.773054,3.2638245,4.7367973],"to":[11.299459,11.829731,11.263203],"faces":{"east":{"uv":[8.4375,7.9375,8.84375,8.472656],"tintindex":0,"rotation":0,"texture":"#2"},"south":{"uv":[8.5,0.625,8.90625,1.1601562],"tintindex":0,"rotation":0,"texture":"#2"},"north":{"uv":[8.4375,7.375,8.84375,7.9101562],"tintindex":0,"rotation":0,"texture":"#2"},"west":{"uv":[8.5,1.1875,8.90625,1.7226562],"tintindex":0,"rotation":0,"texture":"#2"},"up":{"uv":[7.03125,9.65625,6.625,9.25],"tintindex":0,"rotation":0,"texture":"#2"},"down":{"uv":[9.03125,9.25,8.625,9.65625],"tintindex":0,"rotation":0,"texture":"#2"}}},{"from":[6.853346,8.566528,3.5130959],"to":[9.300749,11.829731,4.7367973],"faces":{"east":{"uv":[12.9375,13.625,13.015625,13.828125],"tintindex":0,"rotation":0,"texture":"#2"},"south":{"uv":[12.75,8.5,12.902344,8.703125],"tintindex":0,"rotation":0,"texture":"#2"},"north":{"uv":[8.375,12.75,8.527344,12.953125],"tintindex":0,"rotation":0,"texture":"#2"},"west":{"uv":[13.625,13.125,13.703125,13.328125],"tintindex":0,"rotation":0,"texture":"#2"},"up":{"uv":[14.027344,11.765625,13.875,11.6875],"tintindex":0,"rotation":0,"texture":"#2"},"down":{"uv":[11.964844,13.875,11.8125,13.953125],"tintindex":0,"rotation":0,"texture":"#2"}}},{"from":[11.299459,3.2638245,6.3683968],"to":[12.115261,8.566528,9.631599],"faces":{"east":{"uv":[11.5,7.6875,11.703125,8.019531],"tintindex":0,"rotation":0,"texture":"#2"},"south":{"uv":[8.6875,13.5625,8.738281,13.894531],"tintindex":0,"rotation":0,"texture":"#2"},"north":{"uv":[7.875,13.5625,7.9257812,13.894531],"tintindex":0,"rotation":0,"texture":"#2"},"west":{"uv":[7.875,11.5,8.078125,11.832031],"tintindex":0,"rotation":0,"texture":"#2"},"up":{"uv":[13.925781,14.203125,13.875,14.0],"tintindex":0,"rotation":0,"texture":"#2"},"down":{"uv":[13.988281,14.0,13.9375,14.203125],"tintindex":0,"rotation":0,"texture":"#2"}}},{"from":[11.299459,8.566528,7.1841965],"to":[12.115261,11.829731,8.8158],"faces":{"east":{"uv":[13.3125,7.5625,13.4140625,7.765625],"tintindex":0,"rotation":0,"texture":"#2"},"south":{"uv":[0.0,14.0625,0.05078125,14.265625],"tintindex":0,"rotation":0,"texture":"#2"},"north":{"uv":[14.0,13.9375,14.050781,14.140625],"tintindex":0,"rotation":0,"texture":"#2"},"west":{"uv":[13.3125,7.8125,13.4140625,8.015625],"tintindex":0,"rotation":0,"texture":"#2"},"up":{"uv":[2.9257812,14.6015625,2.875,14.5],"tintindex":0,"rotation":0,"texture":"#2"},"down":{"uv":[4.5507812,14.5,4.5,14.6015625],"tintindex":0,"rotation":0,"texture":"#2"}}},{"from":[3.5493526,8.566528,6.7762985],"to":[4.773054,11.829731,9.2237015],"faces":{"east":{"uv":[8.1875,12.75,8.339844,12.953125],"tintindex":0,"rotation":0,"texture":"#2"},"south":{"uv":[13.625,12.875,13.703125,13.078125],"tintindex":0,"rotation":0,"texture":"#2"},"north":{"uv":[13.625,12.625,13.703125,12.828125],"tintindex":0,"rotation":0,"texture":"#2"},"west":{"uv":[12.75,8.25,12.902344,8.453125],"tintindex":0,"rotation":0,"texture":"#2"},"up":{"uv":[13.953125,11.464844,13.875,11.3125],"tintindex":0,"rotation":0,"texture":"#2"},"down":{"uv":[13.953125,11.5,13.875,11.652344],"tintindex":0,"rotation":0,"texture":"#2"}}},{"from":[5.588854,3.2638245,3.5130959],"to":[10.48366,8.566528,4.7367973],"faces":{"east":{"uv":[13.0625,4.875,13.140625,5.2070312],"tintindex":0,"rotation":0,"texture":"#2"},"south":{"uv":[10.75,8.25,11.0546875,8.582031],"tintindex":0,"rotation":0,"texture":"#2"},"north":{"uv":[7.9375,10.75,8.2421875,11.082031],"tintindex":0,"rotation":0,"texture":"#2"},"west":{"uv":[5.25,13.0625,5.328125,13.394531],"tintindex":0,"rotation":0,"texture":"#2"},"up":{"uv":[13.3671875,9.640625,13.0625,9.5625],"tintindex":0,"rotation":0,"texture":"#2"},"down":{"uv":[13.4296875,10.3125,13.125,10.390625],"tintindex":0,"rotation":0,"texture":"#2"}}}]}