{"textures":{"2":"modelengine:entity/pillars"},"elements":[{"from":[7.766211,7.613015,-2.1538086],"to":[8.24082,8.127175,-2.0351562],"faces":{"east":{"uv":[15.4375,0.0,15.4453125,0.03125],"tintindex":0,"rotation":0,"texture":"#2"},"south":{"uv":[15.0625,14.375,15.09375,14.40625],"tintindex":0,"rotation":0,"texture":"#2"},"north":{"uv":[14.375,15.0625,14.40625,15.09375],"tintindex":0,"rotation":0,"texture":"#2"},"west":{"uv":[0.0625,15.4375,0.0703125,15.46875],"tintindex":0,"rotation":0,"texture":"#2"},"up":{"uv":[15.46875,0.0703125,15.4375,0.0625],"tintindex":0,"rotation":0,"texture":"#2"},"down":{"uv":[0.15625,15.4375,0.125,15.4453125],"tintindex":0,"rotation":0,"texture":"#2"}}},{"from":[7.8888187,8.127175,-2.1538086],"to":[8.126123,8.443582,-2.0351562],"faces":{"east":{"uv":[15.4375,13.3125,15.4453125,13.332031],"tintindex":0,"rotation":0,"texture":"#2"},"south":{"uv":[15.375,4.875,15.390625,4.8945312],"tintindex":0,"rotation":0,"texture":"#2"},"north":{"uv":[4.875,15.375,4.890625,15.394531],"tintindex":0,"rotation":0,"texture":"#2"},"west":{"uv":[13.375,15.4375,13.3828125,15.457031],"tintindex":0,"rotation":0,"texture":"#2"},"up":{"uv":[2.953125,15.5078125,2.9375,15.5],"tintindex":0,"rotation":0,"texture":"#2"},"down":{"uv":[15.515625,2.9375,15.5,2.9453125],"tintindex":0,"rotation":0,"texture":"#2"}}},{"from":[7.568457,8.127175,-1.8374023],"to":[7.6871095,8.443582,-1.6000977],"faces":{"east":{"uv":[4.8125,15.375,4.828125,15.394531],"tintindex":0,"rotation":0,"texture":"#2"},"south":{"uv":[13.3125,15.4375,13.3203125,15.457031],"tintindex":0,"rotation":0,"texture":"#2"},"north":{"uv":[15.4375,13.25,15.4453125,13.269531],"tintindex":0,"rotation":0,"texture":"#2"},"west":{"uv":[15.375,4.8125,15.390625,4.8320312],"tintindex":0,"rotation":0,"texture":"#2"},"up":{"uv":[2.8203125,15.515625,2.8125,15.5],"tintindex":0,"rotation":0,"texture":"#2"},"down":{"uv":[15.5078125,2.8125,15.5,2.828125],"tintindex":0,"rotation":0,"texture":"#2"}}},{"from":[7.766211,7.613015,-1.4023438],"to":[8.24082,8.127175,-1.2836914],"faces":{"east":{"uv":[15.4375,0.125,15.4453125,0.15625],"tintindex":0,"rotation":0,"texture":"#2"},"south":{"uv":[15.0625,14.4375,15.09375,14.46875],"tintindex":0,"rotation":0,"texture":"#2"},"north":{"uv":[14.4375,15.0625,14.46875,15.09375],"tintindex":0,"rotation":0,"texture":"#2"},"west":{"uv":[0.1875,15.4375,0.1953125,15.46875],"tintindex":0,"rotation":0,"texture":"#2"},"up":{"uv":[15.46875,0.1953125,15.4375,0.1875],"tintindex":0,"rotation":0,"texture":"#2"},"down":{"uv":[0.28125,15.4375,0.25,15.4453125],"tintindex":0,"rotation":0,"texture":"#2"}}},{"from":[8.3199215,7.613015,-1.8769531],"to":[8.399023,8.127175,-1.5605469],"faces":{"east":{"uv":[1.0,15.25,1.0195312,15.28125],"tintindex":0,"rotation":0,"texture":"#2"},"south":{"uv":[15.5,2.875,15.503906,2.90625],"tintindex":0,"rotation":0,"texture":"#2"},"north":{"uv":[2.875,15.5,2.8789062,15.53125],"tintindex":0,"rotation":0,"texture":"#2"},"west":{"uv":[15.25,1.0,15.269531,1.03125],"tintindex":0,"rotation":0,"texture":"#2"},"up":{"uv":[7.0664062,15.519531,7.0625,15.5],"tintindex":0,"rotation":0,"texture":"#2"},"down":{"uv":[15.503906,7.0625,15.5,7.0820312],"tintindex":0,"rotation":0,"texture":"#2"}}},{"from":[7.8888187,8.127175,-1.4023438],"to":[8.126123,8.443582,-1.2836914],"faces":{"east":{"uv":[15.4375,13.375,15.4453125,13.394531],"tintindex":0,"rotation":0,"texture":"#2"},"south":{"uv":[15.375,4.9375,15.390625,4.9570312],"tintindex":0,"rotation":0,"texture":"#2"},"north":{"uv":[4.9375,15.375,4.953125,15.394531],"tintindex":0,"rotation":0,"texture":"#2"},"west":{"uv":[13.4375,15.4375,13.4453125,15.457031],"tintindex":0,"rotation":0,"texture":"#2"},"up":{"uv":[3.015625,15.5078125,3.0,15.5],"tintindex":0,"rotation":0,"texture":"#2"},"down":{"uv":[15.515625,3.0,15.5,3.0078125],"tintindex":0,"rotation":0,"texture":"#2"}}},{"from":[7.6871095,7.613015,-2.0351562],"to":[8.3199215,8.443582,-1.4023438],"faces":{"east":{"uv":[3.6875,14.875,3.7265625,14.925781],"tintindex":0,"rotation":0,"texture":"#2"},"south":{"uv":[3.75,14.875,3.7890625,14.925781],"tintindex":0,"rotation":0,"texture":"#2"},"north":{"uv":[3.625,14.875,3.6640625,14.925781],"tintindex":0,"rotation":0,"texture":"#2"},"west":{"uv":[14.875,3.75,14.9140625,3.8007812],"tintindex":0,"rotation":0,"texture":"#2"},"up":{"uv":[14.9765625,13.7265625,14.9375,13.6875],"tintindex":0,"rotation":0,"texture":"#2"},"down":{"uv":[13.7890625,14.9375,13.75,14.9765625],"tintindex":0,"rotation":0,"texture":"#2"}}},{"from":[7.568457,7.613015,-1.9560547],"to":[7.6871095,8.127175,-1.4814453],"faces":{"east":{"uv":[14.3125,15.0625,14.34375,15.09375],"tintindex":0,"rotation":0,"texture":"#2"},"south":{"uv":[15.375,15.3125,15.3828125,15.34375],"tintindex":0,"rotation":0,"texture":"#2"},"north":{"uv":[15.3125,15.375,15.3203125,15.40625],"tintindex":0,"rotation":0,"texture":"#2"},"west":{"uv":[15.0625,14.3125,15.09375,14.34375],"tintindex":0,"rotation":0,"texture":"#2"},"up":{"uv":[15.3828125,15.40625,15.375,15.375],"tintindex":0,"rotation":0,"texture":"#2"},"down":{"uv":[0.0078125,15.4375,0.0,15.46875],"tintindex":0,"rotation":0,"texture":"#2"}}},{"from":[8.3199215,8.127175,-1.7978516],"to":[8.399023,8.443582,-1.6396484],"faces":{"east":{"uv":[15.4375,5.75,15.449219,5.7695312],"tintindex":0,"rotation":0,"texture":"#2"},"south":{"uv":[15.5,7.125,15.503906,7.1445312],"tintindex":0,"rotation":0,"texture":"#2"},"north":{"uv":[7.125,15.5,7.1289062,15.519531],"tintindex":0,"rotation":0,"texture":"#2"},"west":{"uv":[5.8125,15.4375,5.8242188,15.457031],"tintindex":0,"rotation":0,"texture":"#2"},"up":{"uv":[8.566406,15.511719,8.5625,15.5],"tintindex":0,"rotation":0,"texture":"#2"},"down":{"uv":[15.503906,8.5625,15.5,8.574219],"tintindex":0,"rotation":0,"texture":"#2"}}}]}