{"textures":{"2":"modelengine:entity/pillars"},"elements":[{"from":[6.977083,8.230577,-2.0],"to":[7.258333,8.980577,-1.4375],"faces":{"east":{"uv":[0.9375,14.9375,0.97265625,14.984375],"tintindex":0,"rotation":0,"texture":"#2"},"south":{"uv":[15.125,5.125,15.144531,5.171875],"tintindex":0,"rotation":0,"texture":"#2"},"north":{"uv":[5.125,15.125,5.1445312,15.171875],"tintindex":0,"rotation":0,"texture":"#2"},"west":{"uv":[14.9375,0.9375,14.972656,0.984375],"tintindex":0,"rotation":0,"texture":"#2"},"up":{"uv":[0.58203125,15.222656,0.5625,15.1875],"tintindex":0,"rotation":0,"texture":"#2"},"down":{"uv":[15.207031,0.5625,15.1875,0.59765625],"tintindex":0,"rotation":0,"texture":"#2"}}},{"from":[7.258333,7.0118275,-2.46875],"to":[8.758333,8.980577,-0.96875],"faces":{"east":{"uv":[10.5,13.9375,10.59375,14.0625],"tintindex":0,"rotation":0,"texture":"#2"},"south":{"uv":[10.625,13.9375,10.71875,14.0625],"tintindex":0,"rotation":0,"texture":"#2"},"north":{"uv":[10.375,13.9375,10.46875,14.0625],"tintindex":0,"rotation":0,"texture":"#2"},"west":{"uv":[10.75,13.9375,10.84375,14.0625],"tintindex":0,"rotation":0,"texture":"#2"},"up":{"uv":[14.15625,5.78125,14.0625,5.6875],"tintindex":0,"rotation":0,"texture":"#2"},"down":{"uv":[14.15625,11.125,14.0625,11.21875],"tintindex":0,"rotation":0,"texture":"#2"}}},{"from":[7.445833,7.0118275,-0.96875],"to":[8.570833,8.230577,-0.6875],"faces":{"east":{"uv":[14.9375,8.4375,14.957031,8.515625],"tintindex":0,"rotation":0,"texture":"#2"},"south":{"uv":[14.375,9.8125,14.4453125,9.890625],"tintindex":0,"rotation":0,"texture":"#2"},"north":{"uv":[14.375,9.6875,14.4453125,9.765625],"tintindex":0,"rotation":0,"texture":"#2"},"west":{"uv":[8.5,14.9375,8.519531,15.015625],"tintindex":0,"rotation":0,"texture":"#2"},"up":{"uv":[15.0703125,7.5820312,15.0,7.5625],"tintindex":0,"rotation":0,"texture":"#2"},"down":{"uv":[15.0703125,7.625,15.0,7.6445312],"tintindex":0,"rotation":0,"texture":"#2"}}},{"from":[8.758333,7.0118275,-2.09375],"to":[8.945833,8.230577,-1.34375],"faces":{"east":{"uv":[14.6875,0.625,14.734375,0.703125],"tintindex":0,"rotation":0,"texture":"#2"},"south":{"uv":[15.125,5.1875,15.136719,5.265625],"tintindex":0,"rotation":0,"texture":"#2"},"north":{"uv":[5.1875,15.125,5.1992188,15.203125],"tintindex":0,"rotation":0,"texture":"#2"},"west":{"uv":[0.6875,14.6875,0.734375,14.765625],"tintindex":0,"rotation":0,"texture":"#2"},"up":{"uv":[1.3867188,15.296875,1.375,15.25],"tintindex":0,"rotation":0,"texture":"#2"},"down":{"uv":[15.261719,1.375,15.25,1.421875],"tintindex":0,"rotation":0,"texture":"#2"}}},{"from":[7.445833,7.0118275,-2.75],"to":[8.570833,8.230577,-2.46875],"faces":{"east":{"uv":[8.375,14.9375,8.394531,15.015625],"tintindex":0,"rotation":0,"texture":"#2"},"south":{"uv":[14.375,9.5625,14.4453125,9.640625],"tintindex":0,"rotation":0,"texture":"#2"},"north":{"uv":[14.375,9.4375,14.4453125,9.515625],"tintindex":0,"rotation":0,"texture":"#2"},"west":{"uv":[8.4375,14.9375,8.457031,15.015625],"tintindex":0,"rotation":0,"texture":"#2"},"up":{"uv":[15.0703125,7.5195312,15.0,7.5],"tintindex":0,"rotation":0,"texture":"#2"},"down":{"uv":[7.6328125,15.0,7.5625,15.019531],"tintindex":0,"rotation":0,"texture":"#2"}}},{"from":[8.758333,8.230577,-1.90625],"to":[8.945833,8.980577,-1.53125],"faces":{"east":{"uv":[2.875,15.0625,2.8984375,15.109375],"tintindex":0,"rotation":0,"texture":"#2"},"south":{"uv":[15.25,1.4375,15.261719,1.484375],"tintindex":0,"rotation":0,"texture":"#2"},"north":{"uv":[1.4375,15.25,1.4492188,15.296875],"tintindex":0,"rotation":0,"texture":"#2"},"west":{"uv":[15.0625,2.875,15.0859375,2.921875],"tintindex":0,"rotation":0,"texture":"#2"},"up":{"uv":[5.8867188,15.3984375,5.875,15.375],"tintindex":0,"rotation":0,"texture":"#2"},"down":{"uv":[15.386719,5.875,15.375,5.8984375],"tintindex":0,"rotation":0,"texture":"#2"}}},{"from":[7.736459,8.230577,-2.75],"to":[8.298959,8.980577,-2.46875],"faces":{"east":{"uv":[5.25,15.125,5.2695312,15.171875],"tintindex":0,"rotation":0,"texture":"#2"},"south":{"uv":[14.9375,1.0,14.972656,1.046875],"tintindex":0,"rotation":0,"texture":"#2"},"north":{"uv":[1.0,14.9375,1.0351562,14.984375],"tintindex":0,"rotation":0,"texture":"#2"},"west":{"uv":[5.3125,15.125,5.3320312,15.171875],"tintindex":0,"rotation":0,"texture":"#2"},"up":{"uv":[0.66015625,15.207031,0.625,15.1875],"tintindex":0,"rotation":0,"texture":"#2"},"down":{"uv":[15.222656,0.625,15.1875,0.64453125],"tintindex":0,"rotation":0,"texture":"#2"}}},{"from":[7.736459,8.230577,-0.96875],"to":[8.298959,8.980577,-0.6875],"faces":{"east":{"uv":[15.125,5.3125,15.144531,5.359375],"tintindex":0,"rotation":0,"texture":"#2"},"south":{"uv":[14.9375,1.0625,14.972656,1.109375],"tintindex":0,"rotation":0,"texture":"#2"},"north":{"uv":[1.0625,14.9375,1.0976562,14.984375],"tintindex":0,"rotation":0,"texture":"#2"},"west":{"uv":[5.375,15.125,5.3945312,15.171875],"tintindex":0,"rotation":0,"texture":"#2"},"up":{"uv":[0.72265625,15.207031,0.6875,15.1875],"tintindex":0,"rotation":0,"texture":"#2"},"down":{"uv":[15.222656,0.6875,15.1875,0.70703125],"tintindex":0,"rotation":0,"texture":"#2"}}},{"from":[6.977083,7.0118275,-2.28125],"to":[7.258333,8.230577,-1.15625],"faces":{"east":{"uv":[14.375,9.1875,14.4453125,9.265625],"tintindex":0,"rotation":0,"texture":"#2"},"south":{"uv":[14.9375,8.3125,14.957031,8.390625],"tintindex":0,"rotation":0,"texture":"#2"},"north":{"uv":[8.3125,14.9375,8.332031,15.015625],"tintindex":0,"rotation":0,"texture":"#2"},"west":{"uv":[14.375,9.3125,14.4453125,9.390625],"tintindex":0,"rotation":0,"texture":"#2"},"up":{"uv":[7.4570312,15.0703125,7.4375,15.0],"tintindex":0,"rotation":0,"texture":"#2"},"down":{"uv":[7.5195312,15.0,7.5,15.0703125],"tintindex":0,"rotation":0,"texture":"#2"}}}]}