{"textures":{"2":"modelengine:entity/pillars"},"elements":[{"from":[3.71352,-0.41987038,0.023281097],"to":[12.415395,9.007162,2.1987495],"faces":{"east":{"uv":[4.125,11.125,4.2617188,11.714844],"tintindex":0,"rotation":0,"texture":"#2"},"south":{"uv":[0.0,7.5,0.54296875,8.089844],"tintindex":0,"rotation":0,"texture":"#2"},"north":{"uv":[5.0,7.375,5.5429688,7.9648438],"tintindex":0,"rotation":0,"texture":"#2"},"west":{"uv":[4.3125,11.125,4.4492188,11.714844],"tintindex":0,"rotation":0,"texture":"#2"},"up":{"uv":[12.042969,1.6367188,11.5,1.5],"tintindex":0,"rotation":0,"texture":"#2"},"down":{"uv":[12.042969,1.6875,11.5,1.8242188],"tintindex":0,"rotation":0,"texture":"#2"}}},{"from":[5.961504,9.007162,13.80125],"to":[10.312443,14.808411,15.976719],"faces":{"east":{"uv":[12.0625,1.1875,12.199219,1.5507812],"tintindex":0,"rotation":0,"texture":"#2"},"south":{"uv":[2.75,10.9375,3.0234375,11.300781],"tintindex":0,"rotation":0,"texture":"#2"},"north":{"uv":[10.9375,2.625,11.2109375,2.9882812],"tintindex":0,"rotation":0,"texture":"#2"},"west":{"uv":[12.0625,1.5625,12.199219,1.9257812],"tintindex":0,"rotation":0,"texture":"#2"},"up":{"uv":[12.7109375,3.2617188,12.4375,3.125],"tintindex":0,"rotation":0,"texture":"#2"},"down":{"uv":[12.7109375,3.3125,12.4375,3.4492188],"tintindex":0,"rotation":0,"texture":"#2"}}},{"from":[13.865707,-0.41987038,5.099373],"to":[15.31602,9.007162,10.900623],"faces":{"east":{"uv":[3.0,8.625,3.3632812,9.214844],"tintindex":0,"rotation":0,"texture":"#2"},"south":{"uv":[2.375,12.0,2.4648438,12.589844],"tintindex":0,"rotation":0,"texture":"#2"},"north":{"uv":[0.375,12.0,0.46484375,12.589844],"tintindex":0,"rotation":0,"texture":"#2"},"west":{"uv":[3.375,8.625,3.7382812,9.214844],"tintindex":0,"rotation":0,"texture":"#2"},"up":{"uv":[5.4023438,13.050781,5.3125,12.6875],"tintindex":0,"rotation":0,"texture":"#2"},"down":{"uv":[9.527344,12.6875,9.4375,13.050781],"tintindex":0,"rotation":0,"texture":"#2"}}},{"from":[3.71352,-0.41987038,13.80125],"to":[12.415395,9.007162,15.976719],"faces":{"east":{"uv":[4.5,11.125,4.6367188,11.714844],"tintindex":0,"rotation":0,"texture":"#2"},"south":{"uv":[1.125,7.5,1.6679688,8.089844],"tintindex":0,"rotation":0,"texture":"#2"},"north":{"uv":[0.5625,7.5,1.1054688,8.089844],"tintindex":0,"rotation":0,"texture":"#2"},"west":{"uv":[4.6875,11.125,4.8242188,11.714844],"tintindex":0,"rotation":0,"texture":"#2"},"up":{"uv":[12.042969,2.0117188,11.5,1.875],"tintindex":0,"rotation":0,"texture":"#2"},"down":{"uv":[12.042969,2.0625,11.5,2.1992188],"tintindex":0,"rotation":0,"texture":"#2"}}},{"from":[5.961504,9.007162,0.023281097],"to":[10.312443,14.808411,2.1987495],"faces":{"east":{"uv":[11.75,12.0,11.886719,12.363281],"tintindex":0,"rotation":0,"texture":"#2"},"south":{"uv":[2.4375,10.9375,2.7109375,11.300781],"tintindex":0,"rotation":0,"texture":"#2"},"north":{"uv":[10.9375,2.25,11.2109375,2.6132812],"tintindex":0,"rotation":0,"texture":"#2"},"west":{"uv":[0.5,12.0625,0.63671875,12.425781],"tintindex":0,"rotation":0,"texture":"#2"},"up":{"uv":[12.7109375,1.9492188,12.4375,1.8125],"tintindex":0,"rotation":0,"texture":"#2"},"down":{"uv":[12.7109375,2.9375,12.4375,3.0742188],"tintindex":0,"rotation":0,"texture":"#2"}}},{"from":[0.08773804,9.007162,5.8245316],"to":[2.2632084,14.808411,10.175468],"faces":{"east":{"uv":[10.9375,1.5,11.2109375,1.8632812],"tintindex":0,"rotation":0,"texture":"#2"},"south":{"uv":[10.5,12.0,10.636719,12.363281],"tintindex":0,"rotation":0,"texture":"#2"},"north":{"uv":[9.75,12.0,9.886719,12.363281],"tintindex":0,"rotation":0,"texture":"#2"},"west":{"uv":[10.9375,1.875,11.2109375,2.2382812],"tintindex":0,"rotation":0,"texture":"#2"},"up":{"uv":[12.574219,1.7734375,12.4375,1.5],"tintindex":0,"rotation":0,"texture":"#2"},"down":{"uv":[12.574219,2.625,12.4375,2.8984375],"tintindex":0,"rotation":0,"texture":"#2"}}},{"from":[13.865707,9.007162,6.5496864],"to":[15.31602,14.808411,9.45031],"faces":{"east":{"uv":[11.75,10.5,11.9296875,10.863281],"tintindex":0,"rotation":0,"texture":"#2"},"south":{"uv":[0.5625,12.75,0.65234375,13.113281],"tintindex":0,"rotation":0,"texture":"#2"},"north":{"uv":[11.625,12.6875,11.714844,13.050781],"tintindex":0,"rotation":0,"texture":"#2"},"west":{"uv":[11.75,10.875,11.9296875,11.238281],"tintindex":0,"rotation":0,"texture":"#2"},"up":{"uv":[11.777344,13.8046875,11.6875,13.625],"tintindex":0,"rotation":0,"texture":"#2"},"down":{"uv":[13.714844,11.6875,13.625,11.8671875],"tintindex":0,"rotation":0,"texture":"#2"}}},{"from":[2.2632084,-0.41987038,2.1987495],"to":[13.865707,14.808411,13.80125],"faces":{"east":{"uv":[2.25,4.9375,2.9765625,5.890625],"tintindex":0,"rotation":0,"texture":"#2"},"south":{"uv":[3.0,4.9375,3.7265625,5.890625],"tintindex":0,"rotation":0,"texture":"#2"},"north":{"uv":[1.5,4.9375,2.2265625,5.890625],"tintindex":0,"rotation":0,"texture":"#2"},"west":{"uv":[5.0,0.0,5.7265625,0.953125],"tintindex":0,"rotation":0,"texture":"#2"},"up":{"uv":[6.9765625,3.8515625,6.25,3.125],"tintindex":0,"rotation":0,"texture":"#2"},"down":{"uv":[7.2265625,0.0,6.5,0.7265625],"tintindex":0,"rotation":0,"texture":"#2"}}},{"from":[0.08773804,-0.41987038,3.649063],"to":[2.2632084,9.007162,12.350937],"faces":{"east":{"uv":[3.875,7.375,4.4179688,7.9648438],"tintindex":0,"rotation":0,"texture":"#2"},"south":{"uv":[3.9375,11.125,4.0742188,11.714844],"tintindex":0,"rotation":0,"texture":"#2"},"north":{"uv":[3.75,11.125,3.8867188,11.714844],"tintindex":0,"rotation":0,"texture":"#2"},"west":{"uv":[4.4375,7.375,4.9804688,7.9648438],"tintindex":0,"rotation":0,"texture":"#2"},"up":{"uv":[10.699219,11.980469,10.5625,11.4375],"tintindex":0,"rotation":0,"texture":"#2"},"down":{"uv":[0.69921875,11.5,0.5625,12.042969],"tintindex":0,"rotation":0,"texture":"#2"}}}]}