{"textures":{"2":"modelengine:entity/pillars"},"elements":[{"from":[7.8888187,8.127175,-2.1538086],"to":[8.126123,8.443582,-2.0351562],"faces":{"east":{"uv":[15.4375,10.8125,15.4453125,10.832031],"tintindex":0,"rotation":0,"texture":"#2"},"south":{"uv":[15.375,3.0,15.390625,3.0195312],"tintindex":0,"rotation":0,"texture":"#2"},"north":{"uv":[3.0,15.375,3.015625,15.394531],"tintindex":0,"rotation":0,"texture":"#2"},"west":{"uv":[10.875,15.4375,10.8828125,15.457031],"tintindex":0,"rotation":0,"texture":"#2"},"up":{"uv":[0.453125,15.5078125,0.4375,15.5],"tintindex":0,"rotation":0,"texture":"#2"},"down":{"uv":[15.515625,0.4375,15.5,0.4453125],"tintindex":0,"rotation":0,"texture":"#2"}}},{"from":[7.568457,7.613015,-1.9560547],"to":[7.6871095,8.127175,-1.4814453],"faces":{"east":{"uv":[15.0625,11.4375,15.09375,11.46875],"tintindex":0,"rotation":0,"texture":"#2"},"south":{"uv":[15.375,11.5625,15.3828125,11.59375],"tintindex":0,"rotation":0,"texture":"#2"},"north":{"uv":[11.5625,15.375,11.5703125,15.40625],"tintindex":0,"rotation":0,"texture":"#2"},"west":{"uv":[11.5,15.0625,11.53125,15.09375],"tintindex":0,"rotation":0,"texture":"#2"},"up":{"uv":[11.6328125,15.40625,11.625,15.375],"tintindex":0,"rotation":0,"texture":"#2"},"down":{"uv":[15.3828125,11.625,15.375,11.65625],"tintindex":0,"rotation":0,"texture":"#2"}}},{"from":[7.568457,8.127175,-1.8374023],"to":[7.6871095,8.443582,-1.6000977],"faces":{"east":{"uv":[2.9375,15.375,2.953125,15.394531],"tintindex":0,"rotation":0,"texture":"#2"},"south":{"uv":[10.8125,15.4375,10.8203125,15.457031],"tintindex":0,"rotation":0,"texture":"#2"},"north":{"uv":[15.4375,10.75,15.4453125,10.769531],"tintindex":0,"rotation":0,"texture":"#2"},"west":{"uv":[15.375,2.9375,15.390625,2.9570312],"tintindex":0,"rotation":0,"texture":"#2"},"up":{"uv":[0.3203125,15.515625,0.3125,15.5],"tintindex":0,"rotation":0,"texture":"#2"},"down":{"uv":[15.5078125,0.3125,15.5,0.328125],"tintindex":0,"rotation":0,"texture":"#2"}}},{"from":[7.6871095,7.613015,-2.0351562],"to":[8.3199215,8.443582,-1.4023438],"faces":{"east":{"uv":[14.875,2.0,14.9140625,2.0507812],"tintindex":0,"rotation":0,"texture":"#2"},"south":{"uv":[2.0625,14.875,2.1015625,14.925781],"tintindex":0,"rotation":0,"texture":"#2"},"north":{"uv":[14.875,1.9375,14.9140625,1.9882812],"tintindex":0,"rotation":0,"texture":"#2"},"west":{"uv":[14.875,2.0625,14.9140625,2.1132812],"tintindex":0,"rotation":0,"texture":"#2"},"up":{"uv":[9.9140625,14.9765625,9.875,14.9375],"tintindex":0,"rotation":0,"texture":"#2"},"down":{"uv":[9.9765625,14.9375,9.9375,14.9765625],"tintindex":0,"rotation":0,"texture":"#2"}}},{"from":[7.766211,7.613015,-2.1538086],"to":[8.24082,8.127175,-2.0351562],"faces":{"east":{"uv":[11.6875,15.375,11.6953125,15.40625],"tintindex":0,"rotation":0,"texture":"#2"},"south":{"uv":[11.625,15.0625,11.65625,15.09375],"tintindex":0,"rotation":0,"texture":"#2"},"north":{"uv":[11.5625,15.0625,11.59375,15.09375],"tintindex":0,"rotation":0,"texture":"#2"},"west":{"uv":[15.375,11.6875,15.3828125,11.71875],"tintindex":0,"rotation":0,"texture":"#2"},"up":{"uv":[11.78125,15.3828125,11.75,15.375],"tintindex":0,"rotation":0,"texture":"#2"},"down":{"uv":[15.40625,11.75,15.375,11.7578125],"tintindex":0,"rotation":0,"texture":"#2"}}},{"from":[8.3199215,7.613015,-1.8769531],"to":[8.399023,8.127175,-1.5605469],"faces":{"east":{"uv":[0.375,15.25,0.39453125,15.28125],"tintindex":0,"rotation":0,"texture":"#2"},"south":{"uv":[15.5,0.375,15.503906,0.40625],"tintindex":0,"rotation":0,"texture":"#2"},"north":{"uv":[0.375,15.5,0.37890625,15.53125],"tintindex":0,"rotation":0,"texture":"#2"},"west":{"uv":[15.25,0.375,15.269531,0.40625],"tintindex":0,"rotation":0,"texture":"#2"},"up":{"uv":[5.8164062,15.519531,5.8125,15.5],"tintindex":0,"rotation":0,"texture":"#2"},"down":{"uv":[15.503906,5.8125,15.5,5.8320312],"tintindex":0,"rotation":0,"texture":"#2"}}},{"from":[8.3199215,8.127175,-1.7978516],"to":[8.399023,8.443582,-1.6396484],"faces":{"east":{"uv":[15.4375,3.25,15.449219,3.2695312],"tintindex":0,"rotation":0,"texture":"#2"},"south":{"uv":[15.5,5.875,15.503906,5.8945312],"tintindex":0,"rotation":0,"texture":"#2"},"north":{"uv":[5.875,15.5,5.8789062,15.519531],"tintindex":0,"rotation":0,"texture":"#2"},"west":{"uv":[3.3125,15.4375,3.3242188,15.457031],"tintindex":0,"rotation":0,"texture":"#2"},"up":{"uv":[7.9414062,15.511719,7.9375,15.5],"tintindex":0,"rotation":0,"texture":"#2"},"down":{"uv":[15.503906,7.9375,15.5,7.9492188],"tintindex":0,"rotation":0,"texture":"#2"}}},{"from":[7.766211,7.613015,-1.4023438],"to":[8.24082,8.127175,-1.2836914],"faces":{"east":{"uv":[11.8125,15.375,11.8203125,15.40625],"tintindex":0,"rotation":0,"texture":"#2"},"south":{"uv":[11.6875,15.0625,11.71875,15.09375],"tintindex":0,"rotation":0,"texture":"#2"},"north":{"uv":[15.0625,11.625,15.09375,11.65625],"tintindex":0,"rotation":0,"texture":"#2"},"west":{"uv":[15.375,11.8125,15.3828125,11.84375],"tintindex":0,"rotation":0,"texture":"#2"},"up":{"uv":[11.90625,15.3828125,11.875,15.375],"tintindex":0,"rotation":0,"texture":"#2"},"down":{"uv":[15.40625,11.875,15.375,11.8828125],"tintindex":0,"rotation":0,"texture":"#2"}}},{"from":[7.8888187,8.127175,-1.4023438],"to":[8.126123,8.443582,-1.2836914],"faces":{"east":{"uv":[15.4375,10.875,15.4453125,10.894531],"tintindex":0,"rotation":0,"texture":"#2"},"south":{"uv":[15.375,3.0625,15.390625,3.0820312],"tintindex":0,"rotation":0,"texture":"#2"},"north":{"uv":[3.0625,15.375,3.078125,15.394531],"tintindex":0,"rotation":0,"texture":"#2"},"west":{"uv":[10.9375,15.4375,10.9453125,15.457031],"tintindex":0,"rotation":0,"texture":"#2"},"up":{"uv":[0.515625,15.5078125,0.5,15.5],"tintindex":0,"rotation":0,"texture":"#2"},"down":{"uv":[15.515625,0.5,15.5,0.5078125],"tintindex":0,"rotation":0,"texture":"#2"}}}]}