{"textures":{"2":"modelengine:entity/pillars"},"elements":[{"from":[4.419792,8.335287,-3.6343746],"to":[5.404167,10.960287,-1.6656246],"faces":{"east":{"uv":[7.75,11.6875,7.875,11.8515625],"tintindex":0,"rotation":0,"texture":"#2"},"south":{"uv":[5.125,10.75,5.1875,10.9140625],"tintindex":0,"rotation":0,"texture":"#2"},"north":{"uv":[7.125,10.6875,7.1875,10.8515625],"tintindex":0,"rotation":0,"texture":"#2"},"west":{"uv":[12.8125,2.75,12.9375,2.9140625],"tintindex":0,"rotation":0,"texture":"#2"},"up":{"uv":[10.5625,7.25,10.5,7.125],"tintindex":0,"rotation":0,"texture":"#2"},"down":{"uv":[10.8125,5.875,10.75,6.0],"tintindex":0,"rotation":0,"texture":"#2"}}},{"from":[10.654167,8.335287,-3.3062496],"to":[11.310417,10.960287,-1.9937496],"faces":{"east":{"uv":[12.125,13.75,12.207031,13.9140625],"tintindex":0,"rotation":0,"texture":"#2"},"south":{"uv":[13.3125,14.125,13.355469,14.2890625],"tintindex":0,"rotation":0,"texture":"#2"},"north":{"uv":[13.25,14.125,13.292969,14.2890625],"tintindex":0,"rotation":0,"texture":"#2"},"west":{"uv":[13.75,12.4375,13.832031,12.6015625],"tintindex":0,"rotation":0,"texture":"#2"},"up":{"uv":[5.7929688,14.769531,5.75,14.6875],"tintindex":0,"rotation":0,"texture":"#2"},"down":{"uv":[14.730469,5.75,14.6875,5.8320312],"tintindex":0,"rotation":0,"texture":"#2"}}},{"from":[6.060417,4.069662,-6.2593746],"to":[9.997917,8.335287,-5.2749996],"faces":{"east":{"uv":[5.3125,13.625,5.375,13.890625],"tintindex":0,"rotation":0,"texture":"#2"},"south":{"uv":[11.25,11.5,11.496094,11.765625],"tintindex":0,"rotation":0,"texture":"#2"},"north":{"uv":[11.5,11.0,11.746094,11.265625],"tintindex":0,"rotation":0,"texture":"#2"},"west":{"uv":[5.375,13.625,5.4375,13.890625],"tintindex":0,"rotation":0,"texture":"#2"},"up":{"uv":[3.2460938,8.625,3.0,8.5625],"tintindex":0,"rotation":0,"texture":"#2"},"down":{"uv":[8.933594,5.9375,8.6875,6.0],"tintindex":0,"rotation":0,"texture":"#2"}}},{"from":[10.654167,4.069662,-3.9624996],"to":[11.310417,8.335287,-1.3374996],"faces":{"east":{"uv":[11.0625,12.25,11.2265625,12.515625],"tintindex":0,"rotation":0,"texture":"#2"},"south":{"uv":[11.5,13.9375,11.542969,14.203125],"tintindex":0,"rotation":0,"texture":"#2"},"north":{"uv":[9.8125,13.9375,9.855469,14.203125],"tintindex":0,"rotation":0,"texture":"#2"},"west":{"uv":[11.4375,12.25,11.6015625,12.515625],"tintindex":0,"rotation":0,"texture":"#2"},"up":{"uv":[12.980469,14.2890625,12.9375,14.125],"tintindex":0,"rotation":0,"texture":"#2"},"down":{"uv":[13.042969,14.125,13.0,14.2890625],"tintindex":0,"rotation":0,"texture":"#2"}}},{"from":[7.0776043,8.335287,-6.2593746],"to":[9.046354,10.960287,-5.2749996],"faces":{"east":{"uv":[10.8125,1.125,10.875,1.2890625],"tintindex":0,"rotation":0,"texture":"#2"},"south":{"uv":[9.8125,13.3125,9.9375,13.4765625],"tintindex":0,"rotation":0,"texture":"#2"},"north":{"uv":[9.0,13.3125,9.125,13.4765625],"tintindex":0,"rotation":0,"texture":"#2"},"west":{"uv":[10.875,1.5,10.9375,1.6640625],"tintindex":0,"rotation":0,"texture":"#2"},"up":{"uv":[10.8125,4.375,10.6875,4.3125],"tintindex":0,"rotation":0,"texture":"#2"},"down":{"uv":[6.0625,10.8125,5.9375,10.875],"tintindex":0,"rotation":0,"texture":"#2"}}},{"from":[5.404167,4.069662,-5.2749996],"to":[10.654167,10.960287,-0.024999619],"faces":{"east":{"uv":[5.4375,9.625,5.765625,10.0546875],"tintindex":0,"rotation":0,"texture":"#2"},"south":{"uv":[5.8125,9.625,6.140625,10.0546875],"tintindex":0,"rotation":0,"texture":"#2"},"north":{"uv":[2.0625,9.625,2.390625,10.0546875],"tintindex":0,"rotation":0,"texture":"#2"},"west":{"uv":[9.625,7.375,9.953125,7.8046875],"tintindex":0,"rotation":0,"texture":"#2"},"up":{"uv":[5.890625,10.890625,5.5625,10.5625],"tintindex":0,"rotation":0,"texture":"#2"},"down":{"uv":[10.890625,7.125,10.5625,7.453125],"tintindex":0,"rotation":0,"texture":"#2"}}},{"from":[4.419792,4.069662,-4.6187496],"to":[5.404167,8.335287,-0.6812496],"faces":{"east":{"uv":[11.5,10.375,11.746094,10.640625],"tintindex":0,"rotation":0,"texture":"#2"},"south":{"uv":[5.25,13.625,5.3125,13.890625],"tintindex":0,"rotation":0,"texture":"#2"},"north":{"uv":[1.125,12.375,1.1875,12.640625],"tintindex":0,"rotation":0,"texture":"#2"},"west":{"uv":[11.5,10.6875,11.746094,10.953125],"tintindex":0,"rotation":0,"texture":"#2"},"up":{"uv":[7.9375,11.121094,7.875,10.875],"tintindex":0,"rotation":0,"texture":"#2"},"down":{"uv":[11.3125,3.375,11.25,3.6210938],"tintindex":0,"rotation":0,"texture":"#2"}}},{"from":[7.0776043,8.335287,-0.024999619],"to":[9.046354,10.960287,0.9593754],"faces":{"east":{"uv":[11.0625,3.625,11.125,3.7890625],"tintindex":0,"rotation":0,"texture":"#2"},"south":{"uv":[13.3125,13.0625,13.4375,13.2265625],"tintindex":0,"rotation":0,"texture":"#2"},"north":{"uv":[12.125,13.3125,12.25,13.4765625],"tintindex":0,"rotation":0,"texture":"#2"},"west":{"uv":[5.8125,11.4375,5.875,11.6015625],"tintindex":0,"rotation":0,"texture":"#2"},"up":{"uv":[3.1875,11.0,3.0625,10.9375],"tintindex":0,"rotation":0,"texture":"#2"},"down":{"uv":[11.25,4.625,11.125,4.6875],"tintindex":0,"rotation":0,"texture":"#2"}}},{"from":[6.060417,4.069662,-0.024999619],"to":[9.997917,8.335287,0.9593754],"faces":{"east":{"uv":[13.625,5.375,13.6875,5.640625],"tintindex":0,"rotation":0,"texture":"#2"},"south":{"uv":[11.5625,0.0,11.808594,0.265625],"tintindex":0,"rotation":0,"texture":"#2"},"north":{"uv":[11.5,11.3125,11.746094,11.578125],"tintindex":0,"rotation":0,"texture":"#2"},"west":{"uv":[5.4375,13.625,5.5,13.890625],"tintindex":0,"rotation":0,"texture":"#2"},"up":{"uv":[7.9960938,8.75,7.75,8.6875],"tintindex":0,"rotation":0,"texture":"#2"},"down":{"uv":[10.433594,4.3125,10.1875,4.375],"tintindex":0,"rotation":0,"texture":"#2"}}}]}