{"textures":{"2":"modelengine:entity/pillars"},"elements":[{"from":[7.584375,7.2839622,-1.15625],"to":[8.428125,8.198025,-0.9453125],"faces":{"east":{"uv":[5.375,15.1875,5.3867188,15.246094],"tintindex":0,"rotation":0,"texture":"#2"},"south":{"uv":[14.625,4.25,14.6796875,4.3085938],"tintindex":0,"rotation":0,"texture":"#2"},"north":{"uv":[14.625,3.9375,14.6796875,3.9960938],"tintindex":0,"rotation":0,"texture":"#2"},"west":{"uv":[15.1875,5.375,15.199219,5.4335938],"tintindex":0,"rotation":0,"texture":"#2"},"up":{"uv":[15.2421875,12.699219,15.1875,12.6875],"tintindex":0,"rotation":0,"texture":"#2"},"down":{"uv":[12.8046875,15.1875,12.75,15.199219],"tintindex":0,"rotation":0,"texture":"#2"}}},{"from":[8.56875,7.2839622,-2.0],"to":[8.709375,8.198025,-1.4375],"faces":{"east":{"uv":[14.625,14.8125,14.660156,14.871094],"tintindex":0,"rotation":0,"texture":"#2"},"south":{"uv":[1.0625,15.3125,1.0703125,15.371094],"tintindex":0,"rotation":0,"texture":"#2"},"north":{"uv":[15.3125,1.0,15.3203125,1.0585938],"tintindex":0,"rotation":0,"texture":"#2"},"west":{"uv":[14.6875,14.8125,14.722656,14.871094],"tintindex":0,"rotation":0,"texture":"#2"},"up":{"uv":[7.8203125,15.410156,7.8125,15.375],"tintindex":0,"rotation":0,"texture":"#2"},"down":{"uv":[15.3828125,7.8125,15.375,7.8476562],"tintindex":0,"rotation":0,"texture":"#2"}}},{"from":[7.802344,8.198025,-2.4921875],"to":[8.224218,8.760525,-2.28125],"faces":{"east":{"uv":[15.3125,5.125,15.324219,5.1601562],"tintindex":0,"rotation":0,"texture":"#2"},"south":{"uv":[2.3125,15.125,2.3398438,15.160156],"tintindex":0,"rotation":0,"texture":"#2"},"north":{"uv":[15.125,2.25,15.152344,2.2851562],"tintindex":0,"rotation":0,"texture":"#2"},"west":{"uv":[5.1875,15.3125,5.1992188,15.347656],"tintindex":0,"rotation":0,"texture":"#2"},"up":{"uv":[15.339844,13.949219,15.3125,13.9375],"tintindex":0,"rotation":0,"texture":"#2"},"down":{"uv":[14.027344,15.3125,14.0,15.324219],"tintindex":0,"rotation":0,"texture":"#2"}}},{"from":[8.56875,8.198025,-1.859375],"to":[8.709375,8.760525,-1.578125],"faces":{"east":{"uv":[5.25,15.1875,5.2695312,15.222656],"tintindex":0,"rotation":0,"texture":"#2"},"south":{"uv":[15.375,7.875,15.3828125,7.9101562],"tintindex":0,"rotation":0,"texture":"#2"},"north":{"uv":[7.875,15.375,7.8828125,15.410156],"tintindex":0,"rotation":0,"texture":"#2"},"west":{"uv":[15.1875,5.25,15.207031,5.2851562],"tintindex":0,"rotation":0,"texture":"#2"},"up":{"uv":[15.4453125,12.457031,15.4375,12.4375],"tintindex":0,"rotation":0,"texture":"#2"},"down":{"uv":[12.5078125,15.4375,12.5,15.457031],"tintindex":0,"rotation":0,"texture":"#2"}}},{"from":[7.44375,7.2839622,-2.28125],"to":[8.56875,8.760525,-1.15625],"faces":{"east":{"uv":[9.4375,14.3125,9.5078125,14.40625],"tintindex":0,"rotation":0,"texture":"#2"},"south":{"uv":[9.5625,14.3125,9.6328125,14.40625],"tintindex":0,"rotation":0,"texture":"#2"},"north":{"uv":[9.3125,14.3125,9.3828125,14.40625],"tintindex":0,"rotation":0,"texture":"#2"},"west":{"uv":[9.6875,14.3125,9.7578125,14.40625],"tintindex":0,"rotation":0,"texture":"#2"},"up":{"uv":[14.5703125,14.5078125,14.5,14.4375],"tintindex":0,"rotation":0,"texture":"#2"},"down":{"uv":[0.0703125,14.5625,0.0,14.6328125],"tintindex":0,"rotation":0,"texture":"#2"}}},{"from":[7.2328124,7.2839622,-2.140625],"to":[7.44375,8.198025,-1.296875],"faces":{"east":{"uv":[14.375,6.375,14.4296875,6.4335938],"tintindex":0,"rotation":0,"texture":"#2"},"south":{"uv":[15.1875,5.1875,15.199219,5.2460938],"tintindex":0,"rotation":0,"texture":"#2"},"north":{"uv":[15.1875,5.125,15.199219,5.1835938],"tintindex":0,"rotation":0,"texture":"#2"},"west":{"uv":[14.375,10.6875,14.4296875,10.746094],"tintindex":0,"rotation":0,"texture":"#2"},"up":{"uv":[15.199219,12.6171875,15.1875,12.5625],"tintindex":0,"rotation":0,"texture":"#2"},"down":{"uv":[12.636719,15.1875,12.625,15.2421875],"tintindex":0,"rotation":0,"texture":"#2"}}},{"from":[7.802344,8.198025,-1.15625],"to":[8.224218,8.760525,-0.9453125],"faces":{"east":{"uv":[15.3125,5.1875,15.324219,5.2226562],"tintindex":0,"rotation":0,"texture":"#2"},"south":{"uv":[2.375,15.125,2.4023438,15.160156],"tintindex":0,"rotation":0,"texture":"#2"},"north":{"uv":[15.125,2.3125,15.152344,2.3476562],"tintindex":0,"rotation":0,"texture":"#2"},"west":{"uv":[5.25,15.3125,5.2617188,15.347656],"tintindex":0,"rotation":0,"texture":"#2"},"up":{"uv":[15.339844,14.011719,15.3125,14.0],"tintindex":0,"rotation":0,"texture":"#2"},"down":{"uv":[14.089844,15.3125,14.0625,15.324219],"tintindex":0,"rotation":0,"texture":"#2"}}},{"from":[7.2328124,8.198025,-1.9296875],"to":[7.44375,8.760525,-1.5078125],"faces":{"east":{"uv":[15.125,2.1875,15.152344,2.2226562],"tintindex":0,"rotation":0,"texture":"#2"},"south":{"uv":[5.125,15.3125,5.1367188,15.347656],"tintindex":0,"rotation":0,"texture":"#2"},"north":{"uv":[15.3125,5.0625,15.324219,5.0976562],"tintindex":0,"rotation":0,"texture":"#2"},"west":{"uv":[2.25,15.125,2.2773438,15.160156],"tintindex":0,"rotation":0,"texture":"#2"},"up":{"uv":[15.324219,13.902344,15.3125,13.875],"tintindex":0,"rotation":0,"texture":"#2"},"down":{"uv":[13.949219,15.3125,13.9375,15.339844],"tintindex":0,"rotation":0,"texture":"#2"}}},{"from":[7.584375,7.2839622,-2.4921875],"to":[8.428125,8.198025,-2.28125],"faces":{"east":{"uv":[5.3125,15.1875,5.3242188,15.246094],"tintindex":0,"rotation":0,"texture":"#2"},"south":{"uv":[14.625,3.5625,14.6796875,3.6210938],"tintindex":0,"rotation":0,"texture":"#2"},"north":{"uv":[14.375,11.25,14.4296875,11.308594],"tintindex":0,"rotation":0,"texture":"#2"},"west":{"uv":[15.1875,5.3125,15.199219,5.3710938],"tintindex":0,"rotation":0,"texture":"#2"},"up":{"uv":[15.2421875,12.636719,15.1875,12.625],"tintindex":0,"rotation":0,"texture":"#2"},"down":{"uv":[12.7421875,15.1875,12.6875,15.199219],"tintindex":0,"rotation":0,"texture":"#2"}}}]}