{"textures":{"2":"modelengine:entity/pillars"},"elements":[{"from":[7.8888183,8.127175,-2.1538086],"to":[8.126123,8.443582,-2.0351562],"faces":{"east":{"uv":[15.4375,12.8125,15.4453125,12.832031],"tintindex":0,"rotation":0,"texture":"#2"},"south":{"uv":[15.375,4.5,15.390625,4.5195312],"tintindex":0,"rotation":0,"texture":"#2"},"north":{"uv":[4.5,15.375,4.515625,15.394531],"tintindex":0,"rotation":0,"texture":"#2"},"west":{"uv":[12.875,15.4375,12.8828125,15.457031],"tintindex":0,"rotation":0,"texture":"#2"},"up":{"uv":[2.453125,15.5078125,2.4375,15.5],"tintindex":0,"rotation":0,"texture":"#2"},"down":{"uv":[15.515625,2.4375,15.5,2.4453125],"tintindex":0,"rotation":0,"texture":"#2"}}},{"from":[7.6871095,7.613015,-2.0351562],"to":[8.3199215,8.443582,-1.4023438],"faces":{"east":{"uv":[3.375,14.875,3.4140625,14.925781],"tintindex":0,"rotation":0,"texture":"#2"},"south":{"uv":[14.875,3.375,14.9140625,3.4257812],"tintindex":0,"rotation":0,"texture":"#2"},"north":{"uv":[14.875,3.3125,14.9140625,3.3632812],"tintindex":0,"rotation":0,"texture":"#2"},"west":{"uv":[3.4375,14.875,3.4765625,14.925781],"tintindex":0,"rotation":0,"texture":"#2"},"up":{"uv":[14.9765625,13.1015625,14.9375,13.0625],"tintindex":0,"rotation":0,"texture":"#2"},"down":{"uv":[13.1640625,14.9375,13.125,14.9765625],"tintindex":0,"rotation":0,"texture":"#2"}}},{"from":[7.568457,7.613015,-1.9560547],"to":[7.6871095,8.127175,-1.4814453],"faces":{"east":{"uv":[13.9375,15.0625,13.96875,15.09375],"tintindex":0,"rotation":0,"texture":"#2"},"south":{"uv":[15.375,14.5625,15.3828125,14.59375],"tintindex":0,"rotation":0,"texture":"#2"},"north":{"uv":[14.5625,15.375,14.5703125,15.40625],"tintindex":0,"rotation":0,"texture":"#2"},"west":{"uv":[15.0625,13.9375,15.09375,13.96875],"tintindex":0,"rotation":0,"texture":"#2"},"up":{"uv":[14.6328125,15.40625,14.625,15.375],"tintindex":0,"rotation":0,"texture":"#2"},"down":{"uv":[15.3828125,14.625,15.375,14.65625],"tintindex":0,"rotation":0,"texture":"#2"}}},{"from":[7.766211,7.613015,-2.1538086],"to":[8.24082,8.127175,-2.0351562],"faces":{"east":{"uv":[14.6875,15.375,14.6953125,15.40625],"tintindex":0,"rotation":0,"texture":"#2"},"south":{"uv":[15.0625,14.0,15.09375,14.03125],"tintindex":0,"rotation":0,"texture":"#2"},"north":{"uv":[14.0,15.0625,14.03125,15.09375],"tintindex":0,"rotation":0,"texture":"#2"},"west":{"uv":[15.375,14.6875,15.3828125,14.71875],"tintindex":0,"rotation":0,"texture":"#2"},"up":{"uv":[14.78125,15.3828125,14.75,15.375],"tintindex":0,"rotation":0,"texture":"#2"},"down":{"uv":[15.40625,14.75,15.375,14.7578125],"tintindex":0,"rotation":0,"texture":"#2"}}},{"from":[8.3199215,7.613015,-1.8769531],"to":[8.399023,8.127175,-1.5605469],"faces":{"east":{"uv":[0.875,15.25,0.89453125,15.28125],"tintindex":0,"rotation":0,"texture":"#2"},"south":{"uv":[15.5,2.375,15.503906,2.40625],"tintindex":0,"rotation":0,"texture":"#2"},"north":{"uv":[2.375,15.5,2.3789062,15.53125],"tintindex":0,"rotation":0,"texture":"#2"},"west":{"uv":[15.25,0.875,15.269531,0.90625],"tintindex":0,"rotation":0,"texture":"#2"},"up":{"uv":[6.8164062,15.519531,6.8125,15.5],"tintindex":0,"rotation":0,"texture":"#2"},"down":{"uv":[15.503906,6.8125,15.5,6.8320312],"tintindex":0,"rotation":0,"texture":"#2"}}},{"from":[7.766211,7.613015,-1.4023438],"to":[8.24082,8.127175,-1.2836914],"faces":{"east":{"uv":[14.8125,15.375,14.8203125,15.40625],"tintindex":0,"rotation":0,"texture":"#2"},"south":{"uv":[15.0625,14.0625,15.09375,14.09375],"tintindex":0,"rotation":0,"texture":"#2"},"north":{"uv":[14.0625,15.0625,14.09375,15.09375],"tintindex":0,"rotation":0,"texture":"#2"},"west":{"uv":[15.375,14.8125,15.3828125,14.84375],"tintindex":0,"rotation":0,"texture":"#2"},"up":{"uv":[14.90625,15.3828125,14.875,15.375],"tintindex":0,"rotation":0,"texture":"#2"},"down":{"uv":[15.40625,14.875,15.375,14.8828125],"tintindex":0,"rotation":0,"texture":"#2"}}},{"from":[7.8888183,8.127175,-1.4023438],"to":[8.126123,8.443582,-1.2836914],"faces":{"east":{"uv":[15.4375,12.875,15.4453125,12.894531],"tintindex":0,"rotation":0,"texture":"#2"},"south":{"uv":[15.375,4.5625,15.390625,4.5820312],"tintindex":0,"rotation":0,"texture":"#2"},"north":{"uv":[4.5625,15.375,4.578125,15.394531],"tintindex":0,"rotation":0,"texture":"#2"},"west":{"uv":[12.9375,15.4375,12.9453125,15.457031],"tintindex":0,"rotation":0,"texture":"#2"},"up":{"uv":[2.515625,15.5078125,2.5,15.5],"tintindex":0,"rotation":0,"texture":"#2"},"down":{"uv":[15.515625,2.5,15.5,2.5078125],"tintindex":0,"rotation":0,"texture":"#2"}}},{"from":[7.568457,8.127175,-1.8374023],"to":[7.6871095,8.443582,-1.6000977],"faces":{"east":{"uv":[4.4375,15.375,4.453125,15.394531],"tintindex":0,"rotation":0,"texture":"#2"},"south":{"uv":[12.8125,15.4375,12.8203125,15.457031],"tintindex":0,"rotation":0,"texture":"#2"},"north":{"uv":[15.4375,12.75,15.4453125,12.769531],"tintindex":0,"rotation":0,"texture":"#2"},"west":{"uv":[15.375,4.4375,15.390625,4.4570312],"tintindex":0,"rotation":0,"texture":"#2"},"up":{"uv":[2.3203125,15.515625,2.3125,15.5],"tintindex":0,"rotation":0,"texture":"#2"},"down":{"uv":[15.5078125,2.3125,15.5,2.328125],"tintindex":0,"rotation":0,"texture":"#2"}}},{"from":[8.3199215,8.127175,-1.7978516],"to":[8.399023,8.443582,-1.6396484],"faces":{"east":{"uv":[15.4375,5.25,15.449219,5.2695312],"tintindex":0,"rotation":0,"texture":"#2"},"south":{"uv":[15.5,6.875,15.503906,6.8945312],"tintindex":0,"rotation":0,"texture":"#2"},"north":{"uv":[6.875,15.5,6.8789062,15.519531],"tintindex":0,"rotation":0,"texture":"#2"},"west":{"uv":[5.3125,15.4375,5.3242188,15.457031],"tintindex":0,"rotation":0,"texture":"#2"},"up":{"uv":[8.441406,15.511719,8.4375,15.5],"tintindex":0,"rotation":0,"texture":"#2"},"down":{"uv":[15.503906,8.4375,15.5,8.449219],"tintindex":0,"rotation":0,"texture":"#2"}}}]}