{"textures":{"2":"modelengine:entity/pillars"},"elements":[{"from":[7.568457,7.613015,-1.9560547],"to":[7.6871095,8.127175,-1.4814453],"faces":{"east":{"uv":[14.5,15.0625,14.53125,15.09375],"tintindex":0,"rotation":0,"texture":"#2"},"south":{"uv":[0.3125,15.4375,0.3203125,15.46875],"tintindex":0,"rotation":0,"texture":"#2"},"north":{"uv":[15.4375,0.25,15.4453125,0.28125],"tintindex":0,"rotation":0,"texture":"#2"},"west":{"uv":[15.0625,14.5,15.09375,14.53125],"tintindex":0,"rotation":0,"texture":"#2"},"up":{"uv":[15.4453125,0.34375,15.4375,0.3125],"tintindex":0,"rotation":0,"texture":"#2"},"down":{"uv":[0.3828125,15.4375,0.375,15.46875],"tintindex":0,"rotation":0,"texture":"#2"}}},{"from":[7.8888183,8.127175,-2.1538086],"to":[8.126123,8.443582,-2.0351562],"faces":{"east":{"uv":[15.4375,13.5625,15.4453125,13.582031],"tintindex":0,"rotation":0,"texture":"#2"},"south":{"uv":[15.375,5.0625,15.390625,5.0820312],"tintindex":0,"rotation":0,"texture":"#2"},"north":{"uv":[5.0625,15.375,5.078125,15.394531],"tintindex":0,"rotation":0,"texture":"#2"},"west":{"uv":[13.625,15.4375,13.6328125,15.457031],"tintindex":0,"rotation":0,"texture":"#2"},"up":{"uv":[3.203125,15.5078125,3.1875,15.5],"tintindex":0,"rotation":0,"texture":"#2"},"down":{"uv":[15.515625,3.1875,15.5,3.1953125],"tintindex":0,"rotation":0,"texture":"#2"}}},{"from":[7.568457,8.127175,-1.8374023],"to":[7.6871095,8.443582,-1.6000977],"faces":{"east":{"uv":[5.0,15.375,5.015625,15.394531],"tintindex":0,"rotation":0,"texture":"#2"},"south":{"uv":[13.5625,15.4375,13.5703125,15.457031],"tintindex":0,"rotation":0,"texture":"#2"},"north":{"uv":[15.4375,13.5,15.4453125,13.519531],"tintindex":0,"rotation":0,"texture":"#2"},"west":{"uv":[15.375,5.0,15.390625,5.0195312],"tintindex":0,"rotation":0,"texture":"#2"},"up":{"uv":[3.0703125,15.515625,3.0625,15.5],"tintindex":0,"rotation":0,"texture":"#2"},"down":{"uv":[15.5078125,3.0625,15.5,3.078125],"tintindex":0,"rotation":0,"texture":"#2"}}},{"from":[7.766211,7.613015,-2.1538086],"to":[8.24082,8.127175,-2.0351562],"faces":{"east":{"uv":[15.4375,0.375,15.4453125,0.40625],"tintindex":0,"rotation":0,"texture":"#2"},"south":{"uv":[15.0625,14.5625,15.09375,14.59375],"tintindex":0,"rotation":0,"texture":"#2"},"north":{"uv":[14.5625,15.0625,14.59375,15.09375],"tintindex":0,"rotation":0,"texture":"#2"},"west":{"uv":[0.4375,15.4375,0.4453125,15.46875],"tintindex":0,"rotation":0,"texture":"#2"},"up":{"uv":[15.46875,0.4453125,15.4375,0.4375],"tintindex":0,"rotation":0,"texture":"#2"},"down":{"uv":[0.53125,15.4375,0.5,15.4453125],"tintindex":0,"rotation":0,"texture":"#2"}}},{"from":[7.8888183,8.127175,-1.4023438],"to":[8.126123,8.443582,-1.2836914],"faces":{"east":{"uv":[15.4375,13.625,15.4453125,13.644531],"tintindex":0,"rotation":0,"texture":"#2"},"south":{"uv":[15.375,5.125,15.390625,5.1445312],"tintindex":0,"rotation":0,"texture":"#2"},"north":{"uv":[5.125,15.375,5.140625,15.394531],"tintindex":0,"rotation":0,"texture":"#2"},"west":{"uv":[13.6875,15.4375,13.6953125,15.457031],"tintindex":0,"rotation":0,"texture":"#2"},"up":{"uv":[3.265625,15.5078125,3.25,15.5],"tintindex":0,"rotation":0,"texture":"#2"},"down":{"uv":[15.515625,3.25,15.5,3.2578125],"tintindex":0,"rotation":0,"texture":"#2"}}},{"from":[8.3199215,8.127175,-1.7978516],"to":[8.399023,8.443582,-1.6396484],"faces":{"east":{"uv":[15.4375,6.0,15.449219,6.0195312],"tintindex":0,"rotation":0,"texture":"#2"},"south":{"uv":[15.5,7.25,15.503906,7.2695312],"tintindex":0,"rotation":0,"texture":"#2"},"north":{"uv":[7.25,15.5,7.2539062,15.519531],"tintindex":0,"rotation":0,"texture":"#2"},"west":{"uv":[6.0625,15.4375,6.0742188,15.457031],"tintindex":0,"rotation":0,"texture":"#2"},"up":{"uv":[8.628906,15.511719,8.625,15.5],"tintindex":0,"rotation":0,"texture":"#2"},"down":{"uv":[15.503906,8.625,15.5,8.636719],"tintindex":0,"rotation":0,"texture":"#2"}}},{"from":[8.3199215,7.613015,-1.8769531],"to":[8.399023,8.127175,-1.5605469],"faces":{"east":{"uv":[1.0625,15.25,1.0820312,15.28125],"tintindex":0,"rotation":0,"texture":"#2"},"south":{"uv":[15.5,3.125,15.503906,3.15625],"tintindex":0,"rotation":0,"texture":"#2"},"north":{"uv":[3.125,15.5,3.1289062,15.53125],"tintindex":0,"rotation":0,"texture":"#2"},"west":{"uv":[15.25,1.0625,15.269531,1.09375],"tintindex":0,"rotation":0,"texture":"#2"},"up":{"uv":[7.1914062,15.519531,7.1875,15.5],"tintindex":0,"rotation":0,"texture":"#2"},"down":{"uv":[15.503906,7.1875,15.5,7.2070312],"tintindex":0,"rotation":0,"texture":"#2"}}},{"from":[7.6871095,7.613015,-2.0351562],"to":[8.3199215,8.443582,-1.4023438],"faces":{"east":{"uv":[14.875,3.875,14.9140625,3.9257812],"tintindex":0,"rotation":0,"texture":"#2"},"south":{"uv":[3.9375,14.875,3.9765625,14.925781],"tintindex":0,"rotation":0,"texture":"#2"},"north":{"uv":[14.875,3.8125,14.9140625,3.8632812],"tintindex":0,"rotation":0,"texture":"#2"},"west":{"uv":[14.875,3.9375,14.9140625,3.9882812],"tintindex":0,"rotation":0,"texture":"#2"},"up":{"uv":[14.9765625,14.0390625,14.9375,14.0],"tintindex":0,"rotation":0,"texture":"#2"},"down":{"uv":[14.1015625,14.9375,14.0625,14.9765625],"tintindex":0,"rotation":0,"texture":"#2"}}},{"from":[7.766211,7.613015,-1.4023438],"to":[8.24082,8.127175,-1.2836914],"faces":{"east":{"uv":[15.4375,0.5,15.4453125,0.53125],"tintindex":0,"rotation":0,"texture":"#2"},"south":{"uv":[15.0625,14.625,15.09375,14.65625],"tintindex":0,"rotation":0,"texture":"#2"},"north":{"uv":[14.625,15.0625,14.65625,15.09375],"tintindex":0,"rotation":0,"texture":"#2"},"west":{"uv":[0.5625,15.4375,0.5703125,15.46875],"tintindex":0,"rotation":0,"texture":"#2"},"up":{"uv":[15.46875,0.5703125,15.4375,0.5625],"tintindex":0,"rotation":0,"texture":"#2"},"down":{"uv":[0.65625,15.4375,0.625,15.4453125],"tintindex":0,"rotation":0,"texture":"#2"}}}]}