{"textures":{"2":"modelengine:entity/pillars"},"elements":[{"from":[6.060417,4.069662,-0.024999619],"to":[9.997917,8.335287,0.9593754],"faces":{"east":{"uv":[11.4375,13.625,11.5,13.890625],"tintindex":0,"rotation":0,"texture":"#2"},"south":{"uv":[11.75,8.3125,11.996094,8.578125],"tintindex":0,"rotation":0,"texture":"#2"},"north":{"uv":[11.75,8.0,11.996094,8.265625],"tintindex":0,"rotation":0,"texture":"#2"},"west":{"uv":[11.5,13.625,11.5625,13.890625],"tintindex":0,"rotation":0,"texture":"#2"},"up":{"uv":[13.933594,2.0625,13.6875,2.0],"tintindex":0,"rotation":0,"texture":"#2"},"down":{"uv":[13.933594,2.0625,13.6875,2.125],"tintindex":0,"rotation":0,"texture":"#2"}}},{"from":[5.404167,4.069662,-5.2749996],"to":[10.654167,10.960287,-0.024999619],"faces":{"east":{"uv":[9.8125,3.9375,10.140625,4.3671875],"tintindex":0,"rotation":0,"texture":"#2"},"south":{"uv":[9.875,4.8125,10.203125,5.2421875],"tintindex":0,"rotation":0,"texture":"#2"},"north":{"uv":[9.8125,3.5,10.140625,3.9296875],"tintindex":0,"rotation":0,"texture":"#2"},"west":{"uv":[6.9375,9.875,7.265625,10.3046875],"tintindex":0,"rotation":0,"texture":"#2"},"up":{"uv":[9.578125,10.953125,9.25,10.625],"tintindex":0,"rotation":0,"texture":"#2"},"down":{"uv":[11.015625,0.0,10.6875,0.328125],"tintindex":0,"rotation":0,"texture":"#2"}}},{"from":[4.419792,4.069662,-4.6187496],"to":[5.404167,8.335287,-0.6812496],"faces":{"east":{"uv":[4.1875,11.75,4.4335938,12.015625],"tintindex":0,"rotation":0,"texture":"#2"},"south":{"uv":[11.3125,13.625,11.375,13.890625],"tintindex":0,"rotation":0,"texture":"#2"},"north":{"uv":[11.25,13.625,11.3125,13.890625],"tintindex":0,"rotation":0,"texture":"#2"},"west":{"uv":[4.4375,11.75,4.6835938,12.015625],"tintindex":0,"rotation":0,"texture":"#2"},"up":{"uv":[13.125,13.871094,13.0625,13.625],"tintindex":0,"rotation":0,"texture":"#2"},"down":{"uv":[13.5,13.625,13.4375,13.871094],"tintindex":0,"rotation":0,"texture":"#2"}}},{"from":[10.654167,8.335287,-3.3062496],"to":[11.310417,10.960287,-1.9937496],"faces":{"east":{"uv":[7.5625,13.8125,7.6445312,13.9765625],"tintindex":0,"rotation":0,"texture":"#2"},"south":{"uv":[14.1875,2.875,14.230469,3.0390625],"tintindex":0,"rotation":0,"texture":"#2"},"north":{"uv":[2.875,14.1875,2.9179688,14.3515625],"tintindex":0,"rotation":0,"texture":"#2"},"west":{"uv":[13.8125,7.5625,13.894531,7.7265625],"tintindex":0,"rotation":0,"texture":"#2"},"up":{"uv":[14.730469,6.4570312,14.6875,6.375],"tintindex":0,"rotation":0,"texture":"#2"},"down":{"uv":[6.4804688,14.6875,6.4375,14.769531],"tintindex":0,"rotation":0,"texture":"#2"}}},{"from":[6.060417,4.069662,-6.2593746],"to":[9.997917,8.335287,-5.2749996],"faces":{"east":{"uv":[11.375,13.625,11.4375,13.890625],"tintindex":0,"rotation":0,"texture":"#2"},"south":{"uv":[11.75,7.6875,11.996094,7.953125],"tintindex":0,"rotation":0,"texture":"#2"},"north":{"uv":[11.75,4.8125,11.996094,5.078125],"tintindex":0,"rotation":0,"texture":"#2"},"west":{"uv":[13.625,11.375,13.6875,11.640625],"tintindex":0,"rotation":0,"texture":"#2"},"up":{"uv":[13.933594,1.9375,13.6875,1.875],"tintindex":0,"rotation":0,"texture":"#2"},"down":{"uv":[13.933594,1.9375,13.6875,2.0],"tintindex":0,"rotation":0,"texture":"#2"}}},{"from":[7.0776043,8.335287,-0.024999619],"to":[9.046354,10.960287,0.9593754],"faces":{"east":{"uv":[2.0,14.0625,2.0625,14.2265625],"tintindex":0,"rotation":0,"texture":"#2"},"south":{"uv":[5.375,13.4375,5.5,13.6015625],"tintindex":0,"rotation":0,"texture":"#2"},"north":{"uv":[5.25,13.4375,5.375,13.6015625],"tintindex":0,"rotation":0,"texture":"#2"},"west":{"uv":[2.0625,14.0625,2.125,14.2265625],"tintindex":0,"rotation":0,"texture":"#2"},"up":{"uv":[14.25,11.0,14.125,10.9375],"tintindex":0,"rotation":0,"texture":"#2"},"down":{"uv":[14.25,11.0,14.125,11.0625],"tintindex":0,"rotation":0,"texture":"#2"}}},{"from":[4.419792,8.335287,-3.6343746],"to":[5.404167,10.960287,-1.6656246],"faces":{"east":{"uv":[12.8125,13.375,12.9375,13.5390625],"tintindex":0,"rotation":0,"texture":"#2"},"south":{"uv":[14.0625,1.8125,14.125,1.9765625],"tintindex":0,"rotation":0,"texture":"#2"},"north":{"uv":[14.0625,1.625,14.125,1.7890625],"tintindex":0,"rotation":0,"texture":"#2"},"west":{"uv":[13.375,12.875,13.5,13.0390625],"tintindex":0,"rotation":0,"texture":"#2"},"up":{"uv":[13.25,1.625,13.1875,1.5],"tintindex":0,"rotation":0,"texture":"#2"},"down":{"uv":[12.625,13.25,12.5625,13.375],"tintindex":0,"rotation":0,"texture":"#2"}}},{"from":[10.654167,4.069662,-3.9624996],"to":[11.310417,8.335287,-1.3374996],"faces":{"east":{"uv":[3.0625,12.3125,3.2265625,12.578125],"tintindex":0,"rotation":0,"texture":"#2"},"south":{"uv":[14.0,9.8125,14.042969,10.078125],"tintindex":0,"rotation":0,"texture":"#2"},"north":{"uv":[14.0,9.5,14.042969,9.765625],"tintindex":0,"rotation":0,"texture":"#2"},"west":{"uv":[3.25,12.3125,3.4140625,12.578125],"tintindex":0,"rotation":0,"texture":"#2"},"up":{"uv":[2.7929688,14.3515625,2.75,14.1875],"tintindex":0,"rotation":0,"texture":"#2"},"down":{"uv":[2.8554688,14.1875,2.8125,14.3515625],"tintindex":0,"rotation":0,"texture":"#2"}}},{"from":[7.0776043,8.335287,-6.2593746],"to":[9.046354,10.960287,-5.2749996],"faces":{"east":{"uv":[1.875,14.0625,1.9375,14.2265625],"tintindex":0,"rotation":0,"texture":"#2"},"south":{"uv":[13.4375,0.9375,13.5625,1.1015625],"tintindex":0,"rotation":0,"texture":"#2"},"north":{"uv":[13.4375,0.75,13.5625,0.9140625],"tintindex":0,"rotation":0,"texture":"#2"},"west":{"uv":[1.9375,14.0625,2.0,14.2265625],"tintindex":0,"rotation":0,"texture":"#2"},"up":{"uv":[14.25,10.6875,14.125,10.625],"tintindex":0,"rotation":0,"texture":"#2"},"down":{"uv":[14.25,10.6875,14.125,10.75],"tintindex":0,"rotation":0,"texture":"#2"}}}]}