{"textures":{"2":"modelengine:entity/pillars"},"elements":[{"from":[7.532422,7.06544,5.492383],"to":[8.481641,8.0937605,5.7296877],"faces":{"east":{"uv":[9.25,15.0625,9.265625,15.125],"tintindex":0,"rotation":0,"texture":"#2"},"south":{"uv":[12.6875,7.25,12.746094,7.3125],"tintindex":0,"rotation":0,"texture":"#2"},"north":{"uv":[12.6875,4.0,12.746094,4.0625],"tintindex":0,"rotation":0,"texture":"#2"},"west":{"uv":[9.3125,15.0625,9.328125,15.125],"tintindex":0,"rotation":0,"texture":"#2"},"up":{"uv":[15.183594,4.515625,15.125,4.5],"tintindex":0,"rotation":0,"texture":"#2"},"down":{"uv":[4.6210938,15.125,4.5625,15.140625],"tintindex":0,"rotation":0,"texture":"#2"}}},{"from":[7.1369143,8.0937605,6.1251955],"to":[7.374219,8.726573,6.599805],"faces":{"east":{"uv":[0.0,15.0625,0.03125,15.1015625],"tintindex":0,"rotation":0,"texture":"#2"},"south":{"uv":[14.875,15.1875,14.890625,15.2265625],"tintindex":0,"rotation":0,"texture":"#2"},"north":{"uv":[15.1875,14.8125,15.203125,14.8515625],"tintindex":0,"rotation":0,"texture":"#2"},"west":{"uv":[15.0625,0.0,15.09375,0.0390625],"tintindex":0,"rotation":0,"texture":"#2"},"up":{"uv":[12.015625,15.28125,12.0,15.25],"tintindex":0,"rotation":0,"texture":"#2"},"down":{"uv":[15.265625,12.0,15.25,12.03125],"tintindex":0,"rotation":0,"texture":"#2"}}},{"from":[8.639844,7.06544,6.046094],"to":[8.798047,8.0937605,6.6789064],"faces":{"east":{"uv":[14.8125,4.75,14.8515625,4.8125],"tintindex":0,"rotation":0,"texture":"#2"},"south":{"uv":[14.375,15.125,14.386719,15.1875],"tintindex":0,"rotation":0,"texture":"#2"},"north":{"uv":[15.125,14.3125,15.136719,14.375],"tintindex":0,"rotation":0,"texture":"#2"},"west":{"uv":[14.8125,4.8125,14.8515625,4.875],"tintindex":0,"rotation":0,"texture":"#2"},"up":{"uv":[12.886719,15.2890625,12.875,15.25],"tintindex":0,"rotation":0,"texture":"#2"},"down":{"uv":[15.261719,12.875,15.25,12.9140625],"tintindex":0,"rotation":0,"texture":"#2"}}},{"from":[7.532422,7.06544,6.9953127],"to":[8.481641,8.0937605,7.2326174],"faces":{"east":{"uv":[9.375,15.0625,9.390625,15.125],"tintindex":0,"rotation":0,"texture":"#2"},"south":{"uv":[5.5625,12.8125,5.6210938,12.875],"tintindex":0,"rotation":0,"texture":"#2"},"north":{"uv":[7.4375,12.6875,7.4960938,12.75],"tintindex":0,"rotation":0,"texture":"#2"},"west":{"uv":[15.0625,9.375,15.078125,9.4375],"tintindex":0,"rotation":0,"texture":"#2"},"up":{"uv":[15.183594,4.578125,15.125,4.5625],"tintindex":0,"rotation":0,"texture":"#2"},"down":{"uv":[4.6835938,15.125,4.625,15.140625],"tintindex":0,"rotation":0,"texture":"#2"}}},{"from":[7.777637,8.0937605,6.9953127],"to":[8.252247,8.726573,7.2326174],"faces":{"east":{"uv":[15.1875,14.9375,15.203125,14.9765625],"tintindex":0,"rotation":0,"texture":"#2"},"south":{"uv":[15.0625,0.125,15.09375,0.1640625],"tintindex":0,"rotation":0,"texture":"#2"},"north":{"uv":[0.125,15.0625,0.15625,15.1015625],"tintindex":0,"rotation":0,"texture":"#2"},"west":{"uv":[15.0,15.1875,15.015625,15.2265625],"tintindex":0,"rotation":0,"texture":"#2"},"up":{"uv":[12.15625,15.265625,12.125,15.25],"tintindex":0,"rotation":0,"texture":"#2"},"down":{"uv":[15.28125,12.125,15.25,12.140625],"tintindex":0,"rotation":0,"texture":"#2"}}},{"from":[7.374219,7.06544,5.7296877],"to":[8.639844,8.726573,6.9953127],"faces":{"east":{"uv":[14.125,7.0,14.203125,7.1054688],"tintindex":0,"rotation":0,"texture":"#2"},"south":{"uv":[7.0625,14.125,7.140625,14.230469],"tintindex":0,"rotation":0,"texture":"#2"},"north":{"uv":[6.9375,14.125,7.015625,14.230469],"tintindex":0,"rotation":0,"texture":"#2"},"west":{"uv":[14.125,7.3125,14.203125,7.4179688],"tintindex":0,"rotation":0,"texture":"#2"},"up":{"uv":[14.328125,14.390625,14.25,14.3125],"tintindex":0,"rotation":0,"texture":"#2"},"down":{"uv":[14.453125,0.0,14.375,0.078125],"tintindex":0,"rotation":0,"texture":"#2"}}},{"from":[8.639844,8.0937605,6.204297],"to":[8.798047,8.726573,6.5207033],"faces":{"east":{"uv":[15.125,12.3125,15.144531,12.3515625],"tintindex":0,"rotation":0,"texture":"#2"},"south":{"uv":[15.25,12.9375,15.261719,12.9765625],"tintindex":0,"rotation":0,"texture":"#2"},"north":{"uv":[12.9375,15.25,12.949219,15.2890625],"tintindex":0,"rotation":0,"texture":"#2"},"west":{"uv":[12.375,15.125,12.394531,15.1640625],"tintindex":0,"rotation":0,"texture":"#2"},"up":{"uv":[15.449219,1.6445312,15.4375,1.625],"tintindex":0,"rotation":0,"texture":"#2"},"down":{"uv":[1.6992188,15.4375,1.6875,15.457031],"tintindex":0,"rotation":0,"texture":"#2"}}},{"from":[7.1369143,7.06544,5.887891],"to":[7.374219,8.0937605,6.8371096],"faces":{"east":{"uv":[12.0625,5.3125,12.121094,5.375],"tintindex":0,"rotation":0,"texture":"#2"},"south":{"uv":[9.125,15.0625,9.140625,15.125],"tintindex":0,"rotation":0,"texture":"#2"},"north":{"uv":[15.0625,9.0625,15.078125,9.125],"tintindex":0,"rotation":0,"texture":"#2"},"west":{"uv":[1.1875,12.125,1.2460938,12.1875],"tintindex":0,"rotation":0,"texture":"#2"},"up":{"uv":[15.140625,4.4960938,15.125,4.4375],"tintindex":0,"rotation":0,"texture":"#2"},"down":{"uv":[4.515625,15.125,4.5,15.183594],"tintindex":0,"rotation":0,"texture":"#2"}}},{"from":[7.777637,8.0937605,5.492383],"to":[8.252247,8.726573,5.7296877],"faces":{"east":{"uv":[15.1875,14.875,15.203125,14.9140625],"tintindex":0,"rotation":0,"texture":"#2"},"south":{"uv":[15.0625,0.0625,15.09375,0.1015625],"tintindex":0,"rotation":0,"texture":"#2"},"north":{"uv":[0.0625,15.0625,0.09375,15.1015625],"tintindex":0,"rotation":0,"texture":"#2"},"west":{"uv":[14.9375,15.1875,14.953125,15.2265625],"tintindex":0,"rotation":0,"texture":"#2"},"up":{"uv":[12.09375,15.265625,12.0625,15.25],"tintindex":0,"rotation":0,"texture":"#2"},"down":{"uv":[15.28125,12.0625,15.25,12.078125],"tintindex":0,"rotation":0,"texture":"#2"}}}]}