{"textures":{"2":"modelengine:entity/pillars"},"elements":[{"from":[6.977083,7.0118275,-2.28125],"to":[7.258333,8.230577,-1.15625],"faces":{"east":{"uv":[14.4375,6.125,14.5078125,6.203125],"tintindex":0,"rotation":0,"texture":"#2"},"south":{"uv":[14.4375,14.9375,14.457031,15.015625],"tintindex":0,"rotation":0,"texture":"#2"},"north":{"uv":[14.9375,14.375,14.957031,14.453125],"tintindex":0,"rotation":0,"texture":"#2"},"west":{"uv":[14.4375,6.25,14.5078125,6.328125],"tintindex":0,"rotation":0,"texture":"#2"},"up":{"uv":[15.019531,13.1328125,15.0,13.0625],"tintindex":0,"rotation":0,"texture":"#2"},"down":{"uv":[13.144531,15.0,13.125,15.0703125],"tintindex":0,"rotation":0,"texture":"#2"}}},{"from":[7.445833,7.0118275,-2.75],"to":[8.570833,8.230577,-2.46875],"faces":{"east":{"uv":[14.5,14.9375,14.519531,15.015625],"tintindex":0,"rotation":0,"texture":"#2"},"south":{"uv":[6.5,14.4375,6.5703125,14.515625],"tintindex":0,"rotation":0,"texture":"#2"},"north":{"uv":[14.4375,6.375,14.5078125,6.453125],"tintindex":0,"rotation":0,"texture":"#2"},"west":{"uv":[14.9375,14.5,14.957031,14.578125],"tintindex":0,"rotation":0,"texture":"#2"},"up":{"uv":[15.0703125,13.207031,15.0,13.1875],"tintindex":0,"rotation":0,"texture":"#2"},"down":{"uv":[15.0703125,13.25,15.0,13.269531],"tintindex":0,"rotation":0,"texture":"#2"}}},{"from":[7.445833,7.0118275,-0.96875],"to":[8.570833,8.230577,-0.6875],"faces":{"east":{"uv":[14.5625,14.9375,14.582031,15.015625],"tintindex":0,"rotation":0,"texture":"#2"},"south":{"uv":[6.625,14.4375,6.6953125,14.515625],"tintindex":0,"rotation":0,"texture":"#2"},"north":{"uv":[14.4375,6.5,14.5078125,6.578125],"tintindex":0,"rotation":0,"texture":"#2"},"west":{"uv":[14.625,14.9375,14.644531,15.015625],"tintindex":0,"rotation":0,"texture":"#2"},"up":{"uv":[15.0703125,13.332031,15.0,13.3125],"tintindex":0,"rotation":0,"texture":"#2"},"down":{"uv":[15.0703125,13.375,15.0,13.394531],"tintindex":0,"rotation":0,"texture":"#2"}}},{"from":[8.758333,8.230577,-1.90625],"to":[8.945833,8.980577,-1.53125],"faces":{"east":{"uv":[3.9375,15.0625,3.9609375,15.109375],"tintindex":0,"rotation":0,"texture":"#2"},"south":{"uv":[15.25,3.5625,15.261719,3.609375],"tintindex":0,"rotation":0,"texture":"#2"},"north":{"uv":[3.5625,15.25,3.5742188,15.296875],"tintindex":0,"rotation":0,"texture":"#2"},"west":{"uv":[15.0625,3.9375,15.0859375,3.984375],"tintindex":0,"rotation":0,"texture":"#2"},"up":{"uv":[9.074219,15.3984375,9.0625,15.375],"tintindex":0,"rotation":0,"texture":"#2"},"down":{"uv":[15.386719,9.0625,15.375,9.0859375],"tintindex":0,"rotation":0,"texture":"#2"}}},{"from":[7.258333,7.0118275,-2.46875],"to":[8.758333,8.980577,-0.96875],"faces":{"east":{"uv":[6.25,14.0,6.34375,14.125],"tintindex":0,"rotation":0,"texture":"#2"},"south":{"uv":[6.375,14.0,6.46875,14.125],"tintindex":0,"rotation":0,"texture":"#2"},"north":{"uv":[14.0,6.0625,14.09375,6.1875],"tintindex":0,"rotation":0,"texture":"#2"},"west":{"uv":[14.0,6.625,14.09375,6.75],"tintindex":0,"rotation":0,"texture":"#2"},"up":{"uv":[0.59375,14.21875,0.5,14.125],"tintindex":0,"rotation":0,"texture":"#2"},"down":{"uv":[14.21875,0.5,14.125,0.59375],"tintindex":0,"rotation":0,"texture":"#2"}}},{"from":[7.736459,8.230577,-2.75],"to":[8.298959,8.980577,-2.46875],"faces":{"east":{"uv":[10.375,15.125,10.394531,15.171875],"tintindex":0,"rotation":0,"texture":"#2"},"south":{"uv":[14.9375,4.1875,14.972656,4.234375],"tintindex":0,"rotation":0,"texture":"#2"},"north":{"uv":[4.1875,14.9375,4.2226562,14.984375],"tintindex":0,"rotation":0,"texture":"#2"},"west":{"uv":[15.125,10.375,15.144531,10.421875],"tintindex":0,"rotation":0,"texture":"#2"},"up":{"uv":[15.222656,8.394531,15.1875,8.375],"tintindex":0,"rotation":0,"texture":"#2"},"down":{"uv":[8.472656,15.1875,8.4375,15.207031],"tintindex":0,"rotation":0,"texture":"#2"}}},{"from":[6.977083,8.230577,-2.0],"to":[7.258333,8.980577,-1.4375],"faces":{"east":{"uv":[4.125,14.9375,4.1601562,14.984375],"tintindex":0,"rotation":0,"texture":"#2"},"south":{"uv":[10.25,15.125,10.269531,15.171875],"tintindex":0,"rotation":0,"texture":"#2"},"north":{"uv":[15.125,10.1875,15.144531,10.234375],"tintindex":0,"rotation":0,"texture":"#2"},"west":{"uv":[14.9375,4.125,14.972656,4.171875],"tintindex":0,"rotation":0,"texture":"#2"},"up":{"uv":[15.207031,8.347656,15.1875,8.3125],"tintindex":0,"rotation":0,"texture":"#2"},"down":{"uv":[8.394531,15.1875,8.375,15.222656],"tintindex":0,"rotation":0,"texture":"#2"}}},{"from":[8.758333,7.0118275,-2.09375],"to":[8.945833,8.230577,-1.34375],"faces":{"east":{"uv":[2.6875,14.6875,2.734375,14.765625],"tintindex":0,"rotation":0,"texture":"#2"},"south":{"uv":[10.3125,15.125,10.324219,15.203125],"tintindex":0,"rotation":0,"texture":"#2"},"north":{"uv":[15.125,10.25,15.136719,10.328125],"tintindex":0,"rotation":0,"texture":"#2"},"west":{"uv":[14.6875,2.6875,14.734375,2.765625],"tintindex":0,"rotation":0,"texture":"#2"},"up":{"uv":[3.5117188,15.296875,3.5,15.25],"tintindex":0,"rotation":0,"texture":"#2"},"down":{"uv":[15.261719,3.5,15.25,3.546875],"tintindex":0,"rotation":0,"texture":"#2"}}},{"from":[7.736459,8.230577,-0.96875],"to":[8.298959,8.980577,-0.6875],"faces":{"east":{"uv":[10.4375,15.125,10.457031,15.171875],"tintindex":0,"rotation":0,"texture":"#2"},"south":{"uv":[14.9375,4.25,14.972656,4.296875],"tintindex":0,"rotation":0,"texture":"#2"},"north":{"uv":[4.25,14.9375,4.2851562,14.984375],"tintindex":0,"rotation":0,"texture":"#2"},"west":{"uv":[15.125,10.4375,15.144531,10.484375],"tintindex":0,"rotation":0,"texture":"#2"},"up":{"uv":[15.222656,8.457031,15.1875,8.4375],"tintindex":0,"rotation":0,"texture":"#2"},"down":{"uv":[8.535156,15.1875,8.5,15.207031],"tintindex":0,"rotation":0,"texture":"#2"}}}]}