{"textures":{"2":"modelengine:entity/pillars"},"elements":[{"from":[7.424609,7.4505644,-2.0351562],"to":[7.5828123,8.13611,-1.4023438],"faces":{"east":{"uv":[14.875,12.625,14.9140625,12.667969],"tintindex":0,"rotation":0,"texture":"#2"},"south":{"uv":[15.25,8.25,15.261719,8.292969],"tintindex":0,"rotation":0,"texture":"#2"},"north":{"uv":[8.25,15.25,8.261719,15.292969],"tintindex":0,"rotation":0,"texture":"#2"},"west":{"uv":[12.6875,14.875,12.7265625,14.917969],"tintindex":0,"rotation":0,"texture":"#2"},"up":{"uv":[14.136719,15.2890625,14.125,15.25],"tintindex":0,"rotation":0,"texture":"#2"},"down":{"uv":[15.261719,14.125,15.25,14.1640625],"tintindex":0,"rotation":0,"texture":"#2"}}},{"from":[7.424609,8.13611,-1.8769531],"to":[7.5828123,8.557985,-1.5605469],"faces":{"east":{"uv":[4.5,15.25,4.5195312,15.277344],"tintindex":0,"rotation":0,"texture":"#2"},"south":{"uv":[10.1875,15.3125,10.199219,15.339844],"tintindex":0,"rotation":0,"texture":"#2"},"north":{"uv":[15.3125,10.125,15.324219,10.152344],"tintindex":0,"rotation":0,"texture":"#2"},"west":{"uv":[15.25,4.5,15.269531,4.5273438],"tintindex":0,"rotation":0,"texture":"#2"},"up":{"uv":[15.449219,2.8320312,15.4375,2.8125],"tintindex":0,"rotation":0,"texture":"#2"},"down":{"uv":[2.8867188,15.4375,2.875,15.457031],"tintindex":0,"rotation":0,"texture":"#2"}}},{"from":[7.8517575,8.13611,-2.2988281],"to":[8.168163,8.557985,-2.140625],"faces":{"east":{"uv":[15.3125,10.25,15.324219,10.277344],"tintindex":0,"rotation":0,"texture":"#2"},"south":{"uv":[15.25,4.5625,15.269531,4.5898438],"tintindex":0,"rotation":0,"texture":"#2"},"north":{"uv":[4.5625,15.25,4.5820312,15.277344],"tintindex":0,"rotation":0,"texture":"#2"},"west":{"uv":[10.3125,15.3125,10.324219,15.339844],"tintindex":0,"rotation":0,"texture":"#2"},"up":{"uv":[15.457031,2.8867188,15.4375,2.875],"tintindex":0,"rotation":0,"texture":"#2"},"down":{"uv":[2.9570312,15.4375,2.9375,15.449219],"tintindex":0,"rotation":0,"texture":"#2"}}},{"from":[8.426562,7.4505644,-1.9296875],"to":[8.532031,8.13611,-1.5078125],"faces":{"east":{"uv":[0.625,15.0625,0.65234375,15.105469],"tintindex":0,"rotation":0,"texture":"#2"},"south":{"uv":[6.875,15.3125,6.8828125,15.355469],"tintindex":0,"rotation":0,"texture":"#2"},"north":{"uv":[15.3125,6.8125,15.3203125,6.8554688],"tintindex":0,"rotation":0,"texture":"#2"},"west":{"uv":[15.0625,0.625,15.089844,0.66796875],"tintindex":0,"rotation":0,"texture":"#2"},"up":{"uv":[15.4453125,7.2773438,15.4375,7.25],"tintindex":0,"rotation":0,"texture":"#2"},"down":{"uv":[7.3203125,15.4375,7.3125,15.464844],"tintindex":0,"rotation":0,"texture":"#2"}}},{"from":[7.688281,7.4505644,-2.2988281],"to":[8.321094,8.13611,-2.140625],"faces":{"east":{"uv":[8.3125,15.25,8.324219,15.292969],"tintindex":0,"rotation":0,"texture":"#2"},"south":{"uv":[12.75,14.875,12.7890625,14.917969],"tintindex":0,"rotation":0,"texture":"#2"},"north":{"uv":[14.875,12.6875,14.9140625,12.730469],"tintindex":0,"rotation":0,"texture":"#2"},"west":{"uv":[15.25,8.3125,15.261719,8.355469],"tintindex":0,"rotation":0,"texture":"#2"},"up":{"uv":[14.2265625,15.261719,14.1875,15.25],"tintindex":0,"rotation":0,"texture":"#2"},"down":{"uv":[15.2890625,14.1875,15.25,14.199219],"tintindex":0,"rotation":0,"texture":"#2"}}},{"from":[8.426562,8.13611,-1.8242188],"to":[8.532031,8.557985,-1.6132812],"faces":{"east":{"uv":[15.3125,10.1875,15.324219,10.214844],"tintindex":0,"rotation":0,"texture":"#2"},"south":{"uv":[7.375,15.4375,7.3828125,15.464844],"tintindex":0,"rotation":0,"texture":"#2"},"north":{"uv":[15.4375,7.3125,15.4453125,7.3398438],"tintindex":0,"rotation":0,"texture":"#2"},"west":{"uv":[10.25,15.3125,10.261719,15.339844],"tintindex":0,"rotation":0,"texture":"#2"},"up":{"uv":[4.0703125,15.511719,4.0625,15.5],"tintindex":0,"rotation":0,"texture":"#2"},"down":{"uv":[15.5078125,4.0625,15.5,4.0742188],"tintindex":0,"rotation":0,"texture":"#2"}}},{"from":[7.688281,7.4505644,-1.296875],"to":[8.321094,8.13611,-1.1386719],"faces":{"east":{"uv":[8.375,15.25,8.386719,15.292969],"tintindex":0,"rotation":0,"texture":"#2"},"south":{"uv":[12.8125,14.875,12.8515625,14.917969],"tintindex":0,"rotation":0,"texture":"#2"},"north":{"uv":[14.875,12.75,14.9140625,12.792969],"tintindex":0,"rotation":0,"texture":"#2"},"west":{"uv":[15.25,8.375,15.261719,8.417969],"tintindex":0,"rotation":0,"texture":"#2"},"up":{"uv":[14.2890625,15.261719,14.25,15.25],"tintindex":0,"rotation":0,"texture":"#2"},"down":{"uv":[15.2890625,14.25,15.25,14.261719],"tintindex":0,"rotation":0,"texture":"#2"}}},{"from":[7.5828123,7.4505644,-2.140625],"to":[8.426562,8.557985,-1.296875],"faces":{"east":{"uv":[14.625,12.375,14.6796875,12.4453125],"tintindex":0,"rotation":0,"texture":"#2"},"south":{"uv":[12.4375,14.625,12.4921875,14.6953125],"tintindex":0,"rotation":0,"texture":"#2"},"north":{"uv":[12.375,14.625,12.4296875,14.6953125],"tintindex":0,"rotation":0,"texture":"#2"},"west":{"uv":[12.5,14.625,12.5546875,14.6953125],"tintindex":0,"rotation":0,"texture":"#2"},"up":{"uv":[14.8046875,8.4296875,14.75,8.375],"tintindex":0,"rotation":0,"texture":"#2"},"down":{"uv":[8.4921875,14.75,8.4375,14.8046875],"tintindex":0,"rotation":0,"texture":"#2"}}},{"from":[7.8517575,8.13611,-1.296875],"to":[8.168163,8.557985,-1.1386719],"faces":{"east":{"uv":[15.3125,10.3125,15.324219,10.339844],"tintindex":0,"rotation":0,"texture":"#2"},"south":{"uv":[15.25,4.625,15.269531,4.6523438],"tintindex":0,"rotation":0,"texture":"#2"},"north":{"uv":[4.625,15.25,4.6445312,15.277344],"tintindex":0,"rotation":0,"texture":"#2"},"west":{"uv":[10.375,15.3125,10.386719,15.339844],"tintindex":0,"rotation":0,"texture":"#2"},"up":{"uv":[15.457031,2.9492188,15.4375,2.9375],"tintindex":0,"rotation":0,"texture":"#2"},"down":{"uv":[3.0195312,15.4375,3.0,15.449219],"tintindex":0,"rotation":0,"texture":"#2"}}}]}