{"textures":{"2":"modelengine:entity/pillars"},"elements":[{"from":[7.0776043,8.335287,-0.024999619],"to":[9.046354,10.960287,0.9593754],"faces":{"east":{"uv":[9.4375,9.6875,9.5,9.8515625],"tintindex":0,"rotation":0,"texture":"#2"},"south":{"uv":[7.0,11.0625,7.125,11.2265625],"tintindex":0,"rotation":0,"texture":"#2"},"north":{"uv":[7.1875,10.3125,7.3125,10.4765625],"tintindex":0,"rotation":0,"texture":"#2"},"west":{"uv":[5.375,10.375,5.4375,10.5390625],"tintindex":0,"rotation":0,"texture":"#2"},"up":{"uv":[10.0625,0.4375,9.9375,0.375],"tintindex":0,"rotation":0,"texture":"#2"},"down":{"uv":[6.1875,10.0625,6.0625,10.125],"tintindex":0,"rotation":0,"texture":"#2"}}},{"from":[10.654167,4.069662,-3.9624996],"to":[11.310417,8.335287,-1.3374996],"faces":{"east":{"uv":[10.6875,12.25,10.8515625,12.515625],"tintindex":0,"rotation":0,"texture":"#2"},"south":{"uv":[8.25,13.9375,8.292969,14.203125],"tintindex":0,"rotation":0,"texture":"#2"},"north":{"uv":[12.5,13.875,12.542969,14.140625],"tintindex":0,"rotation":0,"texture":"#2"},"west":{"uv":[10.875,12.25,11.0390625,12.515625],"tintindex":0,"rotation":0,"texture":"#2"},"up":{"uv":[14.167969,11.4765625,14.125,11.3125],"tintindex":0,"rotation":0,"texture":"#2"},"down":{"uv":[14.167969,11.5,14.125,11.6640625],"tintindex":0,"rotation":0,"texture":"#2"}}},{"from":[10.654167,8.335287,-3.3062496],"to":[11.310417,10.960287,-1.9937496],"faces":{"east":{"uv":[9.75,13.75,9.832031,13.9140625],"tintindex":0,"rotation":0,"texture":"#2"},"south":{"uv":[11.875,14.125,11.917969,14.2890625],"tintindex":0,"rotation":0,"texture":"#2"},"north":{"uv":[11.8125,14.125,11.855469,14.2890625],"tintindex":0,"rotation":0,"texture":"#2"},"west":{"uv":[13.75,11.625,13.832031,11.7890625],"tintindex":0,"rotation":0,"texture":"#2"},"up":{"uv":[14.730469,3.2695312,14.6875,3.1875],"tintindex":0,"rotation":0,"texture":"#2"},"down":{"uv":[14.730469,5.625,14.6875,5.7070312],"tintindex":0,"rotation":0,"texture":"#2"}}},{"from":[6.0604167,4.069662,-6.2593746],"to":[9.997917,8.335287,-5.2749996],"faces":{"east":{"uv":[3.6875,10.0625,3.75,10.328125],"tintindex":0,"rotation":0,"texture":"#2"},"south":{"uv":[11.5,9.4375,11.746094,9.703125],"tintindex":0,"rotation":0,"texture":"#2"},"north":{"uv":[11.5,9.125,11.746094,9.390625],"tintindex":0,"rotation":0,"texture":"#2"},"west":{"uv":[5.875,10.9375,5.9375,11.203125],"tintindex":0,"rotation":0,"texture":"#2"},"up":{"uv":[3.9960938,5.0,3.75,4.9375],"tintindex":0,"rotation":0,"texture":"#2"},"down":{"uv":[6.9960938,6.5,6.75,6.5625],"tintindex":0,"rotation":0,"texture":"#2"}}},{"from":[4.4197917,8.335287,-3.6343746],"to":[5.4041667,10.960287,-1.6656246],"faces":{"east":{"uv":[5.375,1.8125,5.5,1.9765625],"tintindex":0,"rotation":0,"texture":"#2"},"south":{"uv":[8.5,2.3125,8.5625,2.4765625],"tintindex":0,"rotation":0,"texture":"#2"},"north":{"uv":[8.0625,2.875,8.125,3.0390625],"tintindex":0,"rotation":0,"texture":"#2"},"west":{"uv":[6.125,1.625,6.25,1.7890625],"tintindex":0,"rotation":0,"texture":"#2"},"up":{"uv":[10.1875,7.375,10.125,7.25],"tintindex":0,"rotation":0,"texture":"#2"},"down":{"uv":[10.4375,6.0,10.375,6.125],"tintindex":0,"rotation":0,"texture":"#2"}}},{"from":[5.4041667,4.069662,-5.2749996],"to":[10.654167,10.960287,-0.024999619],"faces":{"east":{"uv":[9.5,5.1875,9.828125,5.6171875],"tintindex":0,"rotation":0,"texture":"#2"},"south":{"uv":[9.5625,0.0,9.890625,0.4296875],"tintindex":0,"rotation":0,"texture":"#2"},"north":{"uv":[9.375,6.5,9.703125,6.9296875],"tintindex":0,"rotation":0,"texture":"#2"},"west":{"uv":[1.6875,9.625,2.015625,10.0546875],"tintindex":0,"rotation":0,"texture":"#2"},"up":{"uv":[10.890625,4.265625,10.5625,3.9375],"tintindex":0,"rotation":0,"texture":"#2"},"down":{"uv":[5.515625,10.5625,5.1875,10.890625],"tintindex":0,"rotation":0,"texture":"#2"}}},{"from":[7.0776043,8.335287,-6.2593746],"to":[9.046354,10.960287,-5.2749996],"faces":{"east":{"uv":[8.875,0.4375,8.9375,0.6015625],"tintindex":0,"rotation":0,"texture":"#2"},"south":{"uv":[6.8125,10.125,6.9375,10.2890625],"tintindex":0,"rotation":0,"texture":"#2"},"north":{"uv":[6.9375,9.6875,7.0625,9.8515625],"tintindex":0,"rotation":0,"texture":"#2"},"west":{"uv":[8.8125,9.0625,8.875,9.2265625],"tintindex":0,"rotation":0,"texture":"#2"},"up":{"uv":[7.125,6.5625,7.0,6.5],"tintindex":0,"rotation":0,"texture":"#2"},"down":{"uv":[6.0,8.5,5.875,8.5625],"tintindex":0,"rotation":0,"texture":"#2"}}},{"from":[4.4197917,4.069662,-4.6187496],"to":[5.4041667,8.335287,-0.6812496],"faces":{"east":{"uv":[8.1875,8.75,8.433594,9.015625],"tintindex":0,"rotation":0,"texture":"#2"},"south":{"uv":[9.4375,2.125,9.5,2.390625],"tintindex":0,"rotation":0,"texture":"#2"},"north":{"uv":[9.25,6.9375,9.3125,7.203125],"tintindex":0,"rotation":0,"texture":"#2"},"west":{"uv":[11.5,8.8125,11.746094,9.078125],"tintindex":0,"rotation":0,"texture":"#2"},"up":{"uv":[9.75,1.5585938,9.6875,1.3125],"tintindex":0,"rotation":0,"texture":"#2"},"down":{"uv":[7.375,9.875,7.3125,10.121094],"tintindex":0,"rotation":0,"texture":"#2"}}},{"from":[6.0604167,4.069662,-0.024999619],"to":[9.997917,8.335287,0.9593754],"faces":{"east":{"uv":[6.5,12.0625,6.5625,12.328125],"tintindex":0,"rotation":0,"texture":"#2"},"south":{"uv":[11.5,10.0625,11.746094,10.328125],"tintindex":0,"rotation":0,"texture":"#2"},"north":{"uv":[11.5,9.75,11.746094,10.015625],"tintindex":0,"rotation":0,"texture":"#2"},"west":{"uv":[12.125,5.8125,12.1875,6.078125],"tintindex":0,"rotation":0,"texture":"#2"},"up":{"uv":[7.4960938,6.3125,7.25,6.25],"tintindex":0,"rotation":0,"texture":"#2"},"down":{"uv":[7.9335938,7.5,7.6875,7.5625],"tintindex":0,"rotation":0,"texture":"#2"}}}]}