{"textures":{"2":"modelengine:entity/pillars"},"elements":[{"from":[2.0658035,8.755371,6.3683968],"to":[3.6974049,13.106312,9.631599],"faces":{"east":{"uv":[11.9375,8.9375,12.140625,9.2109375],"tintindex":0,"rotation":0,"texture":"#2"},"south":{"uv":[12.9375,5.5,13.0390625,5.7734375],"tintindex":0,"rotation":0,"texture":"#2"},"north":{"uv":[12.9375,5.1875,13.0390625,5.4609375],"tintindex":0,"rotation":0,"texture":"#2"},"west":{"uv":[11.9375,9.25,12.140625,9.5234375],"tintindex":0,"rotation":0,"texture":"#2"},"up":{"uv":[8.1015625,13.515625,8.0,13.3125],"tintindex":0,"rotation":0,"texture":"#2"},"down":{"uv":[13.4140625,8.0625,13.3125,8.265625],"tintindex":0,"rotation":0,"texture":"#2"}}},{"from":[4.785139,1.6851006,2.0174599],"to":[11.311546,8.755371,3.649063],"faces":{"east":{"uv":[12.1875,0.5,12.2890625,0.94140625],"tintindex":0,"rotation":0,"texture":"#2"},"south":{"uv":[8.9375,6.4375,9.34375,6.8789062],"tintindex":0,"rotation":0,"texture":"#2"},"north":{"uv":[8.9375,5.9375,9.34375,6.3789062],"tintindex":0,"rotation":0,"texture":"#2"},"west":{"uv":[0.6875,12.1875,0.7890625,12.628906],"tintindex":0,"rotation":0,"texture":"#2"},"up":{"uv":[12.65625,4.0390625,12.25,3.9375],"tintindex":0,"rotation":0,"texture":"#2"},"down":{"uv":[3.96875,12.3125,3.5625,12.4140625],"tintindex":0,"rotation":0,"texture":"#2"}}},{"from":[3.6974049,1.6851006,3.649063],"to":[12.399281,13.106312,12.350937],"faces":{"east":{"uv":[4.875,6.625,5.4179688,7.3398438],"tintindex":0,"rotation":0,"texture":"#2"},"south":{"uv":[5.4375,6.625,5.9804688,7.3398438],"tintindex":0,"rotation":0,"texture":"#2"},"north":{"uv":[4.3125,6.625,4.8554688,7.3398438],"tintindex":0,"rotation":0,"texture":"#2"},"west":{"uv":[0.0,6.75,0.54296875,7.4648438],"tintindex":0,"rotation":0,"texture":"#2"},"up":{"uv":[8.042969,2.4804688,7.5,1.9375],"tintindex":0,"rotation":0,"texture":"#2"},"down":{"uv":[2.7929688,7.5,2.25,8.042969],"tintindex":0,"rotation":0,"texture":"#2"}}},{"from":[12.399281,8.755371,6.912266],"to":[13.487015,13.106312,9.087734],"faces":{"east":{"uv":[10.5,12.375,10.636719,12.6484375],"tintindex":0,"rotation":0,"texture":"#2"},"south":{"uv":[4.75,13.5,4.8164062,13.7734375],"tintindex":0,"rotation":0,"texture":"#2"},"north":{"uv":[4.625,13.5,4.6914062,13.7734375],"tintindex":0,"rotation":0,"texture":"#2"},"west":{"uv":[12.375,10.5,12.511719,10.7734375],"tintindex":0,"rotation":0,"texture":"#2"},"up":{"uv":[10.566406,14.199219,10.5,14.0625],"tintindex":0,"rotation":0,"texture":"#2"},"down":{"uv":[10.691406,14.0625,10.625,14.199219],"tintindex":0,"rotation":0,"texture":"#2"}}},{"from":[12.399281,1.6851006,5.8245316],"to":[13.487015,8.755371,10.175468],"faces":{"east":{"uv":[5.75,10.0625,6.0234375,10.503906],"tintindex":0,"rotation":0,"texture":"#2"},"south":{"uv":[1.0,12.875,1.0664062,13.316406],"tintindex":0,"rotation":0,"texture":"#2"},"north":{"uv":[0.875,12.875,0.94140625,13.316406],"tintindex":0,"rotation":0,"texture":"#2"},"west":{"uv":[10.0625,8.6875,10.3359375,9.128906],"tintindex":0,"rotation":0,"texture":"#2"},"up":{"uv":[13.566406,4.7109375,13.5,4.4375],"tintindex":0,"rotation":0,"texture":"#2"},"down":{"uv":[4.5664062,13.5,4.5,13.7734375],"tintindex":0,"rotation":0,"texture":"#2"}}},{"from":[6.4711285,8.755371,2.0174599],"to":[9.734331,13.106312,3.649063],"faces":{"east":{"uv":[5.8125,12.9375,5.9140625,13.2109375],"tintindex":0,"rotation":0,"texture":"#2"},"south":{"uv":[10.0,11.9375,10.203125,12.2109375],"tintindex":0,"rotation":0,"texture":"#2"},"north":{"uv":[9.3125,11.9375,9.515625,12.2109375],"tintindex":0,"rotation":0,"texture":"#2"},"west":{"uv":[5.9375,12.9375,6.0390625,13.2109375],"tintindex":0,"rotation":0,"texture":"#2"},"up":{"uv":[13.515625,5.4140625,13.3125,5.3125],"tintindex":0,"rotation":0,"texture":"#2"},"down":{"uv":[13.515625,5.8125,13.3125,5.9140625],"tintindex":0,"rotation":0,"texture":"#2"}}},{"from":[6.4711285,8.755371,12.350937],"to":[9.734331,13.106312,13.982536],"faces":{"east":{"uv":[6.0625,12.9375,6.1640625,13.2109375],"tintindex":0,"rotation":0,"texture":"#2"},"south":{"uv":[11.9375,10.5,12.140625,10.7734375],"tintindex":0,"rotation":0,"texture":"#2"},"north":{"uv":[10.25,11.9375,10.453125,12.2109375],"tintindex":0,"rotation":0,"texture":"#2"},"west":{"uv":[12.9375,7.125,13.0390625,7.3984375],"tintindex":0,"rotation":0,"texture":"#2"},"up":{"uv":[13.515625,6.5390625,13.3125,6.4375],"tintindex":0,"rotation":0,"texture":"#2"},"down":{"uv":[8.328125,13.3125,8.125,13.4140625],"tintindex":0,"rotation":0,"texture":"#2"}}},{"from":[4.785139,1.6851006,12.350937],"to":[11.311546,8.755371,13.982536],"faces":{"east":{"uv":[0.8125,12.1875,0.9140625,12.628906],"tintindex":0,"rotation":0,"texture":"#2"},"south":{"uv":[3.75,9.0625,4.15625,9.503906],"tintindex":0,"rotation":0,"texture":"#2"},"north":{"uv":[9.0,1.9375,9.40625,2.3789062],"tintindex":0,"rotation":0,"texture":"#2"},"west":{"uv":[1.1875,12.1875,1.2890625,12.628906],"tintindex":0,"rotation":0,"texture":"#2"},"up":{"uv":[4.40625,12.4140625,4.0,12.3125],"tintindex":0,"rotation":0,"texture":"#2"},"down":{"uv":[12.71875,4.0625,12.3125,4.1640625],"tintindex":0,"rotation":0,"texture":"#2"}}},{"from":[2.0658035,1.6851006,4.7367973],"to":[3.6974049,8.755371,11.263203],"faces":{"east":{"uv":[8.9375,0.9375,9.34375,1.3789062],"tintindex":0,"rotation":0,"texture":"#2"},"south":{"uv":[12.1875,0.0,12.2890625,0.44140625],"tintindex":0,"rotation":0,"texture":"#2"},"north":{"uv":[12.125,9.5625,12.2265625,10.003906],"tintindex":0,"rotation":0,"texture":"#2"},"west":{"uv":[8.9375,1.4375,9.34375,1.8789062],"tintindex":0,"rotation":0,"texture":"#2"},"up":{"uv":[11.7265625,12.65625,11.625,12.25],"tintindex":0,"rotation":0,"texture":"#2"},"down":{"uv":[3.5390625,12.3125,3.4375,12.71875],"tintindex":0,"rotation":0,"texture":"#2"}}}]}