{"textures":{"2":"modelengine:entity/pillars"},"elements":[{"from":[7.232813,8.198025,-1.9296875],"to":[7.4437504,8.760525,-1.5078125],"faces":{"east":{"uv":[15.125,2.9375,15.152344,2.9726562],"tintindex":0,"rotation":0,"texture":"#2"},"south":{"uv":[5.875,15.3125,5.8867188,15.347656],"tintindex":0,"rotation":0,"texture":"#2"},"north":{"uv":[15.3125,5.8125,15.324219,5.8476562],"tintindex":0,"rotation":0,"texture":"#2"},"west":{"uv":[3.0,15.125,3.0273438,15.160156],"tintindex":0,"rotation":0,"texture":"#2"},"up":{"uv":[0.32421875,15.402344,0.3125,15.375],"tintindex":0,"rotation":0,"texture":"#2"},"down":{"uv":[15.386719,0.3125,15.375,0.33984375],"tintindex":0,"rotation":0,"texture":"#2"}}},{"from":[8.56875,7.2839622,-2.0],"to":[8.709375,8.198025,-1.4375],"faces":{"east":{"uv":[14.875,0.25,14.910156,0.30859375],"tintindex":0,"rotation":0,"texture":"#2"},"south":{"uv":[2.0625,15.3125,2.0703125,15.371094],"tintindex":0,"rotation":0,"texture":"#2"},"north":{"uv":[15.3125,2.0,15.3203125,2.0585938],"tintindex":0,"rotation":0,"texture":"#2"},"west":{"uv":[0.3125,14.875,0.34765625,14.933594],"tintindex":0,"rotation":0,"texture":"#2"},"up":{"uv":[8.5703125,15.410156,8.5625,15.375],"tintindex":0,"rotation":0,"texture":"#2"},"down":{"uv":[15.3828125,8.5625,15.375,8.597656],"tintindex":0,"rotation":0,"texture":"#2"}}},{"from":[7.5843754,7.2839622,-2.4921875],"to":[8.428125,8.198025,-2.28125],"faces":{"east":{"uv":[7.25,15.1875,7.2617188,15.246094],"tintindex":0,"rotation":0,"texture":"#2"},"south":{"uv":[4.125,14.75,4.1796875,14.808594],"tintindex":0,"rotation":0,"texture":"#2"},"north":{"uv":[14.75,4.0625,14.8046875,4.1210938],"tintindex":0,"rotation":0,"texture":"#2"},"west":{"uv":[15.1875,7.25,15.199219,7.3085938],"tintindex":0,"rotation":0,"texture":"#2"},"up":{"uv":[15.2421875,13.386719,15.1875,13.375],"tintindex":0,"rotation":0,"texture":"#2"},"down":{"uv":[13.4921875,15.1875,13.4375,15.199219],"tintindex":0,"rotation":0,"texture":"#2"}}},{"from":[7.802344,8.198025,-1.15625],"to":[8.224218,8.760525,-0.9453125],"faces":{"east":{"uv":[15.3125,5.9375,15.324219,5.9726562],"tintindex":0,"rotation":0,"texture":"#2"},"south":{"uv":[3.125,15.125,3.1523438,15.160156],"tintindex":0,"rotation":0,"texture":"#2"},"north":{"uv":[15.125,3.0625,15.152344,3.0976562],"tintindex":0,"rotation":0,"texture":"#2"},"west":{"uv":[6.0,15.3125,6.0117188,15.347656],"tintindex":0,"rotation":0,"texture":"#2"},"up":{"uv":[0.46484375,15.386719,0.4375,15.375],"tintindex":0,"rotation":0,"texture":"#2"},"down":{"uv":[15.402344,0.4375,15.375,0.44921875],"tintindex":0,"rotation":0,"texture":"#2"}}},{"from":[8.56875,8.198025,-1.859375],"to":[8.709375,8.760525,-1.578125],"faces":{"east":{"uv":[7.1875,15.1875,7.2070312,15.222656],"tintindex":0,"rotation":0,"texture":"#2"},"south":{"uv":[15.375,8.625,15.3828125,8.660156],"tintindex":0,"rotation":0,"texture":"#2"},"north":{"uv":[8.625,15.375,8.6328125,15.410156],"tintindex":0,"rotation":0,"texture":"#2"},"west":{"uv":[15.1875,7.1875,15.207031,7.2226562],"tintindex":0,"rotation":0,"texture":"#2"},"up":{"uv":[15.4453125,13.457031,15.4375,13.4375],"tintindex":0,"rotation":0,"texture":"#2"},"down":{"uv":[13.5078125,15.4375,13.5,15.457031],"tintindex":0,"rotation":0,"texture":"#2"}}},{"from":[7.232813,7.2839622,-2.140625],"to":[7.4437504,8.198025,-1.296875],"faces":{"east":{"uv":[14.75,4.0,14.8046875,4.0585938],"tintindex":0,"rotation":0,"texture":"#2"},"south":{"uv":[15.1875,7.125,15.199219,7.1835938],"tintindex":0,"rotation":0,"texture":"#2"},"north":{"uv":[7.125,15.1875,7.1367188,15.246094],"tintindex":0,"rotation":0,"texture":"#2"},"west":{"uv":[4.0625,14.75,4.1171875,14.808594],"tintindex":0,"rotation":0,"texture":"#2"},"up":{"uv":[15.199219,13.3671875,15.1875,13.3125],"tintindex":0,"rotation":0,"texture":"#2"},"down":{"uv":[13.386719,15.1875,13.375,15.2421875],"tintindex":0,"rotation":0,"texture":"#2"}}},{"from":[7.802344,8.198025,-2.4921875],"to":[8.224218,8.760525,-2.28125],"faces":{"east":{"uv":[15.3125,5.875,15.324219,5.9101562],"tintindex":0,"rotation":0,"texture":"#2"},"south":{"uv":[3.0625,15.125,3.0898438,15.160156],"tintindex":0,"rotation":0,"texture":"#2"},"north":{"uv":[15.125,3.0,15.152344,3.0351562],"tintindex":0,"rotation":0,"texture":"#2"},"west":{"uv":[5.9375,15.3125,5.9492188,15.347656],"tintindex":0,"rotation":0,"texture":"#2"},"up":{"uv":[0.40234375,15.386719,0.375,15.375],"tintindex":0,"rotation":0,"texture":"#2"},"down":{"uv":[15.402344,0.375,15.375,0.38671875],"tintindex":0,"rotation":0,"texture":"#2"}}},{"from":[7.4437504,7.2839622,-2.28125],"to":[8.56875,8.760525,-1.15625],"faces":{"east":{"uv":[11.6875,14.3125,11.7578125,14.40625],"tintindex":0,"rotation":0,"texture":"#2"},"south":{"uv":[14.3125,11.6875,14.3828125,11.78125],"tintindex":0,"rotation":0,"texture":"#2"},"north":{"uv":[14.3125,11.5625,14.3828125,11.65625],"tintindex":0,"rotation":0,"texture":"#2"},"west":{"uv":[11.8125,14.3125,11.8828125,14.40625],"tintindex":0,"rotation":0,"texture":"#2"},"up":{"uv":[0.6328125,14.6328125,0.5625,14.5625],"tintindex":0,"rotation":0,"texture":"#2"},"down":{"uv":[14.6328125,0.625,14.5625,0.6953125],"tintindex":0,"rotation":0,"texture":"#2"}}},{"from":[7.5843754,7.2839622,-1.15625],"to":[8.428125,8.198025,-0.9453125],"faces":{"east":{"uv":[7.3125,15.1875,7.3242188,15.246094],"tintindex":0,"rotation":0,"texture":"#2"},"south":{"uv":[4.1875,14.75,4.2421875,14.808594],"tintindex":0,"rotation":0,"texture":"#2"},"north":{"uv":[14.75,4.125,14.8046875,4.1835938],"tintindex":0,"rotation":0,"texture":"#2"},"west":{"uv":[15.1875,7.3125,15.199219,7.3710938],"tintindex":0,"rotation":0,"texture":"#2"},"up":{"uv":[15.2421875,13.449219,15.1875,13.4375],"tintindex":0,"rotation":0,"texture":"#2"},"down":{"uv":[13.5546875,15.1875,13.5,15.199219],"tintindex":0,"rotation":0,"texture":"#2"}}}]}