{"textures":{"2":"modelengine:entity/pillars"},"elements":[{"from":[7.5828123,7.4505644,-2.140625],"to":[8.426562,8.557985,-1.296875],"faces":{"east":{"uv":[14.625,14.375,14.6796875,14.4453125],"tintindex":0,"rotation":0,"texture":"#2"},"south":{"uv":[14.4375,14.625,14.4921875,14.6953125],"tintindex":0,"rotation":0,"texture":"#2"},"north":{"uv":[14.375,14.625,14.4296875,14.6953125],"tintindex":0,"rotation":0,"texture":"#2"},"west":{"uv":[14.5,14.625,14.5546875,14.6953125],"tintindex":0,"rotation":0,"texture":"#2"},"up":{"uv":[14.8046875,9.3046875,14.75,9.25],"tintindex":0,"rotation":0,"texture":"#2"},"down":{"uv":[9.3671875,14.75,9.3125,14.8046875],"tintindex":0,"rotation":0,"texture":"#2"}}},{"from":[7.424609,7.4505644,-2.0351562],"to":[7.5828123,8.13611,-1.4023438],"faces":{"east":{"uv":[14.875,14.6875,14.9140625,14.730469],"tintindex":0,"rotation":0,"texture":"#2"},"south":{"uv":[15.25,10.3125,15.261719,10.355469],"tintindex":0,"rotation":0,"texture":"#2"},"north":{"uv":[10.3125,15.25,10.324219,15.292969],"tintindex":0,"rotation":0,"texture":"#2"},"west":{"uv":[14.75,14.875,14.7890625,14.917969],"tintindex":0,"rotation":0,"texture":"#2"},"up":{"uv":[15.324219,1.6015625,15.3125,1.5625],"tintindex":0,"rotation":0,"texture":"#2"},"down":{"uv":[1.6367188,15.3125,1.625,15.3515625],"tintindex":0,"rotation":0,"texture":"#2"}}},{"from":[7.8517575,8.13611,-1.296875],"to":[8.168163,8.557985,-1.1386719],"faces":{"east":{"uv":[15.3125,15.125,15.324219,15.152344],"tintindex":0,"rotation":0,"texture":"#2"},"south":{"uv":[15.25,6.6875,15.269531,6.7148438],"tintindex":0,"rotation":0,"texture":"#2"},"north":{"uv":[6.6875,15.25,6.7070312,15.277344],"tintindex":0,"rotation":0,"texture":"#2"},"west":{"uv":[15.1875,15.3125,15.199219,15.339844],"tintindex":0,"rotation":0,"texture":"#2"},"up":{"uv":[15.457031,5.6992188,15.4375,5.6875],"tintindex":0,"rotation":0,"texture":"#2"},"down":{"uv":[5.7695312,15.4375,5.75,15.449219],"tintindex":0,"rotation":0,"texture":"#2"}}},{"from":[7.688281,7.4505644,-1.296875],"to":[8.321094,8.13611,-1.1386719],"faces":{"east":{"uv":[10.4375,15.25,10.449219,15.292969],"tintindex":0,"rotation":0,"texture":"#2"},"south":{"uv":[14.875,14.875,14.9140625,14.917969],"tintindex":0,"rotation":0,"texture":"#2"},"north":{"uv":[14.875,14.8125,14.9140625,14.855469],"tintindex":0,"rotation":0,"texture":"#2"},"west":{"uv":[15.25,10.4375,15.261719,10.480469],"tintindex":0,"rotation":0,"texture":"#2"},"up":{"uv":[15.3515625,1.6992188,15.3125,1.6875],"tintindex":0,"rotation":0,"texture":"#2"},"down":{"uv":[1.7890625,15.3125,1.75,15.324219],"tintindex":0,"rotation":0,"texture":"#2"}}},{"from":[8.426562,8.13611,-1.8242188],"to":[8.532031,8.557985,-1.6132812],"faces":{"east":{"uv":[15.3125,15.0,15.324219,15.027344],"tintindex":0,"rotation":0,"texture":"#2"},"south":{"uv":[8.75,15.4375,8.7578125,15.464844],"tintindex":0,"rotation":0,"texture":"#2"},"north":{"uv":[15.4375,8.6875,15.4453125,8.714844],"tintindex":0,"rotation":0,"texture":"#2"},"west":{"uv":[15.0625,15.3125,15.074219,15.339844],"tintindex":0,"rotation":0,"texture":"#2"},"up":{"uv":[4.7578125,15.511719,4.75,15.5],"tintindex":0,"rotation":0,"texture":"#2"},"down":{"uv":[15.5078125,4.75,15.5,4.7617188],"tintindex":0,"rotation":0,"texture":"#2"}}},{"from":[8.426562,7.4505644,-1.9296875],"to":[8.532031,8.13611,-1.5078125],"faces":{"east":{"uv":[1.3125,15.0625,1.3398438,15.105469],"tintindex":0,"rotation":0,"texture":"#2"},"south":{"uv":[7.5625,15.3125,7.5703125,15.355469],"tintindex":0,"rotation":0,"texture":"#2"},"north":{"uv":[15.3125,7.5,15.3203125,7.5429688],"tintindex":0,"rotation":0,"texture":"#2"},"west":{"uv":[15.0625,1.3125,15.089844,1.3554688],"tintindex":0,"rotation":0,"texture":"#2"},"up":{"uv":[15.4453125,8.652344,15.4375,8.625],"tintindex":0,"rotation":0,"texture":"#2"},"down":{"uv":[8.6953125,15.4375,8.6875,15.464844],"tintindex":0,"rotation":0,"texture":"#2"}}},{"from":[7.688281,7.4505644,-2.2988281],"to":[8.321094,8.13611,-2.140625],"faces":{"east":{"uv":[10.375,15.25,10.386719,15.292969],"tintindex":0,"rotation":0,"texture":"#2"},"south":{"uv":[14.8125,14.875,14.8515625,14.917969],"tintindex":0,"rotation":0,"texture":"#2"},"north":{"uv":[14.875,14.75,14.9140625,14.792969],"tintindex":0,"rotation":0,"texture":"#2"},"west":{"uv":[15.25,10.375,15.261719,10.417969],"tintindex":0,"rotation":0,"texture":"#2"},"up":{"uv":[15.3515625,1.6367188,15.3125,1.625],"tintindex":0,"rotation":0,"texture":"#2"},"down":{"uv":[1.7265625,15.3125,1.6875,15.324219],"tintindex":0,"rotation":0,"texture":"#2"}}},{"from":[7.424609,8.13611,-1.8769531],"to":[7.5828123,8.557985,-1.5605469],"faces":{"east":{"uv":[6.5625,15.25,6.5820312,15.277344],"tintindex":0,"rotation":0,"texture":"#2"},"south":{"uv":[15.0,15.3125,15.011719,15.339844],"tintindex":0,"rotation":0,"texture":"#2"},"north":{"uv":[15.3125,14.9375,15.324219,14.964844],"tintindex":0,"rotation":0,"texture":"#2"},"west":{"uv":[15.25,6.5625,15.269531,6.5898438],"tintindex":0,"rotation":0,"texture":"#2"},"up":{"uv":[15.449219,5.5820312,15.4375,5.5625],"tintindex":0,"rotation":0,"texture":"#2"},"down":{"uv":[5.6367188,15.4375,5.625,15.457031],"tintindex":0,"rotation":0,"texture":"#2"}}},{"from":[7.8517575,8.13611,-2.2988281],"to":[8.168163,8.557985,-2.140625],"faces":{"east":{"uv":[15.3125,15.0625,15.324219,15.089844],"tintindex":0,"rotation":0,"texture":"#2"},"south":{"uv":[15.25,6.625,15.269531,6.6523438],"tintindex":0,"rotation":0,"texture":"#2"},"north":{"uv":[6.625,15.25,6.6445312,15.277344],"tintindex":0,"rotation":0,"texture":"#2"},"west":{"uv":[15.125,15.3125,15.136719,15.339844],"tintindex":0,"rotation":0,"texture":"#2"},"up":{"uv":[15.457031,5.6367188,15.4375,5.625],"tintindex":0,"rotation":0,"texture":"#2"},"down":{"uv":[5.7070312,15.4375,5.6875,15.449219],"tintindex":0,"rotation":0,"texture":"#2"}}}]}