{"textures":{"2":"modelengine:entity/pillars"},"elements":[{"from":[7.6046877,8.23546,4.815625],"to":[8.448438,9.36046,5.2375],"faces":{"east":{"uv":[7.5625,14.875,7.5898438,14.9453125],"tintindex":0,"rotation":0,"texture":"#2"},"south":{"uv":[10.75,14.625,10.8046875,14.6953125],"tintindex":0,"rotation":0,"texture":"#2"},"north":{"uv":[10.6875,14.625,10.7421875,14.6953125],"tintindex":0,"rotation":0,"texture":"#2"},"west":{"uv":[7.625,14.875,7.6523438,14.9453125],"tintindex":0,"rotation":0,"texture":"#2"},"up":{"uv":[1.9296875,15.027344,1.875,15.0],"tintindex":0,"rotation":0,"texture":"#2"},"down":{"uv":[15.0546875,1.875,15.0,1.9023438],"tintindex":0,"rotation":0,"texture":"#2"}}},{"from":[7.1687503,6.407335,7.4875],"to":[8.856251,8.23546,7.909375],"faces":{"east":{"uv":[7.75,14.75,7.7773438,14.863281],"tintindex":0,"rotation":0,"texture":"#2"},"south":{"uv":[13.875,9.5625,13.980469,9.675781],"tintindex":0,"rotation":0,"texture":"#2"},"north":{"uv":[13.875,9.4375,13.980469,9.550781],"tintindex":0,"rotation":0,"texture":"#2"},"west":{"uv":[14.75,7.75,14.777344,7.8632812],"tintindex":0,"rotation":0,"texture":"#2"},"up":{"uv":[12.105469,14.777344,12.0,14.75],"tintindex":0,"rotation":0,"texture":"#2"},"down":{"uv":[14.855469,12.0,14.75,12.027344],"tintindex":0,"rotation":0,"texture":"#2"}}},{"from":[9.137501,6.407335,5.8],"to":[9.418751,8.23546,6.925],"faces":{"east":{"uv":[14.125,9.6875,14.1953125,9.800781],"tintindex":0,"rotation":0,"texture":"#2"},"south":{"uv":[6.125,14.8125,6.1445312,14.925781],"tintindex":0,"rotation":0,"texture":"#2"},"north":{"uv":[6.0625,14.8125,6.0820312,14.925781],"tintindex":0,"rotation":0,"texture":"#2"},"west":{"uv":[14.125,9.8125,14.1953125,9.925781],"tintindex":0,"rotation":0,"texture":"#2"},"up":{"uv":[15.019531,6.6953125,15.0,6.625],"tintindex":0,"rotation":0,"texture":"#2"},"down":{"uv":[6.7070312,15.0,6.6875,15.0703125],"tintindex":0,"rotation":0,"texture":"#2"}}},{"from":[9.137501,8.23546,6.08125],"to":[9.418751,9.36046,6.64375],"faces":{"east":{"uv":[14.8125,3.75,14.847656,3.8203125],"tintindex":0,"rotation":0,"texture":"#2"},"south":{"uv":[6.8125,15.0,6.8320312,15.0703125],"tintindex":0,"rotation":0,"texture":"#2"},"north":{"uv":[6.75,15.0,6.7695312,15.0703125],"tintindex":0,"rotation":0,"texture":"#2"},"west":{"uv":[3.8125,14.8125,3.8476562,14.8828125],"tintindex":0,"rotation":0,"texture":"#2"},"up":{"uv":[15.144531,14.910156,15.125,14.875],"tintindex":0,"rotation":0,"texture":"#2"},"down":{"uv":[14.957031,15.125,14.9375,15.160156],"tintindex":0,"rotation":0,"texture":"#2"}}},{"from":[6.4656253,6.407335,5.51875],"to":[6.8875003,8.23546,7.20625],"faces":{"east":{"uv":[13.875,8.9375,13.980469,9.050781],"tintindex":0,"rotation":0,"texture":"#2"},"south":{"uv":[7.625,14.75,7.6523438,14.863281],"tintindex":0,"rotation":0,"texture":"#2"},"north":{"uv":[7.5625,14.75,7.5898438,14.863281],"tintindex":0,"rotation":0,"texture":"#2"},"west":{"uv":[13.875,9.0625,13.980469,9.175781],"tintindex":0,"rotation":0,"texture":"#2"},"up":{"uv":[11.839844,14.855469,11.8125,14.75],"tintindex":0,"rotation":0,"texture":"#2"},"down":{"uv":[14.777344,11.8125,14.75,11.917969],"tintindex":0,"rotation":0,"texture":"#2"}}},{"from":[6.8875003,6.407335,5.2375],"to":[9.137501,9.36046,7.4875],"faces":{"east":{"uv":[8.0,13.125,8.140625,13.308594],"tintindex":0,"rotation":0,"texture":"#2"},"south":{"uv":[8.1875,13.125,8.328125,13.308594],"tintindex":0,"rotation":0,"texture":"#2"},"north":{"uv":[13.125,6.375,13.265625,6.5585938],"tintindex":0,"rotation":0,"texture":"#2"},"west":{"uv":[8.375,13.125,8.515625,13.308594],"tintindex":0,"rotation":0,"texture":"#2"},"up":{"uv":[3.890625,13.640625,3.75,13.5],"tintindex":0,"rotation":0,"texture":"#2"},"down":{"uv":[13.640625,3.75,13.5,3.890625],"tintindex":0,"rotation":0,"texture":"#2"}}},{"from":[7.1687503,6.407335,4.815625],"to":[8.856251,8.23546,5.2375],"faces":{"east":{"uv":[14.75,7.625,14.777344,7.7382812],"tintindex":0,"rotation":0,"texture":"#2"},"south":{"uv":[13.875,9.3125,13.980469,9.425781],"tintindex":0,"rotation":0,"texture":"#2"},"north":{"uv":[13.875,9.1875,13.980469,9.300781],"tintindex":0,"rotation":0,"texture":"#2"},"west":{"uv":[7.6875,14.75,7.7148438,14.863281],"tintindex":0,"rotation":0,"texture":"#2"},"up":{"uv":[11.980469,14.777344,11.875,14.75],"tintindex":0,"rotation":0,"texture":"#2"},"down":{"uv":[14.855469,11.9375,14.75,11.964844],"tintindex":0,"rotation":0,"texture":"#2"}}},{"from":[7.6046877,8.23546,7.4875],"to":[8.448438,9.36046,7.909375],"faces":{"east":{"uv":[14.875,7.625,14.902344,7.6953125],"tintindex":0,"rotation":0,"texture":"#2"},"south":{"uv":[11.0625,14.625,11.1171875,14.6953125],"tintindex":0,"rotation":0,"texture":"#2"},"north":{"uv":[14.625,10.9375,14.6796875,11.0078125],"tintindex":0,"rotation":0,"texture":"#2"},"west":{"uv":[7.6875,14.875,7.7148438,14.9453125],"tintindex":0,"rotation":0,"texture":"#2"},"up":{"uv":[1.9921875,15.027344,1.9375,15.0],"tintindex":0,"rotation":0,"texture":"#2"},"down":{"uv":[15.0546875,1.9375,15.0,1.9648438],"tintindex":0,"rotation":0,"texture":"#2"}}},{"from":[6.4656253,8.23546,5.940625],"to":[6.8875003,9.36046,6.784375],"faces":{"east":{"uv":[10.5625,14.625,10.6171875,14.6953125],"tintindex":0,"rotation":0,"texture":"#2"},"south":{"uv":[14.875,7.5,14.902344,7.5703125],"tintindex":0,"rotation":0,"texture":"#2"},"north":{"uv":[7.5,14.875,7.5273438,14.9453125],"tintindex":0,"rotation":0,"texture":"#2"},"west":{"uv":[10.625,14.625,10.6796875,14.6953125],"tintindex":0,"rotation":0,"texture":"#2"},"up":{"uv":[1.8398438,15.0546875,1.8125,15.0],"tintindex":0,"rotation":0,"texture":"#2"},"down":{"uv":[15.027344,1.8125,15.0,1.8671875],"tintindex":0,"rotation":0,"texture":"#2"}}}]}