{"textures":{"2":"modelengine:entity/pillars"},"elements":[{"from":[7.165625,6.700391,7.15625],"to":[8.853125,8.915235,8.84375],"faces":{"east":{"uv":[1.375,13.6875,1.4804688,13.824219],"tintindex":0,"rotation":0,"texture":"#2"},"south":{"uv":[2.125,13.6875,2.2304688,13.824219],"tintindex":0,"rotation":0,"texture":"#2"},"north":{"uv":[0.5625,13.6875,0.66796875,13.824219],"tintindex":0,"rotation":0,"texture":"#2"},"west":{"uv":[13.6875,2.125,13.792969,2.2617188],"tintindex":0,"rotation":0,"texture":"#2"},"up":{"uv":[14.105469,7.5429688,14.0,7.4375],"tintindex":0,"rotation":0,"texture":"#2"},"down":{"uv":[14.105469,10.125,14.0,10.230469],"tintindex":0,"rotation":0,"texture":"#2"}}},{"from":[8.853125,6.700391,7.578125],"to":[9.064062,8.071485,8.421875],"faces":{"east":{"uv":[14.5625,5.0625,14.6171875,5.1484375],"tintindex":0,"rotation":0,"texture":"#2"},"south":{"uv":[15.0625,6.375,15.074219,6.4609375],"tintindex":0,"rotation":0,"texture":"#2"},"north":{"uv":[6.375,15.0625,6.3867188,15.1484375],"tintindex":0,"rotation":0,"texture":"#2"},"west":{"uv":[14.5625,5.1875,14.6171875,5.2734375],"tintindex":0,"rotation":0,"texture":"#2"},"up":{"uv":[15.199219,9.0546875,15.1875,9.0],"tintindex":0,"rotation":0,"texture":"#2"},"down":{"uv":[9.074219,15.1875,9.0625,15.2421875],"tintindex":0,"rotation":0,"texture":"#2"}}},{"from":[6.849219,6.700391,7.3671875],"to":[7.165625,8.071485,8.6328125],"faces":{"east":{"uv":[14.125,12.8125,14.203125,12.8984375],"tintindex":0,"rotation":0,"texture":"#2"},"south":{"uv":[14.875,8.0,14.894531,8.0859375],"tintindex":0,"rotation":0,"texture":"#2"},"north":{"uv":[8.0,14.875,8.019531,14.9609375],"tintindex":0,"rotation":0,"texture":"#2"},"west":{"uv":[14.1875,2.0,14.265625,2.0859375],"tintindex":0,"rotation":0,"texture":"#2"},"up":{"uv":[4.5195312,15.015625,4.5,14.9375],"tintindex":0,"rotation":0,"texture":"#2"},"down":{"uv":[14.957031,4.5,14.9375,4.578125],"tintindex":0,"rotation":0,"texture":"#2"}}},{"from":[7.7035155,8.071485,8.84375],"to":[8.3363285,8.915235,9.160156],"faces":{"east":{"uv":[4.1875,15.0625,4.2070312,15.1171875],"tintindex":0,"rotation":0,"texture":"#2"},"south":{"uv":[14.8125,11.1875,14.8515625,11.2421875],"tintindex":0,"rotation":0,"texture":"#2"},"north":{"uv":[11.125,14.8125,11.1640625,14.8671875],"tintindex":0,"rotation":0,"texture":"#2"},"west":{"uv":[15.0625,4.1875,15.082031,4.2421875],"tintindex":0,"rotation":0,"texture":"#2"},"up":{"uv":[15.1640625,10.894531,15.125,10.875],"tintindex":0,"rotation":0,"texture":"#2"},"down":{"uv":[10.9765625,15.125,10.9375,15.144531],"tintindex":0,"rotation":0,"texture":"#2"}}},{"from":[7.7035155,8.071485,6.8398438],"to":[8.3363285,8.915235,7.15625],"faces":{"east":{"uv":[4.125,15.0625,4.1445312,15.1171875],"tintindex":0,"rotation":0,"texture":"#2"},"south":{"uv":[11.0625,14.8125,11.1015625,14.8671875],"tintindex":0,"rotation":0,"texture":"#2"},"north":{"uv":[11.0,14.8125,11.0390625,14.8671875],"tintindex":0,"rotation":0,"texture":"#2"},"west":{"uv":[15.0625,4.125,15.082031,4.1796875],"tintindex":0,"rotation":0,"texture":"#2"},"up":{"uv":[15.1640625,10.832031,15.125,10.8125],"tintindex":0,"rotation":0,"texture":"#2"},"down":{"uv":[10.9140625,15.125,10.875,15.144531],"tintindex":0,"rotation":0,"texture":"#2"}}},{"from":[6.849219,8.071485,7.6835938],"to":[7.165625,8.915235,8.316406],"faces":{"east":{"uv":[14.8125,9.625,14.8515625,9.6796875],"tintindex":0,"rotation":0,"texture":"#2"},"south":{"uv":[15.0625,4.0625,15.082031,4.1171875],"tintindex":0,"rotation":0,"texture":"#2"},"north":{"uv":[4.0625,15.0625,4.0820312,15.1171875],"tintindex":0,"rotation":0,"texture":"#2"},"west":{"uv":[10.9375,14.8125,10.9765625,14.8671875],"tintindex":0,"rotation":0,"texture":"#2"},"up":{"uv":[15.144531,10.7890625,15.125,10.75],"tintindex":0,"rotation":0,"texture":"#2"},"down":{"uv":[10.832031,15.125,10.8125,15.1640625],"tintindex":0,"rotation":0,"texture":"#2"}}},{"from":[7.3765626,6.700391,8.84375],"to":[8.642187,8.071485,9.160156],"faces":{"east":{"uv":[14.875,8.125,14.894531,8.2109375],"tintindex":0,"rotation":0,"texture":"#2"},"south":{"uv":[3.3125,14.1875,3.390625,14.2734375],"tintindex":0,"rotation":0,"texture":"#2"},"north":{"uv":[3.1875,14.1875,3.265625,14.2734375],"tintindex":0,"rotation":0,"texture":"#2"},"west":{"uv":[14.875,8.25,14.894531,8.3359375],"tintindex":0,"rotation":0,"texture":"#2"},"up":{"uv":[4.765625,14.957031,4.6875,14.9375],"tintindex":0,"rotation":0,"texture":"#2"},"down":{"uv":[15.015625,4.6875,14.9375,4.7070312],"tintindex":0,"rotation":0,"texture":"#2"}}},{"from":[8.853125,8.071485,7.7890625],"to":[9.064062,8.915235,8.2109375],"faces":{"east":{"uv":[0.0,15.0,0.02734375,15.0546875],"tintindex":0,"rotation":0,"texture":"#2"},"south":{"uv":[9.125,15.1875,9.136719,15.2421875],"tintindex":0,"rotation":0,"texture":"#2"},"north":{"uv":[15.1875,9.0625,15.199219,9.1171875],"tintindex":0,"rotation":0,"texture":"#2"},"west":{"uv":[15.0,0.0,15.027344,0.0546875],"tintindex":0,"rotation":0,"texture":"#2"},"up":{"uv":[15.324219,7.8398438,15.3125,7.8125],"tintindex":0,"rotation":0,"texture":"#2"},"down":{"uv":[7.8867188,15.3125,7.875,15.339844],"tintindex":0,"rotation":0,"texture":"#2"}}},{"from":[7.3765626,6.700391,6.8398438],"to":[8.642187,8.071485,7.15625],"faces":{"east":{"uv":[8.0625,14.875,8.082031,14.9609375],"tintindex":0,"rotation":0,"texture":"#2"},"south":{"uv":[14.1875,3.0625,14.265625,3.1484375],"tintindex":0,"rotation":0,"texture":"#2"},"north":{"uv":[3.0625,14.1875,3.140625,14.2734375],"tintindex":0,"rotation":0,"texture":"#2"},"west":{"uv":[8.125,14.875,8.144531,14.9609375],"tintindex":0,"rotation":0,"texture":"#2"},"up":{"uv":[4.640625,14.957031,4.5625,14.9375],"tintindex":0,"rotation":0,"texture":"#2"},"down":{"uv":[15.015625,4.625,14.9375,4.6445312],"tintindex":0,"rotation":0,"texture":"#2"}}}]}