{"textures":{"2":"modelengine:entity/pillars"},"elements":[{"from":[7.44375,7.2839622,-2.28125],"to":[8.56875,8.760525,-1.15625],"faces":{"east":{"uv":[11.9375,14.3125,12.0078125,14.40625],"tintindex":0,"rotation":0,"texture":"#2"},"south":{"uv":[14.3125,11.9375,14.3828125,12.03125],"tintindex":0,"rotation":0,"texture":"#2"},"north":{"uv":[14.3125,11.8125,14.3828125,11.90625],"tintindex":0,"rotation":0,"texture":"#2"},"west":{"uv":[12.0625,14.3125,12.1328125,14.40625],"tintindex":0,"rotation":0,"texture":"#2"},"up":{"uv":[14.6328125,0.8203125,14.5625,0.75],"tintindex":0,"rotation":0,"texture":"#2"},"down":{"uv":[0.8828125,14.5625,0.8125,14.6328125],"tintindex":0,"rotation":0,"texture":"#2"}}},{"from":[7.2328124,8.198025,-1.9296875],"to":[7.44375,8.760525,-1.5078125],"faces":{"east":{"uv":[15.125,3.125,15.152344,3.1601562],"tintindex":0,"rotation":0,"texture":"#2"},"south":{"uv":[6.0625,15.3125,6.0742188,15.347656],"tintindex":0,"rotation":0,"texture":"#2"},"north":{"uv":[15.3125,6.0,15.324219,6.0351562],"tintindex":0,"rotation":0,"texture":"#2"},"west":{"uv":[3.1875,15.125,3.2148438,15.160156],"tintindex":0,"rotation":0,"texture":"#2"},"up":{"uv":[0.76171875,15.402344,0.75,15.375],"tintindex":0,"rotation":0,"texture":"#2"},"down":{"uv":[15.386719,0.75,15.375,0.77734375],"tintindex":0,"rotation":0,"texture":"#2"}}},{"from":[8.56875,8.198025,-1.859375],"to":[8.709375,8.760525,-1.578125],"faces":{"east":{"uv":[7.625,15.1875,7.6445312,15.222656],"tintindex":0,"rotation":0,"texture":"#2"},"south":{"uv":[15.375,8.8125,15.3828125,8.847656],"tintindex":0,"rotation":0,"texture":"#2"},"north":{"uv":[8.8125,15.375,8.8203125,15.410156],"tintindex":0,"rotation":0,"texture":"#2"},"west":{"uv":[15.1875,7.625,15.207031,7.6601562],"tintindex":0,"rotation":0,"texture":"#2"},"up":{"uv":[15.4453125,13.707031,15.4375,13.6875],"tintindex":0,"rotation":0,"texture":"#2"},"down":{"uv":[13.7578125,15.4375,13.75,15.457031],"tintindex":0,"rotation":0,"texture":"#2"}}},{"from":[7.584375,7.2839622,-2.4921875],"to":[8.428125,8.198025,-2.28125],"faces":{"east":{"uv":[7.6875,15.1875,7.6992188,15.246094],"tintindex":0,"rotation":0,"texture":"#2"},"south":{"uv":[4.3125,14.75,4.3671875,14.808594],"tintindex":0,"rotation":0,"texture":"#2"},"north":{"uv":[14.75,4.25,14.8046875,4.3085938],"tintindex":0,"rotation":0,"texture":"#2"},"west":{"uv":[15.1875,7.6875,15.199219,7.7460938],"tintindex":0,"rotation":0,"texture":"#2"},"up":{"uv":[15.2421875,13.574219,15.1875,13.5625],"tintindex":0,"rotation":0,"texture":"#2"},"down":{"uv":[13.6796875,15.1875,13.625,15.199219],"tintindex":0,"rotation":0,"texture":"#2"}}},{"from":[7.802344,8.198025,-2.4921875],"to":[8.224218,8.760525,-2.28125],"faces":{"east":{"uv":[15.3125,6.0625,15.324219,6.0976562],"tintindex":0,"rotation":0,"texture":"#2"},"south":{"uv":[3.25,15.125,3.2773438,15.160156],"tintindex":0,"rotation":0,"texture":"#2"},"north":{"uv":[15.125,3.1875,15.152344,3.2226562],"tintindex":0,"rotation":0,"texture":"#2"},"west":{"uv":[6.125,15.3125,6.1367188,15.347656],"tintindex":0,"rotation":0,"texture":"#2"},"up":{"uv":[0.83984375,15.386719,0.8125,15.375],"tintindex":0,"rotation":0,"texture":"#2"},"down":{"uv":[15.402344,0.8125,15.375,0.82421875],"tintindex":0,"rotation":0,"texture":"#2"}}},{"from":[7.2328124,7.2839622,-2.140625],"to":[7.44375,8.198025,-1.296875],"faces":{"east":{"uv":[14.75,4.1875,14.8046875,4.2460938],"tintindex":0,"rotation":0,"texture":"#2"},"south":{"uv":[15.1875,7.5625,15.199219,7.6210938],"tintindex":0,"rotation":0,"texture":"#2"},"north":{"uv":[7.5625,15.1875,7.5742188,15.246094],"tintindex":0,"rotation":0,"texture":"#2"},"west":{"uv":[4.25,14.75,4.3046875,14.808594],"tintindex":0,"rotation":0,"texture":"#2"},"up":{"uv":[15.199219,13.5546875,15.1875,13.5],"tintindex":0,"rotation":0,"texture":"#2"},"down":{"uv":[13.574219,15.1875,13.5625,15.2421875],"tintindex":0,"rotation":0,"texture":"#2"}}},{"from":[7.584375,7.2839622,-1.15625],"to":[8.428125,8.198025,-0.9453125],"faces":{"east":{"uv":[7.75,15.1875,7.7617188,15.246094],"tintindex":0,"rotation":0,"texture":"#2"},"south":{"uv":[4.375,14.75,4.4296875,14.808594],"tintindex":0,"rotation":0,"texture":"#2"},"north":{"uv":[14.75,4.3125,14.8046875,4.3710938],"tintindex":0,"rotation":0,"texture":"#2"},"west":{"uv":[15.1875,7.75,15.199219,7.8085938],"tintindex":0,"rotation":0,"texture":"#2"},"up":{"uv":[15.2421875,13.636719,15.1875,13.625],"tintindex":0,"rotation":0,"texture":"#2"},"down":{"uv":[13.7421875,15.1875,13.6875,15.199219],"tintindex":0,"rotation":0,"texture":"#2"}}},{"from":[8.56875,7.2839622,-2.0],"to":[8.709375,8.198025,-1.4375],"faces":{"east":{"uv":[0.375,14.875,0.41015625,14.933594],"tintindex":0,"rotation":0,"texture":"#2"},"south":{"uv":[2.3125,15.3125,2.3203125,15.371094],"tintindex":0,"rotation":0,"texture":"#2"},"north":{"uv":[15.3125,2.25,15.3203125,2.3085938],"tintindex":0,"rotation":0,"texture":"#2"},"west":{"uv":[0.4375,14.875,0.47265625,14.933594],"tintindex":0,"rotation":0,"texture":"#2"},"up":{"uv":[8.7578125,15.410156,8.75,15.375],"tintindex":0,"rotation":0,"texture":"#2"},"down":{"uv":[15.3828125,8.75,15.375,8.785156],"tintindex":0,"rotation":0,"texture":"#2"}}},{"from":[7.802344,8.198025,-1.15625],"to":[8.224218,8.760525,-0.9453125],"faces":{"east":{"uv":[15.3125,6.125,15.324219,6.1601562],"tintindex":0,"rotation":0,"texture":"#2"},"south":{"uv":[3.3125,15.125,3.3398438,15.160156],"tintindex":0,"rotation":0,"texture":"#2"},"north":{"uv":[15.125,3.25,15.152344,3.2851562],"tintindex":0,"rotation":0,"texture":"#2"},"west":{"uv":[6.1875,15.3125,6.1992188,15.347656],"tintindex":0,"rotation":0,"texture":"#2"},"up":{"uv":[0.90234375,15.386719,0.875,15.375],"tintindex":0,"rotation":0,"texture":"#2"},"down":{"uv":[15.402344,0.875,15.375,0.88671875],"tintindex":0,"rotation":0,"texture":"#2"}}}]}