{"textures":{"2":"modelengine:entity/pillars"},"elements":[{"from":[7.766211,7.613015,-2.1538086],"to":[8.24082,8.127175,-2.0351562],"faces":{"east":{"uv":[15.4375,0.75,15.4453125,0.78125],"tintindex":0,"rotation":0,"texture":"#2"},"south":{"uv":[15.0625,14.75,15.09375,14.78125],"tintindex":0,"rotation":0,"texture":"#2"},"north":{"uv":[14.75,15.0625,14.78125,15.09375],"tintindex":0,"rotation":0,"texture":"#2"},"west":{"uv":[0.8125,15.4375,0.8203125,15.46875],"tintindex":0,"rotation":0,"texture":"#2"},"up":{"uv":[15.46875,0.8203125,15.4375,0.8125],"tintindex":0,"rotation":0,"texture":"#2"},"down":{"uv":[0.90625,15.4375,0.875,15.4453125],"tintindex":0,"rotation":0,"texture":"#2"}}},{"from":[7.8888187,8.127175,-2.1538086],"to":[8.126123,8.443582,-2.0351562],"faces":{"east":{"uv":[15.4375,13.8125,15.4453125,13.832031],"tintindex":0,"rotation":0,"texture":"#2"},"south":{"uv":[15.375,5.25,15.390625,5.2695312],"tintindex":0,"rotation":0,"texture":"#2"},"north":{"uv":[5.25,15.375,5.265625,15.394531],"tintindex":0,"rotation":0,"texture":"#2"},"west":{"uv":[13.875,15.4375,13.8828125,15.457031],"tintindex":0,"rotation":0,"texture":"#2"},"up":{"uv":[3.453125,15.5078125,3.4375,15.5],"tintindex":0,"rotation":0,"texture":"#2"},"down":{"uv":[15.515625,3.4375,15.5,3.4453125],"tintindex":0,"rotation":0,"texture":"#2"}}},{"from":[7.6871095,7.613015,-2.0351562],"to":[8.3199215,8.443582,-1.4023438],"faces":{"east":{"uv":[4.0625,14.875,4.1015625,14.925781],"tintindex":0,"rotation":0,"texture":"#2"},"south":{"uv":[4.125,14.875,4.1640625,14.925781],"tintindex":0,"rotation":0,"texture":"#2"},"north":{"uv":[4.0,14.875,4.0390625,14.925781],"tintindex":0,"rotation":0,"texture":"#2"},"west":{"uv":[14.875,4.125,14.9140625,4.1757812],"tintindex":0,"rotation":0,"texture":"#2"},"up":{"uv":[14.9765625,14.3515625,14.9375,14.3125],"tintindex":0,"rotation":0,"texture":"#2"},"down":{"uv":[14.4140625,14.9375,14.375,14.9765625],"tintindex":0,"rotation":0,"texture":"#2"}}},{"from":[8.3199215,8.127175,-1.7978516],"to":[8.399023,8.443582,-1.6396484],"faces":{"east":{"uv":[15.4375,6.25,15.449219,6.2695312],"tintindex":0,"rotation":0,"texture":"#2"},"south":{"uv":[15.5,7.375,15.503906,7.3945312],"tintindex":0,"rotation":0,"texture":"#2"},"north":{"uv":[7.375,15.5,7.3789062,15.519531],"tintindex":0,"rotation":0,"texture":"#2"},"west":{"uv":[6.3125,15.4375,6.3242188,15.457031],"tintindex":0,"rotation":0,"texture":"#2"},"up":{"uv":[8.691406,15.511719,8.6875,15.5],"tintindex":0,"rotation":0,"texture":"#2"},"down":{"uv":[15.503906,8.6875,15.5,8.699219],"tintindex":0,"rotation":0,"texture":"#2"}}},{"from":[7.568457,8.127175,-1.8374023],"to":[7.6871095,8.443582,-1.6000977],"faces":{"east":{"uv":[5.1875,15.375,5.203125,15.394531],"tintindex":0,"rotation":0,"texture":"#2"},"south":{"uv":[13.8125,15.4375,13.8203125,15.457031],"tintindex":0,"rotation":0,"texture":"#2"},"north":{"uv":[15.4375,13.75,15.4453125,13.769531],"tintindex":0,"rotation":0,"texture":"#2"},"west":{"uv":[15.375,5.1875,15.390625,5.2070312],"tintindex":0,"rotation":0,"texture":"#2"},"up":{"uv":[3.3203125,15.515625,3.3125,15.5],"tintindex":0,"rotation":0,"texture":"#2"},"down":{"uv":[15.5078125,3.3125,15.5,3.328125],"tintindex":0,"rotation":0,"texture":"#2"}}},{"from":[7.8888187,8.127175,-1.4023438],"to":[8.126123,8.443582,-1.2836914],"faces":{"east":{"uv":[15.4375,13.875,15.4453125,13.894531],"tintindex":0,"rotation":0,"texture":"#2"},"south":{"uv":[15.375,5.3125,15.390625,5.3320312],"tintindex":0,"rotation":0,"texture":"#2"},"north":{"uv":[5.3125,15.375,5.328125,15.394531],"tintindex":0,"rotation":0,"texture":"#2"},"west":{"uv":[13.9375,15.4375,13.9453125,15.457031],"tintindex":0,"rotation":0,"texture":"#2"},"up":{"uv":[3.515625,15.5078125,3.5,15.5],"tintindex":0,"rotation":0,"texture":"#2"},"down":{"uv":[15.515625,3.5,15.5,3.5078125],"tintindex":0,"rotation":0,"texture":"#2"}}},{"from":[7.568457,7.613015,-1.9560547],"to":[7.6871095,8.127175,-1.4814453],"faces":{"east":{"uv":[14.6875,15.0625,14.71875,15.09375],"tintindex":0,"rotation":0,"texture":"#2"},"south":{"uv":[0.6875,15.4375,0.6953125,15.46875],"tintindex":0,"rotation":0,"texture":"#2"},"north":{"uv":[15.4375,0.625,15.4453125,0.65625],"tintindex":0,"rotation":0,"texture":"#2"},"west":{"uv":[15.0625,14.6875,15.09375,14.71875],"tintindex":0,"rotation":0,"texture":"#2"},"up":{"uv":[15.4453125,0.71875,15.4375,0.6875],"tintindex":0,"rotation":0,"texture":"#2"},"down":{"uv":[0.7578125,15.4375,0.75,15.46875],"tintindex":0,"rotation":0,"texture":"#2"}}},{"from":[8.3199215,7.613015,-1.8769531],"to":[8.399023,8.127175,-1.5605469],"faces":{"east":{"uv":[1.125,15.25,1.1445312,15.28125],"tintindex":0,"rotation":0,"texture":"#2"},"south":{"uv":[15.5,3.375,15.503906,3.40625],"tintindex":0,"rotation":0,"texture":"#2"},"north":{"uv":[3.375,15.5,3.3789062,15.53125],"tintindex":0,"rotation":0,"texture":"#2"},"west":{"uv":[15.25,1.125,15.269531,1.15625],"tintindex":0,"rotation":0,"texture":"#2"},"up":{"uv":[7.3164062,15.519531,7.3125,15.5],"tintindex":0,"rotation":0,"texture":"#2"},"down":{"uv":[15.503906,7.3125,15.5,7.3320312],"tintindex":0,"rotation":0,"texture":"#2"}}},{"from":[7.766211,7.613015,-1.4023438],"to":[8.24082,8.127175,-1.2836914],"faces":{"east":{"uv":[15.4375,0.875,15.4453125,0.90625],"tintindex":0,"rotation":0,"texture":"#2"},"south":{"uv":[15.0625,14.8125,15.09375,14.84375],"tintindex":0,"rotation":0,"texture":"#2"},"north":{"uv":[14.8125,15.0625,14.84375,15.09375],"tintindex":0,"rotation":0,"texture":"#2"},"west":{"uv":[0.9375,15.4375,0.9453125,15.46875],"tintindex":0,"rotation":0,"texture":"#2"},"up":{"uv":[15.46875,0.9453125,15.4375,0.9375],"tintindex":0,"rotation":0,"texture":"#2"},"down":{"uv":[1.03125,15.4375,1.0,15.4453125],"tintindex":0,"rotation":0,"texture":"#2"}}}]}