{"textures":{"2":"modelengine:entity/pillars"},"elements":[{"from":[11.538889,8.487196,-3.5249996],"to":[12.413889,11.987196,-1.7749996],"faces":{"east":{"uv":[2.875,13.25,2.984375,13.46875],"tintindex":0,"rotation":0,"texture":"#2"},"south":{"uv":[9.9375,13.8125,9.9921875,14.03125],"tintindex":0,"rotation":0,"texture":"#2"},"north":{"uv":[9.875,13.8125,9.9296875,14.03125],"tintindex":0,"rotation":0,"texture":"#2"},"west":{"uv":[3.0,13.25,3.109375,13.46875],"tintindex":0,"rotation":0,"texture":"#2"},"up":{"uv":[14.4296875,0.484375,14.375,0.375],"tintindex":0,"rotation":0,"texture":"#2"},"down":{"uv":[0.4921875,14.375,0.4375,14.484375],"tintindex":0,"rotation":0,"texture":"#2"}}},{"from":[3.226389,8.487196,-3.9624996],"to":[4.538889,11.987196,-1.3374996],"faces":{"east":{"uv":[12.625,4.3125,12.7890625,4.53125],"tintindex":0,"rotation":0,"texture":"#2"},"south":{"uv":[6.0,13.5625,6.0820312,13.78125],"tintindex":0,"rotation":0,"texture":"#2"},"north":{"uv":[5.875,13.5625,5.9570312,13.78125],"tintindex":0,"rotation":0,"texture":"#2"},"west":{"uv":[4.5625,12.625,4.7265625,12.84375],"tintindex":0,"rotation":0,"texture":"#2"},"up":{"uv":[13.894531,3.0390625,13.8125,2.875],"tintindex":0,"rotation":0,"texture":"#2"},"down":{"uv":[13.894531,3.0625,13.8125,3.2265625],"tintindex":0,"rotation":0,"texture":"#2"}}},{"from":[6.7701397,8.487196,-7.4624996],"to":[9.39514,11.987196,-6.1499996],"faces":{"east":{"uv":[6.3125,13.5625,6.3945312,13.78125],"tintindex":0,"rotation":0,"texture":"#2"},"south":{"uv":[4.75,12.625,4.9140625,12.84375],"tintindex":0,"rotation":0,"texture":"#2"},"north":{"uv":[12.625,4.5625,12.7890625,4.78125],"tintindex":0,"rotation":0,"texture":"#2"},"west":{"uv":[13.5625,6.3125,13.644531,6.53125],"tintindex":0,"rotation":0,"texture":"#2"},"up":{"uv":[13.9765625,3.3320312,13.8125,3.25],"tintindex":0,"rotation":0,"texture":"#2"},"down":{"uv":[13.9765625,3.375,13.8125,3.4570312],"tintindex":0,"rotation":0,"texture":"#2"}}},{"from":[3.226389,2.799696,-5.2749996],"to":[4.538889,8.487196,-0.024999619],"faces":{"east":{"uv":[10.25,0.375,10.578125,0.73046875],"tintindex":0,"rotation":0,"texture":"#2"},"south":{"uv":[7.1875,12.875,7.2695312,13.230469],"tintindex":0,"rotation":0,"texture":"#2"},"north":{"uv":[7.0625,12.875,7.1445312,13.230469],"tintindex":0,"rotation":0,"texture":"#2"},"west":{"uv":[10.25,0.75,10.578125,1.1054688],"tintindex":0,"rotation":0,"texture":"#2"},"up":{"uv":[13.082031,6.515625,13.0,6.1875],"tintindex":0,"rotation":0,"texture":"#2"},"down":{"uv":[6.6445312,13.0,6.5625,13.328125],"tintindex":0,"rotation":0,"texture":"#2"}}},{"from":[5.413889,2.799696,0.8500004],"to":[10.663889,8.487196,2.1625004],"faces":{"east":{"uv":[7.75,12.875,7.8320312,13.230469],"tintindex":0,"rotation":0,"texture":"#2"},"south":{"uv":[6.8125,10.3125,7.140625,10.667969],"tintindex":0,"rotation":0,"texture":"#2"},"north":{"uv":[10.25,4.75,10.578125,5.1054688],"tintindex":0,"rotation":0,"texture":"#2"},"west":{"uv":[12.875,9.0,12.957031,9.355469],"tintindex":0,"rotation":0,"texture":"#2"},"up":{"uv":[13.328125,6.8945312,13.0,6.8125],"tintindex":0,"rotation":0,"texture":"#2"},"down":{"uv":[13.328125,6.9375,13.0,7.0195312],"tintindex":0,"rotation":0,"texture":"#2"}}},{"from":[11.538889,2.799696,-4.3999996],"to":[12.413889,8.487196,-0.8999996],"faces":{"east":{"uv":[2.1875,11.375,2.40625,11.730469],"tintindex":0,"rotation":0,"texture":"#2"},"south":{"uv":[9.75,1.75,9.8046875,2.1054688],"tintindex":0,"rotation":0,"texture":"#2"},"north":{"uv":[3.6875,9.6875,3.7421875,10.042969],"tintindex":0,"rotation":0,"texture":"#2"},"west":{"uv":[2.9375,11.375,3.15625,11.730469],"tintindex":0,"rotation":0,"texture":"#2"},"up":{"uv":[13.8671875,9.78125,13.8125,9.5625],"tintindex":0,"rotation":0,"texture":"#2"},"down":{"uv":[13.8671875,9.8125,13.8125,10.03125],"tintindex":0,"rotation":0,"texture":"#2"}}},{"from":[4.538889,2.799696,-6.1499996],"to":[11.538889,11.987196,0.8500004],"faces":{"east":{"uv":[3.6875,8.0,4.125,8.574219],"tintindex":0,"rotation":0,"texture":"#2"},"south":{"uv":[4.125,8.0,4.5625,8.574219],"tintindex":0,"rotation":0,"texture":"#2"},"north":{"uv":[3.25,8.0,3.6875,8.574219],"tintindex":0,"rotation":0,"texture":"#2"},"west":{"uv":[4.5625,8.0,5.0,8.574219],"tintindex":0,"rotation":0,"texture":"#2"},"up":{"uv":[9.125,3.75,8.6875,3.3125],"tintindex":0,"rotation":0,"texture":"#2"},"down":{"uv":[9.125,3.75,8.6875,4.1875],"tintindex":0,"rotation":0,"texture":"#2"}}},{"from":[6.7701397,8.487196,0.8500004],"to":[9.39514,11.987196,2.1625004],"faces":{"east":{"uv":[6.4375,13.5625,6.5195312,13.78125],"tintindex":0,"rotation":0,"texture":"#2"},"south":{"uv":[12.625,5.0625,12.7890625,5.28125],"tintindex":0,"rotation":0,"texture":"#2"},"north":{"uv":[12.625,4.8125,12.7890625,5.03125],"tintindex":0,"rotation":0,"texture":"#2"},"west":{"uv":[6.5625,13.5625,6.6445312,13.78125],"tintindex":0,"rotation":0,"texture":"#2"},"up":{"uv":[13.9765625,3.5820312,13.8125,3.5],"tintindex":0,"rotation":0,"texture":"#2"},"down":{"uv":[13.9765625,3.625,13.8125,3.7070312],"tintindex":0,"rotation":0,"texture":"#2"}}},{"from":[5.413889,2.799696,-7.4624996],"to":[10.663889,8.487196,-6.1499996],"faces":{"east":{"uv":[7.3125,12.875,7.3945312,13.230469],"tintindex":0,"rotation":0,"texture":"#2"},"south":{"uv":[2.0625,10.25,2.390625,10.605469],"tintindex":0,"rotation":0,"texture":"#2"},"north":{"uv":[1.6875,10.25,2.015625,10.605469],"tintindex":0,"rotation":0,"texture":"#2"},"west":{"uv":[7.625,12.875,7.7070312,13.230469],"tintindex":0,"rotation":0,"texture":"#2"},"up":{"uv":[13.328125,6.6445312,13.0,6.5625],"tintindex":0,"rotation":0,"texture":"#2"},"down":{"uv":[13.328125,6.6875,13.0,6.7695312],"tintindex":0,"rotation":0,"texture":"#2"}}}]}