{"textures":{"2":"modelengine:entity/pillars"},"elements":[{"from":[7.7364583,8.230577,-0.96875],"to":[8.298958,8.980577,-0.6875],"faces":{"east":{"uv":[15.125,9.5625,15.144531,9.609375],"tintindex":0,"rotation":0,"texture":"#2"},"south":{"uv":[14.9375,3.6875,14.972656,3.734375],"tintindex":0,"rotation":0,"texture":"#2"},"north":{"uv":[3.6875,14.9375,3.7226562,14.984375],"tintindex":0,"rotation":0,"texture":"#2"},"west":{"uv":[9.625,15.125,9.644531,15.171875],"tintindex":0,"rotation":0,"texture":"#2"},"up":{"uv":[7.0976562,15.207031,7.0625,15.1875],"tintindex":0,"rotation":0,"texture":"#2"},"down":{"uv":[15.222656,7.0625,15.1875,7.0820312],"tintindex":0,"rotation":0,"texture":"#2"}}},{"from":[6.977083,8.230577,-2.0],"to":[7.258333,8.980577,-1.4375],"faces":{"east":{"uv":[3.5625,14.9375,3.5976562,14.984375],"tintindex":0,"rotation":0,"texture":"#2"},"south":{"uv":[15.125,9.375,15.144531,9.421875],"tintindex":0,"rotation":0,"texture":"#2"},"north":{"uv":[9.375,15.125,9.394531,15.171875],"tintindex":0,"rotation":0,"texture":"#2"},"west":{"uv":[14.9375,3.5625,14.972656,3.609375],"tintindex":0,"rotation":0,"texture":"#2"},"up":{"uv":[15.207031,6.9101562,15.1875,6.875],"tintindex":0,"rotation":0,"texture":"#2"},"down":{"uv":[15.207031,6.9375,15.1875,6.9726562],"tintindex":0,"rotation":0,"texture":"#2"}}},{"from":[7.258333,7.0118275,-2.46875],"to":[8.758333,8.980577,-0.96875],"faces":{"east":{"uv":[4.375,14.0,4.46875,14.125],"tintindex":0,"rotation":0,"texture":"#2"},"south":{"uv":[14.0,4.375,14.09375,4.5],"tintindex":0,"rotation":0,"texture":"#2"},"north":{"uv":[14.0,4.25,14.09375,4.375],"tintindex":0,"rotation":0,"texture":"#2"},"west":{"uv":[14.0,4.5,14.09375,4.625],"tintindex":0,"rotation":0,"texture":"#2"},"up":{"uv":[14.15625,13.90625,14.0625,13.8125],"tintindex":0,"rotation":0,"texture":"#2"},"down":{"uv":[14.15625,13.9375,14.0625,14.03125],"tintindex":0,"rotation":0,"texture":"#2"}}},{"from":[8.758333,8.230577,-1.90625],"to":[8.945833,8.980577,-1.53125],"faces":{"east":{"uv":[3.75,15.0625,3.7734375,15.109375],"tintindex":0,"rotation":0,"texture":"#2"},"south":{"uv":[15.25,3.1875,15.261719,3.234375],"tintindex":0,"rotation":0,"texture":"#2"},"north":{"uv":[3.1875,15.25,3.1992188,15.296875],"tintindex":0,"rotation":0,"texture":"#2"},"west":{"uv":[15.0625,3.75,15.0859375,3.796875],"tintindex":0,"rotation":0,"texture":"#2"},"up":{"uv":[8.511719,15.3984375,8.5,15.375],"tintindex":0,"rotation":0,"texture":"#2"},"down":{"uv":[15.386719,8.5,15.375,8.5234375],"tintindex":0,"rotation":0,"texture":"#2"}}},{"from":[7.445833,7.0118275,-2.75],"to":[8.570833,8.230577,-2.46875],"faces":{"east":{"uv":[13.5625,14.9375,13.582031,15.015625],"tintindex":0,"rotation":0,"texture":"#2"},"south":{"uv":[14.4375,5.0,14.5078125,5.078125],"tintindex":0,"rotation":0,"texture":"#2"},"north":{"uv":[14.4375,4.875,14.5078125,4.953125],"tintindex":0,"rotation":0,"texture":"#2"},"west":{"uv":[14.9375,13.5625,14.957031,13.640625],"tintindex":0,"rotation":0,"texture":"#2"},"up":{"uv":[15.0703125,12.207031,15.0,12.1875],"tintindex":0,"rotation":0,"texture":"#2"},"down":{"uv":[15.0703125,12.25,15.0,12.269531],"tintindex":0,"rotation":0,"texture":"#2"}}},{"from":[6.977083,7.0118275,-2.28125],"to":[7.258333,8.230577,-1.15625],"faces":{"east":{"uv":[14.4375,4.625,14.5078125,4.703125],"tintindex":0,"rotation":0,"texture":"#2"},"south":{"uv":[13.5,14.9375,13.519531,15.015625],"tintindex":0,"rotation":0,"texture":"#2"},"north":{"uv":[14.9375,13.4375,14.957031,13.515625],"tintindex":0,"rotation":0,"texture":"#2"},"west":{"uv":[14.4375,4.75,14.5078125,4.828125],"tintindex":0,"rotation":0,"texture":"#2"},"up":{"uv":[15.019531,12.0078125,15.0,11.9375],"tintindex":0,"rotation":0,"texture":"#2"},"down":{"uv":[15.019531,12.0625,15.0,12.1328125],"tintindex":0,"rotation":0,"texture":"#2"}}},{"from":[8.758333,7.0118275,-2.09375],"to":[8.945833,8.230577,-1.34375],"faces":{"east":{"uv":[2.375,14.6875,2.421875,14.765625],"tintindex":0,"rotation":0,"texture":"#2"},"south":{"uv":[15.125,9.4375,15.136719,9.515625],"tintindex":0,"rotation":0,"texture":"#2"},"north":{"uv":[9.4375,15.125,9.449219,15.203125],"tintindex":0,"rotation":0,"texture":"#2"},"west":{"uv":[2.4375,14.6875,2.484375,14.765625],"tintindex":0,"rotation":0,"texture":"#2"},"up":{"uv":[3.1367188,15.296875,3.125,15.25],"tintindex":0,"rotation":0,"texture":"#2"},"down":{"uv":[15.261719,3.125,15.25,3.171875],"tintindex":0,"rotation":0,"texture":"#2"}}},{"from":[7.7364583,8.230577,-2.75],"to":[8.298958,8.980577,-2.46875],"faces":{"east":{"uv":[9.5,15.125,9.519531,15.171875],"tintindex":0,"rotation":0,"texture":"#2"},"south":{"uv":[14.9375,3.625,14.972656,3.671875],"tintindex":0,"rotation":0,"texture":"#2"},"north":{"uv":[3.625,14.9375,3.6601562,14.984375],"tintindex":0,"rotation":0,"texture":"#2"},"west":{"uv":[9.5625,15.125,9.582031,15.171875],"tintindex":0,"rotation":0,"texture":"#2"},"up":{"uv":[7.0351562,15.207031,7.0,15.1875],"tintindex":0,"rotation":0,"texture":"#2"},"down":{"uv":[15.222656,7.0,15.1875,7.0195312],"tintindex":0,"rotation":0,"texture":"#2"}}},{"from":[7.445833,7.0118275,-0.96875],"to":[8.570833,8.230577,-0.6875],"faces":{"east":{"uv":[13.625,14.9375,13.644531,15.015625],"tintindex":0,"rotation":0,"texture":"#2"},"south":{"uv":[14.4375,5.25,14.5078125,5.328125],"tintindex":0,"rotation":0,"texture":"#2"},"north":{"uv":[14.4375,5.125,14.5078125,5.203125],"tintindex":0,"rotation":0,"texture":"#2"},"west":{"uv":[13.6875,14.9375,13.707031,15.015625],"tintindex":0,"rotation":0,"texture":"#2"},"up":{"uv":[15.0703125,12.332031,15.0,12.3125],"tintindex":0,"rotation":0,"texture":"#2"},"down":{"uv":[15.0703125,12.375,15.0,12.394531],"tintindex":0,"rotation":0,"texture":"#2"}}}]}