{"textures":{"2":"modelengine:entity/pillars"},"elements":[{"from":[9.990625,8.046354,-3.142187],"to":[10.482813,10.015104,-2.157812],"faces":{"east":{"uv":[0.6875,12.0625,0.75,12.1875],"tintindex":0,"rotation":0,"texture":"#2"},"south":{"uv":[5.1875,14.625,5.21875,14.75],"tintindex":0,"rotation":0,"texture":"#2"},"north":{"uv":[5.125,14.625,5.15625,14.75],"tintindex":0,"rotation":0,"texture":"#2"},"west":{"uv":[9.25,12.125,9.3125,12.25],"tintindex":0,"rotation":0,"texture":"#2"},"up":{"uv":[4.78125,14.9375,4.75,14.875],"tintindex":0,"rotation":0,"texture":"#2"},"down":{"uv":[14.90625,4.75,14.875,4.8125],"tintindex":0,"rotation":0,"texture":"#2"}}},{"from":[7.3082027,8.046354,-0.6812496],"to":[8.784765,10.015104,0.05703163],"faces":{"east":{"uv":[4.75,14.375,4.796875,14.5],"tintindex":0,"rotation":0,"texture":"#2"},"south":{"uv":[13.9375,2.75,14.03125,2.875],"tintindex":0,"rotation":0,"texture":"#2"},"north":{"uv":[13.9375,2.625,14.03125,2.75],"tintindex":0,"rotation":0,"texture":"#2"},"west":{"uv":[14.375,4.75,14.421875,4.875],"tintindex":0,"rotation":0,"texture":"#2"},"up":{"uv":[14.65625,9.046875,14.5625,9.0],"tintindex":0,"rotation":0,"texture":"#2"},"down":{"uv":[14.65625,9.0625,14.5625,9.109375],"tintindex":0,"rotation":0,"texture":"#2"}}},{"from":[6.545313,4.8471355,-5.357031],"to":[9.498438,8.046354,-4.6187496],"faces":{"east":{"uv":[8.9375,14.0625,8.984375,14.261719],"tintindex":0,"rotation":0,"texture":"#2"},"south":{"uv":[12.5,6.8125,12.683594,7.0117188],"tintindex":0,"rotation":0,"texture":"#2"},"north":{"uv":[12.5,6.5625,12.683594,6.7617188],"tintindex":0,"rotation":0,"texture":"#2"},"west":{"uv":[9.0,14.0625,9.046875,14.261719],"tintindex":0,"rotation":0,"texture":"#2"},"up":{"uv":[3.2460938,14.171875,3.0625,14.125],"tintindex":0,"rotation":0,"texture":"#2"},"down":{"uv":[3.4335938,14.125,3.25,14.171875],"tintindex":0,"rotation":0,"texture":"#2"}}},{"from":[5.314844,8.046354,-3.3882809],"to":[6.0531254,10.015104,-1.9117184],"faces":{"east":{"uv":[13.9375,1.875,14.03125,2.0],"tintindex":0,"rotation":0,"texture":"#2"},"south":{"uv":[4.5625,14.375,4.609375,14.5],"tintindex":0,"rotation":0,"texture":"#2"},"north":{"uv":[4.5,14.375,4.546875,14.5],"tintindex":0,"rotation":0,"texture":"#2"},"west":{"uv":[2.0,13.9375,2.09375,14.0625],"tintindex":0,"rotation":0,"texture":"#2"},"up":{"uv":[8.609375,14.65625,8.5625,14.5625],"tintindex":0,"rotation":0,"texture":"#2"},"down":{"uv":[8.671875,14.5625,8.625,14.65625],"tintindex":0,"rotation":0,"texture":"#2"}}},{"from":[5.314844,4.8471355,-4.126562],"to":[6.0531254,8.046354,-1.1734371],"faces":{"east":{"uv":[12.5,6.0625,12.683594,6.2617188],"tintindex":0,"rotation":0,"texture":"#2"},"south":{"uv":[8.875,14.0625,8.921875,14.261719],"tintindex":0,"rotation":0,"texture":"#2"},"north":{"uv":[14.0625,8.8125,14.109375,9.011719],"tintindex":0,"rotation":0,"texture":"#2"},"west":{"uv":[12.5,6.3125,12.683594,6.5117188],"tintindex":0,"rotation":0,"texture":"#2"},"up":{"uv":[2.984375,14.308594,2.9375,14.125],"tintindex":0,"rotation":0,"texture":"#2"},"down":{"uv":[3.046875,14.125,3.0,14.308594],"tintindex":0,"rotation":0,"texture":"#2"}}},{"from":[6.0531254,4.8471355,-4.6187496],"to":[9.990625,10.015104,-0.6812496],"faces":{"east":{"uv":[6.125,11.25,6.3710938,11.574219],"tintindex":0,"rotation":0,"texture":"#2"},"south":{"uv":[7.0,11.25,7.2460938,11.574219],"tintindex":0,"rotation":0,"texture":"#2"},"north":{"uv":[5.875,11.25,6.1210938,11.574219],"tintindex":0,"rotation":0,"texture":"#2"},"west":{"uv":[7.25,11.25,7.4960938,11.574219],"tintindex":0,"rotation":0,"texture":"#2"},"up":{"uv":[12.121094,5.8710938,11.875,5.625],"tintindex":0,"rotation":0,"texture":"#2"},"down":{"uv":[12.121094,5.875,11.875,6.1210938],"tintindex":0,"rotation":0,"texture":"#2"}}},{"from":[9.990625,4.8471355,-3.6343746],"to":[10.482813,8.046354,-1.6656246],"faces":{"east":{"uv":[13.1875,4.9375,13.3125,5.1367188],"tintindex":0,"rotation":0,"texture":"#2"},"south":{"uv":[13.0,14.3125,13.03125,14.511719],"tintindex":0,"rotation":0,"texture":"#2"},"north":{"uv":[14.3125,12.9375,14.34375,13.136719],"tintindex":0,"rotation":0,"texture":"#2"},"west":{"uv":[13.1875,5.1875,13.3125,5.3867188],"tintindex":0,"rotation":0,"texture":"#2"},"up":{"uv":[5.09375,14.75,5.0625,14.625],"tintindex":0,"rotation":0,"texture":"#2"},"down":{"uv":[14.65625,5.0625,14.625,5.1875],"tintindex":0,"rotation":0,"texture":"#2"}}},{"from":[7.3082027,8.046354,-5.357031],"to":[8.784765,10.015104,-4.6187496],"faces":{"east":{"uv":[4.625,14.375,4.671875,14.5],"tintindex":0,"rotation":0,"texture":"#2"},"south":{"uv":[13.9375,2.5,14.03125,2.625],"tintindex":0,"rotation":0,"texture":"#2"},"north":{"uv":[13.9375,2.0,14.03125,2.125],"tintindex":0,"rotation":0,"texture":"#2"},"west":{"uv":[4.6875,14.375,4.734375,14.5],"tintindex":0,"rotation":0,"texture":"#2"},"up":{"uv":[14.65625,8.671875,14.5625,8.625],"tintindex":0,"rotation":0,"texture":"#2"},"down":{"uv":[14.65625,8.9375,14.5625,8.984375],"tintindex":0,"rotation":0,"texture":"#2"}}},{"from":[6.545313,4.8471355,-0.6812496],"to":[9.498438,8.046354,0.05703163],"faces":{"east":{"uv":[9.0625,14.0625,9.109375,14.261719],"tintindex":0,"rotation":0,"texture":"#2"},"south":{"uv":[7.5,12.5,7.6835938,12.699219],"tintindex":0,"rotation":0,"texture":"#2"},"north":{"uv":[12.5,7.0625,12.683594,7.2617188],"tintindex":0,"rotation":0,"texture":"#2"},"west":{"uv":[14.0625,9.0625,14.109375,9.261719],"tintindex":0,"rotation":0,"texture":"#2"},"up":{"uv":[14.308594,3.296875,14.125,3.25],"tintindex":0,"rotation":0,"texture":"#2"},"down":{"uv":[14.308594,3.3125,14.125,3.359375],"tintindex":0,"rotation":0,"texture":"#2"}}}]}