{"textures":{"2":"modelengine:entity/pillars"},"elements":[{"from":[3.71352,-0.41987038,13.80125],"to":[12.415396,9.007162,15.976719],"faces":{"east":{"uv":[3.5625,11.125,3.6992188,11.714844],"tintindex":0,"rotation":0,"texture":"#2"},"south":{"uv":[3.3125,7.375,3.8554688,7.9648438],"tintindex":0,"rotation":0,"texture":"#2"},"north":{"uv":[6.5625,7.3125,7.1054688,7.9023438],"tintindex":0,"rotation":0,"texture":"#2"},"west":{"uv":[11.125,3.625,11.261719,4.2148438],"tintindex":0,"rotation":0,"texture":"#2"},"up":{"uv":[10.542969,11.574219,10.0,11.4375],"tintindex":0,"rotation":0,"texture":"#2"},"down":{"uv":[0.54296875,11.5,0.0,11.636719],"tintindex":0,"rotation":0,"texture":"#2"}}},{"from":[0.08773899,9.007162,5.8245316],"to":[2.2632074,14.808411,10.175468],"faces":{"east":{"uv":[7.125,10.875,7.3984375,11.238281],"tintindex":0,"rotation":0,"texture":"#2"},"south":{"uv":[12.0,7.125,12.136719,7.4882812],"tintindex":0,"rotation":0,"texture":"#2"},"north":{"uv":[6.5625,12.0,6.6992188,12.363281],"tintindex":0,"rotation":0,"texture":"#2"},"west":{"uv":[7.4375,10.875,7.7109375,11.238281],"tintindex":0,"rotation":0,"texture":"#2"},"up":{"uv":[12.511719,11.0859375,12.375,10.8125],"tintindex":0,"rotation":0,"texture":"#2"},"down":{"uv":[12.511719,11.125,12.375,11.3984375],"tintindex":0,"rotation":0,"texture":"#2"}}},{"from":[13.865707,-0.41987038,5.099373],"to":[15.316021,9.007162,10.900623],"faces":{"east":{"uv":[6.3125,8.5625,6.6757812,9.152344],"tintindex":0,"rotation":0,"texture":"#2"},"south":{"uv":[0.25,12.0,0.33984375,12.589844],"tintindex":0,"rotation":0,"texture":"#2"},"north":{"uv":[0.125,12.0,0.21484375,12.589844],"tintindex":0,"rotation":0,"texture":"#2"},"west":{"uv":[8.5625,6.625,8.925781,7.2148438],"tintindex":0,"rotation":0,"texture":"#2"},"up":{"uv":[12.214844,12.925781,12.125,12.5625],"tintindex":0,"rotation":0,"texture":"#2"},"down":{"uv":[6.6523438,12.625,6.5625,12.988281],"tintindex":0,"rotation":0,"texture":"#2"}}},{"from":[3.71352,-0.41987038,0.023281097],"to":[12.415396,9.007162,2.1987495],"faces":{"east":{"uv":[11.0625,10.375,11.199219,10.964844],"tintindex":0,"rotation":0,"texture":"#2"},"south":{"uv":[6.0,7.3125,6.5429688,7.9023438],"tintindex":0,"rotation":0,"texture":"#2"},"north":{"uv":[7.25,5.625,7.7929688,6.2148438],"tintindex":0,"rotation":0,"texture":"#2"},"west":{"uv":[11.0625,11.0,11.199219,11.589844],"tintindex":0,"rotation":0,"texture":"#2"},"up":{"uv":[11.980469,7.4492188,11.4375,7.3125],"tintindex":0,"rotation":0,"texture":"#2"},"down":{"uv":[11.980469,7.5,11.4375,7.6367188],"tintindex":0,"rotation":0,"texture":"#2"}}},{"from":[0.08773899,-0.41987038,3.649063],"to":[2.2632074,9.007162,12.350937],"faces":{"east":{"uv":[7.25,4.375,7.7929688,4.9648438],"tintindex":0,"rotation":0,"texture":"#2"},"south":{"uv":[11.0625,9.75,11.199219,10.339844],"tintindex":0,"rotation":0,"texture":"#2"},"north":{"uv":[11.0625,9.125,11.199219,9.714844],"tintindex":0,"rotation":0,"texture":"#2"},"west":{"uv":[7.25,5.0,7.7929688,5.5898438],"tintindex":0,"rotation":0,"texture":"#2"},"up":{"uv":[9.761719,11.980469,9.625,11.4375],"tintindex":0,"rotation":0,"texture":"#2"},"down":{"uv":[9.949219,11.4375,9.8125,11.980469],"tintindex":0,"rotation":0,"texture":"#2"}}},{"from":[13.865707,9.007162,6.5496864],"to":[15.316021,14.808411,9.45031],"faces":{"east":{"uv":[11.75,8.625,11.9296875,8.988281],"tintindex":0,"rotation":0,"texture":"#2"},"south":{"uv":[9.125,12.625,9.214844,12.988281],"tintindex":0,"rotation":0,"texture":"#2"},"north":{"uv":[7.875,12.625,7.9648438,12.988281],"tintindex":0,"rotation":0,"texture":"#2"},"west":{"uv":[11.75,9.0,11.9296875,9.363281],"tintindex":0,"rotation":0,"texture":"#2"},"up":{"uv":[13.714844,9.4921875,13.625,9.3125],"tintindex":0,"rotation":0,"texture":"#2"},"down":{"uv":[11.652344,13.625,11.5625,13.8046875],"tintindex":0,"rotation":0,"texture":"#2"}}},{"from":[5.961504,9.007162,0.023281097],"to":[10.312443,14.808411,2.1987495],"faces":{"east":{"uv":[12.0,7.5,12.136719,7.8632812],"tintindex":0,"rotation":0,"texture":"#2"},"south":{"uv":[8.5625,10.875,8.8359375,11.238281],"tintindex":0,"rotation":0,"texture":"#2"},"north":{"uv":[8.25,10.875,8.5234375,11.238281],"tintindex":0,"rotation":0,"texture":"#2"},"west":{"uv":[12.0,7.875,12.136719,8.238281],"tintindex":0,"rotation":0,"texture":"#2"},"up":{"uv":[12.0234375,12.511719,11.75,12.375],"tintindex":0,"rotation":0,"texture":"#2"},"down":{"uv":[12.7109375,0.9375,12.4375,1.0742188],"tintindex":0,"rotation":0,"texture":"#2"}}},{"from":[2.2632074,-0.41987038,2.1987495],"to":[13.865707,14.808411,13.80125],"faces":{"east":{"uv":[4.75,4.0,5.4765625,4.953125],"tintindex":0,"rotation":0,"texture":"#2"},"south":{"uv":[0.0,4.9375,0.7265625,5.890625],"tintindex":0,"rotation":0,"texture":"#2"},"north":{"uv":[4.75,3.0,5.4765625,3.953125],"tintindex":0,"rotation":0,"texture":"#2"},"west":{"uv":[0.75,4.9375,1.4765625,5.890625],"tintindex":0,"rotation":0,"texture":"#2"},"up":{"uv":[6.9765625,2.3515625,6.25,1.625],"tintindex":0,"rotation":0,"texture":"#2"},"down":{"uv":[6.9765625,2.375,6.25,3.1015625],"tintindex":0,"rotation":0,"texture":"#2"}}},{"from":[5.961504,9.007162,13.80125],"to":[10.312443,14.808411,15.976719],"faces":{"east":{"uv":[12.0,8.25,12.136719,8.613281],"tintindex":0,"rotation":0,"texture":"#2"},"south":{"uv":[10.75,10.875,11.0234375,11.238281],"tintindex":0,"rotation":0,"texture":"#2"},"north":{"uv":[8.875,10.875,9.1484375,11.238281],"tintindex":0,"rotation":0,"texture":"#2"},"west":{"uv":[9.5625,12.0,9.699219,12.363281],"tintindex":0,"rotation":0,"texture":"#2"},"up":{"uv":[12.7109375,1.2617188,12.4375,1.125],"tintindex":0,"rotation":0,"texture":"#2"},"down":{"uv":[12.7109375,1.3125,12.4375,1.4492188],"tintindex":0,"rotation":0,"texture":"#2"}}}]}