{"textures":{"2":"modelengine:entity/pillars"},"elements":[{"from":[8.639844,8.0937605,6.204297],"to":[8.798047,8.726573,6.5207033],"faces":{"east":{"uv":[15.125,11.8125,15.144531,11.8515625],"tintindex":0,"rotation":0,"texture":"#2"},"south":{"uv":[15.25,12.6875,15.261719,12.7265625],"tintindex":0,"rotation":0,"texture":"#2"},"north":{"uv":[12.6875,15.25,12.699219,15.2890625],"tintindex":0,"rotation":0,"texture":"#2"},"west":{"uv":[11.875,15.125,11.894531,15.1640625],"tintindex":0,"rotation":0,"texture":"#2"},"up":{"uv":[15.449219,1.5195312,15.4375,1.5],"tintindex":0,"rotation":0,"texture":"#2"},"down":{"uv":[1.5742188,15.4375,1.5625,15.457031],"tintindex":0,"rotation":0,"texture":"#2"}}},{"from":[7.777637,8.0937605,5.492383],"to":[8.252247,8.726573,5.7296877],"faces":{"east":{"uv":[15.1875,14.5,15.203125,14.5390625],"tintindex":0,"rotation":0,"texture":"#2"},"south":{"uv":[15.0,14.5625,15.03125,14.6015625],"tintindex":0,"rotation":0,"texture":"#2"},"north":{"uv":[15.0,14.5,15.03125,14.5390625],"tintindex":0,"rotation":0,"texture":"#2"},"west":{"uv":[14.5625,15.1875,14.578125,15.2265625],"tintindex":0,"rotation":0,"texture":"#2"},"up":{"uv":[11.71875,15.265625,11.6875,15.25],"tintindex":0,"rotation":0,"texture":"#2"},"down":{"uv":[15.28125,11.6875,15.25,11.703125],"tintindex":0,"rotation":0,"texture":"#2"}}},{"from":[7.532422,7.06544,6.9953127],"to":[8.481641,8.0937605,7.2326174],"faces":{"east":{"uv":[8.6875,15.0625,8.703125,15.125],"tintindex":0,"rotation":0,"texture":"#2"},"south":{"uv":[1.375,11.5625,1.4335938,11.625],"tintindex":0,"rotation":0,"texture":"#2"},"north":{"uv":[11.4375,7.6875,11.496094,7.75],"tintindex":0,"rotation":0,"texture":"#2"},"west":{"uv":[15.0625,8.6875,15.078125,8.75],"tintindex":0,"rotation":0,"texture":"#2"},"up":{"uv":[15.183594,4.203125,15.125,4.1875],"tintindex":0,"rotation":0,"texture":"#2"},"down":{"uv":[4.3085938,15.125,4.25,15.140625],"tintindex":0,"rotation":0,"texture":"#2"}}},{"from":[7.532422,7.06544,5.492383],"to":[8.481641,8.0937605,5.7296877],"faces":{"east":{"uv":[8.625,15.0625,8.640625,15.125],"tintindex":0,"rotation":0,"texture":"#2"},"south":{"uv":[11.375,7.3125,11.433594,7.375],"tintindex":0,"rotation":0,"texture":"#2"},"north":{"uv":[11.375,6.125,11.433594,6.1875],"tintindex":0,"rotation":0,"texture":"#2"},"west":{"uv":[15.0625,8.625,15.078125,8.6875],"tintindex":0,"rotation":0,"texture":"#2"},"up":{"uv":[15.183594,4.140625,15.125,4.125],"tintindex":0,"rotation":0,"texture":"#2"},"down":{"uv":[4.2460938,15.125,4.1875,15.140625],"tintindex":0,"rotation":0,"texture":"#2"}}},{"from":[7.1369143,8.0937605,6.1251955],"to":[7.374219,8.726573,6.599805],"faces":{"east":{"uv":[15.0,14.375,15.03125,14.4140625],"tintindex":0,"rotation":0,"texture":"#2"},"south":{"uv":[14.5,15.1875,14.515625,15.2265625],"tintindex":0,"rotation":0,"texture":"#2"},"north":{"uv":[15.1875,14.4375,15.203125,14.4765625],"tintindex":0,"rotation":0,"texture":"#2"},"west":{"uv":[15.0,14.4375,15.03125,14.4765625],"tintindex":0,"rotation":0,"texture":"#2"},"up":{"uv":[11.640625,15.28125,11.625,15.25],"tintindex":0,"rotation":0,"texture":"#2"},"down":{"uv":[15.265625,11.625,15.25,11.65625],"tintindex":0,"rotation":0,"texture":"#2"}}},{"from":[7.777637,8.0937605,6.9953127],"to":[8.252247,8.726573,7.2326174],"faces":{"east":{"uv":[15.1875,14.5625,15.203125,14.6015625],"tintindex":0,"rotation":0,"texture":"#2"},"south":{"uv":[14.6875,15.0,14.71875,15.0390625],"tintindex":0,"rotation":0,"texture":"#2"},"north":{"uv":[15.0,14.625,15.03125,14.6640625],"tintindex":0,"rotation":0,"texture":"#2"},"west":{"uv":[14.625,15.1875,14.640625,15.2265625],"tintindex":0,"rotation":0,"texture":"#2"},"up":{"uv":[11.78125,15.265625,11.75,15.25],"tintindex":0,"rotation":0,"texture":"#2"},"down":{"uv":[15.28125,11.75,15.25,11.765625],"tintindex":0,"rotation":0,"texture":"#2"}}},{"from":[7.1369143,7.06544,5.887891],"to":[7.374219,8.0937605,6.8371096],"faces":{"east":{"uv":[11.25,5.375,11.308594,5.4375],"tintindex":0,"rotation":0,"texture":"#2"},"south":{"uv":[8.5,15.0625,8.515625,15.125],"tintindex":0,"rotation":0,"texture":"#2"},"north":{"uv":[8.4375,15.0625,8.453125,15.125],"tintindex":0,"rotation":0,"texture":"#2"},"west":{"uv":[11.3125,5.75,11.371094,5.8125],"tintindex":0,"rotation":0,"texture":"#2"},"up":{"uv":[15.140625,4.1210938,15.125,4.0625],"tintindex":0,"rotation":0,"texture":"#2"},"down":{"uv":[4.140625,15.125,4.125,15.183594],"tintindex":0,"rotation":0,"texture":"#2"}}},{"from":[8.639844,7.06544,6.046094],"to":[8.798047,8.0937605,6.6789064],"faces":{"east":{"uv":[14.8125,4.625,14.8515625,4.6875],"tintindex":0,"rotation":0,"texture":"#2"},"south":{"uv":[14.25,15.125,14.261719,15.1875],"tintindex":0,"rotation":0,"texture":"#2"},"north":{"uv":[15.125,14.1875,15.136719,14.25],"tintindex":0,"rotation":0,"texture":"#2"},"west":{"uv":[4.6875,14.8125,4.7265625,14.875],"tintindex":0,"rotation":0,"texture":"#2"},"up":{"uv":[12.636719,15.2890625,12.625,15.25],"tintindex":0,"rotation":0,"texture":"#2"},"down":{"uv":[15.261719,12.625,15.25,12.6640625],"tintindex":0,"rotation":0,"texture":"#2"}}},{"from":[7.374219,7.06544,5.7296877],"to":[8.639844,8.726573,6.9953127],"faces":{"east":{"uv":[14.125,6.1875,14.203125,6.2929688],"tintindex":0,"rotation":0,"texture":"#2"},"south":{"uv":[6.25,14.125,6.328125,14.230469],"tintindex":0,"rotation":0,"texture":"#2"},"north":{"uv":[14.125,6.0625,14.203125,6.1679688],"tintindex":0,"rotation":0,"texture":"#2"},"west":{"uv":[14.125,6.3125,14.203125,6.4179688],"tintindex":0,"rotation":0,"texture":"#2"},"up":{"uv":[14.390625,14.015625,14.3125,13.9375],"tintindex":0,"rotation":0,"texture":"#2"},"down":{"uv":[14.078125,14.3125,14.0,14.390625],"tintindex":0,"rotation":0,"texture":"#2"}}}]}