{"textures":{"2":"modelengine:entity/pillars"},"elements":[{"from":[5.404167,4.069662,-5.2749996],"to":[10.654167,10.960287,-0.024999619],"faces":{"east":{"uv":[7.5625,9.6875,7.890625,10.1171875],"tintindex":0,"rotation":0,"texture":"#2"},"south":{"uv":[8.5,9.6875,8.828125,10.1171875],"tintindex":0,"rotation":0,"texture":"#2"},"north":{"uv":[6.5625,9.6875,6.890625,10.1171875],"tintindex":0,"rotation":0,"texture":"#2"},"west":{"uv":[9.6875,8.6875,10.015625,9.1171875],"tintindex":0,"rotation":0,"texture":"#2"},"up":{"uv":[10.953125,0.703125,10.625,0.375],"tintindex":0,"rotation":0,"texture":"#2"},"down":{"uv":[1.078125,10.625,0.75,10.953125],"tintindex":0,"rotation":0,"texture":"#2"}}},{"from":[10.654167,8.335287,-3.3062496],"to":[11.310417,10.960287,-1.9937496],"faces":{"east":{"uv":[13.8125,3.75,13.894531,3.9140625],"tintindex":0,"rotation":0,"texture":"#2"},"south":{"uv":[14.1875,1.75,14.230469,1.9140625],"tintindex":0,"rotation":0,"texture":"#2"},"north":{"uv":[1.6875,14.1875,1.7304688,14.3515625],"tintindex":0,"rotation":0,"texture":"#2"},"west":{"uv":[4.125,13.8125,4.2070312,13.9765625],"tintindex":0,"rotation":0,"texture":"#2"},"up":{"uv":[6.1054688,14.769531,6.0625,14.6875],"tintindex":0,"rotation":0,"texture":"#2"},"down":{"uv":[6.1679688,14.6875,6.125,14.769531],"tintindex":0,"rotation":0,"texture":"#2"}}},{"from":[4.419792,8.335287,-3.6343746],"to":[5.404167,10.960287,-1.6656246],"faces":{"east":{"uv":[6.8125,13.375,6.9375,13.5390625],"tintindex":0,"rotation":0,"texture":"#2"},"south":{"uv":[10.5625,12.875,10.625,13.0390625],"tintindex":0,"rotation":0,"texture":"#2"},"north":{"uv":[12.875,2.3125,12.9375,2.4765625],"tintindex":0,"rotation":0,"texture":"#2"},"west":{"uv":[6.9375,13.375,7.0625,13.5390625],"tintindex":0,"rotation":0,"texture":"#2"},"up":{"uv":[12.25,2.8125,12.1875,2.6875],"tintindex":0,"rotation":0,"texture":"#2"},"down":{"uv":[12.4375,9.4375,12.375,9.5625],"tintindex":0,"rotation":0,"texture":"#2"}}},{"from":[7.0776043,8.335287,-0.024999619],"to":[9.046354,10.960287,0.9593754],"faces":{"east":{"uv":[5.5,13.0625,5.5625,13.2265625],"tintindex":0,"rotation":0,"texture":"#2"},"south":{"uv":[7.4375,13.375,7.5625,13.5390625],"tintindex":0,"rotation":0,"texture":"#2"},"north":{"uv":[7.3125,13.375,7.4375,13.5390625],"tintindex":0,"rotation":0,"texture":"#2"},"west":{"uv":[12.0625,13.0625,12.125,13.2265625],"tintindex":0,"rotation":0,"texture":"#2"},"up":{"uv":[1.4375,12.75,1.3125,12.6875],"tintindex":0,"rotation":0,"texture":"#2"},"down":{"uv":[4.4375,12.6875,4.3125,12.75],"tintindex":0,"rotation":0,"texture":"#2"}}},{"from":[10.654167,4.069662,-3.9624996],"to":[11.310417,8.335287,-1.3374996],"faces":{"east":{"uv":[12.3125,0.625,12.4765625,0.890625],"tintindex":0,"rotation":0,"texture":"#2"},"south":{"uv":[7.6875,14.0,7.7304688,14.265625],"tintindex":0,"rotation":0,"texture":"#2"},"north":{"uv":[7.625,14.0,7.6679688,14.265625],"tintindex":0,"rotation":0,"texture":"#2"},"west":{"uv":[1.625,12.3125,1.7890625,12.578125],"tintindex":0,"rotation":0,"texture":"#2"},"up":{"uv":[1.6054688,14.3515625,1.5625,14.1875],"tintindex":0,"rotation":0,"texture":"#2"},"down":{"uv":[1.6679688,14.1875,1.625,14.3515625],"tintindex":0,"rotation":0,"texture":"#2"}}},{"from":[6.060417,4.069662,-6.2593746],"to":[9.997917,8.335287,-5.2749996],"faces":{"east":{"uv":[9.5,13.625,9.5625,13.890625],"tintindex":0,"rotation":0,"texture":"#2"},"south":{"uv":[10.0,11.625,10.246094,11.890625],"tintindex":0,"rotation":0,"texture":"#2"},"north":{"uv":[9.375,11.625,9.621094,11.890625],"tintindex":0,"rotation":0,"texture":"#2"},"west":{"uv":[9.5625,13.625,9.625,13.890625],"tintindex":0,"rotation":0,"texture":"#2"},"up":{"uv":[13.933594,0.9375,13.6875,0.875],"tintindex":0,"rotation":0,"texture":"#2"},"down":{"uv":[13.933594,0.9375,13.6875,1.0],"tintindex":0,"rotation":0,"texture":"#2"}}},{"from":[4.419792,4.069662,-4.6187496],"to":[5.404167,8.335287,-0.6812496],"faces":{"east":{"uv":[8.625,11.625,8.871094,11.890625],"tintindex":0,"rotation":0,"texture":"#2"},"south":{"uv":[9.4375,13.625,9.5,13.890625],"tintindex":0,"rotation":0,"texture":"#2"},"north":{"uv":[9.375,13.625,9.4375,13.890625],"tintindex":0,"rotation":0,"texture":"#2"},"west":{"uv":[8.875,11.625,9.121094,11.890625],"tintindex":0,"rotation":0,"texture":"#2"},"up":{"uv":[1.5,12.433594,1.4375,12.1875],"tintindex":0,"rotation":0,"texture":"#2"},"down":{"uv":[9.125,12.25,9.0625,12.496094],"tintindex":0,"rotation":0,"texture":"#2"}}},{"from":[7.0776043,8.335287,-6.2593746],"to":[9.046354,10.960287,-5.2749996],"faces":{"east":{"uv":[12.875,11.0625,12.9375,11.2265625],"tintindex":0,"rotation":0,"texture":"#2"},"south":{"uv":[7.1875,13.375,7.3125,13.5390625],"tintindex":0,"rotation":0,"texture":"#2"},"north":{"uv":[7.0625,13.375,7.1875,13.5390625],"tintindex":0,"rotation":0,"texture":"#2"},"west":{"uv":[0.5,12.9375,0.5625,13.1015625],"tintindex":0,"rotation":0,"texture":"#2"},"up":{"uv":[12.75,1.8125,12.625,1.75],"tintindex":0,"rotation":0,"texture":"#2"},"down":{"uv":[5.0625,12.625,4.9375,12.6875],"tintindex":0,"rotation":0,"texture":"#2"}}},{"from":[6.060417,4.069662,-0.024999619],"to":[9.997917,8.335287,0.9593754],"faces":{"east":{"uv":[9.625,13.625,9.6875,13.890625],"tintindex":0,"rotation":0,"texture":"#2"},"south":{"uv":[10.75,11.625,10.996094,11.890625],"tintindex":0,"rotation":0,"texture":"#2"},"north":{"uv":[10.25,11.625,10.496094,11.890625],"tintindex":0,"rotation":0,"texture":"#2"},"west":{"uv":[9.6875,13.625,9.75,13.890625],"tintindex":0,"rotation":0,"texture":"#2"},"up":{"uv":[1.3710938,13.75,1.125,13.6875],"tintindex":0,"rotation":0,"texture":"#2"},"down":{"uv":[13.933594,1.125,13.6875,1.1875],"tintindex":0,"rotation":0,"texture":"#2"}}}]}