{"textures":{"2":"modelengine:entity/pillars"},"elements":[{"from":[7.5843754,7.2839622,-2.4921875],"to":[8.428125,8.198025,-2.28125],"faces":{"east":{"uv":[3.5,15.1875,3.5117188,15.246094],"tintindex":0,"rotation":0,"texture":"#2"},"south":{"uv":[0.5625,14.25,0.6171875,14.308594],"tintindex":0,"rotation":0,"texture":"#2"},"north":{"uv":[14.1875,11.1875,14.2421875,11.246094],"tintindex":0,"rotation":0,"texture":"#2"},"west":{"uv":[15.1875,3.5,15.199219,3.5585938],"tintindex":0,"rotation":0,"texture":"#2"},"up":{"uv":[15.2421875,11.886719,15.1875,11.875],"tintindex":0,"rotation":0,"texture":"#2"},"down":{"uv":[11.9921875,15.1875,11.9375,15.199219],"tintindex":0,"rotation":0,"texture":"#2"}}},{"from":[7.4437504,7.2839622,-2.28125],"to":[8.56875,8.760525,-1.15625],"faces":{"east":{"uv":[7.4375,14.3125,7.5078125,14.40625],"tintindex":0,"rotation":0,"texture":"#2"},"south":{"uv":[7.5625,14.3125,7.6328125,14.40625],"tintindex":0,"rotation":0,"texture":"#2"},"north":{"uv":[7.3125,14.3125,7.3828125,14.40625],"tintindex":0,"rotation":0,"texture":"#2"},"west":{"uv":[7.6875,14.3125,7.7578125,14.40625],"tintindex":0,"rotation":0,"texture":"#2"},"up":{"uv":[14.5703125,13.7578125,14.5,13.6875],"tintindex":0,"rotation":0,"texture":"#2"},"down":{"uv":[13.8203125,14.5,13.75,14.5703125],"tintindex":0,"rotation":0,"texture":"#2"}}},{"from":[7.232813,7.2839622,-2.140625],"to":[7.4437504,8.198025,-1.296875],"faces":{"east":{"uv":[14.1875,7.25,14.2421875,7.3085938],"tintindex":0,"rotation":0,"texture":"#2"},"south":{"uv":[15.1875,3.375,15.199219,3.4335938],"tintindex":0,"rotation":0,"texture":"#2"},"north":{"uv":[3.375,15.1875,3.3867188,15.246094],"tintindex":0,"rotation":0,"texture":"#2"},"west":{"uv":[14.1875,10.875,14.2421875,10.933594],"tintindex":0,"rotation":0,"texture":"#2"},"up":{"uv":[15.199219,11.8671875,15.1875,11.8125],"tintindex":0,"rotation":0,"texture":"#2"},"down":{"uv":[11.886719,15.1875,11.875,15.2421875],"tintindex":0,"rotation":0,"texture":"#2"}}},{"from":[7.232813,8.198025,-1.9296875],"to":[7.4437504,8.760525,-1.5078125],"faces":{"east":{"uv":[15.125,1.4375,15.152344,1.4726562],"tintindex":0,"rotation":0,"texture":"#2"},"south":{"uv":[4.375,15.3125,4.3867188,15.347656],"tintindex":0,"rotation":0,"texture":"#2"},"north":{"uv":[15.3125,4.3125,15.324219,4.3476562],"tintindex":0,"rotation":0,"texture":"#2"},"west":{"uv":[1.5,15.125,1.5273438,15.160156],"tintindex":0,"rotation":0,"texture":"#2"},"up":{"uv":[15.324219,12.152344,15.3125,12.125],"tintindex":0,"rotation":0,"texture":"#2"},"down":{"uv":[12.199219,15.3125,12.1875,15.339844],"tintindex":0,"rotation":0,"texture":"#2"}}},{"from":[8.56875,8.198025,-1.859375],"to":[8.709375,8.760525,-1.578125],"faces":{"east":{"uv":[3.4375,15.1875,3.4570312,15.222656],"tintindex":0,"rotation":0,"texture":"#2"},"south":{"uv":[15.375,7.125,15.3828125,7.1601562],"tintindex":0,"rotation":0,"texture":"#2"},"north":{"uv":[7.125,15.375,7.1328125,15.410156],"tintindex":0,"rotation":0,"texture":"#2"},"west":{"uv":[15.1875,3.4375,15.207031,3.4726562],"tintindex":0,"rotation":0,"texture":"#2"},"up":{"uv":[15.4453125,11.457031,15.4375,11.4375],"tintindex":0,"rotation":0,"texture":"#2"},"down":{"uv":[11.5078125,15.4375,11.5,15.457031],"tintindex":0,"rotation":0,"texture":"#2"}}},{"from":[7.802344,8.198025,-2.4921875],"to":[8.224218,8.760525,-2.28125],"faces":{"east":{"uv":[15.3125,4.375,15.324219,4.4101562],"tintindex":0,"rotation":0,"texture":"#2"},"south":{"uv":[1.5625,15.125,1.5898438,15.160156],"tintindex":0,"rotation":0,"texture":"#2"},"north":{"uv":[15.125,1.5,15.152344,1.5351562],"tintindex":0,"rotation":0,"texture":"#2"},"west":{"uv":[4.4375,15.3125,4.4492188,15.347656],"tintindex":0,"rotation":0,"texture":"#2"},"up":{"uv":[15.339844,12.199219,15.3125,12.1875],"tintindex":0,"rotation":0,"texture":"#2"},"down":{"uv":[12.277344,15.3125,12.25,15.324219],"tintindex":0,"rotation":0,"texture":"#2"}}},{"from":[7.802344,8.198025,-1.15625],"to":[8.224218,8.760525,-0.9453125],"faces":{"east":{"uv":[15.3125,4.4375,15.324219,4.4726562],"tintindex":0,"rotation":0,"texture":"#2"},"south":{"uv":[1.625,15.125,1.6523438,15.160156],"tintindex":0,"rotation":0,"texture":"#2"},"north":{"uv":[15.125,1.5625,15.152344,1.5976562],"tintindex":0,"rotation":0,"texture":"#2"},"west":{"uv":[4.5,15.3125,4.5117188,15.347656],"tintindex":0,"rotation":0,"texture":"#2"},"up":{"uv":[15.339844,12.261719,15.3125,12.25],"tintindex":0,"rotation":0,"texture":"#2"},"down":{"uv":[12.339844,15.3125,12.3125,15.324219],"tintindex":0,"rotation":0,"texture":"#2"}}},{"from":[8.56875,7.2839622,-2.0],"to":[8.709375,8.198025,-1.4375],"faces":{"east":{"uv":[14.25,14.8125,14.285156,14.871094],"tintindex":0,"rotation":0,"texture":"#2"},"south":{"uv":[0.0625,15.3125,0.0703125,15.371094],"tintindex":0,"rotation":0,"texture":"#2"},"north":{"uv":[15.3125,0.0,15.3203125,0.05859375],"tintindex":0,"rotation":0,"texture":"#2"},"west":{"uv":[14.8125,14.25,14.847656,14.308594],"tintindex":0,"rotation":0,"texture":"#2"},"up":{"uv":[7.0703125,15.410156,7.0625,15.375],"tintindex":0,"rotation":0,"texture":"#2"},"down":{"uv":[15.3828125,7.0625,15.375,7.0976562],"tintindex":0,"rotation":0,"texture":"#2"}}},{"from":[7.5843754,7.2839622,-1.15625],"to":[8.428125,8.198025,-0.9453125],"faces":{"east":{"uv":[3.5625,15.1875,3.5742188,15.246094],"tintindex":0,"rotation":0,"texture":"#2"},"south":{"uv":[14.25,1.5,14.3046875,1.5585938],"tintindex":0,"rotation":0,"texture":"#2"},"north":{"uv":[14.25,1.125,14.3046875,1.1835938],"tintindex":0,"rotation":0,"texture":"#2"},"west":{"uv":[15.1875,3.5625,15.199219,3.6210938],"tintindex":0,"rotation":0,"texture":"#2"},"up":{"uv":[15.2421875,11.949219,15.1875,11.9375],"tintindex":0,"rotation":0,"texture":"#2"},"down":{"uv":[12.0546875,15.1875,12.0,15.199219],"tintindex":0,"rotation":0,"texture":"#2"}}}]}