{"textures":{"2":"modelengine:entity/pillars"},"elements":[{"from":[7.258333,7.0118275,-2.46875],"to":[8.758333,8.980577,-0.96875],"faces":{"east":{"uv":[2.875,14.0,2.96875,14.125],"tintindex":0,"rotation":0,"texture":"#2"},"south":{"uv":[3.0,14.0,3.09375,14.125],"tintindex":0,"rotation":0,"texture":"#2"},"north":{"uv":[2.75,14.0,2.84375,14.125],"tintindex":0,"rotation":0,"texture":"#2"},"west":{"uv":[3.125,14.0,3.21875,14.125],"tintindex":0,"rotation":0,"texture":"#2"},"up":{"uv":[14.15625,12.65625,14.0625,12.5625],"tintindex":0,"rotation":0,"texture":"#2"},"down":{"uv":[12.78125,14.0625,12.6875,14.15625],"tintindex":0,"rotation":0,"texture":"#2"}}},{"from":[8.758333,8.230577,-1.90625],"to":[8.945833,8.980577,-1.53125],"faces":{"east":{"uv":[3.4375,15.0625,3.4609375,15.109375],"tintindex":0,"rotation":0,"texture":"#2"},"south":{"uv":[15.25,2.5625,15.261719,2.609375],"tintindex":0,"rotation":0,"texture":"#2"},"north":{"uv":[2.5625,15.25,2.5742188,15.296875],"tintindex":0,"rotation":0,"texture":"#2"},"west":{"uv":[15.0625,3.4375,15.0859375,3.484375],"tintindex":0,"rotation":0,"texture":"#2"},"up":{"uv":[7.5742188,15.3984375,7.5625,15.375],"tintindex":0,"rotation":0,"texture":"#2"},"down":{"uv":[15.386719,7.5625,15.375,7.5859375],"tintindex":0,"rotation":0,"texture":"#2"}}},{"from":[7.7364583,8.230577,-0.96875],"to":[8.298958,8.980577,-0.6875],"faces":{"east":{"uv":[8.1875,15.125,8.207031,15.171875],"tintindex":0,"rotation":0,"texture":"#2"},"south":{"uv":[14.9375,2.75,14.972656,2.796875],"tintindex":0,"rotation":0,"texture":"#2"},"north":{"uv":[2.75,14.9375,2.7851562,14.984375],"tintindex":0,"rotation":0,"texture":"#2"},"west":{"uv":[15.125,8.1875,15.144531,8.234375],"tintindex":0,"rotation":0,"texture":"#2"},"up":{"uv":[4.6601562,15.207031,4.625,15.1875],"tintindex":0,"rotation":0,"texture":"#2"},"down":{"uv":[15.222656,4.625,15.1875,4.6445312],"tintindex":0,"rotation":0,"texture":"#2"}}},{"from":[7.7364583,8.230577,-2.75],"to":[8.298958,8.980577,-2.46875],"faces":{"east":{"uv":[8.125,15.125,8.144531,15.171875],"tintindex":0,"rotation":0,"texture":"#2"},"south":{"uv":[14.9375,2.6875,14.972656,2.734375],"tintindex":0,"rotation":0,"texture":"#2"},"north":{"uv":[2.6875,14.9375,2.7226562,14.984375],"tintindex":0,"rotation":0,"texture":"#2"},"west":{"uv":[15.125,8.125,15.144531,8.171875],"tintindex":0,"rotation":0,"texture":"#2"},"up":{"uv":[4.5976562,15.207031,4.5625,15.1875],"tintindex":0,"rotation":0,"texture":"#2"},"down":{"uv":[15.222656,4.5625,15.1875,4.5820312],"tintindex":0,"rotation":0,"texture":"#2"}}},{"from":[6.977083,7.0118275,-2.28125],"to":[7.258333,8.230577,-1.15625],"faces":{"east":{"uv":[14.4375,2.375,14.5078125,2.453125],"tintindex":0,"rotation":0,"texture":"#2"},"south":{"uv":[11.9375,14.9375,11.957031,15.015625],"tintindex":0,"rotation":0,"texture":"#2"},"north":{"uv":[14.9375,11.875,14.957031,11.953125],"tintindex":0,"rotation":0,"texture":"#2"},"west":{"uv":[14.4375,2.5,14.5078125,2.578125],"tintindex":0,"rotation":0,"texture":"#2"},"up":{"uv":[15.019531,10.5078125,15.0,10.4375],"tintindex":0,"rotation":0,"texture":"#2"},"down":{"uv":[15.019531,10.5625,15.0,10.6328125],"tintindex":0,"rotation":0,"texture":"#2"}}},{"from":[8.758333,7.0118275,-2.09375],"to":[8.945833,8.230577,-1.34375],"faces":{"east":{"uv":[1.5625,14.6875,1.609375,14.765625],"tintindex":0,"rotation":0,"texture":"#2"},"south":{"uv":[8.0625,15.125,8.074219,15.203125],"tintindex":0,"rotation":0,"texture":"#2"},"north":{"uv":[15.125,8.0,15.136719,8.078125],"tintindex":0,"rotation":0,"texture":"#2"},"west":{"uv":[1.625,14.6875,1.671875,14.765625],"tintindex":0,"rotation":0,"texture":"#2"},"up":{"uv":[2.5117188,15.296875,2.5,15.25],"tintindex":0,"rotation":0,"texture":"#2"},"down":{"uv":[15.261719,2.5,15.25,2.546875],"tintindex":0,"rotation":0,"texture":"#2"}}},{"from":[7.445833,7.0118275,-2.75],"to":[8.570833,8.230577,-2.46875],"faces":{"east":{"uv":[12.0,14.9375,12.019531,15.015625],"tintindex":0,"rotation":0,"texture":"#2"},"south":{"uv":[14.4375,2.75,14.5078125,2.828125],"tintindex":0,"rotation":0,"texture":"#2"},"north":{"uv":[14.4375,2.625,14.5078125,2.703125],"tintindex":0,"rotation":0,"texture":"#2"},"west":{"uv":[14.9375,12.0,14.957031,12.078125],"tintindex":0,"rotation":0,"texture":"#2"},"up":{"uv":[15.0703125,10.707031,15.0,10.6875],"tintindex":0,"rotation":0,"texture":"#2"},"down":{"uv":[15.0703125,10.75,15.0,10.769531],"tintindex":0,"rotation":0,"texture":"#2"}}},{"from":[7.445833,7.0118275,-0.96875],"to":[8.570833,8.230577,-0.6875],"faces":{"east":{"uv":[12.0625,14.9375,12.082031,15.015625],"tintindex":0,"rotation":0,"texture":"#2"},"south":{"uv":[2.9375,14.4375,3.0078125,14.515625],"tintindex":0,"rotation":0,"texture":"#2"},"north":{"uv":[14.4375,2.875,14.5078125,2.953125],"tintindex":0,"rotation":0,"texture":"#2"},"west":{"uv":[12.125,14.9375,12.144531,15.015625],"tintindex":0,"rotation":0,"texture":"#2"},"up":{"uv":[15.0703125,10.832031,15.0,10.8125],"tintindex":0,"rotation":0,"texture":"#2"},"down":{"uv":[15.0703125,10.875,15.0,10.894531],"tintindex":0,"rotation":0,"texture":"#2"}}},{"from":[6.977083,8.230577,-2.0],"to":[7.258333,8.980577,-1.4375],"faces":{"east":{"uv":[2.625,14.9375,2.6601562,14.984375],"tintindex":0,"rotation":0,"texture":"#2"},"south":{"uv":[8.0,15.125,8.019531,15.171875],"tintindex":0,"rotation":0,"texture":"#2"},"north":{"uv":[15.125,7.9375,15.144531,7.984375],"tintindex":0,"rotation":0,"texture":"#2"},"west":{"uv":[14.9375,2.625,14.972656,2.671875],"tintindex":0,"rotation":0,"texture":"#2"},"up":{"uv":[4.5195312,15.222656,4.5,15.1875],"tintindex":0,"rotation":0,"texture":"#2"},"down":{"uv":[15.207031,4.5,15.1875,4.5351562],"tintindex":0,"rotation":0,"texture":"#2"}}}]}