{"textures":{"2":"modelengine:entity/pillars"},"elements":[{"from":[8.639844,7.06544,6.046094],"to":[8.798047,8.0937605,6.6789064],"faces":{"east":{"uv":[14.8125,4.5,14.8515625,4.5625],"tintindex":0,"rotation":0,"texture":"#2"},"south":{"uv":[14.125,15.125,14.136719,15.1875],"tintindex":0,"rotation":0,"texture":"#2"},"north":{"uv":[15.125,14.0625,15.136719,14.125],"tintindex":0,"rotation":0,"texture":"#2"},"west":{"uv":[4.5625,14.8125,4.6015625,14.875],"tintindex":0,"rotation":0,"texture":"#2"},"up":{"uv":[12.386719,15.2890625,12.375,15.25],"tintindex":0,"rotation":0,"texture":"#2"},"down":{"uv":[15.261719,12.375,15.25,12.4140625],"tintindex":0,"rotation":0,"texture":"#2"}}},{"from":[8.639844,8.0937605,6.204297],"to":[8.798047,8.726573,6.5207033],"faces":{"east":{"uv":[15.125,11.3125,15.144531,11.3515625],"tintindex":0,"rotation":0,"texture":"#2"},"south":{"uv":[15.25,12.4375,15.261719,12.4765625],"tintindex":0,"rotation":0,"texture":"#2"},"north":{"uv":[12.4375,15.25,12.449219,15.2890625],"tintindex":0,"rotation":0,"texture":"#2"},"west":{"uv":[11.375,15.125,11.394531,15.1640625],"tintindex":0,"rotation":0,"texture":"#2"},"up":{"uv":[15.449219,1.3945312,15.4375,1.375],"tintindex":0,"rotation":0,"texture":"#2"},"down":{"uv":[1.4492188,15.4375,1.4375,15.457031],"tintindex":0,"rotation":0,"texture":"#2"}}},{"from":[7.532422,7.06544,5.492383],"to":[8.481641,8.0937605,5.7296877],"faces":{"east":{"uv":[7.9375,15.0625,7.953125,15.125],"tintindex":0,"rotation":0,"texture":"#2"},"south":{"uv":[6.25,9.125,6.3085938,9.1875],"tintindex":0,"rotation":0,"texture":"#2"},"north":{"uv":[7.9375,7.5,7.9960938,7.5625],"tintindex":0,"rotation":0,"texture":"#2"},"west":{"uv":[15.0625,7.9375,15.078125,8.0],"tintindex":0,"rotation":0,"texture":"#2"},"up":{"uv":[15.183594,3.765625,15.125,3.75],"tintindex":0,"rotation":0,"texture":"#2"},"down":{"uv":[3.8710938,15.125,3.8125,15.140625],"tintindex":0,"rotation":0,"texture":"#2"}}},{"from":[7.1369143,7.06544,5.887891],"to":[7.374219,8.0937605,6.8371096],"faces":{"east":{"uv":[7.5,3.0625,7.5585938,3.125],"tintindex":0,"rotation":0,"texture":"#2"},"south":{"uv":[7.875,15.0625,7.890625,15.125],"tintindex":0,"rotation":0,"texture":"#2"},"north":{"uv":[7.8125,15.0625,7.828125,15.125],"tintindex":0,"rotation":0,"texture":"#2"},"west":{"uv":[3.25,7.9375,3.3085938,8.0],"tintindex":0,"rotation":0,"texture":"#2"},"up":{"uv":[15.140625,3.7460938,15.125,3.6875],"tintindex":0,"rotation":0,"texture":"#2"},"down":{"uv":[3.765625,15.125,3.75,15.183594],"tintindex":0,"rotation":0,"texture":"#2"}}},{"from":[7.7776365,8.0937605,5.492383],"to":[8.252246,8.726573,5.7296877],"faces":{"east":{"uv":[15.1875,14.125,15.203125,14.1640625],"tintindex":0,"rotation":0,"texture":"#2"},"south":{"uv":[15.0,13.9375,15.03125,13.9765625],"tintindex":0,"rotation":0,"texture":"#2"},"north":{"uv":[15.0,13.875,15.03125,13.9140625],"tintindex":0,"rotation":0,"texture":"#2"},"west":{"uv":[14.1875,15.1875,14.203125,15.2265625],"tintindex":0,"rotation":0,"texture":"#2"},"up":{"uv":[11.34375,15.265625,11.3125,15.25],"tintindex":0,"rotation":0,"texture":"#2"},"down":{"uv":[15.28125,11.3125,15.25,11.328125],"tintindex":0,"rotation":0,"texture":"#2"}}},{"from":[7.7776365,8.0937605,6.9953127],"to":[8.252246,8.726573,7.2326174],"faces":{"east":{"uv":[15.1875,14.1875,15.203125,14.2265625],"tintindex":0,"rotation":0,"texture":"#2"},"south":{"uv":[14.0625,15.0,14.09375,15.0390625],"tintindex":0,"rotation":0,"texture":"#2"},"north":{"uv":[15.0,14.0,15.03125,14.0390625],"tintindex":0,"rotation":0,"texture":"#2"},"west":{"uv":[14.25,15.1875,14.265625,15.2265625],"tintindex":0,"rotation":0,"texture":"#2"},"up":{"uv":[11.40625,15.265625,11.375,15.25],"tintindex":0,"rotation":0,"texture":"#2"},"down":{"uv":[15.28125,11.375,15.25,11.390625],"tintindex":0,"rotation":0,"texture":"#2"}}},{"from":[7.374219,7.06544,5.7296877],"to":[8.639844,8.726573,6.9953127],"faces":{"east":{"uv":[14.125,4.9375,14.203125,5.0429688],"tintindex":0,"rotation":0,"texture":"#2"},"south":{"uv":[14.125,5.0625,14.203125,5.1679688],"tintindex":0,"rotation":0,"texture":"#2"},"north":{"uv":[14.125,4.8125,14.203125,4.9179688],"tintindex":0,"rotation":0,"texture":"#2"},"west":{"uv":[14.125,5.4375,14.203125,5.5429688],"tintindex":0,"rotation":0,"texture":"#2"},"up":{"uv":[13.578125,14.390625,13.5,14.3125],"tintindex":0,"rotation":0,"texture":"#2"},"down":{"uv":[13.703125,14.3125,13.625,14.390625],"tintindex":0,"rotation":0,"texture":"#2"}}},{"from":[7.532422,7.06544,6.9953127],"to":[8.481641,8.0937605,7.2326174],"faces":{"east":{"uv":[15.0625,8.0,15.078125,8.0625],"tintindex":0,"rotation":0,"texture":"#2"},"south":{"uv":[7.0625,9.25,7.1210938,9.3125],"tintindex":0,"rotation":0,"texture":"#2"},"north":{"uv":[6.625,9.1875,6.6835938,9.25],"tintindex":0,"rotation":0,"texture":"#2"},"west":{"uv":[8.0625,15.0625,8.078125,15.125],"tintindex":0,"rotation":0,"texture":"#2"},"up":{"uv":[15.183594,3.828125,15.125,3.8125],"tintindex":0,"rotation":0,"texture":"#2"},"down":{"uv":[3.9335938,15.125,3.875,15.140625],"tintindex":0,"rotation":0,"texture":"#2"}}},{"from":[7.1369143,8.0937605,6.1251955],"to":[7.374219,8.726573,6.599805],"faces":{"east":{"uv":[13.75,15.0,13.78125,15.0390625],"tintindex":0,"rotation":0,"texture":"#2"},"south":{"uv":[14.125,15.1875,14.140625,15.2265625],"tintindex":0,"rotation":0,"texture":"#2"},"north":{"uv":[15.1875,14.0625,15.203125,14.1015625],"tintindex":0,"rotation":0,"texture":"#2"},"west":{"uv":[15.0,13.8125,15.03125,13.8515625],"tintindex":0,"rotation":0,"texture":"#2"},"up":{"uv":[11.265625,15.28125,11.25,15.25],"tintindex":0,"rotation":0,"texture":"#2"},"down":{"uv":[15.265625,11.25,15.25,11.28125],"tintindex":0,"rotation":0,"texture":"#2"}}}]}