{"textures":{"2":"modelengine:entity/pillars"},"elements":[{"from":[7.7035155,8.111631,5.202344],"to":[8.3363285,8.955381,5.51875],"faces":{"east":{"uv":[15.0625,5.5,15.082031,5.5546875],"tintindex":0,"rotation":0,"texture":"#2"},"south":{"uv":[12.6875,14.8125,12.7265625,14.8671875],"tintindex":0,"rotation":0,"texture":"#2"},"north":{"uv":[14.8125,12.625,14.8515625,12.6796875],"tintindex":0,"rotation":0,"texture":"#2"},"west":{"uv":[15.0625,5.5625,15.082031,5.6171875],"tintindex":0,"rotation":0,"texture":"#2"},"up":{"uv":[15.1640625,12.207031,15.125,12.1875],"tintindex":0,"rotation":0,"texture":"#2"},"down":{"uv":[12.2890625,15.125,12.25,15.144531],"tintindex":0,"rotation":0,"texture":"#2"}}},{"from":[8.853125,8.111631,6.1515627],"to":[9.064062,8.955381,6.5734377],"faces":{"east":{"uv":[1.5,15.0,1.5273438,15.0546875],"tintindex":0,"rotation":0,"texture":"#2"},"south":{"uv":[15.1875,9.9375,15.199219,9.9921875],"tintindex":0,"rotation":0,"texture":"#2"},"north":{"uv":[9.9375,15.1875,9.949219,15.2421875],"tintindex":0,"rotation":0,"texture":"#2"},"west":{"uv":[15.0,1.5,15.027344,1.5546875],"tintindex":0,"rotation":0,"texture":"#2"},"up":{"uv":[15.324219,8.214844,15.3125,8.1875],"tintindex":0,"rotation":0,"texture":"#2"},"down":{"uv":[8.261719,15.3125,8.25,15.339844],"tintindex":0,"rotation":0,"texture":"#2"}}},{"from":[7.7035155,8.111631,7.20625],"to":[8.3363285,8.955381,7.5226564],"faces":{"east":{"uv":[15.0625,5.625,15.082031,5.6796875],"tintindex":0,"rotation":0,"texture":"#2"},"south":{"uv":[14.8125,12.75,14.8515625,12.8046875],"tintindex":0,"rotation":0,"texture":"#2"},"north":{"uv":[14.8125,12.6875,14.8515625,12.7421875],"tintindex":0,"rotation":0,"texture":"#2"},"west":{"uv":[15.0625,5.6875,15.082031,5.7421875],"tintindex":0,"rotation":0,"texture":"#2"},"up":{"uv":[15.1640625,12.269531,15.125,12.25],"tintindex":0,"rotation":0,"texture":"#2"},"down":{"uv":[12.3515625,15.125,12.3125,15.144531],"tintindex":0,"rotation":0,"texture":"#2"}}},{"from":[6.849219,6.740538,5.7296877],"to":[7.165625,8.111631,6.9953127],"faces":{"east":{"uv":[12.25,14.1875,12.328125,14.2734375],"tintindex":0,"rotation":0,"texture":"#2"},"south":{"uv":[11.1875,14.875,11.207031,14.9609375],"tintindex":0,"rotation":0,"texture":"#2"},"north":{"uv":[14.875,11.125,14.894531,11.2109375],"tintindex":0,"rotation":0,"texture":"#2"},"west":{"uv":[14.1875,12.3125,14.265625,12.3984375],"tintindex":0,"rotation":0,"texture":"#2"},"up":{"uv":[14.957031,6.328125,14.9375,6.25],"tintindex":0,"rotation":0,"texture":"#2"},"down":{"uv":[6.3945312,14.9375,6.375,15.015625],"tintindex":0,"rotation":0,"texture":"#2"}}},{"from":[7.165625,6.740538,5.51875],"to":[8.853125,8.955381,7.20625],"faces":{"east":{"uv":[13.6875,3.8125,13.792969,3.9492188],"tintindex":0,"rotation":0,"texture":"#2"},"south":{"uv":[3.875,13.6875,3.9804688,13.824219],"tintindex":0,"rotation":0,"texture":"#2"},"north":{"uv":[3.75,13.6875,3.8554688,13.824219],"tintindex":0,"rotation":0,"texture":"#2"},"west":{"uv":[4.0,13.6875,4.1054688,13.824219],"tintindex":0,"rotation":0,"texture":"#2"},"up":{"uv":[13.355469,14.105469,13.25,14.0],"tintindex":0,"rotation":0,"texture":"#2"},"down":{"uv":[13.480469,14.0,13.375,14.105469],"tintindex":0,"rotation":0,"texture":"#2"}}},{"from":[6.849219,8.111631,6.046094],"to":[7.165625,8.955381,6.6789064],"faces":{"east":{"uv":[14.8125,12.5625,14.8515625,12.6171875],"tintindex":0,"rotation":0,"texture":"#2"},"south":{"uv":[15.0625,5.4375,15.082031,5.4921875],"tintindex":0,"rotation":0,"texture":"#2"},"north":{"uv":[15.0625,5.375,15.082031,5.4296875],"tintindex":0,"rotation":0,"texture":"#2"},"west":{"uv":[12.625,14.8125,12.6640625,14.8671875],"tintindex":0,"rotation":0,"texture":"#2"},"up":{"uv":[15.144531,12.1640625,15.125,12.125],"tintindex":0,"rotation":0,"texture":"#2"},"down":{"uv":[12.207031,15.125,12.1875,15.1640625],"tintindex":0,"rotation":0,"texture":"#2"}}},{"from":[7.3765626,6.740538,7.20625],"to":[8.642187,8.111631,7.5226564],"faces":{"east":{"uv":[11.3125,14.875,11.332031,14.9609375],"tintindex":0,"rotation":0,"texture":"#2"},"south":{"uv":[14.1875,12.5625,14.265625,12.6484375],"tintindex":0,"rotation":0,"texture":"#2"},"north":{"uv":[12.5,14.1875,12.578125,14.2734375],"tintindex":0,"rotation":0,"texture":"#2"},"west":{"uv":[11.375,14.875,11.394531,14.9609375],"tintindex":0,"rotation":0,"texture":"#2"},"up":{"uv":[15.015625,6.5195312,14.9375,6.5],"tintindex":0,"rotation":0,"texture":"#2"},"down":{"uv":[15.015625,6.5625,14.9375,6.5820312],"tintindex":0,"rotation":0,"texture":"#2"}}},{"from":[8.853125,6.740538,5.940625],"to":[9.064062,8.111631,6.784375],"faces":{"east":{"uv":[14.5625,5.8125,14.6171875,5.8984375],"tintindex":0,"rotation":0,"texture":"#2"},"south":{"uv":[15.0625,7.375,15.074219,7.4609375],"tintindex":0,"rotation":0,"texture":"#2"},"north":{"uv":[7.375,15.0625,7.3867188,15.1484375],"tintindex":0,"rotation":0,"texture":"#2"},"west":{"uv":[5.875,14.5625,5.9296875,14.6484375],"tintindex":0,"rotation":0,"texture":"#2"},"up":{"uv":[9.886719,15.2421875,9.875,15.1875],"tintindex":0,"rotation":0,"texture":"#2"},"down":{"uv":[15.199219,9.875,15.1875,9.9296875],"tintindex":0,"rotation":0,"texture":"#2"}}},{"from":[7.3765626,6.740538,5.202344],"to":[8.642187,8.111631,5.51875],"faces":{"east":{"uv":[11.25,14.875,11.269531,14.9609375],"tintindex":0,"rotation":0,"texture":"#2"},"south":{"uv":[14.1875,12.4375,14.265625,12.5234375],"tintindex":0,"rotation":0,"texture":"#2"},"north":{"uv":[12.375,14.1875,12.453125,14.2734375],"tintindex":0,"rotation":0,"texture":"#2"},"west":{"uv":[14.875,11.25,14.894531,11.3359375],"tintindex":0,"rotation":0,"texture":"#2"},"up":{"uv":[15.015625,6.3945312,14.9375,6.375],"tintindex":0,"rotation":0,"texture":"#2"},"down":{"uv":[15.015625,6.4375,14.9375,6.4570312],"tintindex":0,"rotation":0,"texture":"#2"}}}]}