{"textures":{"2":"modelengine:entity/pillars"},"elements":[{"from":[8.758333,8.230577,-1.90625],"to":[8.945833,8.980577,-1.53125],"faces":{"east":{"uv":[3.875,15.0625,3.8984375,15.109375],"tintindex":0,"rotation":0,"texture":"#2"},"south":{"uv":[15.25,3.4375,15.261719,3.484375],"tintindex":0,"rotation":0,"texture":"#2"},"north":{"uv":[3.4375,15.25,3.4492188,15.296875],"tintindex":0,"rotation":0,"texture":"#2"},"west":{"uv":[15.0625,3.875,15.0859375,3.921875],"tintindex":0,"rotation":0,"texture":"#2"},"up":{"uv":[8.886719,15.3984375,8.875,15.375],"tintindex":0,"rotation":0,"texture":"#2"},"down":{"uv":[15.386719,8.875,15.375,8.8984375],"tintindex":0,"rotation":0,"texture":"#2"}}},{"from":[7.258333,7.0118275,-2.46875],"to":[8.758333,8.980577,-0.96875],"faces":{"east":{"uv":[5.625,14.0,5.71875,14.125],"tintindex":0,"rotation":0,"texture":"#2"},"south":{"uv":[14.0,5.8125,14.09375,5.9375],"tintindex":0,"rotation":0,"texture":"#2"},"north":{"uv":[14.0,5.125,14.09375,5.25],"tintindex":0,"rotation":0,"texture":"#2"},"west":{"uv":[14.0,5.9375,14.09375,6.0625],"tintindex":0,"rotation":0,"texture":"#2"},"up":{"uv":[14.21875,0.34375,14.125,0.25],"tintindex":0,"rotation":0,"texture":"#2"},"down":{"uv":[14.21875,0.375,14.125,0.46875],"tintindex":0,"rotation":0,"texture":"#2"}}},{"from":[6.977083,8.230577,-2.0],"to":[7.258333,8.980577,-1.4375],"faces":{"east":{"uv":[3.9375,14.9375,3.9726562,14.984375],"tintindex":0,"rotation":0,"texture":"#2"},"south":{"uv":[15.125,9.9375,15.144531,9.984375],"tintindex":0,"rotation":0,"texture":"#2"},"north":{"uv":[9.9375,15.125,9.957031,15.171875],"tintindex":0,"rotation":0,"texture":"#2"},"west":{"uv":[14.9375,3.9375,14.972656,3.984375],"tintindex":0,"rotation":0,"texture":"#2"},"up":{"uv":[15.207031,7.8476562,15.1875,7.8125],"tintindex":0,"rotation":0,"texture":"#2"},"down":{"uv":[7.8945312,15.1875,7.875,15.222656],"tintindex":0,"rotation":0,"texture":"#2"}}},{"from":[8.758333,7.0118275,-2.09375],"to":[8.945833,8.230577,-1.34375],"faces":{"east":{"uv":[14.6875,2.5625,14.734375,2.640625],"tintindex":0,"rotation":0,"texture":"#2"},"south":{"uv":[15.125,10.0,15.136719,10.078125],"tintindex":0,"rotation":0,"texture":"#2"},"north":{"uv":[10.0,15.125,10.011719,15.203125],"tintindex":0,"rotation":0,"texture":"#2"},"west":{"uv":[2.625,14.6875,2.671875,14.765625],"tintindex":0,"rotation":0,"texture":"#2"},"up":{"uv":[3.3867188,15.296875,3.375,15.25],"tintindex":0,"rotation":0,"texture":"#2"},"down":{"uv":[15.261719,3.375,15.25,3.421875],"tintindex":0,"rotation":0,"texture":"#2"}}},{"from":[7.445833,7.0118275,-2.75],"to":[8.570833,8.230577,-2.46875],"faces":{"east":{"uv":[14.1875,14.9375,14.207031,15.015625],"tintindex":0,"rotation":0,"texture":"#2"},"south":{"uv":[6.0,14.4375,6.0703125,14.515625],"tintindex":0,"rotation":0,"texture":"#2"},"north":{"uv":[14.4375,5.875,14.5078125,5.953125],"tintindex":0,"rotation":0,"texture":"#2"},"west":{"uv":[14.9375,14.1875,14.957031,14.265625],"tintindex":0,"rotation":0,"texture":"#2"},"up":{"uv":[15.0703125,12.832031,15.0,12.8125],"tintindex":0,"rotation":0,"texture":"#2"},"down":{"uv":[15.0703125,12.875,15.0,12.894531],"tintindex":0,"rotation":0,"texture":"#2"}}},{"from":[7.7364583,8.230577,-2.75],"to":[8.298959,8.980577,-2.46875],"faces":{"east":{"uv":[10.0625,15.125,10.082031,15.171875],"tintindex":0,"rotation":0,"texture":"#2"},"south":{"uv":[14.9375,4.0,14.972656,4.046875],"tintindex":0,"rotation":0,"texture":"#2"},"north":{"uv":[4.0,14.9375,4.0351562,14.984375],"tintindex":0,"rotation":0,"texture":"#2"},"west":{"uv":[10.125,15.125,10.144531,15.171875],"tintindex":0,"rotation":0,"texture":"#2"},"up":{"uv":[15.222656,7.8945312,15.1875,7.875],"tintindex":0,"rotation":0,"texture":"#2"},"down":{"uv":[7.9726562,15.1875,7.9375,15.207031],"tintindex":0,"rotation":0,"texture":"#2"}}},{"from":[7.7364583,8.230577,-0.96875],"to":[8.298959,8.980577,-0.6875],"faces":{"east":{"uv":[15.125,10.125,15.144531,10.171875],"tintindex":0,"rotation":0,"texture":"#2"},"south":{"uv":[14.9375,4.0625,14.972656,4.109375],"tintindex":0,"rotation":0,"texture":"#2"},"north":{"uv":[4.0625,14.9375,4.0976562,14.984375],"tintindex":0,"rotation":0,"texture":"#2"},"west":{"uv":[10.1875,15.125,10.207031,15.171875],"tintindex":0,"rotation":0,"texture":"#2"},"up":{"uv":[15.222656,7.9570312,15.1875,7.9375],"tintindex":0,"rotation":0,"texture":"#2"},"down":{"uv":[8.035156,15.1875,8.0,15.207031],"tintindex":0,"rotation":0,"texture":"#2"}}},{"from":[6.977083,7.0118275,-2.28125],"to":[7.258333,8.230577,-1.15625],"faces":{"east":{"uv":[14.4375,5.75,14.5078125,5.828125],"tintindex":0,"rotation":0,"texture":"#2"},"south":{"uv":[14.125,14.9375,14.144531,15.015625],"tintindex":0,"rotation":0,"texture":"#2"},"north":{"uv":[14.9375,14.0625,14.957031,14.140625],"tintindex":0,"rotation":0,"texture":"#2"},"west":{"uv":[5.875,14.4375,5.9453125,14.515625],"tintindex":0,"rotation":0,"texture":"#2"},"up":{"uv":[12.519531,15.0703125,12.5,15.0],"tintindex":0,"rotation":0,"texture":"#2"},"down":{"uv":[12.832031,15.0,12.8125,15.0703125],"tintindex":0,"rotation":0,"texture":"#2"}}},{"from":[7.445833,7.0118275,-0.96875],"to":[8.570833,8.230577,-0.6875],"faces":{"east":{"uv":[14.25,14.9375,14.269531,15.015625],"tintindex":0,"rotation":0,"texture":"#2"},"south":{"uv":[6.125,14.4375,6.1953125,14.515625],"tintindex":0,"rotation":0,"texture":"#2"},"north":{"uv":[14.4375,6.0,14.5078125,6.078125],"tintindex":0,"rotation":0,"texture":"#2"},"west":{"uv":[14.3125,14.9375,14.332031,15.015625],"tintindex":0,"rotation":0,"texture":"#2"},"up":{"uv":[15.0703125,12.957031,15.0,12.9375],"tintindex":0,"rotation":0,"texture":"#2"},"down":{"uv":[15.0703125,13.0,15.0,13.019531],"tintindex":0,"rotation":0,"texture":"#2"}}}]}