{"textures":{"2":"modelengine:entity/pillars"},"elements":[{"from":[9.516666,8.260417,7.625],"to":[9.891666,9.760417,8.375],"faces":{"east":{"uv":[11.75,14.5625,11.796875,14.65625],"tintindex":0,"rotation":0,"texture":"#2"},"south":{"uv":[9.3125,14.8125,9.3359375,14.90625],"tintindex":0,"rotation":0,"texture":"#2"},"north":{"uv":[14.8125,9.25,14.8359375,9.34375],"tintindex":0,"rotation":0,"texture":"#2"},"west":{"uv":[12.8125,14.5625,12.859375,14.65625],"tintindex":0,"rotation":0,"texture":"#2"},"up":{"uv":[2.3359375,15.109375,2.3125,15.0625],"tintindex":0,"rotation":0,"texture":"#2"},"down":{"uv":[15.0859375,2.3125,15.0625,2.359375],"tintindex":0,"rotation":0,"texture":"#2"}}},{"from":[7.4729166,8.260417,5.9375],"to":[8.597917,9.760417,6.5],"faces":{"east":{"uv":[14.6875,14.1875,14.722656,14.28125],"tintindex":0,"rotation":0,"texture":"#2"},"south":{"uv":[14.25,9.375,14.3203125,9.46875],"tintindex":0,"rotation":0,"texture":"#2"},"north":{"uv":[14.25,9.25,14.3203125,9.34375],"tintindex":0,"rotation":0,"texture":"#2"},"west":{"uv":[14.6875,14.3125,14.722656,14.40625],"tintindex":0,"rotation":0,"texture":"#2"},"up":{"uv":[1.3203125,14.847656,1.25,14.8125],"tintindex":0,"rotation":0,"texture":"#2"},"down":{"uv":[14.8828125,1.3125,14.8125,1.3476562],"tintindex":0,"rotation":0,"texture":"#2"}}},{"from":[5.9541664,5.822917,6.875],"to":[6.5166664,8.260417,9.125],"faces":{"east":{"uv":[10.8125,13.25,10.953125,13.402344],"tintindex":0,"rotation":0,"texture":"#2"},"south":{"uv":[7.5,14.4375,7.5351562,14.589844],"tintindex":0,"rotation":0,"texture":"#2"},"north":{"uv":[14.4375,7.4375,14.472656,7.5898438],"tintindex":0,"rotation":0,"texture":"#2"},"west":{"uv":[11.0,13.25,11.140625,13.402344],"tintindex":0,"rotation":0,"texture":"#2"},"up":{"uv":[6.4726562,14.640625,6.4375,14.5],"tintindex":0,"rotation":0,"texture":"#2"},"down":{"uv":[6.9726562,14.5,6.9375,14.640625],"tintindex":0,"rotation":0,"texture":"#2"}}},{"from":[6.5166664,5.822917,6.5],"to":[9.516666,9.760417,9.5],"faces":{"east":{"uv":[1.8125,12.0625,2.0,12.308594],"tintindex":0,"rotation":0,"texture":"#2"},"south":{"uv":[12.0625,1.9375,12.25,2.1835938],"tintindex":0,"rotation":0,"texture":"#2"},"north":{"uv":[1.625,12.0625,1.8125,12.308594],"tintindex":0,"rotation":0,"texture":"#2"},"west":{"uv":[2.0,12.0625,2.1875,12.308594],"tintindex":0,"rotation":0,"texture":"#2"},"up":{"uv":[9.5,9.25,9.3125,9.0625],"tintindex":0,"rotation":0,"texture":"#2"},"down":{"uv":[5.375,10.375,5.1875,10.5625],"tintindex":0,"rotation":0,"texture":"#2"}}},{"from":[7.4729166,8.260417,9.5],"to":[8.597917,9.760417,10.0625],"faces":{"east":{"uv":[14.6875,14.4375,14.722656,14.53125],"tintindex":0,"rotation":0,"texture":"#2"},"south":{"uv":[14.25,9.625,14.3203125,9.71875],"tintindex":0,"rotation":0,"texture":"#2"},"north":{"uv":[14.25,9.5,14.3203125,9.59375],"tintindex":0,"rotation":0,"texture":"#2"},"west":{"uv":[14.6875,14.5625,14.722656,14.65625],"tintindex":0,"rotation":0,"texture":"#2"},"up":{"uv":[1.4453125,14.847656,1.375,14.8125],"tintindex":0,"rotation":0,"texture":"#2"},"down":{"uv":[14.8828125,1.375,14.8125,1.4101562],"tintindex":0,"rotation":0,"texture":"#2"}}},{"from":[9.516666,5.822917,7.25],"to":[9.891666,8.260417,8.75],"faces":{"east":{"uv":[13.6875,7.4375,13.78125,7.5898438],"tintindex":0,"rotation":0,"texture":"#2"},"south":{"uv":[3.0625,14.6875,3.0859375,14.839844],"tintindex":0,"rotation":0,"texture":"#2"},"north":{"uv":[3.0,14.6875,3.0234375,14.839844],"tintindex":0,"rotation":0,"texture":"#2"},"west":{"uv":[13.6875,7.625,13.78125,7.7773438],"tintindex":0,"rotation":0,"texture":"#2"},"up":{"uv":[9.2109375,14.90625,9.1875,14.8125],"tintindex":0,"rotation":0,"texture":"#2"},"down":{"uv":[9.2734375,14.8125,9.25,14.90625],"tintindex":0,"rotation":0,"texture":"#2"}}},{"from":[6.8916664,5.822917,9.5],"to":[9.141666,8.260417,10.0625],"faces":{"east":{"uv":[14.4375,7.625,14.472656,7.7773438],"tintindex":0,"rotation":0,"texture":"#2"},"south":{"uv":[11.375,13.25,11.515625,13.402344],"tintindex":0,"rotation":0,"texture":"#2"},"north":{"uv":[13.25,11.25,13.390625,11.402344],"tintindex":0,"rotation":0,"texture":"#2"},"west":{"uv":[7.6875,14.4375,7.7226562,14.589844],"tintindex":0,"rotation":0,"texture":"#2"},"up":{"uv":[14.640625,7.3476562,14.5,7.3125],"tintindex":0,"rotation":0,"texture":"#2"},"down":{"uv":[14.640625,7.375,14.5,7.4101562],"tintindex":0,"rotation":0,"texture":"#2"}}},{"from":[6.8916664,5.822917,5.9375],"to":[9.141666,8.260417,6.5],"faces":{"east":{"uv":[7.5625,14.4375,7.5976562,14.589844],"tintindex":0,"rotation":0,"texture":"#2"},"south":{"uv":[11.1875,13.25,11.328125,13.402344],"tintindex":0,"rotation":0,"texture":"#2"},"north":{"uv":[13.25,11.0625,13.390625,11.214844],"tintindex":0,"rotation":0,"texture":"#2"},"west":{"uv":[7.625,14.4375,7.6601562,14.589844],"tintindex":0,"rotation":0,"texture":"#2"},"up":{"uv":[7.140625,14.535156,7.0,14.5],"tintindex":0,"rotation":0,"texture":"#2"},"down":{"uv":[14.640625,7.25,14.5,7.2851562],"tintindex":0,"rotation":0,"texture":"#2"}}},{"from":[5.9541664,8.260417,7.4375],"to":[6.5166664,9.760417,8.5625],"faces":{"east":{"uv":[14.25,9.0,14.3203125,9.09375],"tintindex":0,"rotation":0,"texture":"#2"},"south":{"uv":[14.6875,14.0625,14.722656,14.15625],"tintindex":0,"rotation":0,"texture":"#2"},"north":{"uv":[14.6875,13.9375,14.722656,14.03125],"tintindex":0,"rotation":0,"texture":"#2"},"west":{"uv":[14.25,9.125,14.3203125,9.21875],"tintindex":0,"rotation":0,"texture":"#2"},"up":{"uv":[1.2226562,14.8828125,1.1875,14.8125],"tintindex":0,"rotation":0,"texture":"#2"},"down":{"uv":[14.847656,1.1875,14.8125,1.2578125],"tintindex":0,"rotation":0,"texture":"#2"}}}]}