{"textures":{"2":"modelengine:entity/pillars"},"elements":[{"from":[7.258333,7.0118275,-2.46875],"to":[8.758333,8.980577,-0.96875],"faces":{"east":{"uv":[9.4375,13.9375,9.53125,14.0625],"tintindex":0,"rotation":0,"texture":"#2"},"south":{"uv":[9.5625,13.9375,9.65625,14.0625],"tintindex":0,"rotation":0,"texture":"#2"},"north":{"uv":[9.3125,13.9375,9.40625,14.0625],"tintindex":0,"rotation":0,"texture":"#2"},"west":{"uv":[9.6875,13.9375,9.78125,14.0625],"tintindex":0,"rotation":0,"texture":"#2"},"up":{"uv":[14.15625,2.09375,14.0625,2.0],"tintindex":0,"rotation":0,"texture":"#2"},"down":{"uv":[14.15625,3.75,14.0625,3.84375],"tintindex":0,"rotation":0,"texture":"#2"}}},{"from":[8.758333,7.0118275,-2.09375],"to":[8.945833,8.230577,-1.34375],"faces":{"east":{"uv":[0.5625,14.6875,0.609375,14.765625],"tintindex":0,"rotation":0,"texture":"#2"},"south":{"uv":[4.9375,15.125,4.9492188,15.203125],"tintindex":0,"rotation":0,"texture":"#2"},"north":{"uv":[15.125,4.875,15.136719,4.953125],"tintindex":0,"rotation":0,"texture":"#2"},"west":{"uv":[0.625,14.6875,0.671875,14.765625],"tintindex":0,"rotation":0,"texture":"#2"},"up":{"uv":[1.2617188,15.296875,1.25,15.25],"tintindex":0,"rotation":0,"texture":"#2"},"down":{"uv":[15.261719,1.25,15.25,1.296875],"tintindex":0,"rotation":0,"texture":"#2"}}},{"from":[7.7364583,8.230577,-2.75],"to":[8.298959,8.980577,-2.46875],"faces":{"east":{"uv":[5.0,15.125,5.0195312,15.171875],"tintindex":0,"rotation":0,"texture":"#2"},"south":{"uv":[14.9375,0.8125,14.972656,0.859375],"tintindex":0,"rotation":0,"texture":"#2"},"north":{"uv":[0.8125,14.9375,0.84765625,14.984375],"tintindex":0,"rotation":0,"texture":"#2"},"west":{"uv":[15.125,5.0,15.144531,5.046875],"tintindex":0,"rotation":0,"texture":"#2"},"up":{"uv":[0.22265625,15.207031,0.1875,15.1875],"tintindex":0,"rotation":0,"texture":"#2"},"down":{"uv":[15.222656,0.1875,15.1875,0.20703125],"tintindex":0,"rotation":0,"texture":"#2"}}},{"from":[8.758333,8.230577,-1.90625],"to":[8.945833,8.980577,-1.53125],"faces":{"east":{"uv":[2.8125,15.0625,2.8359375,15.109375],"tintindex":0,"rotation":0,"texture":"#2"},"south":{"uv":[15.25,1.3125,15.261719,1.359375],"tintindex":0,"rotation":0,"texture":"#2"},"north":{"uv":[1.3125,15.25,1.3242188,15.296875],"tintindex":0,"rotation":0,"texture":"#2"},"west":{"uv":[15.0625,2.8125,15.0859375,2.859375],"tintindex":0,"rotation":0,"texture":"#2"},"up":{"uv":[5.6992188,15.3984375,5.6875,15.375],"tintindex":0,"rotation":0,"texture":"#2"},"down":{"uv":[15.386719,5.6875,15.375,5.7109375],"tintindex":0,"rotation":0,"texture":"#2"}}},{"from":[7.445833,7.0118275,-2.75],"to":[8.570833,8.230577,-2.46875],"faces":{"east":{"uv":[14.9375,7.875,14.957031,7.953125],"tintindex":0,"rotation":0,"texture":"#2"},"south":{"uv":[14.375,8.8125,14.4453125,8.890625],"tintindex":0,"rotation":0,"texture":"#2"},"north":{"uv":[14.375,8.6875,14.4453125,8.765625],"tintindex":0,"rotation":0,"texture":"#2"},"west":{"uv":[14.9375,8.0,14.957031,8.078125],"tintindex":0,"rotation":0,"texture":"#2"},"up":{"uv":[15.0703125,7.1445312,15.0,7.125],"tintindex":0,"rotation":0,"texture":"#2"},"down":{"uv":[7.2578125,15.0,7.1875,15.019531],"tintindex":0,"rotation":0,"texture":"#2"}}},{"from":[6.977083,7.0118275,-2.28125],"to":[7.258333,8.230577,-1.15625],"faces":{"east":{"uv":[14.375,8.4375,14.4453125,8.515625],"tintindex":0,"rotation":0,"texture":"#2"},"south":{"uv":[14.9375,7.75,14.957031,7.828125],"tintindex":0,"rotation":0,"texture":"#2"},"north":{"uv":[14.9375,7.625,14.957031,7.703125],"tintindex":0,"rotation":0,"texture":"#2"},"west":{"uv":[14.375,8.5625,14.4453125,8.640625],"tintindex":0,"rotation":0,"texture":"#2"},"up":{"uv":[7.0820312,15.0703125,7.0625,15.0],"tintindex":0,"rotation":0,"texture":"#2"},"down":{"uv":[7.1445312,15.0,7.125,15.0703125],"tintindex":0,"rotation":0,"texture":"#2"}}},{"from":[6.977083,8.230577,-2.0],"to":[7.258333,8.980577,-1.4375],"faces":{"east":{"uv":[0.75,14.9375,0.78515625,14.984375],"tintindex":0,"rotation":0,"texture":"#2"},"south":{"uv":[4.875,15.125,4.8945312,15.171875],"tintindex":0,"rotation":0,"texture":"#2"},"north":{"uv":[15.125,4.8125,15.144531,4.859375],"tintindex":0,"rotation":0,"texture":"#2"},"west":{"uv":[14.9375,0.75,14.972656,0.796875],"tintindex":0,"rotation":0,"texture":"#2"},"up":{"uv":[0.14453125,15.222656,0.125,15.1875],"tintindex":0,"rotation":0,"texture":"#2"},"down":{"uv":[15.207031,0.125,15.1875,0.16015625],"tintindex":0,"rotation":0,"texture":"#2"}}},{"from":[7.445833,7.0118275,-0.96875],"to":[8.570833,8.230577,-0.6875],"faces":{"east":{"uv":[14.9375,8.125,14.957031,8.203125],"tintindex":0,"rotation":0,"texture":"#2"},"south":{"uv":[14.375,9.0625,14.4453125,9.140625],"tintindex":0,"rotation":0,"texture":"#2"},"north":{"uv":[14.375,8.9375,14.4453125,9.015625],"tintindex":0,"rotation":0,"texture":"#2"},"west":{"uv":[8.1875,14.9375,8.207031,15.015625],"tintindex":0,"rotation":0,"texture":"#2"},"up":{"uv":[15.0703125,7.2070312,15.0,7.1875],"tintindex":0,"rotation":0,"texture":"#2"},"down":{"uv":[7.3828125,15.0,7.3125,15.019531],"tintindex":0,"rotation":0,"texture":"#2"}}},{"from":[7.7364583,8.230577,-0.96875],"to":[8.298959,8.980577,-0.6875],"faces":{"east":{"uv":[5.0625,15.125,5.0820312,15.171875],"tintindex":0,"rotation":0,"texture":"#2"},"south":{"uv":[14.9375,0.875,14.972656,0.921875],"tintindex":0,"rotation":0,"texture":"#2"},"north":{"uv":[0.875,14.9375,0.91015625,14.984375],"tintindex":0,"rotation":0,"texture":"#2"},"west":{"uv":[15.125,5.0625,15.144531,5.109375],"tintindex":0,"rotation":0,"texture":"#2"},"up":{"uv":[0.28515625,15.207031,0.25,15.1875],"tintindex":0,"rotation":0,"texture":"#2"},"down":{"uv":[15.222656,0.25,15.1875,0.26953125],"tintindex":0,"rotation":0,"texture":"#2"}}}]}