{"textures":{"2":"modelengine:entity/pillars"},"elements":[{"from":[7.376563,6.740538,7.20625],"to":[8.642187,8.111631,7.5226564],"faces":{"east":{"uv":[11.0625,14.875,11.082031,14.9609375],"tintindex":0,"rotation":0,"texture":"#2"},"south":{"uv":[14.1875,12.1875,14.265625,12.2734375],"tintindex":0,"rotation":0,"texture":"#2"},"north":{"uv":[12.125,14.1875,12.203125,14.2734375],"tintindex":0,"rotation":0,"texture":"#2"},"west":{"uv":[11.125,14.875,11.144531,14.9609375],"tintindex":0,"rotation":0,"texture":"#2"},"up":{"uv":[15.015625,6.2070312,14.9375,6.1875],"tintindex":0,"rotation":0,"texture":"#2"},"down":{"uv":[6.328125,14.9375,6.25,14.957031],"tintindex":0,"rotation":0,"texture":"#2"}}},{"from":[6.8492193,6.740538,5.7296877],"to":[7.1656256,8.111631,6.9953127],"faces":{"east":{"uv":[14.1875,11.8125,14.265625,11.8984375],"tintindex":0,"rotation":0,"texture":"#2"},"south":{"uv":[10.9375,14.875,10.957031,14.9609375],"tintindex":0,"rotation":0,"texture":"#2"},"north":{"uv":[14.875,10.875,14.894531,10.9609375],"tintindex":0,"rotation":0,"texture":"#2"},"west":{"uv":[14.1875,11.9375,14.265625,12.0234375],"tintindex":0,"rotation":0,"texture":"#2"},"up":{"uv":[14.957031,6.078125,14.9375,6.0],"tintindex":0,"rotation":0,"texture":"#2"},"down":{"uv":[6.0820312,14.9375,6.0625,15.015625],"tintindex":0,"rotation":0,"texture":"#2"}}},{"from":[7.376563,6.740538,5.202344],"to":[8.642187,8.111631,5.51875],"faces":{"east":{"uv":[11.0,14.875,11.019531,14.9609375],"tintindex":0,"rotation":0,"texture":"#2"},"south":{"uv":[14.1875,12.0625,14.265625,12.1484375],"tintindex":0,"rotation":0,"texture":"#2"},"north":{"uv":[12.0,14.1875,12.078125,14.2734375],"tintindex":0,"rotation":0,"texture":"#2"},"west":{"uv":[14.875,11.0,14.894531,11.0859375],"tintindex":0,"rotation":0,"texture":"#2"},"up":{"uv":[6.203125,14.957031,6.125,14.9375],"tintindex":0,"rotation":0,"texture":"#2"},"down":{"uv":[15.015625,6.125,14.9375,6.1445312],"tintindex":0,"rotation":0,"texture":"#2"}}},{"from":[7.703516,8.111631,5.202344],"to":[8.3363285,8.955381,5.51875],"faces":{"east":{"uv":[5.1875,15.0625,5.2070312,15.1171875],"tintindex":0,"rotation":0,"texture":"#2"},"south":{"uv":[12.5,14.8125,12.5390625,14.8671875],"tintindex":0,"rotation":0,"texture":"#2"},"north":{"uv":[14.8125,12.4375,14.8515625,12.4921875],"tintindex":0,"rotation":0,"texture":"#2"},"west":{"uv":[15.0625,5.1875,15.082031,5.2421875],"tintindex":0,"rotation":0,"texture":"#2"},"up":{"uv":[15.1640625,11.957031,15.125,11.9375],"tintindex":0,"rotation":0,"texture":"#2"},"down":{"uv":[12.0390625,15.125,12.0,15.144531],"tintindex":0,"rotation":0,"texture":"#2"}}},{"from":[7.703516,8.111631,7.20625],"to":[8.3363285,8.955381,7.5226564],"faces":{"east":{"uv":[15.0625,5.25,15.082031,5.3046875],"tintindex":0,"rotation":0,"texture":"#2"},"south":{"uv":[12.5625,14.8125,12.6015625,14.8671875],"tintindex":0,"rotation":0,"texture":"#2"},"north":{"uv":[14.8125,12.5,14.8515625,12.5546875],"tintindex":0,"rotation":0,"texture":"#2"},"west":{"uv":[15.0625,5.3125,15.082031,5.3671875],"tintindex":0,"rotation":0,"texture":"#2"},"up":{"uv":[15.1640625,12.019531,15.125,12.0],"tintindex":0,"rotation":0,"texture":"#2"},"down":{"uv":[12.1015625,15.125,12.0625,15.144531],"tintindex":0,"rotation":0,"texture":"#2"}}},{"from":[8.853125,8.111631,6.1515627],"to":[9.064062,8.955381,6.5734377],"faces":{"east":{"uv":[1.25,15.0,1.2773438,15.0546875],"tintindex":0,"rotation":0,"texture":"#2"},"south":{"uv":[15.1875,9.8125,15.199219,9.8671875],"tintindex":0,"rotation":0,"texture":"#2"},"north":{"uv":[9.8125,15.1875,9.824219,15.2421875],"tintindex":0,"rotation":0,"texture":"#2"},"west":{"uv":[15.0,1.25,15.027344,1.3046875],"tintindex":0,"rotation":0,"texture":"#2"},"up":{"uv":[15.324219,8.152344,15.3125,8.125],"tintindex":0,"rotation":0,"texture":"#2"},"down":{"uv":[8.199219,15.3125,8.1875,15.339844],"tintindex":0,"rotation":0,"texture":"#2"}}},{"from":[7.1656256,6.740538,5.51875],"to":[8.853125,8.955381,7.20625],"faces":{"east":{"uv":[3.5,13.6875,3.6054688,13.824219],"tintindex":0,"rotation":0,"texture":"#2"},"south":{"uv":[3.625,13.6875,3.7304688,13.824219],"tintindex":0,"rotation":0,"texture":"#2"},"north":{"uv":[13.6875,3.4375,13.792969,3.5742188],"tintindex":0,"rotation":0,"texture":"#2"},"west":{"uv":[13.6875,3.625,13.792969,3.7617188],"tintindex":0,"rotation":0,"texture":"#2"},"up":{"uv":[14.105469,12.917969,14.0,12.8125],"tintindex":0,"rotation":0,"texture":"#2"},"down":{"uv":[13.042969,14.0,12.9375,14.105469],"tintindex":0,"rotation":0,"texture":"#2"}}},{"from":[8.853125,6.740538,5.940625],"to":[9.064062,8.111631,6.784375],"faces":{"east":{"uv":[5.75,14.5625,5.8046875,14.6484375],"tintindex":0,"rotation":0,"texture":"#2"},"south":{"uv":[7.3125,15.0625,7.3242188,15.1484375],"tintindex":0,"rotation":0,"texture":"#2"},"north":{"uv":[15.0625,7.25,15.074219,7.3359375],"tintindex":0,"rotation":0,"texture":"#2"},"west":{"uv":[5.8125,14.5625,5.8671875,14.6484375],"tintindex":0,"rotation":0,"texture":"#2"},"up":{"uv":[15.199219,9.7421875,15.1875,9.6875],"tintindex":0,"rotation":0,"texture":"#2"},"down":{"uv":[15.199219,9.75,15.1875,9.8046875],"tintindex":0,"rotation":0,"texture":"#2"}}},{"from":[6.8492193,8.111631,6.046094],"to":[7.1656256,8.955381,6.6789064],"faces":{"east":{"uv":[14.8125,12.375,14.8515625,12.4296875],"tintindex":0,"rotation":0,"texture":"#2"},"south":{"uv":[15.0625,5.125,15.082031,5.1796875],"tintindex":0,"rotation":0,"texture":"#2"},"north":{"uv":[5.125,15.0625,5.1445312,15.1171875],"tintindex":0,"rotation":0,"texture":"#2"},"west":{"uv":[12.4375,14.8125,12.4765625,14.8671875],"tintindex":0,"rotation":0,"texture":"#2"},"up":{"uv":[15.144531,11.9140625,15.125,11.875],"tintindex":0,"rotation":0,"texture":"#2"},"down":{"uv":[11.957031,15.125,11.9375,15.1640625],"tintindex":0,"rotation":0,"texture":"#2"}}}]}