{"textures":{"2":"modelengine:entity/pillars"},"elements":[{"from":[7.532422,7.06544,5.492383],"to":[8.481641,8.0937605,5.7296877],"faces":{"east":{"uv":[8.9375,15.0625,8.953125,15.125],"tintindex":0,"rotation":0,"texture":"#2"},"south":{"uv":[2.875,12.0,2.9335938,12.0625],"tintindex":0,"rotation":0,"texture":"#2"},"north":{"uv":[9.5625,11.9375,9.621094,12.0],"tintindex":0,"rotation":0,"texture":"#2"},"west":{"uv":[9.0,15.0625,9.015625,15.125],"tintindex":0,"rotation":0,"texture":"#2"},"up":{"uv":[15.183594,4.328125,15.125,4.3125],"tintindex":0,"rotation":0,"texture":"#2"},"down":{"uv":[4.4335938,15.125,4.375,15.140625],"tintindex":0,"rotation":0,"texture":"#2"}}},{"from":[7.532422,7.06544,6.9953127],"to":[8.481641,8.0937605,7.2326174],"faces":{"east":{"uv":[15.0625,9.0,15.078125,9.0625],"tintindex":0,"rotation":0,"texture":"#2"},"south":{"uv":[6.75,12.0,6.8085938,12.0625],"tintindex":0,"rotation":0,"texture":"#2"},"north":{"uv":[12.0,5.0625,12.058594,5.125],"tintindex":0,"rotation":0,"texture":"#2"},"west":{"uv":[9.0625,15.0625,9.078125,15.125],"tintindex":0,"rotation":0,"texture":"#2"},"up":{"uv":[15.183594,4.390625,15.125,4.375],"tintindex":0,"rotation":0,"texture":"#2"},"down":{"uv":[4.4960938,15.125,4.4375,15.140625],"tintindex":0,"rotation":0,"texture":"#2"}}},{"from":[7.7776365,8.0937605,5.492383],"to":[8.252246,8.726573,5.7296877],"faces":{"east":{"uv":[15.1875,14.6875,15.203125,14.7265625],"tintindex":0,"rotation":0,"texture":"#2"},"south":{"uv":[15.0,14.875,15.03125,14.9140625],"tintindex":0,"rotation":0,"texture":"#2"},"north":{"uv":[15.0,14.8125,15.03125,14.8515625],"tintindex":0,"rotation":0,"texture":"#2"},"west":{"uv":[14.75,15.1875,14.765625,15.2265625],"tintindex":0,"rotation":0,"texture":"#2"},"up":{"uv":[11.90625,15.265625,11.875,15.25],"tintindex":0,"rotation":0,"texture":"#2"},"down":{"uv":[15.28125,11.875,15.25,11.890625],"tintindex":0,"rotation":0,"texture":"#2"}}},{"from":[7.1369143,7.06544,5.887891],"to":[7.374219,8.0937605,6.8371096],"faces":{"east":{"uv":[11.75,5.125,11.808594,5.1875],"tintindex":0,"rotation":0,"texture":"#2"},"south":{"uv":[8.8125,15.0625,8.828125,15.125],"tintindex":0,"rotation":0,"texture":"#2"},"north":{"uv":[8.75,15.0625,8.765625,15.125],"tintindex":0,"rotation":0,"texture":"#2"},"west":{"uv":[11.8125,4.0625,11.871094,4.125],"tintindex":0,"rotation":0,"texture":"#2"},"up":{"uv":[15.140625,4.3085938,15.125,4.25],"tintindex":0,"rotation":0,"texture":"#2"},"down":{"uv":[4.328125,15.125,4.3125,15.183594],"tintindex":0,"rotation":0,"texture":"#2"}}},{"from":[7.1369143,8.0937605,6.1251955],"to":[7.374219,8.726573,6.599805],"faces":{"east":{"uv":[15.0,14.6875,15.03125,14.7265625],"tintindex":0,"rotation":0,"texture":"#2"},"south":{"uv":[14.6875,15.1875,14.703125,15.2265625],"tintindex":0,"rotation":0,"texture":"#2"},"north":{"uv":[15.1875,14.625,15.203125,14.6640625],"tintindex":0,"rotation":0,"texture":"#2"},"west":{"uv":[15.0,14.75,15.03125,14.7890625],"tintindex":0,"rotation":0,"texture":"#2"},"up":{"uv":[11.828125,15.28125,11.8125,15.25],"tintindex":0,"rotation":0,"texture":"#2"},"down":{"uv":[15.265625,11.8125,15.25,11.84375],"tintindex":0,"rotation":0,"texture":"#2"}}},{"from":[8.639844,7.06544,6.046094],"to":[8.798047,8.0937605,6.6789064],"faces":{"east":{"uv":[14.8125,4.6875,14.8515625,4.75],"tintindex":0,"rotation":0,"texture":"#2"},"south":{"uv":[14.3125,15.125,14.324219,15.1875],"tintindex":0,"rotation":0,"texture":"#2"},"north":{"uv":[15.125,14.25,15.136719,14.3125],"tintindex":0,"rotation":0,"texture":"#2"},"west":{"uv":[4.75,14.8125,4.7890625,14.875],"tintindex":0,"rotation":0,"texture":"#2"},"up":{"uv":[12.761719,15.2890625,12.75,15.25],"tintindex":0,"rotation":0,"texture":"#2"},"down":{"uv":[15.261719,12.75,15.25,12.7890625],"tintindex":0,"rotation":0,"texture":"#2"}}},{"from":[7.374219,7.06544,5.7296877],"to":[8.639844,8.726573,6.9953127],"faces":{"east":{"uv":[14.125,6.625,14.203125,6.7304688],"tintindex":0,"rotation":0,"texture":"#2"},"south":{"uv":[14.125,6.75,14.203125,6.8554688],"tintindex":0,"rotation":0,"texture":"#2"},"north":{"uv":[6.375,14.125,6.453125,14.230469],"tintindex":0,"rotation":0,"texture":"#2"},"west":{"uv":[14.125,6.875,14.203125,6.9804688],"tintindex":0,"rotation":0,"texture":"#2"},"up":{"uv":[14.390625,14.140625,14.3125,14.0625],"tintindex":0,"rotation":0,"texture":"#2"},"down":{"uv":[14.203125,14.3125,14.125,14.390625],"tintindex":0,"rotation":0,"texture":"#2"}}},{"from":[8.639844,8.0937605,6.204297],"to":[8.798047,8.726573,6.5207033],"faces":{"east":{"uv":[15.125,12.0625,15.144531,12.1015625],"tintindex":0,"rotation":0,"texture":"#2"},"south":{"uv":[15.25,12.8125,15.261719,12.8515625],"tintindex":0,"rotation":0,"texture":"#2"},"north":{"uv":[12.8125,15.25,12.824219,15.2890625],"tintindex":0,"rotation":0,"texture":"#2"},"west":{"uv":[12.125,15.125,12.144531,15.1640625],"tintindex":0,"rotation":0,"texture":"#2"},"up":{"uv":[15.449219,1.5820312,15.4375,1.5625],"tintindex":0,"rotation":0,"texture":"#2"},"down":{"uv":[1.6367188,15.4375,1.625,15.457031],"tintindex":0,"rotation":0,"texture":"#2"}}},{"from":[7.7776365,8.0937605,6.9953127],"to":[8.252246,8.726573,7.2326174],"faces":{"east":{"uv":[15.1875,14.75,15.203125,14.7890625],"tintindex":0,"rotation":0,"texture":"#2"},"south":{"uv":[15.0,15.0,15.03125,15.0390625],"tintindex":0,"rotation":0,"texture":"#2"},"north":{"uv":[15.0,14.9375,15.03125,14.9765625],"tintindex":0,"rotation":0,"texture":"#2"},"west":{"uv":[14.8125,15.1875,14.828125,15.2265625],"tintindex":0,"rotation":0,"texture":"#2"},"up":{"uv":[11.96875,15.265625,11.9375,15.25],"tintindex":0,"rotation":0,"texture":"#2"},"down":{"uv":[15.28125,11.9375,15.25,11.953125],"tintindex":0,"rotation":0,"texture":"#2"}}}]}