{"textures":{"2":"modelengine:entity/pillars"},"elements":[{"from":[7.8517575,8.13611,-2.2988281],"to":[8.168163,8.557985,-2.140625],"faces":{"east":{"uv":[15.3125,12.4375,15.324219,12.464844],"tintindex":0,"rotation":0,"texture":"#2"},"south":{"uv":[15.25,5.5,15.269531,5.5273438],"tintindex":0,"rotation":0,"texture":"#2"},"north":{"uv":[5.5,15.25,5.5195312,15.277344],"tintindex":0,"rotation":0,"texture":"#2"},"west":{"uv":[12.5,15.3125,12.511719,15.339844],"tintindex":0,"rotation":0,"texture":"#2"},"up":{"uv":[15.457031,4.1367188,15.4375,4.125],"tintindex":0,"rotation":0,"texture":"#2"},"down":{"uv":[4.2070312,15.4375,4.1875,15.449219],"tintindex":0,"rotation":0,"texture":"#2"}}},{"from":[7.424609,7.4505644,-2.0351562],"to":[7.5828123,8.13611,-1.4023438],"faces":{"east":{"uv":[14.875,13.5625,14.9140625,13.605469],"tintindex":0,"rotation":0,"texture":"#2"},"south":{"uv":[15.25,9.1875,15.261719,9.230469],"tintindex":0,"rotation":0,"texture":"#2"},"north":{"uv":[9.1875,15.25,9.199219,15.292969],"tintindex":0,"rotation":0,"texture":"#2"},"west":{"uv":[13.625,14.875,13.6640625,14.917969],"tintindex":0,"rotation":0,"texture":"#2"},"up":{"uv":[15.324219,0.1015625,15.3125,0.0625],"tintindex":0,"rotation":0,"texture":"#2"},"down":{"uv":[0.13671875,15.3125,0.125,15.3515625],"tintindex":0,"rotation":0,"texture":"#2"}}},{"from":[7.8517575,8.13611,-1.296875],"to":[8.168163,8.557985,-1.1386719],"faces":{"east":{"uv":[15.3125,12.5,15.324219,12.527344],"tintindex":0,"rotation":0,"texture":"#2"},"south":{"uv":[15.25,5.5625,15.269531,5.5898438],"tintindex":0,"rotation":0,"texture":"#2"},"north":{"uv":[5.5625,15.25,5.5820312,15.277344],"tintindex":0,"rotation":0,"texture":"#2"},"west":{"uv":[12.5625,15.3125,12.574219,15.339844],"tintindex":0,"rotation":0,"texture":"#2"},"up":{"uv":[15.457031,4.1992188,15.4375,4.1875],"tintindex":0,"rotation":0,"texture":"#2"},"down":{"uv":[4.2695312,15.4375,4.25,15.449219],"tintindex":0,"rotation":0,"texture":"#2"}}},{"from":[7.688281,7.4505644,-1.296875],"to":[8.321094,8.13611,-1.1386719],"faces":{"east":{"uv":[9.3125,15.25,9.324219,15.292969],"tintindex":0,"rotation":0,"texture":"#2"},"south":{"uv":[13.75,14.875,13.7890625,14.917969],"tintindex":0,"rotation":0,"texture":"#2"},"north":{"uv":[14.875,13.6875,14.9140625,13.730469],"tintindex":0,"rotation":0,"texture":"#2"},"west":{"uv":[15.25,9.3125,15.261719,9.355469],"tintindex":0,"rotation":0,"texture":"#2"},"up":{"uv":[15.3515625,0.19921875,15.3125,0.1875],"tintindex":0,"rotation":0,"texture":"#2"},"down":{"uv":[0.2890625,15.3125,0.25,15.324219],"tintindex":0,"rotation":0,"texture":"#2"}}},{"from":[8.426562,8.13611,-1.8242188],"to":[8.532031,8.557985,-1.6132812],"faces":{"east":{"uv":[15.3125,12.375,15.324219,12.402344],"tintindex":0,"rotation":0,"texture":"#2"},"south":{"uv":[8.0,15.4375,8.0078125,15.464844],"tintindex":0,"rotation":0,"texture":"#2"},"north":{"uv":[15.4375,7.9375,15.4453125,7.9648438],"tintindex":0,"rotation":0,"texture":"#2"},"west":{"uv":[12.4375,15.3125,12.449219,15.339844],"tintindex":0,"rotation":0,"texture":"#2"},"up":{"uv":[4.3828125,15.511719,4.375,15.5],"tintindex":0,"rotation":0,"texture":"#2"},"down":{"uv":[15.5078125,4.375,15.5,4.3867188],"tintindex":0,"rotation":0,"texture":"#2"}}},{"from":[8.426562,7.4505644,-1.9296875],"to":[8.532031,8.13611,-1.5078125],"faces":{"east":{"uv":[0.9375,15.0625,0.96484375,15.105469],"tintindex":0,"rotation":0,"texture":"#2"},"south":{"uv":[7.1875,15.3125,7.1953125,15.355469],"tintindex":0,"rotation":0,"texture":"#2"},"north":{"uv":[15.3125,7.125,15.3203125,7.1679688],"tintindex":0,"rotation":0,"texture":"#2"},"west":{"uv":[15.0625,0.9375,15.089844,0.98046875],"tintindex":0,"rotation":0,"texture":"#2"},"up":{"uv":[15.4453125,7.9023438,15.4375,7.875],"tintindex":0,"rotation":0,"texture":"#2"},"down":{"uv":[7.9453125,15.4375,7.9375,15.464844],"tintindex":0,"rotation":0,"texture":"#2"}}},{"from":[7.5828123,7.4505644,-2.140625],"to":[8.426562,8.557985,-1.296875],"faces":{"east":{"uv":[14.625,13.375,14.6796875,13.4453125],"tintindex":0,"rotation":0,"texture":"#2"},"south":{"uv":[13.4375,14.625,13.4921875,14.6953125],"tintindex":0,"rotation":0,"texture":"#2"},"north":{"uv":[13.375,14.625,13.4296875,14.6953125],"tintindex":0,"rotation":0,"texture":"#2"},"west":{"uv":[13.5,14.625,13.5546875,14.6953125],"tintindex":0,"rotation":0,"texture":"#2"},"up":{"uv":[14.8046875,8.8671875,14.75,8.8125],"tintindex":0,"rotation":0,"texture":"#2"},"down":{"uv":[8.9296875,14.75,8.875,14.8046875],"tintindex":0,"rotation":0,"texture":"#2"}}},{"from":[7.688281,7.4505644,-2.2988281],"to":[8.321094,8.13611,-2.140625],"faces":{"east":{"uv":[9.25,15.25,9.261719,15.292969],"tintindex":0,"rotation":0,"texture":"#2"},"south":{"uv":[13.6875,14.875,13.7265625,14.917969],"tintindex":0,"rotation":0,"texture":"#2"},"north":{"uv":[14.875,13.625,14.9140625,13.667969],"tintindex":0,"rotation":0,"texture":"#2"},"west":{"uv":[15.25,9.25,15.261719,9.292969],"tintindex":0,"rotation":0,"texture":"#2"},"up":{"uv":[15.3515625,0.13671875,15.3125,0.125],"tintindex":0,"rotation":0,"texture":"#2"},"down":{"uv":[0.2265625,15.3125,0.1875,15.324219],"tintindex":0,"rotation":0,"texture":"#2"}}},{"from":[7.424609,8.13611,-1.8769531],"to":[7.5828123,8.557985,-1.5605469],"faces":{"east":{"uv":[5.4375,15.25,5.4570312,15.277344],"tintindex":0,"rotation":0,"texture":"#2"},"south":{"uv":[12.375,15.3125,12.386719,15.339844],"tintindex":0,"rotation":0,"texture":"#2"},"north":{"uv":[15.3125,12.3125,15.324219,12.339844],"tintindex":0,"rotation":0,"texture":"#2"},"west":{"uv":[15.25,5.4375,15.269531,5.4648438],"tintindex":0,"rotation":0,"texture":"#2"},"up":{"uv":[15.449219,4.0820312,15.4375,4.0625],"tintindex":0,"rotation":0,"texture":"#2"},"down":{"uv":[4.1367188,15.4375,4.125,15.457031],"tintindex":0,"rotation":0,"texture":"#2"}}}]}