{"textures":{"2":"modelengine:entity/pillars"},"elements":[{"from":[7.1687503,6.407335,4.815625],"to":[8.856251,8.23546,5.2375],"faces":{"east":{"uv":[14.75,7.125,14.777344,7.2382812],"tintindex":0,"rotation":0,"texture":"#2"},"south":{"uv":[13.875,4.9375,13.980469,5.0507812],"tintindex":0,"rotation":0,"texture":"#2"},"north":{"uv":[13.875,4.8125,13.980469,4.9257812],"tintindex":0,"rotation":0,"texture":"#2"},"west":{"uv":[7.1875,14.75,7.2148438,14.863281],"tintindex":0,"rotation":0,"texture":"#2"},"up":{"uv":[11.355469,14.777344,11.25,14.75],"tintindex":0,"rotation":0,"texture":"#2"},"down":{"uv":[14.855469,11.3125,14.75,11.339844],"tintindex":0,"rotation":0,"texture":"#2"}}},{"from":[6.4656253,6.407335,5.51875],"to":[6.8875003,8.23546,7.20625],"faces":{"east":{"uv":[13.875,4.5625,13.980469,4.6757812],"tintindex":0,"rotation":0,"texture":"#2"},"south":{"uv":[14.75,7.0,14.777344,7.1132812],"tintindex":0,"rotation":0,"texture":"#2"},"north":{"uv":[14.75,6.875,14.777344,6.9882812],"tintindex":0,"rotation":0,"texture":"#2"},"west":{"uv":[13.875,4.6875,13.980469,4.8007812],"tintindex":0,"rotation":0,"texture":"#2"},"up":{"uv":[11.214844,14.855469,11.1875,14.75],"tintindex":0,"rotation":0,"texture":"#2"},"down":{"uv":[14.777344,11.1875,14.75,11.292969],"tintindex":0,"rotation":0,"texture":"#2"}}},{"from":[7.6046877,8.23546,4.815625],"to":[8.448438,9.36046,5.2375],"faces":{"east":{"uv":[7.0625,14.875,7.0898438,14.9453125],"tintindex":0,"rotation":0,"texture":"#2"},"south":{"uv":[9.875,14.625,9.9296875,14.6953125],"tintindex":0,"rotation":0,"texture":"#2"},"north":{"uv":[14.625,9.8125,14.6796875,9.8828125],"tintindex":0,"rotation":0,"texture":"#2"},"west":{"uv":[7.125,14.875,7.1523438,14.9453125],"tintindex":0,"rotation":0,"texture":"#2"},"up":{"uv":[1.4296875,15.027344,1.375,15.0],"tintindex":0,"rotation":0,"texture":"#2"},"down":{"uv":[15.0546875,1.375,15.0,1.4023438],"tintindex":0,"rotation":0,"texture":"#2"}}},{"from":[6.8875003,6.407335,5.2375],"to":[9.137501,9.36046,7.4875],"faces":{"east":{"uv":[13.0625,12.5,13.203125,12.683594],"tintindex":0,"rotation":0,"texture":"#2"},"south":{"uv":[13.0,13.0625,13.140625,13.246094],"tintindex":0,"rotation":0,"texture":"#2"},"north":{"uv":[13.0625,12.3125,13.203125,12.496094],"tintindex":0,"rotation":0,"texture":"#2"},"west":{"uv":[0.0,13.125,0.140625,13.308594],"tintindex":0,"rotation":0,"texture":"#2"},"up":{"uv":[3.515625,13.640625,3.375,13.5],"tintindex":0,"rotation":0,"texture":"#2"},"down":{"uv":[13.640625,3.375,13.5,3.515625],"tintindex":0,"rotation":0,"texture":"#2"}}},{"from":[6.4656253,8.23546,5.940625],"to":[6.8875003,9.36046,6.784375],"faces":{"east":{"uv":[9.6875,14.625,9.7421875,14.6953125],"tintindex":0,"rotation":0,"texture":"#2"},"south":{"uv":[14.875,7.0,14.902344,7.0703125],"tintindex":0,"rotation":0,"texture":"#2"},"north":{"uv":[7.0,14.875,7.0273438,14.9453125],"tintindex":0,"rotation":0,"texture":"#2"},"west":{"uv":[14.625,9.6875,14.6796875,9.7578125],"tintindex":0,"rotation":0,"texture":"#2"},"up":{"uv":[1.3398438,15.0546875,1.3125,15.0],"tintindex":0,"rotation":0,"texture":"#2"},"down":{"uv":[15.027344,1.3125,15.0,1.3671875],"tintindex":0,"rotation":0,"texture":"#2"}}},{"from":[9.137501,6.407335,5.8],"to":[9.418751,8.23546,6.925],"faces":{"east":{"uv":[14.125,9.1875,14.1953125,9.300781],"tintindex":0,"rotation":0,"texture":"#2"},"south":{"uv":[5.9375,14.8125,5.9570312,14.925781],"tintindex":0,"rotation":0,"texture":"#2"},"north":{"uv":[14.8125,5.875,14.832031,5.9882812],"tintindex":0,"rotation":0,"texture":"#2"},"west":{"uv":[14.125,9.3125,14.1953125,9.425781],"tintindex":0,"rotation":0,"texture":"#2"},"up":{"uv":[6.1445312,15.0703125,6.125,15.0],"tintindex":0,"rotation":0,"texture":"#2"},"down":{"uv":[6.2070312,15.0,6.1875,15.0703125],"tintindex":0,"rotation":0,"texture":"#2"}}},{"from":[7.1687503,6.407335,7.4875],"to":[8.856251,8.23546,7.909375],"faces":{"east":{"uv":[7.25,14.75,7.2773438,14.863281],"tintindex":0,"rotation":0,"texture":"#2"},"south":{"uv":[13.875,5.1875,13.980469,5.3007812],"tintindex":0,"rotation":0,"texture":"#2"},"north":{"uv":[13.875,5.0625,13.980469,5.1757812],"tintindex":0,"rotation":0,"texture":"#2"},"west":{"uv":[14.75,7.25,14.777344,7.3632812],"tintindex":0,"rotation":0,"texture":"#2"},"up":{"uv":[14.855469,11.402344,14.75,11.375],"tintindex":0,"rotation":0,"texture":"#2"},"down":{"uv":[11.542969,14.75,11.4375,14.777344],"tintindex":0,"rotation":0,"texture":"#2"}}},{"from":[9.137501,8.23546,6.08125],"to":[9.418751,9.36046,6.64375],"faces":{"east":{"uv":[14.8125,2.625,14.847656,2.6953125],"tintindex":0,"rotation":0,"texture":"#2"},"south":{"uv":[15.0,6.25,15.019531,6.3203125],"tintindex":0,"rotation":0,"texture":"#2"},"north":{"uv":[6.25,15.0,6.2695312,15.0703125],"tintindex":0,"rotation":0,"texture":"#2"},"west":{"uv":[2.75,14.8125,2.7851562,14.8828125],"tintindex":0,"rotation":0,"texture":"#2"},"up":{"uv":[15.144531,14.785156,15.125,14.75],"tintindex":0,"rotation":0,"texture":"#2"},"down":{"uv":[14.832031,15.125,14.8125,15.160156],"tintindex":0,"rotation":0,"texture":"#2"}}},{"from":[7.6046877,8.23546,7.4875],"to":[8.448438,9.36046,7.909375],"faces":{"east":{"uv":[14.875,7.125,14.902344,7.1953125],"tintindex":0,"rotation":0,"texture":"#2"},"south":{"uv":[10.0,14.625,10.0546875,14.6953125],"tintindex":0,"rotation":0,"texture":"#2"},"north":{"uv":[9.9375,14.625,9.9921875,14.6953125],"tintindex":0,"rotation":0,"texture":"#2"},"west":{"uv":[7.1875,14.875,7.2148438,14.9453125],"tintindex":0,"rotation":0,"texture":"#2"},"up":{"uv":[1.4921875,15.027344,1.4375,15.0],"tintindex":0,"rotation":0,"texture":"#2"},"down":{"uv":[15.0546875,1.4375,15.0,1.4648438],"tintindex":0,"rotation":0,"texture":"#2"}}}]}