{"textures":{"2":"modelengine:entity/pillars"},"elements":[{"from":[7.5828123,7.4505644,-2.140625],"to":[8.426562,8.557985,-1.296875],"faces":{"east":{"uv":[12.9375,14.625,12.9921875,14.6953125],"tintindex":0,"rotation":0,"texture":"#2"},"south":{"uv":[13.0,14.625,13.0546875,14.6953125],"tintindex":0,"rotation":0,"texture":"#2"},"north":{"uv":[14.625,12.875,14.6796875,12.9453125],"tintindex":0,"rotation":0,"texture":"#2"},"west":{"uv":[14.625,13.0,14.6796875,13.0703125],"tintindex":0,"rotation":0,"texture":"#2"},"up":{"uv":[14.8046875,8.7421875,14.75,8.6875],"tintindex":0,"rotation":0,"texture":"#2"},"down":{"uv":[8.8046875,14.75,8.75,14.8046875],"tintindex":0,"rotation":0,"texture":"#2"}}},{"from":[8.426562,8.13611,-1.8242188],"to":[8.532031,8.557985,-1.6132812],"faces":{"east":{"uv":[15.3125,11.5,15.324219,11.527344],"tintindex":0,"rotation":0,"texture":"#2"},"south":{"uv":[7.75,15.4375,7.7578125,15.464844],"tintindex":0,"rotation":0,"texture":"#2"},"north":{"uv":[15.4375,7.6875,15.4453125,7.7148438],"tintindex":0,"rotation":0,"texture":"#2"},"west":{"uv":[11.5625,15.3125,11.574219,15.339844],"tintindex":0,"rotation":0,"texture":"#2"},"up":{"uv":[4.2578125,15.511719,4.25,15.5],"tintindex":0,"rotation":0,"texture":"#2"},"down":{"uv":[15.5078125,4.25,15.5,4.2617188],"tintindex":0,"rotation":0,"texture":"#2"}}},{"from":[7.688281,7.4505644,-2.2988281],"to":[8.321094,8.13611,-2.140625],"faces":{"east":{"uv":[8.875,15.25,8.886719,15.292969],"tintindex":0,"rotation":0,"texture":"#2"},"south":{"uv":[13.3125,14.875,13.3515625,14.917969],"tintindex":0,"rotation":0,"texture":"#2"},"north":{"uv":[14.875,13.25,14.9140625,13.292969],"tintindex":0,"rotation":0,"texture":"#2"},"west":{"uv":[15.25,8.875,15.261719,8.917969],"tintindex":0,"rotation":0,"texture":"#2"},"up":{"uv":[14.9765625,15.261719,14.9375,15.25],"tintindex":0,"rotation":0,"texture":"#2"},"down":{"uv":[15.2890625,14.9375,15.25,14.949219],"tintindex":0,"rotation":0,"texture":"#2"}}},{"from":[7.851758,8.13611,-1.296875],"to":[8.168164,8.557985,-1.1386719],"faces":{"east":{"uv":[15.3125,11.625,15.324219,11.652344],"tintindex":0,"rotation":0,"texture":"#2"},"south":{"uv":[15.25,5.1875,15.269531,5.2148438],"tintindex":0,"rotation":0,"texture":"#2"},"north":{"uv":[5.1875,15.25,5.2070312,15.277344],"tintindex":0,"rotation":0,"texture":"#2"},"west":{"uv":[11.6875,15.3125,11.699219,15.339844],"tintindex":0,"rotation":0,"texture":"#2"},"up":{"uv":[15.457031,3.6992188,15.4375,3.6875],"tintindex":0,"rotation":0,"texture":"#2"},"down":{"uv":[3.7695312,15.4375,3.75,15.449219],"tintindex":0,"rotation":0,"texture":"#2"}}},{"from":[8.426562,7.4505644,-1.9296875],"to":[8.532031,8.13611,-1.5078125],"faces":{"east":{"uv":[0.8125,15.0625,0.83984375,15.105469],"tintindex":0,"rotation":0,"texture":"#2"},"south":{"uv":[7.0625,15.3125,7.0703125,15.355469],"tintindex":0,"rotation":0,"texture":"#2"},"north":{"uv":[15.3125,7.0,15.3203125,7.0429688],"tintindex":0,"rotation":0,"texture":"#2"},"west":{"uv":[15.0625,0.8125,15.089844,0.85546875],"tintindex":0,"rotation":0,"texture":"#2"},"up":{"uv":[15.4453125,7.6523438,15.4375,7.625],"tintindex":0,"rotation":0,"texture":"#2"},"down":{"uv":[7.6953125,15.4375,7.6875,15.464844],"tintindex":0,"rotation":0,"texture":"#2"}}},{"from":[7.424609,7.4505644,-2.0351562],"to":[7.5828123,8.13611,-1.4023438],"faces":{"east":{"uv":[14.875,13.1875,14.9140625,13.230469],"tintindex":0,"rotation":0,"texture":"#2"},"south":{"uv":[15.25,8.8125,15.261719,8.855469],"tintindex":0,"rotation":0,"texture":"#2"},"north":{"uv":[8.8125,15.25,8.824219,15.292969],"tintindex":0,"rotation":0,"texture":"#2"},"west":{"uv":[13.25,14.875,13.2890625,14.917969],"tintindex":0,"rotation":0,"texture":"#2"},"up":{"uv":[14.886719,15.2890625,14.875,15.25],"tintindex":0,"rotation":0,"texture":"#2"},"down":{"uv":[15.261719,14.875,15.25,14.9140625],"tintindex":0,"rotation":0,"texture":"#2"}}},{"from":[7.851758,8.13611,-2.2988281],"to":[8.168164,8.557985,-2.140625],"faces":{"east":{"uv":[15.3125,11.5625,15.324219,11.589844],"tintindex":0,"rotation":0,"texture":"#2"},"south":{"uv":[15.25,5.125,15.269531,5.1523438],"tintindex":0,"rotation":0,"texture":"#2"},"north":{"uv":[5.125,15.25,5.1445312,15.277344],"tintindex":0,"rotation":0,"texture":"#2"},"west":{"uv":[11.625,15.3125,11.636719,15.339844],"tintindex":0,"rotation":0,"texture":"#2"},"up":{"uv":[15.457031,3.6367188,15.4375,3.625],"tintindex":0,"rotation":0,"texture":"#2"},"down":{"uv":[3.7070312,15.4375,3.6875,15.449219],"tintindex":0,"rotation":0,"texture":"#2"}}},{"from":[7.688281,7.4505644,-1.296875],"to":[8.321094,8.13611,-1.1386719],"faces":{"east":{"uv":[8.9375,15.25,8.949219,15.292969],"tintindex":0,"rotation":0,"texture":"#2"},"south":{"uv":[13.375,14.875,13.4140625,14.917969],"tintindex":0,"rotation":0,"texture":"#2"},"north":{"uv":[14.875,13.3125,14.9140625,13.355469],"tintindex":0,"rotation":0,"texture":"#2"},"west":{"uv":[15.25,8.9375,15.261719,8.980469],"tintindex":0,"rotation":0,"texture":"#2"},"up":{"uv":[15.0390625,15.261719,15.0,15.25],"tintindex":0,"rotation":0,"texture":"#2"},"down":{"uv":[15.2890625,15.0,15.25,15.011719],"tintindex":0,"rotation":0,"texture":"#2"}}},{"from":[7.424609,8.13611,-1.8769531],"to":[7.5828123,8.557985,-1.5605469],"faces":{"east":{"uv":[5.0625,15.25,5.0820312,15.277344],"tintindex":0,"rotation":0,"texture":"#2"},"south":{"uv":[11.5,15.3125,11.511719,15.339844],"tintindex":0,"rotation":0,"texture":"#2"},"north":{"uv":[15.3125,11.4375,15.324219,11.464844],"tintindex":0,"rotation":0,"texture":"#2"},"west":{"uv":[15.25,5.0625,15.269531,5.0898438],"tintindex":0,"rotation":0,"texture":"#2"},"up":{"uv":[15.449219,3.5820312,15.4375,3.5625],"tintindex":0,"rotation":0,"texture":"#2"},"down":{"uv":[3.6367188,15.4375,3.625,15.457031],"tintindex":0,"rotation":0,"texture":"#2"}}}]}