{"textures":{"2":"modelengine:entity/pillars"},"elements":[{"from":[5.9861326,5.605242,-3.7574215],"to":[6.5398436,8.004656,-1.5425777],"faces":{"east":{"uv":[1.125,13.5,1.2617188,13.6484375],"tintindex":0,"rotation":0,"texture":"#2"},"south":{"uv":[2.0625,14.5,2.0976562,14.6484375],"tintindex":0,"rotation":0,"texture":"#2"},"north":{"uv":[2.0,14.5,2.0351562,14.6484375],"tintindex":0,"rotation":0,"texture":"#2"},"west":{"uv":[13.5,1.125,13.636719,1.2734375],"tintindex":0,"rotation":0,"texture":"#2"},"up":{"uv":[14.597656,4.2617188,14.5625,4.125],"tintindex":0,"rotation":0,"texture":"#2"},"down":{"uv":[4.2851562,14.5625,4.25,14.699219],"tintindex":0,"rotation":0,"texture":"#2"}}},{"from":[9.492969,5.605242,-3.3882809],"to":[9.862109,8.004656,-1.9117184],"faces":{"east":{"uv":[13.75,5.125,13.84375,5.2734375],"tintindex":0,"rotation":0,"texture":"#2"},"south":{"uv":[8.125,14.6875,8.1484375,14.8359375],"tintindex":0,"rotation":0,"texture":"#2"},"north":{"uv":[8.0625,14.6875,8.0859375,14.8359375],"tintindex":0,"rotation":0,"texture":"#2"},"west":{"uv":[5.5,13.75,5.59375,13.8984375],"tintindex":0,"rotation":0,"texture":"#2"},"up":{"uv":[8.7109375,14.90625,8.6875,14.8125],"tintindex":0,"rotation":0,"texture":"#2"},"down":{"uv":[8.7734375,14.8125,8.75,14.90625],"tintindex":0,"rotation":0,"texture":"#2"}}},{"from":[9.492969,8.004656,-3.0191402],"to":[9.862109,9.481218,-2.280859],"faces":{"east":{"uv":[10.375,14.5625,10.421875,14.65625],"tintindex":0,"rotation":0,"texture":"#2"},"south":{"uv":[8.8125,14.8125,8.8359375,14.90625],"tintindex":0,"rotation":0,"texture":"#2"},"north":{"uv":[14.8125,8.75,14.8359375,8.84375],"tintindex":0,"rotation":0,"texture":"#2"},"west":{"uv":[14.5625,10.375,14.609375,10.46875],"tintindex":0,"rotation":0,"texture":"#2"},"up":{"uv":[2.1484375,15.109375,2.125,15.0625],"tintindex":0,"rotation":0,"texture":"#2"},"down":{"uv":[15.0859375,2.125,15.0625,2.171875],"tintindex":0,"rotation":0,"texture":"#2"}}},{"from":[7.4811525,8.004656,-4.680273],"to":[8.588574,9.481218,-4.126562],"faces":{"east":{"uv":[14.6875,12.4375,14.722656,12.53125],"tintindex":0,"rotation":0,"texture":"#2"},"south":{"uv":[7.0625,14.25,7.1328125,14.34375],"tintindex":0,"rotation":0,"texture":"#2"},"north":{"uv":[14.25,6.9375,14.3203125,7.03125],"tintindex":0,"rotation":0,"texture":"#2"},"west":{"uv":[14.6875,12.5625,14.722656,12.65625],"tintindex":0,"rotation":0,"texture":"#2"},"up":{"uv":[0.3828125,14.847656,0.3125,14.8125],"tintindex":0,"rotation":0,"texture":"#2"},"down":{"uv":[14.8828125,0.3125,14.8125,0.34765625],"tintindex":0,"rotation":0,"texture":"#2"}}},{"from":[6.908984,5.605242,-4.680273],"to":[9.123828,8.004656,-4.126562],"faces":{"east":{"uv":[2.125,14.5,2.1601562,14.6484375],"tintindex":0,"rotation":0,"texture":"#2"},"south":{"uv":[13.5,1.3125,13.636719,1.4609375],"tintindex":0,"rotation":0,"texture":"#2"},"north":{"uv":[1.3125,13.5,1.4492188,13.6484375],"tintindex":0,"rotation":0,"texture":"#2"},"west":{"uv":[2.1875,14.5,2.2226562,14.6484375],"tintindex":0,"rotation":0,"texture":"#2"},"up":{"uv":[4.4492188,14.597656,4.3125,14.5625],"tintindex":0,"rotation":0,"texture":"#2"},"down":{"uv":[14.699219,4.3125,14.5625,4.3476562],"tintindex":0,"rotation":0,"texture":"#2"}}},{"from":[6.908984,5.605242,-1.1734371],"to":[9.123828,8.004656,-0.6197262],"faces":{"east":{"uv":[2.25,14.5,2.2851562,14.6484375],"tintindex":0,"rotation":0,"texture":"#2"},"south":{"uv":[13.5,1.6875,13.636719,1.8359375],"tintindex":0,"rotation":0,"texture":"#2"},"north":{"uv":[13.5,1.5,13.636719,1.6484375],"tintindex":0,"rotation":0,"texture":"#2"},"west":{"uv":[2.375,14.5,2.4101562,14.6484375],"tintindex":0,"rotation":0,"texture":"#2"},"up":{"uv":[14.699219,4.4101562,14.5625,4.375],"tintindex":0,"rotation":0,"texture":"#2"},"down":{"uv":[14.699219,4.4375,14.5625,4.4726562],"tintindex":0,"rotation":0,"texture":"#2"}}},{"from":[6.5398436,5.605242,-4.126562],"to":[9.492969,9.481218,-1.1734371],"faces":{"east":{"uv":[8.875,12.25,9.058594,12.4921875],"tintindex":0,"rotation":0,"texture":"#2"},"south":{"uv":[9.25,12.25,9.433594,12.4921875],"tintindex":0,"rotation":0,"texture":"#2"},"north":{"uv":[8.6875,12.25,8.871094,12.4921875],"tintindex":0,"rotation":0,"texture":"#2"},"west":{"uv":[12.25,9.5625,12.433594,9.8046875],"tintindex":0,"rotation":0,"texture":"#2"},"up":{"uv":[12.933594,3.4960938,12.75,3.3125],"tintindex":0,"rotation":0,"texture":"#2"},"down":{"uv":[12.933594,4.0,12.75,4.1835938],"tintindex":0,"rotation":0,"texture":"#2"}}},{"from":[5.9861326,8.004656,-3.2037106],"to":[6.5398436,9.481218,-2.0962887],"faces":{"east":{"uv":[14.25,6.8125,14.3203125,6.90625],"tintindex":0,"rotation":0,"texture":"#2"},"south":{"uv":[14.6875,12.3125,14.722656,12.40625],"tintindex":0,"rotation":0,"texture":"#2"},"north":{"uv":[14.6875,12.1875,14.722656,12.28125],"tintindex":0,"rotation":0,"texture":"#2"},"west":{"uv":[6.9375,14.25,7.0078125,14.34375],"tintindex":0,"rotation":0,"texture":"#2"},"up":{"uv":[0.22265625,14.8828125,0.1875,14.8125],"tintindex":0,"rotation":0,"texture":"#2"},"down":{"uv":[14.847656,0.1875,14.8125,0.2578125],"tintindex":0,"rotation":0,"texture":"#2"}}},{"from":[7.4811525,8.004656,-1.1734371],"to":[8.588574,9.481218,-0.6197262],"faces":{"east":{"uv":[14.6875,12.6875,14.722656,12.78125],"tintindex":0,"rotation":0,"texture":"#2"},"south":{"uv":[14.25,7.375,14.3203125,7.46875],"tintindex":0,"rotation":0,"texture":"#2"},"north":{"uv":[14.25,7.25,14.3203125,7.34375],"tintindex":0,"rotation":0,"texture":"#2"},"west":{"uv":[12.8125,14.6875,12.847656,14.78125],"tintindex":0,"rotation":0,"texture":"#2"},"up":{"uv":[14.8828125,0.41015625,14.8125,0.375],"tintindex":0,"rotation":0,"texture":"#2"},"down":{"uv":[0.5078125,14.8125,0.4375,14.847656],"tintindex":0,"rotation":0,"texture":"#2"}}}]}