{"textures":{"2":"modelengine:entity/pillars"},"elements":[{"from":[7.5828123,7.4505644,-2.140625],"to":[8.426562,8.557985,-1.296875],"faces":{"east":{"uv":[13.125,14.625,13.1796875,14.6953125],"tintindex":0,"rotation":0,"texture":"#2"},"south":{"uv":[14.625,13.125,14.6796875,13.1953125],"tintindex":0,"rotation":0,"texture":"#2"},"north":{"uv":[13.0625,14.625,13.1171875,14.6953125],"tintindex":0,"rotation":0,"texture":"#2"},"west":{"uv":[14.625,13.25,14.6796875,13.3203125],"tintindex":0,"rotation":0,"texture":"#2"},"up":{"uv":[14.8046875,8.8046875,14.75,8.75],"tintindex":0,"rotation":0,"texture":"#2"},"down":{"uv":[8.8671875,14.75,8.8125,14.8046875],"tintindex":0,"rotation":0,"texture":"#2"}}},{"from":[7.688281,7.4505644,-2.2988281],"to":[8.321094,8.13611,-2.140625],"faces":{"east":{"uv":[9.0625,15.25,9.074219,15.292969],"tintindex":0,"rotation":0,"texture":"#2"},"south":{"uv":[13.5,14.875,13.5390625,14.917969],"tintindex":0,"rotation":0,"texture":"#2"},"north":{"uv":[14.875,13.4375,14.9140625,13.480469],"tintindex":0,"rotation":0,"texture":"#2"},"west":{"uv":[15.25,9.0625,15.261719,9.105469],"tintindex":0,"rotation":0,"texture":"#2"},"up":{"uv":[15.2265625,15.261719,15.1875,15.25],"tintindex":0,"rotation":0,"texture":"#2"},"down":{"uv":[15.2890625,15.1875,15.25,15.199219],"tintindex":0,"rotation":0,"texture":"#2"}}},{"from":[7.851758,8.13611,-2.2988281],"to":[8.168164,8.557985,-2.140625],"faces":{"east":{"uv":[15.3125,12.0,15.324219,12.027344],"tintindex":0,"rotation":0,"texture":"#2"},"south":{"uv":[15.25,5.3125,15.269531,5.3398438],"tintindex":0,"rotation":0,"texture":"#2"},"north":{"uv":[5.3125,15.25,5.3320312,15.277344],"tintindex":0,"rotation":0,"texture":"#2"},"west":{"uv":[12.0625,15.3125,12.074219,15.339844],"tintindex":0,"rotation":0,"texture":"#2"},"up":{"uv":[15.457031,3.8867188,15.4375,3.875],"tintindex":0,"rotation":0,"texture":"#2"},"down":{"uv":[3.9570312,15.4375,3.9375,15.449219],"tintindex":0,"rotation":0,"texture":"#2"}}},{"from":[8.426562,7.4505644,-1.9296875],"to":[8.532031,8.13611,-1.5078125],"faces":{"east":{"uv":[0.875,15.0625,0.90234375,15.105469],"tintindex":0,"rotation":0,"texture":"#2"},"south":{"uv":[7.125,15.3125,7.1328125,15.355469],"tintindex":0,"rotation":0,"texture":"#2"},"north":{"uv":[15.3125,7.0625,15.3203125,7.1054688],"tintindex":0,"rotation":0,"texture":"#2"},"west":{"uv":[15.0625,0.875,15.089844,0.91796875],"tintindex":0,"rotation":0,"texture":"#2"},"up":{"uv":[15.4453125,7.7773438,15.4375,7.75],"tintindex":0,"rotation":0,"texture":"#2"},"down":{"uv":[7.8203125,15.4375,7.8125,15.464844],"tintindex":0,"rotation":0,"texture":"#2"}}},{"from":[7.851758,8.13611,-1.296875],"to":[8.168164,8.557985,-1.1386719],"faces":{"east":{"uv":[15.3125,12.0625,15.324219,12.089844],"tintindex":0,"rotation":0,"texture":"#2"},"south":{"uv":[15.25,5.375,15.269531,5.4023438],"tintindex":0,"rotation":0,"texture":"#2"},"north":{"uv":[5.375,15.25,5.3945312,15.277344],"tintindex":0,"rotation":0,"texture":"#2"},"west":{"uv":[12.125,15.3125,12.136719,15.339844],"tintindex":0,"rotation":0,"texture":"#2"},"up":{"uv":[15.457031,3.9492188,15.4375,3.9375],"tintindex":0,"rotation":0,"texture":"#2"},"down":{"uv":[4.0195312,15.4375,4.0,15.449219],"tintindex":0,"rotation":0,"texture":"#2"}}},{"from":[7.688281,7.4505644,-1.296875],"to":[8.321094,8.13611,-1.1386719],"faces":{"east":{"uv":[9.125,15.25,9.136719,15.292969],"tintindex":0,"rotation":0,"texture":"#2"},"south":{"uv":[13.5625,14.875,13.6015625,14.917969],"tintindex":0,"rotation":0,"texture":"#2"},"north":{"uv":[14.875,13.5,14.9140625,13.542969],"tintindex":0,"rotation":0,"texture":"#2"},"west":{"uv":[15.25,9.125,15.261719,9.167969],"tintindex":0,"rotation":0,"texture":"#2"},"up":{"uv":[15.2890625,15.261719,15.25,15.25],"tintindex":0,"rotation":0,"texture":"#2"},"down":{"uv":[0.0390625,15.3125,0.0,15.324219],"tintindex":0,"rotation":0,"texture":"#2"}}},{"from":[8.426562,8.13611,-1.8242188],"to":[8.532031,8.557985,-1.6132812],"faces":{"east":{"uv":[15.3125,11.9375,15.324219,11.964844],"tintindex":0,"rotation":0,"texture":"#2"},"south":{"uv":[7.875,15.4375,7.8828125,15.464844],"tintindex":0,"rotation":0,"texture":"#2"},"north":{"uv":[15.4375,7.8125,15.4453125,7.8398438],"tintindex":0,"rotation":0,"texture":"#2"},"west":{"uv":[12.0,15.3125,12.011719,15.339844],"tintindex":0,"rotation":0,"texture":"#2"},"up":{"uv":[4.3203125,15.511719,4.3125,15.5],"tintindex":0,"rotation":0,"texture":"#2"},"down":{"uv":[15.5078125,4.3125,15.5,4.3242188],"tintindex":0,"rotation":0,"texture":"#2"}}},{"from":[7.424609,8.13611,-1.8769531],"to":[7.5828123,8.557985,-1.5605469],"faces":{"east":{"uv":[5.25,15.25,5.2695312,15.277344],"tintindex":0,"rotation":0,"texture":"#2"},"south":{"uv":[11.9375,15.3125,11.949219,15.339844],"tintindex":0,"rotation":0,"texture":"#2"},"north":{"uv":[15.3125,11.875,15.324219,11.902344],"tintindex":0,"rotation":0,"texture":"#2"},"west":{"uv":[15.25,5.25,15.269531,5.2773438],"tintindex":0,"rotation":0,"texture":"#2"},"up":{"uv":[15.449219,3.8320312,15.4375,3.8125],"tintindex":0,"rotation":0,"texture":"#2"},"down":{"uv":[3.8867188,15.4375,3.875,15.457031],"tintindex":0,"rotation":0,"texture":"#2"}}},{"from":[7.424609,7.4505644,-2.0351562],"to":[7.5828123,8.13611,-1.4023438],"faces":{"east":{"uv":[14.875,13.375,14.9140625,13.417969],"tintindex":0,"rotation":0,"texture":"#2"},"south":{"uv":[15.25,9.0,15.261719,9.042969],"tintindex":0,"rotation":0,"texture":"#2"},"north":{"uv":[9.0,15.25,9.011719,15.292969],"tintindex":0,"rotation":0,"texture":"#2"},"west":{"uv":[13.4375,14.875,13.4765625,14.917969],"tintindex":0,"rotation":0,"texture":"#2"},"up":{"uv":[15.136719,15.2890625,15.125,15.25],"tintindex":0,"rotation":0,"texture":"#2"},"down":{"uv":[15.261719,15.125,15.25,15.1640625],"tintindex":0,"rotation":0,"texture":"#2"}}}]}