{"textures":{"2":"modelengine:entity/pillars"},"elements":[{"from":[2.2632084,-0.41987038,2.1987495],"to":[13.865708,14.808411,13.80125],"faces":{"east":{"uv":[4.0,3.0,4.7265625,3.953125],"tintindex":0,"rotation":0,"texture":"#2"},"south":{"uv":[4.0,4.0,4.7265625,4.953125],"tintindex":0,"rotation":0,"texture":"#2"},"north":{"uv":[4.0,2.0,4.7265625,2.953125],"tintindex":0,"rotation":0,"texture":"#2"},"west":{"uv":[4.75,2.0,5.4765625,2.953125],"tintindex":0,"rotation":0,"texture":"#2"},"up":{"uv":[6.7265625,5.7890625,6.0,5.0625],"tintindex":0,"rotation":0,"texture":"#2"},"down":{"uv":[6.7265625,5.8125,6.0,6.5390625],"tintindex":0,"rotation":0,"texture":"#2"}}},{"from":[13.865708,-0.41987038,5.099373],"to":[15.316021,9.007162,10.900623],"faces":{"east":{"uv":[1.3125,8.125,1.6757812,8.714844],"tintindex":0,"rotation":0,"texture":"#2"},"south":{"uv":[0.0,12.0,0.08984375,12.589844],"tintindex":0,"rotation":0,"texture":"#2"},"north":{"uv":[11.9375,11.75,12.027344,12.339844],"tintindex":0,"rotation":0,"texture":"#2"},"west":{"uv":[8.5625,6.0,8.925781,6.5898438],"tintindex":0,"rotation":0,"texture":"#2"},"up":{"uv":[6.7148438,4.2382812,6.625,3.875],"tintindex":0,"rotation":0,"texture":"#2"},"down":{"uv":[3.2773438,9.75,3.1875,10.113281],"tintindex":0,"rotation":0,"texture":"#2"}}},{"from":[5.961505,9.007162,13.80125],"to":[10.312443,14.808411,15.976719],"faces":{"east":{"uv":[12.0,6.125,12.136719,6.4882812],"tintindex":0,"rotation":0,"texture":"#2"},"south":{"uv":[10.875,6.625,11.1484375,6.9882812],"tintindex":0,"rotation":0,"texture":"#2"},"north":{"uv":[10.875,6.25,11.1484375,6.6132812],"tintindex":0,"rotation":0,"texture":"#2"},"west":{"uv":[12.0,6.5,12.136719,6.8632812],"tintindex":0,"rotation":0,"texture":"#2"},"up":{"uv":[9.8359375,12.511719,9.5625,12.375],"tintindex":0,"rotation":0,"texture":"#2"},"down":{"uv":[12.6484375,10.3125,12.375,10.449219],"tintindex":0,"rotation":0,"texture":"#2"}}},{"from":[13.865708,9.007162,6.5496864],"to":[15.316021,14.808411,9.45031],"faces":{"east":{"uv":[7.5625,8.8125,7.7421875,9.175781],"tintindex":0,"rotation":0,"texture":"#2"},"south":{"uv":[9.75,12.5625,9.839844,12.925781],"tintindex":0,"rotation":0,"texture":"#2"},"north":{"uv":[3.4375,11.375,3.5273438,11.738281],"tintindex":0,"rotation":0,"texture":"#2"},"west":{"uv":[9.6875,4.8125,9.8671875,5.1757812],"tintindex":0,"rotation":0,"texture":"#2"},"up":{"uv":[13.589844,6.1171875,13.5,5.9375],"tintindex":0,"rotation":0,"texture":"#2"},"down":{"uv":[13.589844,10.8125,13.5,10.9921875],"tintindex":0,"rotation":0,"texture":"#2"}}},{"from":[0.087739944,9.007162,5.8245316],"to":[2.2632084,14.808411,10.175468],"faces":{"east":{"uv":[10.8125,5.875,11.0859375,6.2382812],"tintindex":0,"rotation":0,"texture":"#2"},"south":{"uv":[2.6875,12.0,2.8242188,12.363281],"tintindex":0,"rotation":0,"texture":"#2"},"north":{"uv":[2.5,12.0,2.6367188,12.363281],"tintindex":0,"rotation":0,"texture":"#2"},"west":{"uv":[10.875,1.125,11.1484375,1.4882812],"tintindex":0,"rotation":0,"texture":"#2"},"up":{"uv":[12.511719,8.7109375,12.375,8.4375],"tintindex":0,"rotation":0,"texture":"#2"},"down":{"uv":[12.511719,8.75,12.375,9.0234375],"tintindex":0,"rotation":0,"texture":"#2"}}},{"from":[5.961505,9.007162,0.023281097],"to":[10.312443,14.808411,2.1987495],"faces":{"east":{"uv":[12.0,4.6875,12.136719,5.0507812],"tintindex":0,"rotation":0,"texture":"#2"},"south":{"uv":[6.25,10.875,6.5234375,11.238281],"tintindex":0,"rotation":0,"texture":"#2"},"north":{"uv":[5.9375,10.875,6.2109375,11.238281],"tintindex":0,"rotation":0,"texture":"#2"},"west":{"uv":[5.625,12.0,5.7617188,12.363281],"tintindex":0,"rotation":0,"texture":"#2"},"up":{"uv":[12.6484375,9.199219,12.375,9.0625],"tintindex":0,"rotation":0,"texture":"#2"},"down":{"uv":[12.6484375,9.25,12.375,9.386719],"tintindex":0,"rotation":0,"texture":"#2"}}},{"from":[3.713521,-0.41987038,0.023281097],"to":[12.415396,9.007162,2.1987495],"faces":{"east":{"uv":[11.0625,3.0,11.199219,3.5898438],"tintindex":0,"rotation":0,"texture":"#2"},"south":{"uv":[7.125,6.9375,7.6679688,7.5273438],"tintindex":0,"rotation":0,"texture":"#2"},"north":{"uv":[7.125,6.3125,7.6679688,6.9023438],"tintindex":0,"rotation":0,"texture":"#2"},"west":{"uv":[6.8125,11.0625,6.9492188,11.652344],"tintindex":0,"rotation":0,"texture":"#2"},"up":{"uv":[11.980469,6.2617188,11.4375,6.125],"tintindex":0,"rotation":0,"texture":"#2"},"down":{"uv":[11.980469,6.3125,11.4375,6.4492188],"tintindex":0,"rotation":0,"texture":"#2"}}},{"from":[3.713521,-0.41987038,13.80125],"to":[12.415396,9.007162,15.976719],"faces":{"east":{"uv":[11.0625,7.875,11.199219,8.464844],"tintindex":0,"rotation":0,"texture":"#2"},"south":{"uv":[7.25,3.75,7.7929688,4.3398438],"tintindex":0,"rotation":0,"texture":"#2"},"north":{"uv":[7.25,0.0,7.7929688,0.58984375],"tintindex":0,"rotation":0,"texture":"#2"},"west":{"uv":[11.0625,8.5,11.199219,9.089844],"tintindex":0,"rotation":0,"texture":"#2"},"up":{"uv":[11.980469,6.6367188,11.4375,6.5],"tintindex":0,"rotation":0,"texture":"#2"},"down":{"uv":[11.980469,6.6875,11.4375,6.8242188],"tintindex":0,"rotation":0,"texture":"#2"}}},{"from":[0.087739944,-0.41987038,3.649063],"to":[2.2632084,9.007162,12.350937],"faces":{"east":{"uv":[7.0,3.125,7.5429688,3.7148438],"tintindex":0,"rotation":0,"texture":"#2"},"south":{"uv":[9.4375,11.0,9.574219,11.589844],"tintindex":0,"rotation":0,"texture":"#2"},"north":{"uv":[0.9375,11.0,1.0742188,11.589844],"tintindex":0,"rotation":0,"texture":"#2"},"west":{"uv":[7.0625,0.75,7.6054688,1.3398438],"tintindex":0,"rotation":0,"texture":"#2"},"up":{"uv":[6.5117188,11.792969,6.375,11.25],"tintindex":0,"rotation":0,"texture":"#2"},"down":{"uv":[5.7617188,11.4375,5.625,11.980469],"tintindex":0,"rotation":0,"texture":"#2"}}}]}