{"textures":{"2":"modelengine:entity/pillars"},"elements":[{"from":[8.3199215,7.613015,-1.8769531],"to":[8.399023,8.127175,-1.5605469],"faces":{"east":{"uv":[0.25,15.25,0.26953125,15.28125],"tintindex":0,"rotation":0,"texture":"#2"},"south":{"uv":[15.375,15.4375,15.378906,15.46875],"tintindex":0,"rotation":0,"texture":"#2"},"north":{"uv":[15.4375,15.3125,15.441406,15.34375],"tintindex":0,"rotation":0,"texture":"#2"},"west":{"uv":[15.25,0.25,15.269531,0.28125],"tintindex":0,"rotation":0,"texture":"#2"},"up":{"uv":[5.5664062,15.519531,5.5625,15.5],"tintindex":0,"rotation":0,"texture":"#2"},"down":{"uv":[15.503906,5.5625,15.5,5.5820312],"tintindex":0,"rotation":0,"texture":"#2"}}},{"from":[7.568457,8.127175,-1.8374023],"to":[7.6871095,8.443582,-1.6000977],"faces":{"east":{"uv":[2.5625,15.375,2.578125,15.394531],"tintindex":0,"rotation":0,"texture":"#2"},"south":{"uv":[10.3125,15.4375,10.3203125,15.457031],"tintindex":0,"rotation":0,"texture":"#2"},"north":{"uv":[15.4375,10.25,15.4453125,10.269531],"tintindex":0,"rotation":0,"texture":"#2"},"west":{"uv":[15.375,2.5625,15.390625,2.5820312],"tintindex":0,"rotation":0,"texture":"#2"},"up":{"uv":[15.4453125,15.265625,15.4375,15.25],"tintindex":0,"rotation":0,"texture":"#2"},"down":{"uv":[15.3203125,15.4375,15.3125,15.453125],"tintindex":0,"rotation":0,"texture":"#2"}}},{"from":[7.8888183,8.127175,-2.1538086],"to":[8.126123,8.443582,-2.0351562],"faces":{"east":{"uv":[15.4375,10.3125,15.4453125,10.332031],"tintindex":0,"rotation":0,"texture":"#2"},"south":{"uv":[15.375,2.625,15.390625,2.6445312],"tintindex":0,"rotation":0,"texture":"#2"},"north":{"uv":[2.625,15.375,2.640625,15.394531],"tintindex":0,"rotation":0,"texture":"#2"},"west":{"uv":[10.375,15.4375,10.3828125,15.457031],"tintindex":0,"rotation":0,"texture":"#2"},"up":{"uv":[15.453125,15.3828125,15.4375,15.375],"tintindex":0,"rotation":0,"texture":"#2"},"down":{"uv":[15.453125,15.4375,15.4375,15.4453125],"tintindex":0,"rotation":0,"texture":"#2"}}},{"from":[7.568457,7.613015,-1.9560547],"to":[7.6871095,8.127175,-1.4814453],"faces":{"east":{"uv":[10.75,15.0625,10.78125,15.09375],"tintindex":0,"rotation":0,"texture":"#2"},"south":{"uv":[15.375,10.8125,15.3828125,10.84375],"tintindex":0,"rotation":0,"texture":"#2"},"north":{"uv":[10.8125,15.375,10.8203125,15.40625],"tintindex":0,"rotation":0,"texture":"#2"},"west":{"uv":[10.8125,15.0625,10.84375,15.09375],"tintindex":0,"rotation":0,"texture":"#2"},"up":{"uv":[10.8828125,15.40625,10.875,15.375],"tintindex":0,"rotation":0,"texture":"#2"},"down":{"uv":[15.3828125,10.875,15.375,10.90625],"tintindex":0,"rotation":0,"texture":"#2"}}},{"from":[7.6871095,7.613015,-2.0351562],"to":[8.3199215,8.443582,-1.4023438],"faces":{"east":{"uv":[14.875,1.5625,14.9140625,1.6132812],"tintindex":0,"rotation":0,"texture":"#2"},"south":{"uv":[14.875,1.625,14.9140625,1.6757812],"tintindex":0,"rotation":0,"texture":"#2"},"north":{"uv":[14.875,1.5,14.9140625,1.5507812],"tintindex":0,"rotation":0,"texture":"#2"},"west":{"uv":[1.75,14.875,1.7890625,14.925781],"tintindex":0,"rotation":0,"texture":"#2"},"up":{"uv":[9.2265625,14.9765625,9.1875,14.9375],"tintindex":0,"rotation":0,"texture":"#2"},"down":{"uv":[14.9765625,9.1875,14.9375,9.2265625],"tintindex":0,"rotation":0,"texture":"#2"}}},{"from":[7.766211,7.613015,-2.1538086],"to":[8.24082,8.127175,-2.0351562],"faces":{"east":{"uv":[10.9375,15.375,10.9453125,15.40625],"tintindex":0,"rotation":0,"texture":"#2"},"south":{"uv":[11.0,15.0625,11.03125,15.09375],"tintindex":0,"rotation":0,"texture":"#2"},"north":{"uv":[10.875,15.0625,10.90625,15.09375],"tintindex":0,"rotation":0,"texture":"#2"},"west":{"uv":[15.375,10.9375,15.3828125,10.96875],"tintindex":0,"rotation":0,"texture":"#2"},"up":{"uv":[11.03125,15.3828125,11.0,15.375],"tintindex":0,"rotation":0,"texture":"#2"},"down":{"uv":[15.40625,11.0,15.375,11.0078125],"tintindex":0,"rotation":0,"texture":"#2"}}},{"from":[8.3199215,8.127175,-1.7978516],"to":[8.399023,8.443582,-1.6396484],"faces":{"east":{"uv":[15.4375,2.75,15.449219,2.7695312],"tintindex":0,"rotation":0,"texture":"#2"},"south":{"uv":[15.5,5.625,15.503906,5.6445312],"tintindex":0,"rotation":0,"texture":"#2"},"north":{"uv":[5.625,15.5,5.6289062,15.519531],"tintindex":0,"rotation":0,"texture":"#2"},"west":{"uv":[2.8125,15.4375,2.8242188,15.457031],"tintindex":0,"rotation":0,"texture":"#2"},"up":{"uv":[7.8164062,15.511719,7.8125,15.5],"tintindex":0,"rotation":0,"texture":"#2"},"down":{"uv":[15.503906,7.8125,15.5,7.8242188],"tintindex":0,"rotation":0,"texture":"#2"}}},{"from":[7.766211,7.613015,-1.4023438],"to":[8.24082,8.127175,-1.2836914],"faces":{"east":{"uv":[11.0625,15.375,11.0703125,15.40625],"tintindex":0,"rotation":0,"texture":"#2"},"south":{"uv":[15.0625,11.125,15.09375,11.15625],"tintindex":0,"rotation":0,"texture":"#2"},"north":{"uv":[11.0625,15.0625,11.09375,15.09375],"tintindex":0,"rotation":0,"texture":"#2"},"west":{"uv":[15.375,11.0625,15.3828125,11.09375],"tintindex":0,"rotation":0,"texture":"#2"},"up":{"uv":[11.15625,15.3828125,11.125,15.375],"tintindex":0,"rotation":0,"texture":"#2"},"down":{"uv":[15.40625,11.125,15.375,11.1328125],"tintindex":0,"rotation":0,"texture":"#2"}}},{"from":[7.8888183,8.127175,-1.4023438],"to":[8.126123,8.443582,-1.2836914],"faces":{"east":{"uv":[15.4375,10.375,15.4453125,10.394531],"tintindex":0,"rotation":0,"texture":"#2"},"south":{"uv":[15.375,2.6875,15.390625,2.7070312],"tintindex":0,"rotation":0,"texture":"#2"},"north":{"uv":[2.6875,15.375,2.703125,15.394531],"tintindex":0,"rotation":0,"texture":"#2"},"west":{"uv":[10.4375,15.4375,10.4453125,15.457031],"tintindex":0,"rotation":0,"texture":"#2"},"up":{"uv":[0.015625,15.5078125,0.0,15.5],"tintindex":0,"rotation":0,"texture":"#2"},"down":{"uv":[15.515625,0.0,15.5,0.0078125],"tintindex":0,"rotation":0,"texture":"#2"}}}]}