{"textures":{"2":"modelengine:entity/pillars"},"elements":[{"from":[7.604687,8.095313,6.453125],"to":[8.448437,9.220313,6.875],"faces":{"east":{"uv":[14.875,6.0,14.902344,6.0703125],"tintindex":0,"rotation":0,"texture":"#2"},"south":{"uv":[14.625,8.5,14.6796875,8.5703125],"tintindex":0,"rotation":0,"texture":"#2"},"north":{"uv":[8.4375,14.625,8.4921875,14.6953125],"tintindex":0,"rotation":0,"texture":"#2"},"west":{"uv":[14.875,6.125,14.902344,6.1953125],"tintindex":0,"rotation":0,"texture":"#2"},"up":{"uv":[0.6796875,15.027344,0.625,15.0],"tintindex":0,"rotation":0,"texture":"#2"},"down":{"uv":[15.0546875,0.625,15.0,0.65234375],"tintindex":0,"rotation":0,"texture":"#2"}}},{"from":[7.16875,6.267188,9.125],"to":[8.85625,8.095313,9.546875],"faces":{"east":{"uv":[5.6875,14.75,5.7148438,14.863281],"tintindex":0,"rotation":0,"texture":"#2"},"south":{"uv":[3.125,13.875,3.2304688,13.988281],"tintindex":0,"rotation":0,"texture":"#2"},"north":{"uv":[3.0,13.875,3.1054688,13.988281],"tintindex":0,"rotation":0,"texture":"#2"},"west":{"uv":[14.75,5.75,14.777344,5.8632812],"tintindex":0,"rotation":0,"texture":"#2"},"up":{"uv":[14.855469,10.402344,14.75,10.375],"tintindex":0,"rotation":0,"texture":"#2"},"down":{"uv":[14.855469,10.4375,14.75,10.464844],"tintindex":0,"rotation":0,"texture":"#2"}}},{"from":[6.465625,8.095313,7.578125],"to":[6.8875,9.220313,8.421875],"faces":{"east":{"uv":[8.3125,14.625,8.3671875,14.6953125],"tintindex":0,"rotation":0,"texture":"#2"},"south":{"uv":[14.875,5.875,14.902344,5.9453125],"tintindex":0,"rotation":0,"texture":"#2"},"north":{"uv":[14.875,5.75,14.902344,5.8203125],"tintindex":0,"rotation":0,"texture":"#2"},"west":{"uv":[8.375,14.625,8.4296875,14.6953125],"tintindex":0,"rotation":0,"texture":"#2"},"up":{"uv":[0.58984375,15.0546875,0.5625,15.0],"tintindex":0,"rotation":0,"texture":"#2"},"down":{"uv":[15.027344,0.5625,15.0,0.6171875],"tintindex":0,"rotation":0,"texture":"#2"}}},{"from":[7.16875,6.267188,6.453125],"to":[8.85625,8.095313,6.875],"faces":{"east":{"uv":[5.625,14.75,5.6523438,14.863281],"tintindex":0,"rotation":0,"texture":"#2"},"south":{"uv":[2.875,13.875,2.9804688,13.988281],"tintindex":0,"rotation":0,"texture":"#2"},"north":{"uv":[2.75,13.875,2.8554688,13.988281],"tintindex":0,"rotation":0,"texture":"#2"},"west":{"uv":[14.75,5.625,14.777344,5.7382812],"tintindex":0,"rotation":0,"texture":"#2"},"up":{"uv":[14.855469,10.277344,14.75,10.25],"tintindex":0,"rotation":0,"texture":"#2"},"down":{"uv":[14.855469,10.3125,14.75,10.339844],"tintindex":0,"rotation":0,"texture":"#2"}}},{"from":[6.8875,6.267188,6.875],"to":[9.1375,9.220313,9.125],"faces":{"east":{"uv":[13.0625,11.0625,13.203125,11.246094],"tintindex":0,"rotation":0,"texture":"#2"},"south":{"uv":[11.125,13.0625,11.265625,13.246094],"tintindex":0,"rotation":0,"texture":"#2"},"north":{"uv":[10.9375,13.0625,11.078125,13.246094],"tintindex":0,"rotation":0,"texture":"#2"},"west":{"uv":[13.0625,11.25,13.203125,11.433594],"tintindex":0,"rotation":0,"texture":"#2"},"up":{"uv":[2.953125,13.640625,2.8125,13.5],"tintindex":0,"rotation":0,"texture":"#2"},"down":{"uv":[13.640625,2.8125,13.5,2.953125],"tintindex":0,"rotation":0,"texture":"#2"}}},{"from":[9.1375,6.267188,7.4375],"to":[9.41875,8.095313,8.5625],"faces":{"east":{"uv":[14.125,8.4375,14.1953125,8.550781],"tintindex":0,"rotation":0,"texture":"#2"},"south":{"uv":[14.8125,5.625,14.832031,5.7382812],"tintindex":0,"rotation":0,"texture":"#2"},"north":{"uv":[14.8125,5.5,14.832031,5.6132812],"tintindex":0,"rotation":0,"texture":"#2"},"west":{"uv":[14.125,8.5625,14.1953125,8.675781],"tintindex":0,"rotation":0,"texture":"#2"},"up":{"uv":[15.019531,5.4453125,15.0,5.375],"tintindex":0,"rotation":0,"texture":"#2"},"down":{"uv":[5.4570312,15.0,5.4375,15.0703125],"tintindex":0,"rotation":0,"texture":"#2"}}},{"from":[7.604687,8.095313,9.125],"to":[8.448437,9.220313,9.546875],"faces":{"east":{"uv":[14.875,6.25,14.902344,6.3203125],"tintindex":0,"rotation":0,"texture":"#2"},"south":{"uv":[8.8125,14.625,8.8671875,14.6953125],"tintindex":0,"rotation":0,"texture":"#2"},"north":{"uv":[8.75,14.625,8.8046875,14.6953125],"tintindex":0,"rotation":0,"texture":"#2"},"west":{"uv":[14.875,6.375,14.902344,6.4453125],"tintindex":0,"rotation":0,"texture":"#2"},"up":{"uv":[0.7421875,15.027344,0.6875,15.0],"tintindex":0,"rotation":0,"texture":"#2"},"down":{"uv":[15.0546875,0.6875,15.0,0.71484375],"tintindex":0,"rotation":0,"texture":"#2"}}},{"from":[9.1375,8.095313,7.71875],"to":[9.41875,9.220313,8.28125],"faces":{"east":{"uv":[14.8125,1.4375,14.847656,1.5078125],"tintindex":0,"rotation":0,"texture":"#2"},"south":{"uv":[5.5625,15.0,5.5820312,15.0703125],"tintindex":0,"rotation":0,"texture":"#2"},"north":{"uv":[5.5,15.0,5.5195312,15.0703125],"tintindex":0,"rotation":0,"texture":"#2"},"west":{"uv":[1.5625,14.8125,1.5976562,14.8828125],"tintindex":0,"rotation":0,"texture":"#2"},"up":{"uv":[15.144531,14.597656,15.125,14.5625],"tintindex":0,"rotation":0,"texture":"#2"},"down":{"uv":[14.644531,15.125,14.625,15.160156],"tintindex":0,"rotation":0,"texture":"#2"}}},{"from":[6.465625,6.267188,7.15625],"to":[6.8875,8.095313,8.84375],"faces":{"east":{"uv":[2.5,13.875,2.6054688,13.988281],"tintindex":0,"rotation":0,"texture":"#2"},"south":{"uv":[14.75,5.5,14.777344,5.6132812],"tintindex":0,"rotation":0,"texture":"#2"},"north":{"uv":[14.75,5.375,14.777344,5.4882812],"tintindex":0,"rotation":0,"texture":"#2"},"west":{"uv":[2.625,13.875,2.7304688,13.988281],"tintindex":0,"rotation":0,"texture":"#2"},"up":{"uv":[14.777344,10.230469,14.75,10.125],"tintindex":0,"rotation":0,"texture":"#2"},"down":{"uv":[10.277344,14.75,10.25,14.855469],"tintindex":0,"rotation":0,"texture":"#2"}}}]}