{"textures":{"2":"modelengine:entity/pillars"},"elements":[{"from":[9.990625,4.8471355,-3.6343746],"to":[10.482813,8.046354,-1.6656246],"faces":{"east":{"uv":[13.1875,4.4375,13.3125,4.6367188],"tintindex":0,"rotation":0,"texture":"#2"},"south":{"uv":[12.9375,14.3125,12.96875,14.511719],"tintindex":0,"rotation":0,"texture":"#2"},"north":{"uv":[12.8125,14.3125,12.84375,14.511719],"tintindex":0,"rotation":0,"texture":"#2"},"west":{"uv":[13.1875,4.6875,13.3125,4.8867188],"tintindex":0,"rotation":0,"texture":"#2"},"up":{"uv":[4.78125,14.75,4.75,14.625],"tintindex":0,"rotation":0,"texture":"#2"},"down":{"uv":[14.65625,4.75,14.625,4.875],"tintindex":0,"rotation":0,"texture":"#2"}}},{"from":[7.3082027,8.046354,-0.6812496],"to":[8.784765,10.015104,0.05703163],"faces":{"east":{"uv":[2.875,14.375,2.921875,14.5],"tintindex":0,"rotation":0,"texture":"#2"},"south":{"uv":[1.875,13.9375,1.96875,14.0625],"tintindex":0,"rotation":0,"texture":"#2"},"north":{"uv":[13.9375,1.75,14.03125,1.875],"tintindex":0,"rotation":0,"texture":"#2"},"west":{"uv":[14.375,2.875,14.421875,3.0],"tintindex":0,"rotation":0,"texture":"#2"},"up":{"uv":[14.65625,8.421875,14.5625,8.375],"tintindex":0,"rotation":0,"texture":"#2"},"down":{"uv":[14.65625,8.4375,14.5625,8.484375],"tintindex":0,"rotation":0,"texture":"#2"}}},{"from":[5.314844,8.046354,-3.3882809],"to":[6.0531254,10.015104,-1.9117184],"faces":{"east":{"uv":[13.9375,1.25,14.03125,1.375],"tintindex":0,"rotation":0,"texture":"#2"},"south":{"uv":[2.75,14.375,2.796875,14.5],"tintindex":0,"rotation":0,"texture":"#2"},"north":{"uv":[2.6875,14.375,2.734375,14.5],"tintindex":0,"rotation":0,"texture":"#2"},"west":{"uv":[13.9375,1.375,14.03125,1.5],"tintindex":0,"rotation":0,"texture":"#2"},"up":{"uv":[8.109375,14.65625,8.0625,14.5625],"tintindex":0,"rotation":0,"texture":"#2"},"down":{"uv":[8.171875,14.5625,8.125,14.65625],"tintindex":0,"rotation":0,"texture":"#2"}}},{"from":[9.990625,8.046354,-3.142187],"to":[10.482813,10.015104,-2.157812],"faces":{"east":{"uv":[1.625,11.625,1.6875,11.75],"tintindex":0,"rotation":0,"texture":"#2"},"south":{"uv":[4.875,14.625,4.90625,14.75],"tintindex":0,"rotation":0,"texture":"#2"},"north":{"uv":[4.8125,14.625,4.84375,14.75],"tintindex":0,"rotation":0,"texture":"#2"},"west":{"uv":[11.8125,5.375,11.875,5.5],"tintindex":0,"rotation":0,"texture":"#2"},"up":{"uv":[4.71875,14.9375,4.6875,14.875],"tintindex":0,"rotation":0,"texture":"#2"},"down":{"uv":[14.90625,4.6875,14.875,4.75],"tintindex":0,"rotation":0,"texture":"#2"}}},{"from":[6.0531254,4.8471355,-4.6187496],"to":[9.990625,10.015104,-0.6812496],"faces":{"east":{"uv":[11.25,3.0,11.496094,3.3242188],"tintindex":0,"rotation":0,"texture":"#2"},"south":{"uv":[11.25,4.625,11.496094,4.9492188],"tintindex":0,"rotation":0,"texture":"#2"},"north":{"uv":[11.25,2.625,11.496094,2.9492188],"tintindex":0,"rotation":0,"texture":"#2"},"west":{"uv":[11.25,5.0,11.496094,5.3242188],"tintindex":0,"rotation":0,"texture":"#2"},"up":{"uv":[5.1210938,12.121094,4.875,11.875],"tintindex":0,"rotation":0,"texture":"#2"},"down":{"uv":[12.121094,5.375,11.875,5.6210938],"tintindex":0,"rotation":0,"texture":"#2"}}},{"from":[7.3082027,8.046354,-5.357031],"to":[8.784765,10.015104,-4.6187496],"faces":{"east":{"uv":[14.375,2.75,14.421875,2.875],"tintindex":0,"rotation":0,"texture":"#2"},"south":{"uv":[13.9375,1.625,14.03125,1.75],"tintindex":0,"rotation":0,"texture":"#2"},"north":{"uv":[13.9375,1.5,14.03125,1.625],"tintindex":0,"rotation":0,"texture":"#2"},"west":{"uv":[2.8125,14.375,2.859375,14.5],"tintindex":0,"rotation":0,"texture":"#2"},"up":{"uv":[14.65625,8.046875,14.5625,8.0],"tintindex":0,"rotation":0,"texture":"#2"},"down":{"uv":[14.65625,8.3125,14.5625,8.359375],"tintindex":0,"rotation":0,"texture":"#2"}}},{"from":[5.314844,4.8471355,-4.126562],"to":[6.0531254,8.046354,-1.1734371],"faces":{"east":{"uv":[12.4375,12.4375,12.621094,12.636719],"tintindex":0,"rotation":0,"texture":"#2"},"south":{"uv":[14.0625,8.5625,14.109375,8.761719],"tintindex":0,"rotation":0,"texture":"#2"},"north":{"uv":[8.5625,14.0625,8.609375,14.261719],"tintindex":0,"rotation":0,"texture":"#2"},"west":{"uv":[12.5,0.0,12.683594,0.19921875],"tintindex":0,"rotation":0,"texture":"#2"},"up":{"uv":[14.171875,2.4335938,14.125,2.25],"tintindex":0,"rotation":0,"texture":"#2"},"down":{"uv":[2.359375,14.125,2.3125,14.308594],"tintindex":0,"rotation":0,"texture":"#2"}}},{"from":[6.545313,4.8471355,-5.357031],"to":[9.498438,8.046354,-4.6187496],"faces":{"east":{"uv":[8.625,14.0625,8.671875,14.261719],"tintindex":0,"rotation":0,"texture":"#2"},"south":{"uv":[12.5,0.5,12.683594,0.69921875],"tintindex":0,"rotation":0,"texture":"#2"},"north":{"uv":[12.5,0.25,12.683594,0.44921875],"tintindex":0,"rotation":0,"texture":"#2"},"west":{"uv":[8.6875,14.0625,8.734375,14.261719],"tintindex":0,"rotation":0,"texture":"#2"},"up":{"uv":[2.5585938,14.171875,2.375,14.125],"tintindex":0,"rotation":0,"texture":"#2"},"down":{"uv":[14.308594,2.4375,14.125,2.484375],"tintindex":0,"rotation":0,"texture":"#2"}}},{"from":[6.545313,4.8471355,-0.6812496],"to":[9.498438,8.046354,0.05703163],"faces":{"east":{"uv":[8.75,14.0625,8.796875,14.261719],"tintindex":0,"rotation":0,"texture":"#2"},"south":{"uv":[12.5,2.25,12.683594,2.4492188],"tintindex":0,"rotation":0,"texture":"#2"},"north":{"uv":[12.5,2.0,12.683594,2.1992188],"tintindex":0,"rotation":0,"texture":"#2"},"west":{"uv":[8.8125,14.0625,8.859375,14.261719],"tintindex":0,"rotation":0,"texture":"#2"},"up":{"uv":[2.7460938,14.171875,2.5625,14.125],"tintindex":0,"rotation":0,"texture":"#2"},"down":{"uv":[2.9335938,14.125,2.75,14.171875],"tintindex":0,"rotation":0,"texture":"#2"}}}]}