{"textures":{"2":"modelengine:entity/pillars"},"elements":[{"from":[9.990625,8.046354,-3.142187],"to":[10.482813,10.015104,-2.157812],"faces":{"east":{"uv":[10.4375,6.375,10.5,6.5],"tintindex":0,"rotation":0,"texture":"#2"},"south":{"uv":[4.3125,14.625,4.34375,14.75],"tintindex":0,"rotation":0,"texture":"#2"},"north":{"uv":[4.1875,14.625,4.21875,14.75],"tintindex":0,"rotation":0,"texture":"#2"},"west":{"uv":[1.0625,10.5,1.125,10.625],"tintindex":0,"rotation":0,"texture":"#2"},"up":{"uv":[4.53125,14.9375,4.5,14.875],"tintindex":0,"rotation":0,"texture":"#2"},"down":{"uv":[14.90625,4.5,14.875,4.5625],"tintindex":0,"rotation":0,"texture":"#2"}}},{"from":[7.3082027,8.046354,-0.6812496],"to":[8.784765,10.015104,0.05703163],"faces":{"east":{"uv":[1.9375,14.375,1.984375,14.5],"tintindex":0,"rotation":0,"texture":"#2"},"south":{"uv":[0.0,13.9375,0.09375,14.0625],"tintindex":0,"rotation":0,"texture":"#2"},"north":{"uv":[13.875,13.875,13.96875,14.0],"tintindex":0,"rotation":0,"texture":"#2"},"west":{"uv":[2.0,14.375,2.046875,14.5],"tintindex":0,"rotation":0,"texture":"#2"},"up":{"uv":[14.65625,6.546875,14.5625,6.5],"tintindex":0,"rotation":0,"texture":"#2"},"down":{"uv":[14.65625,6.5625,14.5625,6.609375],"tintindex":0,"rotation":0,"texture":"#2"}}},{"from":[9.990625,4.8471355,-3.6343746],"to":[10.482813,8.046354,-1.6656246],"faces":{"east":{"uv":[13.1875,2.9375,13.3125,3.1367188],"tintindex":0,"rotation":0,"texture":"#2"},"south":{"uv":[10.4375,14.3125,10.46875,14.511719],"tintindex":0,"rotation":0,"texture":"#2"},"north":{"uv":[6.875,14.3125,6.90625,14.511719],"tintindex":0,"rotation":0,"texture":"#2"},"west":{"uv":[13.1875,3.1875,13.3125,3.3867188],"tintindex":0,"rotation":0,"texture":"#2"},"up":{"uv":[4.15625,14.75,4.125,14.625],"tintindex":0,"rotation":0,"texture":"#2"},"down":{"uv":[14.65625,4.125,14.625,4.25],"tintindex":0,"rotation":0,"texture":"#2"}}},{"from":[6.545313,4.8471355,-5.357031],"to":[9.498438,8.046354,-4.6187496],"faces":{"east":{"uv":[7.5,14.0625,7.546875,14.261719],"tintindex":0,"rotation":0,"texture":"#2"},"south":{"uv":[12.4375,5.0625,12.621094,5.2617188],"tintindex":0,"rotation":0,"texture":"#2"},"north":{"uv":[5.0625,12.4375,5.2460938,12.636719],"tintindex":0,"rotation":0,"texture":"#2"},"west":{"uv":[14.0625,7.5625,14.109375,7.7617188],"tintindex":0,"rotation":0,"texture":"#2"},"up":{"uv":[14.308594,1.234375,14.125,1.1875],"tintindex":0,"rotation":0,"texture":"#2"},"down":{"uv":[14.308594,1.25,14.125,1.296875],"tintindex":0,"rotation":0,"texture":"#2"}}},{"from":[7.3082027,8.046354,-5.357031],"to":[8.784765,10.015104,-4.6187496],"faces":{"east":{"uv":[14.375,1.75,14.421875,1.875],"tintindex":0,"rotation":0,"texture":"#2"},"south":{"uv":[13.875,13.75,13.96875,13.875],"tintindex":0,"rotation":0,"texture":"#2"},"north":{"uv":[13.75,13.875,13.84375,14.0],"tintindex":0,"rotation":0,"texture":"#2"},"west":{"uv":[1.875,14.375,1.921875,14.5],"tintindex":0,"rotation":0,"texture":"#2"},"up":{"uv":[14.65625,6.484375,14.5625,6.4375],"tintindex":0,"rotation":0,"texture":"#2"},"down":{"uv":[6.59375,14.5625,6.5,14.609375],"tintindex":0,"rotation":0,"texture":"#2"}}},{"from":[5.314844,4.8471355,-4.126562],"to":[6.0531254,8.046354,-1.1734371],"faces":{"east":{"uv":[12.4375,4.5625,12.621094,4.7617188],"tintindex":0,"rotation":0,"texture":"#2"},"south":{"uv":[7.4375,14.0625,7.484375,14.261719],"tintindex":0,"rotation":0,"texture":"#2"},"north":{"uv":[7.375,14.0625,7.421875,14.261719],"tintindex":0,"rotation":0,"texture":"#2"},"west":{"uv":[12.4375,4.8125,12.621094,5.0117188],"tintindex":0,"rotation":0,"texture":"#2"},"up":{"uv":[0.921875,14.308594,0.875,14.125],"tintindex":0,"rotation":0,"texture":"#2"},"down":{"uv":[14.171875,1.0,14.125,1.1835938],"tintindex":0,"rotation":0,"texture":"#2"}}},{"from":[5.314844,8.046354,-3.3882809],"to":[6.0531254,10.015104,-1.9117184],"faces":{"east":{"uv":[13.625,13.875,13.71875,14.0],"tintindex":0,"rotation":0,"texture":"#2"},"south":{"uv":[1.6875,14.375,1.734375,14.5],"tintindex":0,"rotation":0,"texture":"#2"},"north":{"uv":[1.625,14.375,1.671875,14.5],"tintindex":0,"rotation":0,"texture":"#2"},"west":{"uv":[13.875,13.625,13.96875,13.75],"tintindex":0,"rotation":0,"texture":"#2"},"up":{"uv":[14.609375,6.40625,14.5625,6.3125],"tintindex":0,"rotation":0,"texture":"#2"},"down":{"uv":[6.421875,14.5625,6.375,14.65625],"tintindex":0,"rotation":0,"texture":"#2"}}},{"from":[6.0531254,4.8471355,-4.6187496],"to":[9.990625,10.015104,-0.6812496],"faces":{"east":{"uv":[7.875,11.125,8.121094,11.449219],"tintindex":0,"rotation":0,"texture":"#2"},"south":{"uv":[11.1875,0.375,11.433594,0.69921875],"tintindex":0,"rotation":0,"texture":"#2"},"north":{"uv":[11.125,7.0,11.371094,7.3242188],"tintindex":0,"rotation":0,"texture":"#2"},"west":{"uv":[11.1875,0.75,11.433594,1.0742188],"tintindex":0,"rotation":0,"texture":"#2"},"up":{"uv":[12.058594,5.3710938,11.8125,5.125],"tintindex":0,"rotation":0,"texture":"#2"},"down":{"uv":[5.6210938,11.8125,5.375,12.058594],"tintindex":0,"rotation":0,"texture":"#2"}}},{"from":[6.545313,4.8471355,-0.6812496],"to":[9.498438,8.046354,0.05703163],"faces":{"east":{"uv":[7.8125,14.0625,7.859375,14.261719],"tintindex":0,"rotation":0,"texture":"#2"},"south":{"uv":[12.4375,5.3125,12.621094,5.5117188],"tintindex":0,"rotation":0,"texture":"#2"},"north":{"uv":[5.25,12.4375,5.4335938,12.636719],"tintindex":0,"rotation":0,"texture":"#2"},"west":{"uv":[14.0625,7.8125,14.109375,8.011719],"tintindex":0,"rotation":0,"texture":"#2"},"up":{"uv":[1.4960938,14.171875,1.3125,14.125],"tintindex":0,"rotation":0,"texture":"#2"},"down":{"uv":[14.308594,1.3125,14.125,1.359375],"tintindex":0,"rotation":0,"texture":"#2"}}}]}