{"textures":{"2":"modelengine:entity/pillars"},"elements":[{"from":[7.851758,8.13611,-1.296875],"to":[8.168164,8.557985,-1.1386719],"faces":{"east":{"uv":[0.25,15.375,0.26171875,15.402344],"tintindex":0,"rotation":0,"texture":"#2"},"south":{"uv":[15.25,6.875,15.269531,6.9023438],"tintindex":0,"rotation":0,"texture":"#2"},"north":{"uv":[6.875,15.25,6.8945312,15.277344],"tintindex":0,"rotation":0,"texture":"#2"},"west":{"uv":[15.375,0.25,15.386719,0.27734375],"tintindex":0,"rotation":0,"texture":"#2"},"up":{"uv":[15.457031,5.9492188,15.4375,5.9375],"tintindex":0,"rotation":0,"texture":"#2"},"down":{"uv":[6.0195312,15.4375,6.0,15.449219],"tintindex":0,"rotation":0,"texture":"#2"}}},{"from":[7.6882815,7.4505644,-1.296875],"to":[8.321094,8.13611,-1.1386719],"faces":{"east":{"uv":[10.625,15.25,10.636719,15.292969],"tintindex":0,"rotation":0,"texture":"#2"},"south":{"uv":[14.9375,0.125,14.9765625,0.16796875],"tintindex":0,"rotation":0,"texture":"#2"},"north":{"uv":[0.125,14.9375,0.1640625,14.980469],"tintindex":0,"rotation":0,"texture":"#2"},"west":{"uv":[15.25,10.625,15.261719,10.667969],"tintindex":0,"rotation":0,"texture":"#2"},"up":{"uv":[15.3515625,1.9492188,15.3125,1.9375],"tintindex":0,"rotation":0,"texture":"#2"},"down":{"uv":[2.0390625,15.3125,2.0,15.324219],"tintindex":0,"rotation":0,"texture":"#2"}}},{"from":[8.426562,7.4505644,-1.9296875],"to":[8.532031,8.13611,-1.5078125],"faces":{"east":{"uv":[1.375,15.0625,1.4023438,15.105469],"tintindex":0,"rotation":0,"texture":"#2"},"south":{"uv":[7.625,15.3125,7.6328125,15.355469],"tintindex":0,"rotation":0,"texture":"#2"},"north":{"uv":[15.3125,7.5625,15.3203125,7.6054688],"tintindex":0,"rotation":0,"texture":"#2"},"west":{"uv":[15.0625,1.375,15.089844,1.4179688],"tintindex":0,"rotation":0,"texture":"#2"},"up":{"uv":[15.4453125,8.777344,15.4375,8.75],"tintindex":0,"rotation":0,"texture":"#2"},"down":{"uv":[8.8203125,15.4375,8.8125,15.464844],"tintindex":0,"rotation":0,"texture":"#2"}}},{"from":[8.426562,8.13611,-1.8242188],"to":[8.532031,8.557985,-1.6132812],"faces":{"east":{"uv":[0.125,15.375,0.13671875,15.402344],"tintindex":0,"rotation":0,"texture":"#2"},"south":{"uv":[8.875,15.4375,8.8828125,15.464844],"tintindex":0,"rotation":0,"texture":"#2"},"north":{"uv":[15.4375,8.8125,15.4453125,8.839844],"tintindex":0,"rotation":0,"texture":"#2"},"west":{"uv":[15.375,0.125,15.386719,0.15234375],"tintindex":0,"rotation":0,"texture":"#2"},"up":{"uv":[4.8203125,15.511719,4.8125,15.5],"tintindex":0,"rotation":0,"texture":"#2"},"down":{"uv":[15.5078125,4.8125,15.5,4.8242188],"tintindex":0,"rotation":0,"texture":"#2"}}},{"from":[7.851758,8.13611,-2.2988281],"to":[8.168164,8.557985,-2.140625],"faces":{"east":{"uv":[0.1875,15.375,0.19921875,15.402344],"tintindex":0,"rotation":0,"texture":"#2"},"south":{"uv":[15.25,6.8125,15.269531,6.8398438],"tintindex":0,"rotation":0,"texture":"#2"},"north":{"uv":[6.8125,15.25,6.8320312,15.277344],"tintindex":0,"rotation":0,"texture":"#2"},"west":{"uv":[15.375,0.1875,15.386719,0.21484375],"tintindex":0,"rotation":0,"texture":"#2"},"up":{"uv":[15.457031,5.8867188,15.4375,5.875],"tintindex":0,"rotation":0,"texture":"#2"},"down":{"uv":[5.9570312,15.4375,5.9375,15.449219],"tintindex":0,"rotation":0,"texture":"#2"}}},{"from":[7.4246097,8.13611,-1.8769531],"to":[7.582813,8.557985,-1.5605469],"faces":{"east":{"uv":[6.75,15.25,6.7695312,15.277344],"tintindex":0,"rotation":0,"texture":"#2"},"south":{"uv":[15.375,0.0625,15.386719,0.08984375],"tintindex":0,"rotation":0,"texture":"#2"},"north":{"uv":[0.0625,15.375,0.07421875,15.402344],"tintindex":0,"rotation":0,"texture":"#2"},"west":{"uv":[15.25,6.75,15.269531,6.7773438],"tintindex":0,"rotation":0,"texture":"#2"},"up":{"uv":[15.449219,5.8320312,15.4375,5.8125],"tintindex":0,"rotation":0,"texture":"#2"},"down":{"uv":[5.8867188,15.4375,5.875,15.457031],"tintindex":0,"rotation":0,"texture":"#2"}}},{"from":[7.6882815,7.4505644,-2.2988281],"to":[8.321094,8.13611,-2.140625],"faces":{"east":{"uv":[10.5625,15.25,10.574219,15.292969],"tintindex":0,"rotation":0,"texture":"#2"},"south":{"uv":[14.9375,0.0625,14.9765625,0.10546875],"tintindex":0,"rotation":0,"texture":"#2"},"north":{"uv":[0.0625,14.9375,0.1015625,14.980469],"tintindex":0,"rotation":0,"texture":"#2"},"west":{"uv":[15.25,10.5625,15.261719,10.605469],"tintindex":0,"rotation":0,"texture":"#2"},"up":{"uv":[15.3515625,1.8867188,15.3125,1.875],"tintindex":0,"rotation":0,"texture":"#2"},"down":{"uv":[1.9765625,15.3125,1.9375,15.324219],"tintindex":0,"rotation":0,"texture":"#2"}}},{"from":[7.582813,7.4505644,-2.140625],"to":[8.426562,8.557985,-1.296875],"faces":{"east":{"uv":[14.5625,14.625,14.6171875,14.6953125],"tintindex":0,"rotation":0,"texture":"#2"},"south":{"uv":[14.625,14.625,14.6796875,14.6953125],"tintindex":0,"rotation":0,"texture":"#2"},"north":{"uv":[14.625,14.5,14.6796875,14.5703125],"tintindex":0,"rotation":0,"texture":"#2"},"west":{"uv":[0.0,14.6875,0.0546875,14.7578125],"tintindex":0,"rotation":0,"texture":"#2"},"up":{"uv":[14.8046875,9.3671875,14.75,9.3125],"tintindex":0,"rotation":0,"texture":"#2"},"down":{"uv":[9.4296875,14.75,9.375,14.8046875],"tintindex":0,"rotation":0,"texture":"#2"}}},{"from":[7.4246097,7.4505644,-2.0351562],"to":[7.582813,8.13611,-1.4023438],"faces":{"east":{"uv":[0.0,14.9375,0.0390625,14.980469],"tintindex":0,"rotation":0,"texture":"#2"},"south":{"uv":[15.25,10.5,15.261719,10.542969],"tintindex":0,"rotation":0,"texture":"#2"},"north":{"uv":[10.5,15.25,10.511719,15.292969],"tintindex":0,"rotation":0,"texture":"#2"},"west":{"uv":[14.9375,0.0,14.9765625,0.04296875],"tintindex":0,"rotation":0,"texture":"#2"},"up":{"uv":[15.324219,1.8515625,15.3125,1.8125],"tintindex":0,"rotation":0,"texture":"#2"},"down":{"uv":[1.8867188,15.3125,1.875,15.3515625],"tintindex":0,"rotation":0,"texture":"#2"}}}]}