{"textures":{"2":"modelengine:entity/pillars"},"elements":[{"from":[6.5166664,5.8630643,4.8625],"to":[9.516666,9.800564,7.8625],"faces":{"east":{"uv":[5.125,12.0625,5.3125,12.308594],"tintindex":0,"rotation":0,"texture":"#2"},"south":{"uv":[5.3125,12.0625,5.5,12.308594],"tintindex":0,"rotation":0,"texture":"#2"},"north":{"uv":[12.0625,5.0625,12.25,5.3085938],"tintindex":0,"rotation":0,"texture":"#2"},"west":{"uv":[6.3125,12.0625,6.5,12.308594],"tintindex":0,"rotation":0,"texture":"#2"},"up":{"uv":[12.875,6.875,12.6875,6.6875],"tintindex":0,"rotation":0,"texture":"#2"},"down":{"uv":[7.0625,12.6875,6.875,12.875],"tintindex":0,"rotation":0,"texture":"#2"}}},{"from":[6.8916664,5.8630643,4.3],"to":[9.141666,8.300564,4.8625],"faces":{"east":{"uv":[10.125,14.4375,10.160156,14.589844],"tintindex":0,"rotation":0,"texture":"#2"},"south":{"uv":[3.4375,13.3125,3.578125,13.464844],"tintindex":0,"rotation":0,"texture":"#2"},"north":{"uv":[13.3125,3.25,13.453125,3.4023438],"tintindex":0,"rotation":0,"texture":"#2"},"west":{"uv":[10.1875,14.4375,10.222656,14.589844],"tintindex":0,"rotation":0,"texture":"#2"},"up":{"uv":[10.640625,14.535156,10.5,14.5],"tintindex":0,"rotation":0,"texture":"#2"},"down":{"uv":[14.640625,10.5625,14.5,10.597656],"tintindex":0,"rotation":0,"texture":"#2"}}},{"from":[9.516666,5.8630643,5.6125],"to":[9.891666,8.300564,7.1125],"faces":{"east":{"uv":[13.6875,9.5625,13.78125,9.714844],"tintindex":0,"rotation":0,"texture":"#2"},"south":{"uv":[5.375,14.6875,5.3984375,14.839844],"tintindex":0,"rotation":0,"texture":"#2"},"north":{"uv":[14.6875,5.25,14.7109375,5.4023438],"tintindex":0,"rotation":0,"texture":"#2"},"west":{"uv":[13.6875,9.75,13.78125,9.902344],"tintindex":0,"rotation":0,"texture":"#2"},"up":{"uv":[10.3984375,14.90625,10.375,14.8125],"tintindex":0,"rotation":0,"texture":"#2"},"down":{"uv":[10.4609375,14.8125,10.4375,14.90625],"tintindex":0,"rotation":0,"texture":"#2"}}},{"from":[7.4729166,8.300564,7.8625],"to":[8.597917,9.800564,8.425],"faces":{"east":{"uv":[14.75,2.625,14.785156,2.71875],"tintindex":0,"rotation":0,"texture":"#2"},"south":{"uv":[1.75,14.3125,1.8203125,14.40625],"tintindex":0,"rotation":0,"texture":"#2"},"north":{"uv":[14.3125,1.625,14.3828125,1.71875],"tintindex":0,"rotation":0,"texture":"#2"},"west":{"uv":[14.75,2.75,14.785156,2.84375],"tintindex":0,"rotation":0,"texture":"#2"},"up":{"uv":[3.7578125,14.847656,3.6875,14.8125],"tintindex":0,"rotation":0,"texture":"#2"},"down":{"uv":[14.8828125,3.6875,14.8125,3.7226562],"tintindex":0,"rotation":0,"texture":"#2"}}},{"from":[9.516666,8.300564,5.9875],"to":[9.891666,9.800564,6.7375],"faces":{"east":{"uv":[14.625,3.4375,14.671875,3.53125],"tintindex":0,"rotation":0,"texture":"#2"},"south":{"uv":[14.8125,10.5,14.8359375,10.59375],"tintindex":0,"rotation":0,"texture":"#2"},"north":{"uv":[10.5,14.8125,10.5234375,14.90625],"tintindex":0,"rotation":0,"texture":"#2"},"west":{"uv":[3.5,14.625,3.546875,14.71875],"tintindex":0,"rotation":0,"texture":"#2"},"up":{"uv":[2.6484375,15.109375,2.625,15.0625],"tintindex":0,"rotation":0,"texture":"#2"},"down":{"uv":[15.0859375,2.625,15.0625,2.671875],"tintindex":0,"rotation":0,"texture":"#2"}}},{"from":[6.8916664,5.8630643,7.8625],"to":[9.141666,8.300564,8.425],"faces":{"east":{"uv":[10.25,14.4375,10.285156,14.589844],"tintindex":0,"rotation":0,"texture":"#2"},"south":{"uv":[3.625,13.3125,3.765625,13.464844],"tintindex":0,"rotation":0,"texture":"#2"},"north":{"uv":[13.3125,3.4375,13.453125,3.5898438],"tintindex":0,"rotation":0,"texture":"#2"},"west":{"uv":[10.3125,14.4375,10.347656,14.589844],"tintindex":0,"rotation":0,"texture":"#2"},"up":{"uv":[14.640625,10.660156,14.5,10.625],"tintindex":0,"rotation":0,"texture":"#2"},"down":{"uv":[10.828125,14.5,10.6875,14.535156],"tintindex":0,"rotation":0,"texture":"#2"}}},{"from":[7.4729166,8.300564,4.3],"to":[8.597917,9.800564,4.8625],"faces":{"east":{"uv":[14.75,2.375,14.785156,2.46875],"tintindex":0,"rotation":0,"texture":"#2"},"south":{"uv":[14.3125,1.5,14.3828125,1.59375],"tintindex":0,"rotation":0,"texture":"#2"},"north":{"uv":[14.3125,1.25,14.3828125,1.34375],"tintindex":0,"rotation":0,"texture":"#2"},"west":{"uv":[14.75,2.5,14.785156,2.59375],"tintindex":0,"rotation":0,"texture":"#2"},"up":{"uv":[3.6328125,14.847656,3.5625,14.8125],"tintindex":0,"rotation":0,"texture":"#2"},"down":{"uv":[14.8828125,3.625,14.8125,3.6601562],"tintindex":0,"rotation":0,"texture":"#2"}}},{"from":[5.9541664,5.8630643,5.2375],"to":[6.5166664,8.300564,7.4875],"faces":{"east":{"uv":[13.3125,3.0625,13.453125,3.2148438],"tintindex":0,"rotation":0,"texture":"#2"},"south":{"uv":[10.0625,14.4375,10.097656,14.589844],"tintindex":0,"rotation":0,"texture":"#2"},"north":{"uv":[10.0,14.4375,10.035156,14.589844],"tintindex":0,"rotation":0,"texture":"#2"},"west":{"uv":[3.25,13.3125,3.390625,13.464844],"tintindex":0,"rotation":0,"texture":"#2"},"up":{"uv":[14.535156,10.328125,14.5,10.1875],"tintindex":0,"rotation":0,"texture":"#2"},"down":{"uv":[14.535156,10.375,14.5,10.515625],"tintindex":0,"rotation":0,"texture":"#2"}}},{"from":[5.9541664,8.300564,5.8],"to":[6.5166664,9.800564,6.925],"faces":{"east":{"uv":[14.3125,0.875,14.3828125,0.96875],"tintindex":0,"rotation":0,"texture":"#2"},"south":{"uv":[2.3125,14.75,2.3476562,14.84375],"tintindex":0,"rotation":0,"texture":"#2"},"north":{"uv":[14.75,2.25,14.785156,2.34375],"tintindex":0,"rotation":0,"texture":"#2"},"west":{"uv":[14.3125,1.125,14.3828125,1.21875],"tintindex":0,"rotation":0,"texture":"#2"},"up":{"uv":[3.5351562,14.8828125,3.5,14.8125],"tintindex":0,"rotation":0,"texture":"#2"},"down":{"uv":[14.847656,3.5,14.8125,3.5703125],"tintindex":0,"rotation":0,"texture":"#2"}}}]}