{"textures":{"2":"modelengine:entity/pillars"},"elements":[{"from":[7.7364583,8.230577,-2.75],"to":[8.298959,8.980577,-2.46875],"faces":{"east":{"uv":[8.6875,15.125,8.707031,15.171875],"tintindex":0,"rotation":0,"texture":"#2"},"south":{"uv":[14.9375,3.0625,14.972656,3.109375],"tintindex":0,"rotation":0,"texture":"#2"},"north":{"uv":[3.0625,14.9375,3.0976562,14.984375],"tintindex":0,"rotation":0,"texture":"#2"},"west":{"uv":[15.125,8.6875,15.144531,8.734375],"tintindex":0,"rotation":0,"texture":"#2"},"up":{"uv":[15.222656,5.5195312,15.1875,5.5],"tintindex":0,"rotation":0,"texture":"#2"},"down":{"uv":[5.5976562,15.1875,5.5625,15.207031],"tintindex":0,"rotation":0,"texture":"#2"}}},{"from":[7.445833,7.0118275,-0.96875],"to":[8.570833,8.230577,-0.6875],"faces":{"east":{"uv":[12.6875,14.9375,12.707031,15.015625],"tintindex":0,"rotation":0,"texture":"#2"},"south":{"uv":[3.6875,14.4375,3.7578125,14.515625],"tintindex":0,"rotation":0,"texture":"#2"},"north":{"uv":[14.4375,3.625,14.5078125,3.703125],"tintindex":0,"rotation":0,"texture":"#2"},"west":{"uv":[12.75,14.9375,12.769531,15.015625],"tintindex":0,"rotation":0,"texture":"#2"},"up":{"uv":[11.3828125,15.019531,11.3125,15.0],"tintindex":0,"rotation":0,"texture":"#2"},"down":{"uv":[15.0703125,11.3125,15.0,11.332031],"tintindex":0,"rotation":0,"texture":"#2"}}},{"from":[6.977083,7.0118275,-2.28125],"to":[7.258333,8.230577,-1.15625],"faces":{"east":{"uv":[14.4375,3.375,14.5078125,3.453125],"tintindex":0,"rotation":0,"texture":"#2"},"south":{"uv":[12.5625,14.9375,12.582031,15.015625],"tintindex":0,"rotation":0,"texture":"#2"},"north":{"uv":[14.9375,12.5,14.957031,12.578125],"tintindex":0,"rotation":0,"texture":"#2"},"west":{"uv":[3.4375,14.4375,3.5078125,14.515625],"tintindex":0,"rotation":0,"texture":"#2"},"up":{"uv":[11.144531,15.0703125,11.125,15.0],"tintindex":0,"rotation":0,"texture":"#2"},"down":{"uv":[15.019531,11.125,15.0,11.1953125],"tintindex":0,"rotation":0,"texture":"#2"}}},{"from":[6.977083,8.230577,-2.0],"to":[7.258333,8.980577,-1.4375],"faces":{"east":{"uv":[3.0,14.9375,3.0351562,14.984375],"tintindex":0,"rotation":0,"texture":"#2"},"south":{"uv":[8.5625,15.125,8.582031,15.171875],"tintindex":0,"rotation":0,"texture":"#2"},"north":{"uv":[15.125,8.5,15.144531,8.546875],"tintindex":0,"rotation":0,"texture":"#2"},"west":{"uv":[14.9375,3.0,14.972656,3.046875],"tintindex":0,"rotation":0,"texture":"#2"},"up":{"uv":[5.4570312,15.222656,5.4375,15.1875],"tintindex":0,"rotation":0,"texture":"#2"},"down":{"uv":[15.207031,5.4375,15.1875,5.4726562],"tintindex":0,"rotation":0,"texture":"#2"}}},{"from":[7.258333,7.0118275,-2.46875],"to":[8.758333,8.980577,-0.96875],"faces":{"east":{"uv":[14.0,3.5,14.09375,3.625],"tintindex":0,"rotation":0,"texture":"#2"},"south":{"uv":[3.625,14.0,3.71875,14.125],"tintindex":0,"rotation":0,"texture":"#2"},"north":{"uv":[3.5,14.0,3.59375,14.125],"tintindex":0,"rotation":0,"texture":"#2"},"west":{"uv":[14.0,3.625,14.09375,3.75],"tintindex":0,"rotation":0,"texture":"#2"},"up":{"uv":[14.15625,13.03125,14.0625,12.9375],"tintindex":0,"rotation":0,"texture":"#2"},"down":{"uv":[13.15625,14.0625,13.0625,14.15625],"tintindex":0,"rotation":0,"texture":"#2"}}},{"from":[7.445833,7.0118275,-2.75],"to":[8.570833,8.230577,-2.46875],"faces":{"east":{"uv":[12.625,14.9375,12.644531,15.015625],"tintindex":0,"rotation":0,"texture":"#2"},"south":{"uv":[3.5625,14.4375,3.6328125,14.515625],"tintindex":0,"rotation":0,"texture":"#2"},"north":{"uv":[14.4375,3.5,14.5078125,3.578125],"tintindex":0,"rotation":0,"texture":"#2"},"west":{"uv":[14.9375,12.625,14.957031,12.703125],"tintindex":0,"rotation":0,"texture":"#2"},"up":{"uv":[11.2578125,15.019531,11.1875,15.0],"tintindex":0,"rotation":0,"texture":"#2"},"down":{"uv":[15.0703125,11.25,15.0,11.269531],"tintindex":0,"rotation":0,"texture":"#2"}}},{"from":[8.758333,8.230577,-1.90625],"to":[8.945833,8.980577,-1.53125],"faces":{"east":{"uv":[3.5625,15.0625,3.5859375,15.109375],"tintindex":0,"rotation":0,"texture":"#2"},"south":{"uv":[15.25,2.8125,15.261719,2.859375],"tintindex":0,"rotation":0,"texture":"#2"},"north":{"uv":[2.8125,15.25,2.8242188,15.296875],"tintindex":0,"rotation":0,"texture":"#2"},"west":{"uv":[15.0625,3.5625,15.0859375,3.609375],"tintindex":0,"rotation":0,"texture":"#2"},"up":{"uv":[7.9492188,15.3984375,7.9375,15.375],"tintindex":0,"rotation":0,"texture":"#2"},"down":{"uv":[15.386719,7.9375,15.375,7.9609375],"tintindex":0,"rotation":0,"texture":"#2"}}},{"from":[8.758333,7.0118275,-2.09375],"to":[8.945833,8.230577,-1.34375],"faces":{"east":{"uv":[1.9375,14.6875,1.984375,14.765625],"tintindex":0,"rotation":0,"texture":"#2"},"south":{"uv":[8.625,15.125,8.636719,15.203125],"tintindex":0,"rotation":0,"texture":"#2"},"north":{"uv":[15.125,8.5625,15.136719,8.640625],"tintindex":0,"rotation":0,"texture":"#2"},"west":{"uv":[2.0,14.6875,2.046875,14.765625],"tintindex":0,"rotation":0,"texture":"#2"},"up":{"uv":[2.7617188,15.296875,2.75,15.25],"tintindex":0,"rotation":0,"texture":"#2"},"down":{"uv":[15.261719,2.75,15.25,2.796875],"tintindex":0,"rotation":0,"texture":"#2"}}},{"from":[7.7364583,8.230577,-0.96875],"to":[8.298959,8.980577,-0.6875],"faces":{"east":{"uv":[8.75,15.125,8.769531,15.171875],"tintindex":0,"rotation":0,"texture":"#2"},"south":{"uv":[14.9375,3.125,14.972656,3.171875],"tintindex":0,"rotation":0,"texture":"#2"},"north":{"uv":[3.125,14.9375,3.1601562,14.984375],"tintindex":0,"rotation":0,"texture":"#2"},"west":{"uv":[15.125,8.75,15.144531,8.796875],"tintindex":0,"rotation":0,"texture":"#2"},"up":{"uv":[15.222656,5.5820312,15.1875,5.5625],"tintindex":0,"rotation":0,"texture":"#2"},"down":{"uv":[5.6601562,15.1875,5.625,15.207031],"tintindex":0,"rotation":0,"texture":"#2"}}}]}