{"textures":{"2":"modelengine:entity/pillars"},"elements":[{"from":[6.8916664,5.8630643,4.3],"to":[9.141666,8.300564,4.8625],"faces":{"east":{"uv":[8.875,14.4375,8.910156,14.589844],"tintindex":0,"rotation":0,"texture":"#2"},"south":{"uv":[13.3125,1.25,13.453125,1.4023438],"tintindex":0,"rotation":0,"texture":"#2"},"north":{"uv":[1.125,13.3125,1.265625,13.464844],"tintindex":0,"rotation":0,"texture":"#2"},"west":{"uv":[8.9375,14.4375,8.972656,14.589844],"tintindex":0,"rotation":0,"texture":"#2"},"up":{"uv":[14.640625,9.347656,14.5,9.3125],"tintindex":0,"rotation":0,"texture":"#2"},"down":{"uv":[14.640625,9.375,14.5,9.410156],"tintindex":0,"rotation":0,"texture":"#2"}}},{"from":[7.4729166,8.300564,4.3],"to":[8.597917,9.800564,4.8625],"faces":{"east":{"uv":[14.75,1.375,14.785156,1.46875],"tintindex":0,"rotation":0,"texture":"#2"},"south":{"uv":[11.4375,14.25,11.5078125,14.34375],"tintindex":0,"rotation":0,"texture":"#2"},"north":{"uv":[14.25,11.1875,14.3203125,11.28125],"tintindex":0,"rotation":0,"texture":"#2"},"west":{"uv":[1.5,14.75,1.5351562,14.84375],"tintindex":0,"rotation":0,"texture":"#2"},"up":{"uv":[2.5703125,14.847656,2.5,14.8125],"tintindex":0,"rotation":0,"texture":"#2"},"down":{"uv":[14.8828125,2.5,14.8125,2.5351562],"tintindex":0,"rotation":0,"texture":"#2"}}},{"from":[6.5166664,5.8630643,4.8625],"to":[9.516666,9.800564,7.8625],"faces":{"east":{"uv":[3.625,12.0625,3.8125,12.308594],"tintindex":0,"rotation":0,"texture":"#2"},"south":{"uv":[3.8125,12.0625,4.0,12.308594],"tintindex":0,"rotation":0,"texture":"#2"},"north":{"uv":[12.0625,3.5625,12.25,3.8085938],"tintindex":0,"rotation":0,"texture":"#2"},"west":{"uv":[12.0625,3.8125,12.25,4.0585938],"tintindex":0,"rotation":0,"texture":"#2"},"up":{"uv":[12.8125,2.9375,12.625,2.75],"tintindex":0,"rotation":0,"texture":"#2"},"down":{"uv":[12.875,0.75,12.6875,0.9375],"tintindex":0,"rotation":0,"texture":"#2"}}},{"from":[5.9541664,8.300564,5.8],"to":[6.5166664,9.800564,6.925],"faces":{"east":{"uv":[14.25,10.875,14.3203125,10.96875],"tintindex":0,"rotation":0,"texture":"#2"},"south":{"uv":[14.75,1.25,14.785156,1.34375],"tintindex":0,"rotation":0,"texture":"#2"},"north":{"uv":[14.75,1.125,14.785156,1.21875],"tintindex":0,"rotation":0,"texture":"#2"},"west":{"uv":[11.0,14.25,11.0703125,14.34375],"tintindex":0,"rotation":0,"texture":"#2"},"up":{"uv":[14.847656,2.4453125,14.8125,2.375],"tintindex":0,"rotation":0,"texture":"#2"},"down":{"uv":[2.4726562,14.8125,2.4375,14.8828125],"tintindex":0,"rotation":0,"texture":"#2"}}},{"from":[5.9541664,5.8630643,5.2375],"to":[6.5166664,8.300564,7.4875],"faces":{"east":{"uv":[0.375,13.3125,0.515625,13.464844],"tintindex":0,"rotation":0,"texture":"#2"},"south":{"uv":[8.8125,14.4375,8.847656,14.589844],"tintindex":0,"rotation":0,"texture":"#2"},"north":{"uv":[8.75,14.4375,8.785156,14.589844],"tintindex":0,"rotation":0,"texture":"#2"},"west":{"uv":[0.5625,13.3125,0.703125,13.464844],"tintindex":0,"rotation":0,"texture":"#2"},"up":{"uv":[14.535156,9.078125,14.5,8.9375],"tintindex":0,"rotation":0,"texture":"#2"},"down":{"uv":[14.535156,9.125,14.5,9.265625],"tintindex":0,"rotation":0,"texture":"#2"}}},{"from":[9.516666,5.8630643,5.6125],"to":[9.891666,8.300564,7.1125],"faces":{"east":{"uv":[13.6875,8.5625,13.78125,8.714844],"tintindex":0,"rotation":0,"texture":"#2"},"south":{"uv":[4.9375,14.6875,4.9609375,14.839844],"tintindex":0,"rotation":0,"texture":"#2"},"north":{"uv":[14.6875,4.6875,14.7109375,4.8398438],"tintindex":0,"rotation":0,"texture":"#2"},"west":{"uv":[13.6875,8.75,13.78125,8.902344],"tintindex":0,"rotation":0,"texture":"#2"},"up":{"uv":[9.8984375,14.90625,9.875,14.8125],"tintindex":0,"rotation":0,"texture":"#2"},"down":{"uv":[14.8359375,9.875,14.8125,9.96875],"tintindex":0,"rotation":0,"texture":"#2"}}},{"from":[9.516666,8.300564,5.9875],"to":[9.891666,9.800564,6.7375],"faces":{"east":{"uv":[3.25,14.625,3.296875,14.71875],"tintindex":0,"rotation":0,"texture":"#2"},"south":{"uv":[10.0,14.8125,10.0234375,14.90625],"tintindex":0,"rotation":0,"texture":"#2"},"north":{"uv":[9.9375,14.8125,9.9609375,14.90625],"tintindex":0,"rotation":0,"texture":"#2"},"west":{"uv":[3.3125,14.625,3.359375,14.71875],"tintindex":0,"rotation":0,"texture":"#2"},"up":{"uv":[2.5234375,15.109375,2.5,15.0625],"tintindex":0,"rotation":0,"texture":"#2"},"down":{"uv":[15.0859375,2.5,15.0625,2.546875],"tintindex":0,"rotation":0,"texture":"#2"}}},{"from":[7.4729166,8.300564,7.8625],"to":[8.597917,9.800564,8.425],"faces":{"east":{"uv":[14.75,1.5,14.785156,1.59375],"tintindex":0,"rotation":0,"texture":"#2"},"south":{"uv":[13.75,14.25,13.8203125,14.34375],"tintindex":0,"rotation":0,"texture":"#2"},"north":{"uv":[14.25,12.8125,14.3203125,12.90625],"tintindex":0,"rotation":0,"texture":"#2"},"west":{"uv":[14.75,1.625,14.785156,1.71875],"tintindex":0,"rotation":0,"texture":"#2"},"up":{"uv":[14.8828125,2.5976562,14.8125,2.5625],"tintindex":0,"rotation":0,"texture":"#2"},"down":{"uv":[2.6953125,14.8125,2.625,14.847656],"tintindex":0,"rotation":0,"texture":"#2"}}},{"from":[6.8916664,5.8630643,7.8625],"to":[9.141666,8.300564,8.425],"faces":{"east":{"uv":[9.0,14.4375,9.035156,14.589844],"tintindex":0,"rotation":0,"texture":"#2"},"south":{"uv":[13.3125,1.75,13.453125,1.9023438],"tintindex":0,"rotation":0,"texture":"#2"},"north":{"uv":[1.3125,13.3125,1.453125,13.464844],"tintindex":0,"rotation":0,"texture":"#2"},"west":{"uv":[9.0625,14.4375,9.097656,14.589844],"tintindex":0,"rotation":0,"texture":"#2"},"up":{"uv":[14.640625,9.472656,14.5,9.4375],"tintindex":0,"rotation":0,"texture":"#2"},"down":{"uv":[14.640625,9.5,14.5,9.535156],"tintindex":0,"rotation":0,"texture":"#2"}}}]}