{"textures":{"2":"modelengine:entity/pillars"},"elements":[{"from":[7.568457,7.613015,-1.9560547],"to":[7.6871095,8.127175,-1.4814453],"faces":{"east":{"uv":[13.6875,15.0625,13.71875,15.09375],"tintindex":0,"rotation":0,"texture":"#2"},"south":{"uv":[15.375,14.1875,15.3828125,14.21875],"tintindex":0,"rotation":0,"texture":"#2"},"north":{"uv":[14.1875,15.375,14.1953125,15.40625],"tintindex":0,"rotation":0,"texture":"#2"},"west":{"uv":[13.75,15.0625,13.78125,15.09375],"tintindex":0,"rotation":0,"texture":"#2"},"up":{"uv":[14.2578125,15.40625,14.25,15.375],"tintindex":0,"rotation":0,"texture":"#2"},"down":{"uv":[15.3828125,14.25,15.375,14.28125],"tintindex":0,"rotation":0,"texture":"#2"}}},{"from":[7.6871095,7.613015,-2.0351562],"to":[8.3199215,8.443582,-1.4023438],"faces":{"east":{"uv":[3.25,14.875,3.2890625,14.925781],"tintindex":0,"rotation":0,"texture":"#2"},"south":{"uv":[14.875,3.25,14.9140625,3.3007812],"tintindex":0,"rotation":0,"texture":"#2"},"north":{"uv":[3.1875,14.875,3.2265625,14.925781],"tintindex":0,"rotation":0,"texture":"#2"},"west":{"uv":[3.3125,14.875,3.3515625,14.925781],"tintindex":0,"rotation":0,"texture":"#2"},"up":{"uv":[14.9765625,12.7890625,14.9375,12.75],"tintindex":0,"rotation":0,"texture":"#2"},"down":{"uv":[12.8515625,14.9375,12.8125,14.9765625],"tintindex":0,"rotation":0,"texture":"#2"}}},{"from":[7.568457,8.127175,-1.8374023],"to":[7.6871095,8.443582,-1.6000977],"faces":{"east":{"uv":[4.25,15.375,4.265625,15.394531],"tintindex":0,"rotation":0,"texture":"#2"},"south":{"uv":[12.5625,15.4375,12.5703125,15.457031],"tintindex":0,"rotation":0,"texture":"#2"},"north":{"uv":[15.4375,12.5,15.4453125,12.519531],"tintindex":0,"rotation":0,"texture":"#2"},"west":{"uv":[15.375,4.25,15.390625,4.2695312],"tintindex":0,"rotation":0,"texture":"#2"},"up":{"uv":[2.0703125,15.515625,2.0625,15.5],"tintindex":0,"rotation":0,"texture":"#2"},"down":{"uv":[15.5078125,2.0625,15.5,2.078125],"tintindex":0,"rotation":0,"texture":"#2"}}},{"from":[8.3199215,7.613015,-1.8769531],"to":[8.399023,8.127175,-1.5605469],"faces":{"east":{"uv":[0.8125,15.25,0.83203125,15.28125],"tintindex":0,"rotation":0,"texture":"#2"},"south":{"uv":[15.5,2.125,15.503906,2.15625],"tintindex":0,"rotation":0,"texture":"#2"},"north":{"uv":[2.125,15.5,2.1289062,15.53125],"tintindex":0,"rotation":0,"texture":"#2"},"west":{"uv":[15.25,0.8125,15.269531,0.84375],"tintindex":0,"rotation":0,"texture":"#2"},"up":{"uv":[6.6914062,15.519531,6.6875,15.5],"tintindex":0,"rotation":0,"texture":"#2"},"down":{"uv":[15.503906,6.6875,15.5,6.7070312],"tintindex":0,"rotation":0,"texture":"#2"}}},{"from":[7.766211,7.613015,-1.4023438],"to":[8.24082,8.127175,-1.2836914],"faces":{"east":{"uv":[14.4375,15.375,14.4453125,15.40625],"tintindex":0,"rotation":0,"texture":"#2"},"south":{"uv":[15.0625,13.875,15.09375,13.90625],"tintindex":0,"rotation":0,"texture":"#2"},"north":{"uv":[13.875,15.0625,13.90625,15.09375],"tintindex":0,"rotation":0,"texture":"#2"},"west":{"uv":[15.375,14.4375,15.3828125,14.46875],"tintindex":0,"rotation":0,"texture":"#2"},"up":{"uv":[14.53125,15.3828125,14.5,15.375],"tintindex":0,"rotation":0,"texture":"#2"},"down":{"uv":[15.40625,14.5,15.375,14.5078125],"tintindex":0,"rotation":0,"texture":"#2"}}},{"from":[7.8888187,8.127175,-1.4023438],"to":[8.126123,8.443582,-1.2836914],"faces":{"east":{"uv":[15.4375,12.625,15.4453125,12.644531],"tintindex":0,"rotation":0,"texture":"#2"},"south":{"uv":[15.375,4.375,15.390625,4.3945312],"tintindex":0,"rotation":0,"texture":"#2"},"north":{"uv":[4.375,15.375,4.390625,15.394531],"tintindex":0,"rotation":0,"texture":"#2"},"west":{"uv":[12.6875,15.4375,12.6953125,15.457031],"tintindex":0,"rotation":0,"texture":"#2"},"up":{"uv":[2.265625,15.5078125,2.25,15.5],"tintindex":0,"rotation":0,"texture":"#2"},"down":{"uv":[15.515625,2.25,15.5,2.2578125],"tintindex":0,"rotation":0,"texture":"#2"}}},{"from":[7.8888187,8.127175,-2.1538086],"to":[8.126123,8.443582,-2.0351562],"faces":{"east":{"uv":[15.4375,12.5625,15.4453125,12.582031],"tintindex":0,"rotation":0,"texture":"#2"},"south":{"uv":[15.375,4.3125,15.390625,4.3320312],"tintindex":0,"rotation":0,"texture":"#2"},"north":{"uv":[4.3125,15.375,4.328125,15.394531],"tintindex":0,"rotation":0,"texture":"#2"},"west":{"uv":[12.625,15.4375,12.6328125,15.457031],"tintindex":0,"rotation":0,"texture":"#2"},"up":{"uv":[2.203125,15.5078125,2.1875,15.5],"tintindex":0,"rotation":0,"texture":"#2"},"down":{"uv":[15.515625,2.1875,15.5,2.1953125],"tintindex":0,"rotation":0,"texture":"#2"}}},{"from":[8.3199215,8.127175,-1.7978516],"to":[8.399023,8.443582,-1.6396484],"faces":{"east":{"uv":[15.4375,5.0,15.449219,5.0195312],"tintindex":0,"rotation":0,"texture":"#2"},"south":{"uv":[15.5,6.75,15.503906,6.7695312],"tintindex":0,"rotation":0,"texture":"#2"},"north":{"uv":[6.75,15.5,6.7539062,15.519531],"tintindex":0,"rotation":0,"texture":"#2"},"west":{"uv":[5.0625,15.4375,5.0742188,15.457031],"tintindex":0,"rotation":0,"texture":"#2"},"up":{"uv":[8.378906,15.511719,8.375,15.5],"tintindex":0,"rotation":0,"texture":"#2"},"down":{"uv":[15.503906,8.375,15.5,8.386719],"tintindex":0,"rotation":0,"texture":"#2"}}},{"from":[7.766211,7.613015,-2.1538086],"to":[8.24082,8.127175,-2.0351562],"faces":{"east":{"uv":[14.3125,15.375,14.3203125,15.40625],"tintindex":0,"rotation":0,"texture":"#2"},"south":{"uv":[15.0625,13.8125,15.09375,13.84375],"tintindex":0,"rotation":0,"texture":"#2"},"north":{"uv":[13.8125,15.0625,13.84375,15.09375],"tintindex":0,"rotation":0,"texture":"#2"},"west":{"uv":[15.375,14.3125,15.3828125,14.34375],"tintindex":0,"rotation":0,"texture":"#2"},"up":{"uv":[14.40625,15.3828125,14.375,15.375],"tintindex":0,"rotation":0,"texture":"#2"},"down":{"uv":[15.40625,14.375,15.375,14.3828125],"tintindex":0,"rotation":0,"texture":"#2"}}}]}