{"textures":{"2":"modelengine:entity/pillars"},"elements":[{"from":[3.6974063,1.6851006,3.649063],"to":[12.3992815,13.106312,12.350937],"faces":{"east":{"uv":[6.0,6.5625,6.5429688,7.2773438],"tintindex":0,"rotation":0,"texture":"#2"},"south":{"uv":[6.5625,6.5625,7.1054688,7.2773438],"tintindex":0,"rotation":0,"texture":"#2"},"north":{"uv":[6.5,0.75,7.0429688,1.4648438],"tintindex":0,"rotation":0,"texture":"#2"},"west":{"uv":[3.75,6.625,4.2929688,7.3398438],"tintindex":0,"rotation":0,"texture":"#2"},"up":{"uv":[8.042969,1.9179688,7.5,1.375],"tintindex":0,"rotation":0,"texture":"#2"},"down":{"uv":[2.2304688,7.5,1.6875,8.042969],"tintindex":0,"rotation":0,"texture":"#2"}}},{"from":[12.3992815,1.6851006,5.8245316],"to":[13.487016,8.755371,10.175468],"faces":{"east":{"uv":[5.4375,10.0625,5.7109375,10.503906],"tintindex":0,"rotation":0,"texture":"#2"},"south":{"uv":[12.875,0.25,12.941406,0.69140625],"tintindex":0,"rotation":0,"texture":"#2"},"north":{"uv":[0.25,12.875,0.31640625,13.316406],"tintindex":0,"rotation":0,"texture":"#2"},"west":{"uv":[10.0625,5.625,10.3359375,6.0664062],"tintindex":0,"rotation":0,"texture":"#2"},"up":{"uv":[4.1914062,13.7734375,4.125,13.5],"tintindex":0,"rotation":0,"texture":"#2"},"down":{"uv":[13.566406,4.125,13.5,4.3984375],"tintindex":0,"rotation":0,"texture":"#2"}}},{"from":[2.065805,1.6851006,4.7367973],"to":[3.6974063,8.755371,11.263203],"faces":{"east":{"uv":[7.125,8.8125,7.53125,9.253906],"tintindex":0,"rotation":0,"texture":"#2"},"south":{"uv":[4.9375,12.125,5.0390625,12.566406],"tintindex":0,"rotation":0,"texture":"#2"},"north":{"uv":[5.5,12.0625,5.6015625,12.503906],"tintindex":0,"rotation":0,"texture":"#2"},"west":{"uv":[8.875,7.25,9.28125,7.6914062],"tintindex":0,"rotation":0,"texture":"#2"},"up":{"uv":[9.1015625,2.84375,9.0,2.4375],"tintindex":0,"rotation":0,"texture":"#2"},"down":{"uv":[9.5390625,12.25,9.4375,12.65625],"tintindex":0,"rotation":0,"texture":"#2"}}},{"from":[12.3992815,8.755371,6.912266],"to":[13.487016,13.106312,9.087734],"faces":{"east":{"uv":[12.375,7.8125,12.511719,8.0859375],"tintindex":0,"rotation":0,"texture":"#2"},"south":{"uv":[4.375,13.5,4.4414062,13.7734375],"tintindex":0,"rotation":0,"texture":"#2"},"north":{"uv":[4.25,13.5,4.3164062,13.7734375],"tintindex":0,"rotation":0,"texture":"#2"},"west":{"uv":[12.375,8.125,12.511719,8.3984375],"tintindex":0,"rotation":0,"texture":"#2"},"up":{"uv":[14.128906,6.5742188,14.0625,6.4375],"tintindex":0,"rotation":0,"texture":"#2"},"down":{"uv":[14.128906,7.125,14.0625,7.2617188],"tintindex":0,"rotation":0,"texture":"#2"}}},{"from":[2.065805,8.755371,6.3683968],"to":[3.6974063,13.106312,9.631599],"faces":{"east":{"uv":[7.5,11.9375,7.703125,12.2109375],"tintindex":0,"rotation":0,"texture":"#2"},"south":{"uv":[12.9375,4.5625,13.0390625,4.8359375],"tintindex":0,"rotation":0,"texture":"#2"},"north":{"uv":[4.375,12.9375,4.4765625,13.2109375],"tintindex":0,"rotation":0,"texture":"#2"},"west":{"uv":[8.125,11.9375,8.328125,12.2109375],"tintindex":0,"rotation":0,"texture":"#2"},"up":{"uv":[13.4140625,7.265625,13.3125,7.0625],"tintindex":0,"rotation":0,"texture":"#2"},"down":{"uv":[13.4140625,7.3125,13.3125,7.515625],"tintindex":0,"rotation":0,"texture":"#2"}}},{"from":[4.7851405,1.6851006,2.0174599],"to":[11.311546,8.755371,3.649063],"faces":{"east":{"uv":[12.125,5.3125,12.2265625,5.7539062],"tintindex":0,"rotation":0,"texture":"#2"},"south":{"uv":[8.875,8.25,9.28125,8.691406],"tintindex":0,"rotation":0,"texture":"#2"},"north":{"uv":[8.875,7.75,9.28125,8.191406],"tintindex":0,"rotation":0,"texture":"#2"},"west":{"uv":[7.75,12.125,7.8515625,12.566406],"tintindex":0,"rotation":0,"texture":"#2"},"up":{"uv":[5.90625,4.9765625,5.5,4.875],"tintindex":0,"rotation":0,"texture":"#2"},"down":{"uv":[6.90625,1.5,6.5,1.6015625],"tintindex":0,"rotation":0,"texture":"#2"}}},{"from":[4.7851405,1.6851006,12.350937],"to":[11.311546,8.755371,13.982536],"faces":{"east":{"uv":[7.875,12.125,7.9765625,12.566406],"tintindex":0,"rotation":0,"texture":"#2"},"south":{"uv":[8.9375,0.4375,9.34375,0.87890625],"tintindex":0,"rotation":0,"texture":"#2"},"north":{"uv":[8.875,8.75,9.28125,9.191406],"tintindex":0,"rotation":0,"texture":"#2"},"west":{"uv":[9.125,12.125,9.2265625,12.566406],"tintindex":0,"rotation":0,"texture":"#2"},"up":{"uv":[7.46875,1.4765625,7.0625,1.375],"tintindex":0,"rotation":0,"texture":"#2"},"down":{"uv":[8.03125,1.25,7.625,1.3515625],"tintindex":0,"rotation":0,"texture":"#2"}}},{"from":[6.471129,8.755371,2.0174599],"to":[9.734332,13.106312,3.649063],"faces":{"east":{"uv":[4.875,12.9375,4.9765625,13.2109375],"tintindex":0,"rotation":0,"texture":"#2"},"south":{"uv":[8.625,11.9375,8.828125,12.2109375],"tintindex":0,"rotation":0,"texture":"#2"},"north":{"uv":[8.375,11.9375,8.578125,12.2109375],"tintindex":0,"rotation":0,"texture":"#2"},"west":{"uv":[12.9375,4.875,13.0390625,5.1484375],"tintindex":0,"rotation":0,"texture":"#2"},"up":{"uv":[7.203125,3.8515625,7.0,3.75],"tintindex":0,"rotation":0,"texture":"#2"},"down":{"uv":[7.765625,3.625,7.5625,3.7265625],"tintindex":0,"rotation":0,"texture":"#2"}}},{"from":[6.471129,8.755371,12.350937],"to":[9.734332,13.106312,13.982536],"faces":{"east":{"uv":[5.0,12.9375,5.1015625,13.2109375],"tintindex":0,"rotation":0,"texture":"#2"},"south":{"uv":[8.875,11.9375,9.078125,12.2109375],"tintindex":0,"rotation":0,"texture":"#2"},"north":{"uv":[11.9375,8.625,12.140625,8.8984375],"tintindex":0,"rotation":0,"texture":"#2"},"west":{"uv":[5.125,12.9375,5.2265625,13.2109375],"tintindex":0,"rotation":0,"texture":"#2"},"up":{"uv":[2.765625,8.1640625,2.5625,8.0625],"tintindex":0,"rotation":0,"texture":"#2"},"down":{"uv":[8.453125,10.75,8.25,10.8515625],"tintindex":0,"rotation":0,"texture":"#2"}}}]}