{"textures":{"2":"modelengine:entity/pillars"},"elements":[{"from":[7.2909584,25.90985,7.2909584],"to":[8.709042,28.765152,8.709042],"faces":{"east":{"uv":[9.5,2.6875,9.765625,3.2226562],"tintindex":0,"rotation":0,"texture":"#2"},"south":{"uv":[9.5,3.25,9.765625,3.7851562],"tintindex":0,"rotation":0,"texture":"#2"},"north":{"uv":[9.5,2.125,9.765625,2.6601562],"tintindex":0,"rotation":0,"texture":"#2"},"west":{"uv":[9.5,3.8125,9.765625,4.3476562],"tintindex":0,"rotation":0,"texture":"#2"},"up":{"uv":[11.765625,3.140625,11.5,2.875],"tintindex":0,"rotation":0,"texture":"#2"},"down":{"uv":[11.765625,4.5,11.5,4.765625],"tintindex":0,"rotation":0,"texture":"#2"}}}]}