{"textures":{"2":"modelengine:entity/pillars"},"elements":[{"from":[7.51875,20.156006,7.51875],"to":[8.48125,22.093994,8.481251],"faces":{"east":{"uv":[12.8125,3.5,12.933594,3.7421875],"tintindex":0,"rotation":0,"texture":"#2"},"south":{"uv":[12.8125,4.1875,12.933594,4.4296875],"tintindex":0,"rotation":0,"texture":"#2"},"north":{"uv":[12.8125,2.5,12.933594,2.7421875],"tintindex":0,"rotation":0,"texture":"#2"},"west":{"uv":[12.8125,4.4375,12.933594,4.6796875],"tintindex":0,"rotation":0,"texture":"#2"},"up":{"uv":[0.87109375,11.621094,0.75,11.5],"tintindex":0,"rotation":0,"texture":"#2"},"down":{"uv":[11.933594,0.1875,11.8125,0.30859375],"tintindex":0,"rotation":0,"texture":"#2"}}}]}