{"textures":{"2":"modelengine:entity/pillars"},"elements":[{"from":[7.51875,20.156006,7.51875],"to":[8.48125,22.093994,8.481251],"faces":{"east":{"uv":[12.8125,4.9375,12.933594,5.1796875],"tintindex":0,"rotation":0,"texture":"#2"},"south":{"uv":[12.8125,5.1875,12.933594,5.4296875],"tintindex":0,"rotation":0,"texture":"#2"},"north":{"uv":[12.8125,4.6875,12.933594,4.9296875],"tintindex":0,"rotation":0,"texture":"#2"},"west":{"uv":[5.4375,12.8125,5.5585938,13.0546875],"tintindex":0,"rotation":0,"texture":"#2"},"up":{"uv":[11.933594,4.8085938,11.8125,4.6875],"tintindex":0,"rotation":0,"texture":"#2"},"down":{"uv":[11.996094,4.3125,11.875,4.4335938],"tintindex":0,"rotation":0,"texture":"#2"}}}]}