{"textures":{"2":"modelengine:entity/pillars"},"elements":[{"from":[7.51875,20.156006,7.518749],"to":[8.48125,22.093994,8.48125],"faces":{"east":{"uv":[11.375,12.8125,11.496094,13.0546875],"tintindex":0,"rotation":0,"texture":"#2"},"south":{"uv":[11.5,12.8125,11.621094,13.0546875],"tintindex":0,"rotation":0,"texture":"#2"},"north":{"uv":[12.8125,11.25,12.933594,11.4921875],"tintindex":0,"rotation":0,"texture":"#2"},"west":{"uv":[12.8125,11.5,12.933594,11.7421875],"tintindex":0,"rotation":0,"texture":"#2"},"up":{"uv":[3.4335938,12.746094,3.3125,12.625],"tintindex":0,"rotation":0,"texture":"#2"},"down":{"uv":[12.933594,5.6875,12.8125,5.8085938],"tintindex":0,"rotation":0,"texture":"#2"}}}]}