{"textures":{"2":"modelengine:entity/pillars"},"elements":[{"from":[7.51875,20.156006,7.51875],"to":[8.48125,22.093994,8.481251],"faces":{"east":{"uv":[12.75,10.5,12.871094,10.7421875],"tintindex":0,"rotation":0,"texture":"#2"},"south":{"uv":[12.75,10.75,12.871094,10.9921875],"tintindex":0,"rotation":0,"texture":"#2"},"north":{"uv":[1.5,12.75,1.6210938,12.9921875],"tintindex":0,"rotation":0,"texture":"#2"},"west":{"uv":[12.75,11.0,12.871094,11.2421875],"tintindex":0,"rotation":0,"texture":"#2"},"up":{"uv":[3.6835938,10.746094,3.5625,10.625],"tintindex":0,"rotation":0,"texture":"#2"},"down":{"uv":[10.746094,5.5,10.625,5.6210938],"tintindex":0,"rotation":0,"texture":"#2"}}}]}