{"textures":{"2":"modelengine:entity/pillars"},"elements":[{"from":[7.51875,20.156006,7.518749],"to":[8.48125,22.093994,8.48125],"faces":{"east":{"uv":[12.8125,11.75,12.933594,11.9921875],"tintindex":0,"rotation":0,"texture":"#2"},"south":{"uv":[11.875,12.8125,11.996094,13.0546875],"tintindex":0,"rotation":0,"texture":"#2"},"north":{"uv":[11.75,12.8125,11.871094,13.0546875],"tintindex":0,"rotation":0,"texture":"#2"},"west":{"uv":[12.0,12.8125,12.121094,13.0546875],"tintindex":0,"rotation":0,"texture":"#2"},"up":{"uv":[13.433594,12.308594,13.3125,12.1875],"tintindex":0,"rotation":0,"texture":"#2"},"down":{"uv":[13.496094,1.625,13.375,1.7460938],"tintindex":0,"rotation":0,"texture":"#2"}}}]}