{"textures":{"1":"modelengine:entity/icecubes"},"elements":[{"from":[2.875,17.75,1.125],"to":[16.625,18.75,25.625],"faces":{"east":{"uv":[14.0625,13.1875,15.59375,13.25],"tintindex":0,"rotation":0,"texture":"#1"},"south":{"uv":[11.0,13.8125,11.859375,13.875],"tintindex":0,"rotation":0,"texture":"#1"},"north":{"uv":[0.875,13.8125,1.734375,13.875],"tintindex":0,"rotation":0,"texture":"#1"},"west":{"uv":[14.0625,13.25,15.59375,13.3125],"tintindex":0,"rotation":0,"texture":"#1"},"up":{"uv":[3.484375,14.59375,2.625,13.0625],"tintindex":0,"rotation":0,"texture":"#1"},"down":{"uv":[4.359375,13.0625,3.5,14.59375],"tintindex":0,"rotation":0,"texture":"#1"}}},{"from":[2.875,7.0,1.125],"to":[16.625,17.75,25.625],"faces":{"east":{"uv":[7.5,13.0625,9.03125,13.734375],"tintindex":0,"rotation":0,"texture":"#1"},"south":{"uv":[13.5625,0.0,14.421875,0.671875],"tintindex":0,"rotation":0,"texture":"#1"},"north":{"uv":[13.375,10.5,14.234375,11.171875],"tintindex":0,"rotation":0,"texture":"#1"},"west":{"uv":[13.1875,12.5,14.71875,13.171875],"tintindex":0,"rotation":0,"texture":"#1"},"up":{"uv":[13.171875,14.03125,12.3125,12.5],"tintindex":0,"rotation":0,"texture":"#1"},"down":{"uv":[2.609375,13.0625,1.75,14.59375],"tintindex":0,"rotation":0,"texture":"#1"}}}]}