{"textures":{"1":"modelengine:entity/icecubes"},"elements":[{"from":[2.875,7.0,1.125],"to":[16.625,17.75,25.625],"faces":{"east":{"uv":[4.375,13.0625,5.90625,13.734375],"tintindex":0,"rotation":0,"texture":"#1"},"south":{"uv":[13.375,9.8125,14.234375,10.484375],"tintindex":0,"rotation":0,"texture":"#1"},"north":{"uv":[13.375,9.125,14.234375,9.796875],"tintindex":0,"rotation":0,"texture":"#1"},"west":{"uv":[5.9375,13.0625,7.46875,13.734375],"tintindex":0,"rotation":0,"texture":"#1"},"up":{"uv":[1.734375,13.78125,0.875,12.25],"tintindex":0,"rotation":0,"texture":"#1"},"down":{"uv":[13.359375,6.5,12.5,8.03125],"tintindex":0,"rotation":0,"texture":"#1"}}},{"from":[2.875,17.75,1.125],"to":[16.625,18.75,25.625],"faces":{"east":{"uv":[6.3125,14.0625,7.84375,14.125],"tintindex":0,"rotation":0,"texture":"#1"},"south":{"uv":[11.0,13.625,11.859375,13.6875],"tintindex":0,"rotation":0,"texture":"#1"},"north":{"uv":[11.0,13.5625,11.859375,13.625],"tintindex":0,"rotation":0,"texture":"#1"},"west":{"uv":[12.125,14.0625,13.65625,14.125],"tintindex":0,"rotation":0,"texture":"#1"},"up":{"uv":[13.359375,9.59375,12.5,8.0625],"tintindex":0,"rotation":0,"texture":"#1"},"down":{"uv":[13.359375,9.625,12.5,11.15625],"tintindex":0,"rotation":0,"texture":"#1"}}}]}