{"textures":{"2":"modelengine:entity/pillars"},"elements":[{"from":[7.5875,18.419434,7.5875006],"to":[8.4125,20.080566,8.4125],"faces":{"east":{"uv":[14.4375,10.6875,14.488281,10.792969],"tintindex":0,"rotation":0,"texture":"#2"},"south":{"uv":[14.4375,11.0,14.488281,11.105469],"tintindex":0,"rotation":0,"texture":"#2"},"north":{"uv":[10.375,14.4375,10.425781,14.542969],"tintindex":0,"rotation":0,"texture":"#2"},"west":{"uv":[11.125,14.4375,11.175781,14.542969],"tintindex":0,"rotation":0,"texture":"#2"},"up":{"uv":[12.675781,14.800781,12.625,14.75],"tintindex":0,"rotation":0,"texture":"#2"},"down":{"uv":[14.800781,12.625,14.75,12.675781],"tintindex":0,"rotation":0,"texture":"#2"}}}]}