{"textures":{"2":"modelengine:entity/pillars"},"elements":[{"from":[7.45,21.892578,7.45],"to":[8.55,24.107422,8.55],"faces":{"east":{"uv":[5.125,14.0625,5.1953125,14.199219],"tintindex":0,"rotation":0,"texture":"#2"},"south":{"uv":[5.25,14.0625,5.3203125,14.199219],"tintindex":0,"rotation":0,"texture":"#2"},"north":{"uv":[5.0,14.0625,5.0703125,14.199219],"tintindex":0,"rotation":0,"texture":"#2"},"west":{"uv":[14.0625,5.25,14.1328125,5.3867188],"tintindex":0,"rotation":0,"texture":"#2"},"up":{"uv":[14.5703125,7.5078125,14.5,7.4375],"tintindex":0,"rotation":0,"texture":"#2"},"down":{"uv":[14.5703125,7.5625,14.5,7.6328125],"tintindex":0,"rotation":0,"texture":"#2"}}}]}