{"textures":{"2":"modelengine:entity/pillars"},"elements":[{"from":[7.5875,18.419434,7.5875006],"to":[8.4125,20.080566,8.4125],"faces":{"east":{"uv":[9.8125,14.4375,9.863281,14.542969],"tintindex":0,"rotation":0,"texture":"#2"},"south":{"uv":[9.875,14.4375,9.925781,14.542969],"tintindex":0,"rotation":0,"texture":"#2"},"north":{"uv":[9.75,14.4375,9.800781,14.542969],"tintindex":0,"rotation":0,"texture":"#2"},"west":{"uv":[9.9375,14.4375,9.988281,14.542969],"tintindex":0,"rotation":0,"texture":"#2"},"up":{"uv":[12.613281,14.800781,12.5625,14.75],"tintindex":0,"rotation":0,"texture":"#2"},"down":{"uv":[14.800781,12.5625,14.75,12.613281],"tintindex":0,"rotation":0,"texture":"#2"}}}]}