{"textures":{"2":"modelengine:entity/pillars"},"elements":[{"from":[7.79375,13.209717,7.793749],"to":[8.20625,14.040283,8.206249],"faces":{"east":{"uv":[15.0,4.0,15.027344,4.0507812],"tintindex":0,"rotation":0,"texture":"#2"},"south":{"uv":[4.0625,15.0,4.0898438,15.050781],"tintindex":0,"rotation":0,"texture":"#2"},"north":{"uv":[4.0,15.0,4.0273438,15.050781],"tintindex":0,"rotation":0,"texture":"#2"},"west":{"uv":[15.0,4.0625,15.027344,4.1132812],"tintindex":0,"rotation":0,"texture":"#2"},"up":{"uv":[15.152344,13.714844,15.125,13.6875],"tintindex":0,"rotation":0,"texture":"#2"},"down":{"uv":[13.777344,15.125,13.75,15.152344],"tintindex":0,"rotation":0,"texture":"#2"}}}]}