{"textures":{"2":"modelengine:entity/pillars"},"elements":[{"from":[7.79375,13.209717,7.793749],"to":[8.20625,14.040283,8.206249],"faces":{"east":{"uv":[4.5625,15.0,4.5898438,15.050781],"tintindex":0,"rotation":0,"texture":"#2"},"south":{"uv":[15.0,4.5625,15.027344,4.6132812],"tintindex":0,"rotation":0,"texture":"#2"},"north":{"uv":[15.0,4.5,15.027344,4.5507812],"tintindex":0,"rotation":0,"texture":"#2"},"west":{"uv":[4.625,15.0,4.6523438,15.050781],"tintindex":0,"rotation":0,"texture":"#2"},"up":{"uv":[15.152344,13.964844,15.125,13.9375],"tintindex":0,"rotation":0,"texture":"#2"},"down":{"uv":[14.027344,15.125,14.0,15.152344],"tintindex":0,"rotation":0,"texture":"#2"}}}]}