{"textures":{"2":"modelengine:entity/pillars"},"elements":[{"from":[7.5875,18.419434,7.5875006],"to":[8.4125,20.080566,8.4125],"faces":{"east":{"uv":[14.4375,11.625,14.488281,11.730469],"tintindex":0,"rotation":0,"texture":"#2"},"south":{"uv":[11.6875,14.4375,11.738281,14.542969],"tintindex":0,"rotation":0,"texture":"#2"},"north":{"uv":[11.625,14.4375,11.675781,14.542969],"tintindex":0,"rotation":0,"texture":"#2"},"west":{"uv":[11.75,14.4375,11.800781,14.542969],"tintindex":0,"rotation":0,"texture":"#2"},"up":{"uv":[12.738281,14.800781,12.6875,14.75],"tintindex":0,"rotation":0,"texture":"#2"},"down":{"uv":[14.800781,12.6875,14.75,12.738281],"tintindex":0,"rotation":0,"texture":"#2"}}}]}