{"textures":{"2":"modelengine:entity/pillars"},"elements":[{"from":[-2.5496807,9.342881,5.099373],"to":[0.35094452,17.07788,10.900623],"faces":{"east":{"uv":[5.5,8.625,5.8632812,9.109375],"tintindex":0,"rotation":0,"texture":"#2"},"south":{"uv":[5.125,10.9375,5.3046875,11.421875],"tintindex":0,"rotation":0,"texture":"#2"},"north":{"uv":[10.9375,3.8125,11.1171875,4.296875],"tintindex":0,"rotation":0,"texture":"#2"},"west":{"uv":[2.1875,9.125,2.5507812,9.609375],"tintindex":0,"rotation":0,"texture":"#2"},"up":{"uv":[6.9921875,12.050781,6.8125,11.6875],"tintindex":0,"rotation":0,"texture":"#2"},"down":{"uv":[4.8671875,11.75,4.6875,12.113281],"tintindex":0,"rotation":0,"texture":"#2"}}},{"from":[15.820945,-3.2264938,4.1324997],"to":[17.754696,9.342881,11.8675],"faces":{"east":{"uv":[2.8125,6.75,3.296875,7.5351562],"tintindex":0,"rotation":0,"texture":"#2"},"south":{"uv":[1.5625,10.8125,1.6835938,11.597656],"tintindex":0,"rotation":0,"texture":"#2"},"north":{"uv":[1.4375,10.8125,1.5585938,11.597656],"tintindex":0,"rotation":0,"texture":"#2"},"west":{"uv":[6.75,3.875,7.234375,4.6601562],"tintindex":0,"rotation":0,"texture":"#2"},"up":{"uv":[5.9960938,8.484375,5.875,8.0],"tintindex":0,"rotation":0,"texture":"#2"},"down":{"uv":[8.246094,3.125,8.125,3.609375],"tintindex":0,"rotation":0,"texture":"#2"}}},{"from":[2.2846947,-3.2264938,-2.6356277],"to":[13.887195,9.342881,0.2649994],"faces":{"east":{"uv":[7.375,9.3125,7.5546875,10.097656],"tintindex":0,"rotation":0,"texture":"#2"},"south":{"uv":[5.25,5.0,5.9765625,5.7851562],"tintindex":0,"rotation":0,"texture":"#2"},"north":{"uv":[4.5,5.0,5.2265625,5.7851562],"tintindex":0,"rotation":0,"texture":"#2"},"west":{"uv":[9.5,4.375,9.6796875,5.1601562],"tintindex":0,"rotation":0,"texture":"#2"},"up":{"uv":[10.6015625,5.4296875,9.875,5.25],"tintindex":0,"rotation":0,"texture":"#2"},"down":{"uv":[10.6015625,5.4375,9.875,5.6171875],"tintindex":0,"rotation":0,"texture":"#2"}}},{"from":[2.2846947,-3.2264938,15.735001],"to":[13.887195,9.342881,18.635624],"faces":{"east":{"uv":[9.5,9.0625,9.6796875,9.847656],"tintindex":0,"rotation":0,"texture":"#2"},"south":{"uv":[5.5,2.625,6.2265625,3.4101562],"tintindex":0,"rotation":0,"texture":"#2"},"north":{"uv":[5.5,1.8125,6.2265625,2.5976562],"tintindex":0,"rotation":0,"texture":"#2"},"west":{"uv":[3.75,9.5625,3.9296875,10.347656],"tintindex":0,"rotation":0,"texture":"#2"},"up":{"uv":[10.6640625,0.1796875,9.9375,0.0],"tintindex":0,"rotation":0,"texture":"#2"},"down":{"uv":[10.6640625,0.1875,9.9375,0.3671875],"tintindex":0,"rotation":0,"texture":"#2"}}},{"from":[5.282007,9.342881,-2.6356277],"to":[11.083257,17.07788,0.2649994],"faces":{"east":{"uv":[5.3125,10.9375,5.4921875,11.421875],"tintindex":0,"rotation":0,"texture":"#2"},"south":{"uv":[9.125,2.9375,9.488281,3.421875],"tintindex":0,"rotation":0,"texture":"#2"},"north":{"uv":[9.125,2.4375,9.488281,2.921875],"tintindex":0,"rotation":0,"texture":"#2"},"west":{"uv":[5.5,10.9375,5.6796875,11.421875],"tintindex":0,"rotation":0,"texture":"#2"},"up":{"uv":[5.3632812,1.9921875,5.0,1.8125],"tintindex":0,"rotation":0,"texture":"#2"},"down":{"uv":[6.1132812,1.625,5.75,1.8046875],"tintindex":0,"rotation":0,"texture":"#2"}}},{"from":[-2.5496807,-3.2264938,2.1987495],"to":[0.35094452,9.342881,13.80125],"faces":{"east":{"uv":[5.0,1.0,5.7265625,1.7851562],"tintindex":0,"rotation":0,"texture":"#2"},"south":{"uv":[7.9375,9.1875,8.1171875,9.972656],"tintindex":0,"rotation":0,"texture":"#2"},"north":{"uv":[1.125,9.1875,1.3046875,9.972656],"tintindex":0,"rotation":0,"texture":"#2"},"west":{"uv":[3.75,5.0,4.4765625,5.7851562],"tintindex":0,"rotation":0,"texture":"#2"},"up":{"uv":[9.4296875,10.4140625,9.25,9.6875],"tintindex":0,"rotation":0,"texture":"#2"},"down":{"uv":[9.6171875,9.875,9.4375,10.6015625],"tintindex":0,"rotation":0,"texture":"#2"}}},{"from":[5.282007,9.342881,15.735001],"to":[11.083257,17.07788,18.635624],"faces":{"east":{"uv":[5.6875,10.9375,5.8671875,11.421875],"tintindex":0,"rotation":0,"texture":"#2"},"south":{"uv":[9.125,3.9375,9.488281,4.421875],"tintindex":0,"rotation":0,"texture":"#2"},"north":{"uv":[9.125,3.4375,9.488281,3.921875],"tintindex":0,"rotation":0,"texture":"#2"},"west":{"uv":[10.9375,7.0,11.1171875,7.484375],"tintindex":0,"rotation":0,"texture":"#2"},"up":{"uv":[7.1132812,6.4921875,6.75,6.3125],"tintindex":0,"rotation":0,"texture":"#2"},"down":{"uv":[12.050781,1.25,11.6875,1.4296875],"tintindex":0,"rotation":0,"texture":"#2"}}},{"from":[15.820945,9.342881,6.06625],"to":[17.754696,17.07788,9.93375],"faces":{"east":{"uv":[7.75,8.1875,7.9921875,8.671875],"tintindex":0,"rotation":0,"texture":"#2"},"south":{"uv":[1.5,11.9375,1.6210938,12.421875],"tintindex":0,"rotation":0,"texture":"#2"},"north":{"uv":[8.0,11.875,8.121094,12.359375],"tintindex":0,"rotation":0,"texture":"#2"},"west":{"uv":[0.3125,10.125,0.5546875,10.609375],"tintindex":0,"rotation":0,"texture":"#2"},"up":{"uv":[12.933594,12.2421875,12.8125,12.0],"tintindex":0,"rotation":0,"texture":"#2"},"down":{"uv":[12.933594,12.25,12.8125,12.4921875],"tintindex":0,"rotation":0,"texture":"#2"}}},{"from":[0.35094452,-3.2264938,0.2649994],"to":[15.820945,17.07788,15.735001],"faces":{"east":{"uv":[1.0,0.0,1.96875,1.2695312],"tintindex":0,"rotation":0,"texture":"#2"},"south":{"uv":[0.0,1.3125,0.96875,2.5820312],"tintindex":0,"rotation":0,"texture":"#2"},"north":{"uv":[0.0,0.0,0.96875,1.2695312],"tintindex":0,"rotation":0,"texture":"#2"},"west":{"uv":[1.0,1.3125,1.96875,2.5820312],"tintindex":0,"rotation":0,"texture":"#2"},"up":{"uv":[0.96875,4.90625,0.0,3.9375],"tintindex":0,"rotation":0,"texture":"#2"},"down":{"uv":[1.96875,3.9375,1.0,4.90625],"tintindex":0,"rotation":0,"texture":"#2"}}}]}