{"textures":{"2":"modelengine:entity/pillars"},"elements":[{"from":[7.851758,8.13611,-1.296875],"to":[8.168164,8.557985,-1.1386719],"faces":{"east":{"uv":[1.125,15.375,1.1367188,15.402344],"tintindex":0,"rotation":0,"texture":"#2"},"south":{"uv":[15.25,7.25,15.269531,7.2773438],"tintindex":0,"rotation":0,"texture":"#2"},"north":{"uv":[7.25,15.25,7.2695312,15.277344],"tintindex":0,"rotation":0,"texture":"#2"},"west":{"uv":[15.375,1.125,15.386719,1.1523438],"tintindex":0,"rotation":0,"texture":"#2"},"up":{"uv":[15.457031,6.4492188,15.4375,6.4375],"tintindex":0,"rotation":0,"texture":"#2"},"down":{"uv":[6.5195312,15.4375,6.5,15.449219],"tintindex":0,"rotation":0,"texture":"#2"}}},{"from":[8.426562,7.4505644,-1.9296875],"to":[8.532031,8.13611,-1.5078125],"faces":{"east":{"uv":[1.5,15.0625,1.5273438,15.105469],"tintindex":0,"rotation":0,"texture":"#2"},"south":{"uv":[7.75,15.3125,7.7578125,15.355469],"tintindex":0,"rotation":0,"texture":"#2"},"north":{"uv":[15.3125,7.6875,15.3203125,7.7304688],"tintindex":0,"rotation":0,"texture":"#2"},"west":{"uv":[15.0625,1.5,15.089844,1.5429688],"tintindex":0,"rotation":0,"texture":"#2"},"up":{"uv":[15.4453125,9.027344,15.4375,9.0],"tintindex":0,"rotation":0,"texture":"#2"},"down":{"uv":[9.0703125,15.4375,9.0625,15.464844],"tintindex":0,"rotation":0,"texture":"#2"}}},{"from":[7.851758,8.13611,-2.2988281],"to":[8.168164,8.557985,-2.140625],"faces":{"east":{"uv":[1.0625,15.375,1.0742188,15.402344],"tintindex":0,"rotation":0,"texture":"#2"},"south":{"uv":[15.25,7.1875,15.269531,7.2148438],"tintindex":0,"rotation":0,"texture":"#2"},"north":{"uv":[7.1875,15.25,7.2070312,15.277344],"tintindex":0,"rotation":0,"texture":"#2"},"west":{"uv":[15.375,1.0625,15.386719,1.0898438],"tintindex":0,"rotation":0,"texture":"#2"},"up":{"uv":[15.457031,6.3867188,15.4375,6.375],"tintindex":0,"rotation":0,"texture":"#2"},"down":{"uv":[6.4570312,15.4375,6.4375,15.449219],"tintindex":0,"rotation":0,"texture":"#2"}}},{"from":[7.424609,7.4505644,-2.0351562],"to":[7.5828123,8.13611,-1.4023438],"faces":{"east":{"uv":[0.375,14.9375,0.4140625,14.980469],"tintindex":0,"rotation":0,"texture":"#2"},"south":{"uv":[15.25,10.875,15.261719,10.917969],"tintindex":0,"rotation":0,"texture":"#2"},"north":{"uv":[10.875,15.25,10.886719,15.292969],"tintindex":0,"rotation":0,"texture":"#2"},"west":{"uv":[14.9375,0.375,14.9765625,0.41796875],"tintindex":0,"rotation":0,"texture":"#2"},"up":{"uv":[15.324219,2.3515625,15.3125,2.3125],"tintindex":0,"rotation":0,"texture":"#2"},"down":{"uv":[2.3867188,15.3125,2.375,15.3515625],"tintindex":0,"rotation":0,"texture":"#2"}}},{"from":[8.426562,8.13611,-1.8242188],"to":[8.532031,8.557985,-1.6132812],"faces":{"east":{"uv":[1.0,15.375,1.0117188,15.402344],"tintindex":0,"rotation":0,"texture":"#2"},"south":{"uv":[9.125,15.4375,9.1328125,15.464844],"tintindex":0,"rotation":0,"texture":"#2"},"north":{"uv":[15.4375,9.0625,15.4453125,9.089844],"tintindex":0,"rotation":0,"texture":"#2"},"west":{"uv":[15.375,1.0,15.386719,1.0273438],"tintindex":0,"rotation":0,"texture":"#2"},"up":{"uv":[4.9453125,15.511719,4.9375,15.5],"tintindex":0,"rotation":0,"texture":"#2"},"down":{"uv":[15.5078125,4.9375,15.5,4.9492188],"tintindex":0,"rotation":0,"texture":"#2"}}},{"from":[7.688281,7.4505644,-1.296875],"to":[8.321094,8.13611,-1.1386719],"faces":{"east":{"uv":[11.0,15.25,11.011719,15.292969],"tintindex":0,"rotation":0,"texture":"#2"},"south":{"uv":[14.9375,0.5,14.9765625,0.54296875],"tintindex":0,"rotation":0,"texture":"#2"},"north":{"uv":[0.5,14.9375,0.5390625,14.980469],"tintindex":0,"rotation":0,"texture":"#2"},"west":{"uv":[15.25,11.0,15.261719,11.042969],"tintindex":0,"rotation":0,"texture":"#2"},"up":{"uv":[15.3515625,2.4492188,15.3125,2.4375],"tintindex":0,"rotation":0,"texture":"#2"},"down":{"uv":[2.5390625,15.3125,2.5,15.324219],"tintindex":0,"rotation":0,"texture":"#2"}}},{"from":[7.5828123,7.4505644,-2.140625],"to":[8.426562,8.557985,-1.296875],"faces":{"east":{"uv":[14.6875,0.25,14.7421875,0.3203125],"tintindex":0,"rotation":0,"texture":"#2"},"south":{"uv":[0.3125,14.6875,0.3671875,14.7578125],"tintindex":0,"rotation":0,"texture":"#2"},"north":{"uv":[0.1875,14.6875,0.2421875,14.7578125],"tintindex":0,"rotation":0,"texture":"#2"},"west":{"uv":[0.375,14.6875,0.4296875,14.7578125],"tintindex":0,"rotation":0,"texture":"#2"},"up":{"uv":[14.8046875,9.4921875,14.75,9.4375],"tintindex":0,"rotation":0,"texture":"#2"},"down":{"uv":[9.5546875,14.75,9.5,14.8046875],"tintindex":0,"rotation":0,"texture":"#2"}}},{"from":[7.424609,8.13611,-1.8769531],"to":[7.5828123,8.557985,-1.5605469],"faces":{"east":{"uv":[7.125,15.25,7.1445312,15.277344],"tintindex":0,"rotation":0,"texture":"#2"},"south":{"uv":[15.375,0.9375,15.386719,0.96484375],"tintindex":0,"rotation":0,"texture":"#2"},"north":{"uv":[0.9375,15.375,0.94921875,15.402344],"tintindex":0,"rotation":0,"texture":"#2"},"west":{"uv":[15.25,7.125,15.269531,7.1523438],"tintindex":0,"rotation":0,"texture":"#2"},"up":{"uv":[15.449219,6.3320312,15.4375,6.3125],"tintindex":0,"rotation":0,"texture":"#2"},"down":{"uv":[6.3867188,15.4375,6.375,15.457031],"tintindex":0,"rotation":0,"texture":"#2"}}},{"from":[7.688281,7.4505644,-2.2988281],"to":[8.321094,8.13611,-2.140625],"faces":{"east":{"uv":[10.9375,15.25,10.949219,15.292969],"tintindex":0,"rotation":0,"texture":"#2"},"south":{"uv":[14.9375,0.4375,14.9765625,0.48046875],"tintindex":0,"rotation":0,"texture":"#2"},"north":{"uv":[0.4375,14.9375,0.4765625,14.980469],"tintindex":0,"rotation":0,"texture":"#2"},"west":{"uv":[15.25,10.9375,15.261719,10.980469],"tintindex":0,"rotation":0,"texture":"#2"},"up":{"uv":[15.3515625,2.3867188,15.3125,2.375],"tintindex":0,"rotation":0,"texture":"#2"},"down":{"uv":[2.4765625,15.3125,2.4375,15.324219],"tintindex":0,"rotation":0,"texture":"#2"}}}]}