{"textures":{"2":"modelengine:entity/pillars"},"elements":[{"from":[7.584375,7.2839622,-2.4921875],"to":[8.428125,8.198025,-2.28125],"faces":{"east":{"uv":[0.875,15.1875,0.88671875,15.246094],"tintindex":0,"rotation":0,"texture":"#2"},"south":{"uv":[9.75,13.4375,9.8046875,13.496094],"tintindex":0,"rotation":0,"texture":"#2"},"north":{"uv":[8.9375,13.4375,8.9921875,13.496094],"tintindex":0,"rotation":0,"texture":"#2"},"west":{"uv":[15.1875,0.875,15.199219,0.93359375],"tintindex":0,"rotation":0,"texture":"#2"},"up":{"uv":[15.2421875,10.761719,15.1875,10.75],"tintindex":0,"rotation":0,"texture":"#2"},"down":{"uv":[10.8671875,15.1875,10.8125,15.199219],"tintindex":0,"rotation":0,"texture":"#2"}}},{"from":[7.584375,7.2839622,-1.15625],"to":[8.428125,8.198025,-0.9453125],"faces":{"east":{"uv":[0.9375,15.1875,0.94921875,15.246094],"tintindex":0,"rotation":0,"texture":"#2"},"south":{"uv":[0.6875,13.5,0.7421875,13.558594],"tintindex":0,"rotation":0,"texture":"#2"},"north":{"uv":[13.125,13.4375,13.1796875,13.496094],"tintindex":0,"rotation":0,"texture":"#2"},"west":{"uv":[15.1875,0.9375,15.199219,0.99609375],"tintindex":0,"rotation":0,"texture":"#2"},"up":{"uv":[15.2421875,10.824219,15.1875,10.8125],"tintindex":0,"rotation":0,"texture":"#2"},"down":{"uv":[10.9296875,15.1875,10.875,15.199219],"tintindex":0,"rotation":0,"texture":"#2"}}},{"from":[7.2328124,8.198025,-1.9296875],"to":[7.44375,8.760525,-1.5078125],"faces":{"east":{"uv":[15.125,0.3125,15.152344,0.34765625],"tintindex":0,"rotation":0,"texture":"#2"},"south":{"uv":[3.25,15.3125,3.2617188,15.347656],"tintindex":0,"rotation":0,"texture":"#2"},"north":{"uv":[15.3125,3.1875,15.324219,3.2226562],"tintindex":0,"rotation":0,"texture":"#2"},"west":{"uv":[0.375,15.125,0.40234375,15.160156],"tintindex":0,"rotation":0,"texture":"#2"},"up":{"uv":[15.324219,9.527344,15.3125,9.5],"tintindex":0,"rotation":0,"texture":"#2"},"down":{"uv":[9.574219,15.3125,9.5625,15.339844],"tintindex":0,"rotation":0,"texture":"#2"}}},{"from":[7.802344,8.198025,-2.4921875],"to":[8.224218,8.760525,-2.28125],"faces":{"east":{"uv":[15.3125,3.25,15.324219,3.2851562],"tintindex":0,"rotation":0,"texture":"#2"},"south":{"uv":[0.4375,15.125,0.46484375,15.160156],"tintindex":0,"rotation":0,"texture":"#2"},"north":{"uv":[15.125,0.375,15.152344,0.41015625],"tintindex":0,"rotation":0,"texture":"#2"},"west":{"uv":[3.3125,15.3125,3.3242188,15.347656],"tintindex":0,"rotation":0,"texture":"#2"},"up":{"uv":[15.339844,9.574219,15.3125,9.5625],"tintindex":0,"rotation":0,"texture":"#2"},"down":{"uv":[9.652344,15.3125,9.625,15.324219],"tintindex":0,"rotation":0,"texture":"#2"}}},{"from":[7.2328124,7.2839622,-2.140625],"to":[7.44375,8.198025,-1.296875],"faces":{"east":{"uv":[13.375,11.0,13.4296875,11.058594],"tintindex":0,"rotation":0,"texture":"#2"},"south":{"uv":[15.1875,0.75,15.199219,0.80859375],"tintindex":0,"rotation":0,"texture":"#2"},"north":{"uv":[0.75,15.1875,0.76171875,15.246094],"tintindex":0,"rotation":0,"texture":"#2"},"west":{"uv":[12.9375,13.375,12.9921875,13.433594],"tintindex":0,"rotation":0,"texture":"#2"},"up":{"uv":[15.199219,10.7421875,15.1875,10.6875],"tintindex":0,"rotation":0,"texture":"#2"},"down":{"uv":[10.761719,15.1875,10.75,15.2421875],"tintindex":0,"rotation":0,"texture":"#2"}}},{"from":[8.56875,7.2839622,-2.0],"to":[8.709375,8.198025,-1.4375],"faces":{"east":{"uv":[13.625,14.8125,13.660156,14.871094],"tintindex":0,"rotation":0,"texture":"#2"},"south":{"uv":[15.25,13.8125,15.2578125,13.871094],"tintindex":0,"rotation":0,"texture":"#2"},"north":{"uv":[13.8125,15.25,13.8203125,15.308594],"tintindex":0,"rotation":0,"texture":"#2"},"west":{"uv":[14.8125,13.625,14.847656,13.683594],"tintindex":0,"rotation":0,"texture":"#2"},"up":{"uv":[5.9453125,15.410156,5.9375,15.375],"tintindex":0,"rotation":0,"texture":"#2"},"down":{"uv":[15.3828125,5.9375,15.375,5.9726562],"tintindex":0,"rotation":0,"texture":"#2"}}},{"from":[7.802344,8.198025,-1.15625],"to":[8.224218,8.760525,-0.9453125],"faces":{"east":{"uv":[15.3125,3.3125,15.324219,3.3476562],"tintindex":0,"rotation":0,"texture":"#2"},"south":{"uv":[0.5,15.125,0.52734375,15.160156],"tintindex":0,"rotation":0,"texture":"#2"},"north":{"uv":[15.125,0.4375,15.152344,0.47265625],"tintindex":0,"rotation":0,"texture":"#2"},"west":{"uv":[3.375,15.3125,3.3867188,15.347656],"tintindex":0,"rotation":0,"texture":"#2"},"up":{"uv":[15.339844,9.636719,15.3125,9.625],"tintindex":0,"rotation":0,"texture":"#2"},"down":{"uv":[9.714844,15.3125,9.6875,15.324219],"tintindex":0,"rotation":0,"texture":"#2"}}},{"from":[7.44375,7.2839622,-2.28125],"to":[8.56875,8.760525,-1.15625],"faces":{"east":{"uv":[14.3125,4.0,14.3828125,4.09375],"tintindex":0,"rotation":0,"texture":"#2"},"south":{"uv":[4.0625,14.3125,4.1328125,14.40625],"tintindex":0,"rotation":0,"texture":"#2"},"north":{"uv":[3.9375,14.3125,4.0078125,14.40625],"tintindex":0,"rotation":0,"texture":"#2"},"west":{"uv":[14.3125,4.125,14.3828125,4.21875],"tintindex":0,"rotation":0,"texture":"#2"},"up":{"uv":[14.5703125,12.1953125,14.5,12.125],"tintindex":0,"rotation":0,"texture":"#2"},"down":{"uv":[14.5703125,12.25,14.5,12.3203125],"tintindex":0,"rotation":0,"texture":"#2"}}},{"from":[8.56875,8.198025,-1.859375],"to":[8.709375,8.760525,-1.578125],"faces":{"east":{"uv":[0.8125,15.1875,0.83203125,15.222656],"tintindex":0,"rotation":0,"texture":"#2"},"south":{"uv":[15.375,6.0,15.3828125,6.0351562],"tintindex":0,"rotation":0,"texture":"#2"},"north":{"uv":[6.0,15.375,6.0078125,15.410156],"tintindex":0,"rotation":0,"texture":"#2"},"west":{"uv":[15.1875,0.8125,15.207031,0.84765625],"tintindex":0,"rotation":0,"texture":"#2"},"up":{"uv":[15.4453125,9.957031,15.4375,9.9375],"tintindex":0,"rotation":0,"texture":"#2"},"down":{"uv":[10.0078125,15.4375,10.0,15.457031],"tintindex":0,"rotation":0,"texture":"#2"}}}]}