{"textures":{"2":"modelengine:entity/pillars"},"elements":[{"from":[7.766211,7.613015,-1.4023438],"to":[8.24082,8.127175,-1.2836914],"faces":{"east":{"uv":[15.4375,1.25,15.4453125,1.28125],"tintindex":0,"rotation":0,"texture":"#2"},"south":{"uv":[15.0625,15.0,15.09375,15.03125],"tintindex":0,"rotation":0,"texture":"#2"},"north":{"uv":[15.0,15.0625,15.03125,15.09375],"tintindex":0,"rotation":0,"texture":"#2"},"west":{"uv":[1.3125,15.4375,1.3203125,15.46875],"tintindex":0,"rotation":0,"texture":"#2"},"up":{"uv":[15.46875,1.3203125,15.4375,1.3125],"tintindex":0,"rotation":0,"texture":"#2"},"down":{"uv":[1.40625,15.4375,1.375,15.4453125],"tintindex":0,"rotation":0,"texture":"#2"}}},{"from":[8.3199215,7.613015,-1.8769531],"to":[8.399023,8.127175,-1.5605469],"faces":{"east":{"uv":[1.1875,15.25,1.2070312,15.28125],"tintindex":0,"rotation":0,"texture":"#2"},"south":{"uv":[15.5,3.625,15.503906,3.65625],"tintindex":0,"rotation":0,"texture":"#2"},"north":{"uv":[3.625,15.5,3.6289062,15.53125],"tintindex":0,"rotation":0,"texture":"#2"},"west":{"uv":[15.25,1.1875,15.269531,1.21875],"tintindex":0,"rotation":0,"texture":"#2"},"up":{"uv":[7.4414062,15.519531,7.4375,15.5],"tintindex":0,"rotation":0,"texture":"#2"},"down":{"uv":[15.503906,7.4375,15.5,7.4570312],"tintindex":0,"rotation":0,"texture":"#2"}}},{"from":[7.568457,7.613015,-1.9560547],"to":[7.6871095,8.127175,-1.4814453],"faces":{"east":{"uv":[14.875,15.0625,14.90625,15.09375],"tintindex":0,"rotation":0,"texture":"#2"},"south":{"uv":[1.0625,15.4375,1.0703125,15.46875],"tintindex":0,"rotation":0,"texture":"#2"},"north":{"uv":[15.4375,1.0,15.4453125,1.03125],"tintindex":0,"rotation":0,"texture":"#2"},"west":{"uv":[15.0625,14.875,15.09375,14.90625],"tintindex":0,"rotation":0,"texture":"#2"},"up":{"uv":[15.4453125,1.09375,15.4375,1.0625],"tintindex":0,"rotation":0,"texture":"#2"},"down":{"uv":[1.1328125,15.4375,1.125,15.46875],"tintindex":0,"rotation":0,"texture":"#2"}}},{"from":[7.766211,7.613015,-2.1538086],"to":[8.24082,8.127175,-2.0351562],"faces":{"east":{"uv":[15.4375,1.125,15.4453125,1.15625],"tintindex":0,"rotation":0,"texture":"#2"},"south":{"uv":[15.0625,14.9375,15.09375,14.96875],"tintindex":0,"rotation":0,"texture":"#2"},"north":{"uv":[14.9375,15.0625,14.96875,15.09375],"tintindex":0,"rotation":0,"texture":"#2"},"west":{"uv":[1.1875,15.4375,1.1953125,15.46875],"tintindex":0,"rotation":0,"texture":"#2"},"up":{"uv":[15.46875,1.1953125,15.4375,1.1875],"tintindex":0,"rotation":0,"texture":"#2"},"down":{"uv":[1.28125,15.4375,1.25,15.4453125],"tintindex":0,"rotation":0,"texture":"#2"}}},{"from":[8.3199215,8.127175,-1.7978516],"to":[8.399023,8.443582,-1.6396484],"faces":{"east":{"uv":[15.4375,6.5,15.449219,6.5195312],"tintindex":0,"rotation":0,"texture":"#2"},"south":{"uv":[15.5,7.5,15.503906,7.5195312],"tintindex":0,"rotation":0,"texture":"#2"},"north":{"uv":[7.5,15.5,7.5039062,15.519531],"tintindex":0,"rotation":0,"texture":"#2"},"west":{"uv":[6.5625,15.4375,6.5742188,15.457031],"tintindex":0,"rotation":0,"texture":"#2"},"up":{"uv":[8.753906,15.511719,8.75,15.5],"tintindex":0,"rotation":0,"texture":"#2"},"down":{"uv":[15.503906,8.75,15.5,8.761719],"tintindex":0,"rotation":0,"texture":"#2"}}},{"from":[7.8888183,8.127175,-2.1538086],"to":[8.126123,8.443582,-2.0351562],"faces":{"east":{"uv":[15.4375,14.0625,15.4453125,14.082031],"tintindex":0,"rotation":0,"texture":"#2"},"south":{"uv":[15.375,5.4375,15.390625,5.4570312],"tintindex":0,"rotation":0,"texture":"#2"},"north":{"uv":[5.4375,15.375,5.453125,15.394531],"tintindex":0,"rotation":0,"texture":"#2"},"west":{"uv":[14.125,15.4375,14.1328125,15.457031],"tintindex":0,"rotation":0,"texture":"#2"},"up":{"uv":[3.703125,15.5078125,3.6875,15.5],"tintindex":0,"rotation":0,"texture":"#2"},"down":{"uv":[15.515625,3.6875,15.5,3.6953125],"tintindex":0,"rotation":0,"texture":"#2"}}},{"from":[7.6871095,7.613015,-2.0351562],"to":[8.3199215,8.443582,-1.4023438],"faces":{"east":{"uv":[14.875,4.25,14.9140625,4.3007812],"tintindex":0,"rotation":0,"texture":"#2"},"south":{"uv":[4.3125,14.875,4.3515625,14.925781],"tintindex":0,"rotation":0,"texture":"#2"},"north":{"uv":[14.875,4.1875,14.9140625,4.2382812],"tintindex":0,"rotation":0,"texture":"#2"},"west":{"uv":[14.875,4.3125,14.9140625,4.3632812],"tintindex":0,"rotation":0,"texture":"#2"},"up":{"uv":[14.9765625,14.6640625,14.9375,14.625],"tintindex":0,"rotation":0,"texture":"#2"},"down":{"uv":[14.7265625,14.9375,14.6875,14.9765625],"tintindex":0,"rotation":0,"texture":"#2"}}},{"from":[7.568457,8.127175,-1.8374023],"to":[7.6871095,8.443582,-1.6000977],"faces":{"east":{"uv":[5.375,15.375,5.390625,15.394531],"tintindex":0,"rotation":0,"texture":"#2"},"south":{"uv":[14.0625,15.4375,14.0703125,15.457031],"tintindex":0,"rotation":0,"texture":"#2"},"north":{"uv":[15.4375,14.0,15.4453125,14.019531],"tintindex":0,"rotation":0,"texture":"#2"},"west":{"uv":[15.375,5.375,15.390625,5.3945312],"tintindex":0,"rotation":0,"texture":"#2"},"up":{"uv":[3.5703125,15.515625,3.5625,15.5],"tintindex":0,"rotation":0,"texture":"#2"},"down":{"uv":[15.5078125,3.5625,15.5,3.578125],"tintindex":0,"rotation":0,"texture":"#2"}}},{"from":[7.8888183,8.127175,-1.4023438],"to":[8.126123,8.443582,-1.2836914],"faces":{"east":{"uv":[15.4375,14.125,15.4453125,14.144531],"tintindex":0,"rotation":0,"texture":"#2"},"south":{"uv":[15.375,5.5,15.390625,5.5195312],"tintindex":0,"rotation":0,"texture":"#2"},"north":{"uv":[5.5,15.375,5.515625,15.394531],"tintindex":0,"rotation":0,"texture":"#2"},"west":{"uv":[14.1875,15.4375,14.1953125,15.457031],"tintindex":0,"rotation":0,"texture":"#2"},"up":{"uv":[3.765625,15.5078125,3.75,15.5],"tintindex":0,"rotation":0,"texture":"#2"},"down":{"uv":[15.515625,3.75,15.5,3.7578125],"tintindex":0,"rotation":0,"texture":"#2"}}}]}