{"textures":{"2":"modelengine:entity/pillars"},"elements":[{"from":[8.758333,8.230577,-1.90625],"to":[8.945833,8.980577,-1.53125],"faces":{"east":{"uv":[3.5,15.0625,3.5234375,15.109375],"tintindex":0,"rotation":0,"texture":"#2"},"south":{"uv":[15.25,2.6875,15.261719,2.734375],"tintindex":0,"rotation":0,"texture":"#2"},"north":{"uv":[2.6875,15.25,2.6992188,15.296875],"tintindex":0,"rotation":0,"texture":"#2"},"west":{"uv":[15.0625,3.5,15.0859375,3.546875],"tintindex":0,"rotation":0,"texture":"#2"},"up":{"uv":[7.7617188,15.3984375,7.75,15.375],"tintindex":0,"rotation":0,"texture":"#2"},"down":{"uv":[15.386719,7.75,15.375,7.7734375],"tintindex":0,"rotation":0,"texture":"#2"}}},{"from":[7.445833,7.0118275,-2.75],"to":[8.570833,8.230577,-2.46875],"faces":{"east":{"uv":[12.3125,14.9375,12.332031,15.015625],"tintindex":0,"rotation":0,"texture":"#2"},"south":{"uv":[3.1875,14.4375,3.2578125,14.515625],"tintindex":0,"rotation":0,"texture":"#2"},"north":{"uv":[14.4375,3.125,14.5078125,3.203125],"tintindex":0,"rotation":0,"texture":"#2"},"west":{"uv":[14.9375,12.3125,14.957031,12.390625],"tintindex":0,"rotation":0,"texture":"#2"},"up":{"uv":[15.0703125,10.957031,15.0,10.9375],"tintindex":0,"rotation":0,"texture":"#2"},"down":{"uv":[11.0703125,15.0,11.0,15.019531],"tintindex":0,"rotation":0,"texture":"#2"}}},{"from":[7.736459,8.230577,-0.96875],"to":[8.298959,8.980577,-0.6875],"faces":{"east":{"uv":[15.125,8.4375,15.144531,8.484375],"tintindex":0,"rotation":0,"texture":"#2"},"south":{"uv":[14.9375,2.9375,14.972656,2.984375],"tintindex":0,"rotation":0,"texture":"#2"},"north":{"uv":[2.9375,14.9375,2.9726562,14.984375],"tintindex":0,"rotation":0,"texture":"#2"},"west":{"uv":[8.5,15.125,8.519531,15.171875],"tintindex":0,"rotation":0,"texture":"#2"},"up":{"uv":[15.222656,5.0820312,15.1875,5.0625],"tintindex":0,"rotation":0,"texture":"#2"},"down":{"uv":[5.1601562,15.1875,5.125,15.207031],"tintindex":0,"rotation":0,"texture":"#2"}}},{"from":[7.258333,7.0118275,-2.46875],"to":[8.758333,8.980577,-0.96875],"faces":{"east":{"uv":[14.0,3.25,14.09375,3.375],"tintindex":0,"rotation":0,"texture":"#2"},"south":{"uv":[3.375,14.0,3.46875,14.125],"tintindex":0,"rotation":0,"texture":"#2"},"north":{"uv":[3.25,14.0,3.34375,14.125],"tintindex":0,"rotation":0,"texture":"#2"},"west":{"uv":[14.0,3.375,14.09375,3.5],"tintindex":0,"rotation":0,"texture":"#2"},"up":{"uv":[14.15625,12.78125,14.0625,12.6875],"tintindex":0,"rotation":0,"texture":"#2"},"down":{"uv":[12.90625,14.0625,12.8125,14.15625],"tintindex":0,"rotation":0,"texture":"#2"}}},{"from":[6.977083,8.230577,-2.0],"to":[7.258333,8.980577,-1.4375],"faces":{"east":{"uv":[2.8125,14.9375,2.8476562,14.984375],"tintindex":0,"rotation":0,"texture":"#2"},"south":{"uv":[15.125,8.25,15.144531,8.296875],"tintindex":0,"rotation":0,"texture":"#2"},"north":{"uv":[8.25,15.125,8.269531,15.171875],"tintindex":0,"rotation":0,"texture":"#2"},"west":{"uv":[14.9375,2.8125,14.972656,2.859375],"tintindex":0,"rotation":0,"texture":"#2"},"up":{"uv":[15.207031,4.9726562,15.1875,4.9375],"tintindex":0,"rotation":0,"texture":"#2"},"down":{"uv":[5.0195312,15.1875,5.0,15.222656],"tintindex":0,"rotation":0,"texture":"#2"}}},{"from":[7.736459,8.230577,-2.75],"to":[8.298959,8.980577,-2.46875],"faces":{"east":{"uv":[8.375,15.125,8.394531,15.171875],"tintindex":0,"rotation":0,"texture":"#2"},"south":{"uv":[14.9375,2.875,14.972656,2.921875],"tintindex":0,"rotation":0,"texture":"#2"},"north":{"uv":[2.875,14.9375,2.9101562,14.984375],"tintindex":0,"rotation":0,"texture":"#2"},"west":{"uv":[8.4375,15.125,8.457031,15.171875],"tintindex":0,"rotation":0,"texture":"#2"},"up":{"uv":[15.222656,5.0195312,15.1875,5.0],"tintindex":0,"rotation":0,"texture":"#2"},"down":{"uv":[5.0976562,15.1875,5.0625,15.207031],"tintindex":0,"rotation":0,"texture":"#2"}}},{"from":[6.977083,7.0118275,-2.28125],"to":[7.258333,8.230577,-1.15625],"faces":{"east":{"uv":[14.4375,3.0,14.5078125,3.078125],"tintindex":0,"rotation":0,"texture":"#2"},"south":{"uv":[12.25,14.9375,12.269531,15.015625],"tintindex":0,"rotation":0,"texture":"#2"},"north":{"uv":[14.9375,12.1875,14.957031,12.265625],"tintindex":0,"rotation":0,"texture":"#2"},"west":{"uv":[3.0625,14.4375,3.1328125,14.515625],"tintindex":0,"rotation":0,"texture":"#2"},"up":{"uv":[10.644531,15.0703125,10.625,15.0],"tintindex":0,"rotation":0,"texture":"#2"},"down":{"uv":[10.957031,15.0,10.9375,15.0703125],"tintindex":0,"rotation":0,"texture":"#2"}}},{"from":[8.758333,7.0118275,-2.09375],"to":[8.945833,8.230577,-1.34375],"faces":{"east":{"uv":[1.6875,14.6875,1.734375,14.765625],"tintindex":0,"rotation":0,"texture":"#2"},"south":{"uv":[15.125,8.3125,15.136719,8.390625],"tintindex":0,"rotation":0,"texture":"#2"},"north":{"uv":[8.3125,15.125,8.324219,15.203125],"tintindex":0,"rotation":0,"texture":"#2"},"west":{"uv":[1.875,14.6875,1.921875,14.765625],"tintindex":0,"rotation":0,"texture":"#2"},"up":{"uv":[2.6367188,15.296875,2.625,15.25],"tintindex":0,"rotation":0,"texture":"#2"},"down":{"uv":[15.261719,2.625,15.25,2.671875],"tintindex":0,"rotation":0,"texture":"#2"}}},{"from":[7.445833,7.0118275,-0.96875],"to":[8.570833,8.230577,-0.6875],"faces":{"east":{"uv":[12.375,14.9375,12.394531,15.015625],"tintindex":0,"rotation":0,"texture":"#2"},"south":{"uv":[3.3125,14.4375,3.3828125,14.515625],"tintindex":0,"rotation":0,"texture":"#2"},"north":{"uv":[14.4375,3.25,14.5078125,3.328125],"tintindex":0,"rotation":0,"texture":"#2"},"west":{"uv":[12.4375,14.9375,12.457031,15.015625],"tintindex":0,"rotation":0,"texture":"#2"},"up":{"uv":[15.0703125,11.019531,15.0,11.0],"tintindex":0,"rotation":0,"texture":"#2"},"down":{"uv":[15.0703125,11.0625,15.0,11.082031],"tintindex":0,"rotation":0,"texture":"#2"}}}]}