{"textures":{"2":"modelengine:entity/pillars"},"elements":[{"from":[7.7035155,8.071485,8.84375],"to":[8.3363285,8.915235,9.160156],"faces":{"east":{"uv":[4.5625,15.0625,4.5820312,15.1171875],"tintindex":0,"rotation":0,"texture":"#2"},"south":{"uv":[14.8125,11.8125,14.8515625,11.8671875],"tintindex":0,"rotation":0,"texture":"#2"},"north":{"uv":[11.75,14.8125,11.7890625,14.8671875],"tintindex":0,"rotation":0,"texture":"#2"},"west":{"uv":[15.0625,4.5625,15.082031,4.6171875],"tintindex":0,"rotation":0,"texture":"#2"},"up":{"uv":[15.1640625,11.269531,15.125,11.25],"tintindex":0,"rotation":0,"texture":"#2"},"down":{"uv":[11.3515625,15.125,11.3125,15.144531],"tintindex":0,"rotation":0,"texture":"#2"}}},{"from":[6.8492184,8.071485,7.6835938],"to":[7.1656246,8.915235,8.316406],"faces":{"east":{"uv":[11.5,14.8125,11.5390625,14.8671875],"tintindex":0,"rotation":0,"texture":"#2"},"south":{"uv":[15.0625,4.4375,15.082031,4.4921875],"tintindex":0,"rotation":0,"texture":"#2"},"north":{"uv":[4.4375,15.0625,4.4570312,15.1171875],"tintindex":0,"rotation":0,"texture":"#2"},"west":{"uv":[14.8125,11.5,14.8515625,11.5546875],"tintindex":0,"rotation":0,"texture":"#2"},"up":{"uv":[15.144531,11.1640625,15.125,11.125],"tintindex":0,"rotation":0,"texture":"#2"},"down":{"uv":[11.207031,15.125,11.1875,15.1640625],"tintindex":0,"rotation":0,"texture":"#2"}}},{"from":[7.376562,6.700391,8.84375],"to":[8.642187,8.071485,9.160156],"faces":{"east":{"uv":[9.625,14.875,9.644531,14.9609375],"tintindex":0,"rotation":0,"texture":"#2"},"south":{"uv":[14.1875,5.6875,14.265625,5.7734375],"tintindex":0,"rotation":0,"texture":"#2"},"north":{"uv":[14.1875,5.25,14.265625,5.3359375],"tintindex":0,"rotation":0,"texture":"#2"},"west":{"uv":[14.875,9.625,14.894531,9.7109375],"tintindex":0,"rotation":0,"texture":"#2"},"up":{"uv":[15.015625,5.2695312,14.9375,5.25],"tintindex":0,"rotation":0,"texture":"#2"},"down":{"uv":[15.015625,5.3125,14.9375,5.3320312],"tintindex":0,"rotation":0,"texture":"#2"}}},{"from":[8.853125,6.700391,7.578125],"to":[9.064062,8.071485,8.421875],"faces":{"east":{"uv":[5.4375,14.5625,5.4921875,14.6484375],"tintindex":0,"rotation":0,"texture":"#2"},"south":{"uv":[15.0625,6.75,15.074219,6.8359375],"tintindex":0,"rotation":0,"texture":"#2"},"north":{"uv":[15.0625,6.625,15.074219,6.7109375],"tintindex":0,"rotation":0,"texture":"#2"},"west":{"uv":[14.5625,5.4375,14.6171875,5.5234375],"tintindex":0,"rotation":0,"texture":"#2"},"up":{"uv":[9.324219,15.2421875,9.3125,15.1875],"tintindex":0,"rotation":0,"texture":"#2"},"down":{"uv":[15.199219,9.3125,15.1875,9.3671875],"tintindex":0,"rotation":0,"texture":"#2"}}},{"from":[7.1656246,6.700391,7.15625],"to":[8.853125,8.915235,8.84375],"faces":{"east":{"uv":[2.625,13.6875,2.7304688,13.824219],"tintindex":0,"rotation":0,"texture":"#2"},"south":{"uv":[13.6875,2.6875,13.792969,2.8242188],"tintindex":0,"rotation":0,"texture":"#2"},"north":{"uv":[13.6875,2.5,13.792969,2.6367188],"tintindex":0,"rotation":0,"texture":"#2"},"west":{"uv":[2.75,13.6875,2.8554688,13.824219],"tintindex":0,"rotation":0,"texture":"#2"},"up":{"uv":[14.105469,10.605469,14.0,10.5],"tintindex":0,"rotation":0,"texture":"#2"},"down":{"uv":[14.105469,10.625,14.0,10.730469],"tintindex":0,"rotation":0,"texture":"#2"}}},{"from":[8.853125,8.071485,7.7890625],"to":[9.064062,8.915235,8.2109375],"faces":{"east":{"uv":[0.5,15.0,0.52734375,15.0546875],"tintindex":0,"rotation":0,"texture":"#2"},"south":{"uv":[15.1875,9.375,15.199219,9.4296875],"tintindex":0,"rotation":0,"texture":"#2"},"north":{"uv":[9.375,15.1875,9.386719,15.2421875],"tintindex":0,"rotation":0,"texture":"#2"},"west":{"uv":[15.0,0.5,15.027344,0.5546875],"tintindex":0,"rotation":0,"texture":"#2"},"up":{"uv":[15.324219,7.9648438,15.3125,7.9375],"tintindex":0,"rotation":0,"texture":"#2"},"down":{"uv":[8.011719,15.3125,8.0,15.339844],"tintindex":0,"rotation":0,"texture":"#2"}}},{"from":[7.7035155,8.071485,6.8398438],"to":[8.3363285,8.915235,7.15625],"faces":{"east":{"uv":[4.5,15.0625,4.5195312,15.1171875],"tintindex":0,"rotation":0,"texture":"#2"},"south":{"uv":[11.6875,14.8125,11.7265625,14.8671875],"tintindex":0,"rotation":0,"texture":"#2"},"north":{"uv":[11.625,14.8125,11.6640625,14.8671875],"tintindex":0,"rotation":0,"texture":"#2"},"west":{"uv":[15.0625,4.5,15.082031,4.5546875],"tintindex":0,"rotation":0,"texture":"#2"},"up":{"uv":[15.1640625,11.207031,15.125,11.1875],"tintindex":0,"rotation":0,"texture":"#2"},"down":{"uv":[11.2890625,15.125,11.25,15.144531],"tintindex":0,"rotation":0,"texture":"#2"}}},{"from":[6.8492184,6.700391,7.3671875],"to":[7.1656246,8.071485,8.6328125],"faces":{"east":{"uv":[3.9375,14.1875,4.015625,14.2734375],"tintindex":0,"rotation":0,"texture":"#2"},"south":{"uv":[14.875,9.25,14.894531,9.3359375],"tintindex":0,"rotation":0,"texture":"#2"},"north":{"uv":[14.875,9.125,14.894531,9.2109375],"tintindex":0,"rotation":0,"texture":"#2"},"west":{"uv":[4.0625,14.1875,4.140625,14.2734375],"tintindex":0,"rotation":0,"texture":"#2"},"up":{"uv":[14.957031,5.078125,14.9375,5.0],"tintindex":0,"rotation":0,"texture":"#2"},"down":{"uv":[5.1445312,14.9375,5.125,15.015625],"tintindex":0,"rotation":0,"texture":"#2"}}},{"from":[7.376562,6.700391,6.8398438],"to":[8.642187,8.071485,7.15625],"faces":{"east":{"uv":[14.875,9.375,14.894531,9.4609375],"tintindex":0,"rotation":0,"texture":"#2"},"south":{"uv":[4.1875,14.1875,4.265625,14.2734375],"tintindex":0,"rotation":0,"texture":"#2"},"north":{"uv":[14.1875,4.125,14.265625,4.2109375],"tintindex":0,"rotation":0,"texture":"#2"},"west":{"uv":[14.875,9.5,14.894531,9.5859375],"tintindex":0,"rotation":0,"texture":"#2"},"up":{"uv":[15.015625,5.1445312,14.9375,5.125],"tintindex":0,"rotation":0,"texture":"#2"},"down":{"uv":[15.015625,5.1875,14.9375,5.2070312],"tintindex":0,"rotation":0,"texture":"#2"}}}]}