{"textures":{"2":"modelengine:entity/pillars"},"elements":[{"from":[11.299459,3.2638245,6.3683968],"to":[12.115261,8.566528,9.631599],"faces":{"east":{"uv":[11.5,8.0625,11.703125,8.394531],"tintindex":0,"rotation":0,"texture":"#2"},"south":{"uv":[10.375,13.5625,10.425781,13.894531],"tintindex":0,"rotation":0,"texture":"#2"},"north":{"uv":[9.3125,13.5625,9.363281,13.894531],"tintindex":0,"rotation":0,"texture":"#2"},"west":{"uv":[11.5,8.4375,11.703125,8.769531],"tintindex":0,"rotation":0,"texture":"#2"},"up":{"uv":[0.11328125,14.265625,0.0625,14.0625],"tintindex":0,"rotation":0,"texture":"#2"},"down":{"uv":[0.17578125,14.0625,0.125,14.265625],"tintindex":0,"rotation":0,"texture":"#2"}}},{"from":[6.853346,8.566528,11.263203],"to":[9.300749,11.829731,12.486904],"faces":{"east":{"uv":[0.3125,13.6875,0.390625,13.890625],"tintindex":0,"rotation":0,"texture":"#2"},"south":{"uv":[10.25,12.75,10.402344,12.953125],"tintindex":0,"rotation":0,"texture":"#2"},"north":{"uv":[10.0625,12.75,10.214844,12.953125],"tintindex":0,"rotation":0,"texture":"#2"},"west":{"uv":[0.4375,13.6875,0.515625,13.890625],"tintindex":0,"rotation":0,"texture":"#2"},"up":{"uv":[14.027344,12.640625,13.875,12.5625],"tintindex":0,"rotation":0,"texture":"#2"},"down":{"uv":[14.027344,12.6875,13.875,12.765625],"tintindex":0,"rotation":0,"texture":"#2"}}},{"from":[4.773054,3.2638245,4.7367973],"to":[11.299459,11.829731,11.263203],"faces":{"east":{"uv":[8.4375,8.5,8.84375,9.035156],"tintindex":0,"rotation":0,"texture":"#2"},"south":{"uv":[8.5625,2.3125,8.96875,2.8476562],"tintindex":0,"rotation":0,"texture":"#2"},"north":{"uv":[8.5,1.75,8.90625,2.2851562],"tintindex":0,"rotation":0,"texture":"#2"},"west":{"uv":[5.875,8.5625,6.28125,9.097656],"tintindex":0,"rotation":0,"texture":"#2"},"up":{"uv":[9.46875,9.65625,9.0625,9.25],"tintindex":0,"rotation":0,"texture":"#2"},"down":{"uv":[9.71875,6.9375,9.3125,7.34375],"tintindex":0,"rotation":0,"texture":"#2"}}},{"from":[5.588854,3.2638245,3.5130959],"to":[10.48366,8.566528,4.7367973],"faces":{"east":{"uv":[13.0625,7.0625,13.140625,7.3945312],"tintindex":0,"rotation":0,"texture":"#2"},"south":{"uv":[10.75,10.5,11.0546875,10.832031],"tintindex":0,"rotation":0,"texture":"#2"},"north":{"uv":[10.75,10.125,11.0546875,10.457031],"tintindex":0,"rotation":0,"texture":"#2"},"west":{"uv":[13.0625,7.4375,13.140625,7.7695312],"tintindex":0,"rotation":0,"texture":"#2"},"up":{"uv":[7.4296875,13.328125,7.125,13.25],"tintindex":0,"rotation":0,"texture":"#2"},"down":{"uv":[7.8671875,13.25,7.5625,13.328125],"tintindex":0,"rotation":0,"texture":"#2"}}},{"from":[5.588854,3.2638245,11.263203],"to":[10.48366,8.566528,12.486904],"faces":{"east":{"uv":[13.0625,7.8125,13.140625,8.144531],"tintindex":0,"rotation":0,"texture":"#2"},"south":{"uv":[10.8125,4.3125,11.1171875,4.6445312],"tintindex":0,"rotation":0,"texture":"#2"},"north":{"uv":[1.125,10.8125,1.4296875,11.144531],"tintindex":0,"rotation":0,"texture":"#2"},"west":{"uv":[13.0625,8.1875,13.140625,8.519531],"tintindex":0,"rotation":0,"texture":"#2"},"up":{"uv":[13.5546875,8.640625,13.25,8.5625],"tintindex":0,"rotation":0,"texture":"#2"},"down":{"uv":[13.5546875,8.6875,13.25,8.765625],"tintindex":0,"rotation":0,"texture":"#2"}}},{"from":[6.853346,8.566528,3.5130959],"to":[9.300749,11.829731,4.7367973],"faces":{"east":{"uv":[13.6875,0.0,13.765625,0.203125],"tintindex":0,"rotation":0,"texture":"#2"},"south":{"uv":[9.875,12.75,10.027344,12.953125],"tintindex":0,"rotation":0,"texture":"#2"},"north":{"uv":[9.25,12.75,9.402344,12.953125],"tintindex":0,"rotation":0,"texture":"#2"},"west":{"uv":[13.6875,0.25,13.765625,0.453125],"tintindex":0,"rotation":0,"texture":"#2"},"up":{"uv":[14.027344,12.140625,13.875,12.0625],"tintindex":0,"rotation":0,"texture":"#2"},"down":{"uv":[14.027344,12.4375,13.875,12.515625],"tintindex":0,"rotation":0,"texture":"#2"}}},{"from":[3.5493526,3.2638245,5.552597],"to":[4.773054,8.566528,10.447403],"faces":{"east":{"uv":[10.75,9.375,11.0546875,9.707031],"tintindex":0,"rotation":0,"texture":"#2"},"south":{"uv":[6.6875,13.0625,6.765625,13.394531],"tintindex":0,"rotation":0,"texture":"#2"},"north":{"uv":[6.1875,13.0625,6.265625,13.394531],"tintindex":0,"rotation":0,"texture":"#2"},"west":{"uv":[10.75,9.75,11.0546875,10.082031],"tintindex":0,"rotation":0,"texture":"#2"},"up":{"uv":[6.390625,13.5546875,6.3125,13.25],"tintindex":0,"rotation":0,"texture":"#2"},"down":{"uv":[6.515625,13.25,6.4375,13.5546875],"tintindex":0,"rotation":0,"texture":"#2"}}},{"from":[11.299459,8.566528,7.1841965],"to":[12.115261,11.829731,8.8158],"faces":{"east":{"uv":[13.3125,8.3125,13.4140625,8.515625],"tintindex":0,"rotation":0,"texture":"#2"},"south":{"uv":[0.25,14.0625,0.30078125,14.265625],"tintindex":0,"rotation":0,"texture":"#2"},"north":{"uv":[0.1875,14.0625,0.23828125,14.265625],"tintindex":0,"rotation":0,"texture":"#2"},"west":{"uv":[8.375,13.3125,8.4765625,13.515625],"tintindex":0,"rotation":0,"texture":"#2"},"up":{"uv":[4.6132812,14.6015625,4.5625,14.5],"tintindex":0,"rotation":0,"texture":"#2"},"down":{"uv":[4.6757812,14.5,4.625,14.6015625],"tintindex":0,"rotation":0,"texture":"#2"}}},{"from":[3.5493526,8.566528,6.7762985],"to":[4.773054,11.829731,9.2237015],"faces":{"east":{"uv":[12.75,8.75,12.902344,8.953125],"tintindex":0,"rotation":0,"texture":"#2"},"south":{"uv":[0.0,13.6875,0.078125,13.890625],"tintindex":0,"rotation":0,"texture":"#2"},"north":{"uv":[13.625,13.625,13.703125,13.828125],"tintindex":0,"rotation":0,"texture":"#2"},"west":{"uv":[8.9375,12.75,9.089844,12.953125],"tintindex":0,"rotation":0,"texture":"#2"},"up":{"uv":[12.078125,14.027344,12.0,13.875],"tintindex":0,"rotation":0,"texture":"#2"},"down":{"uv":[12.453125,13.875,12.375,14.027344],"tintindex":0,"rotation":0,"texture":"#2"}}}]}