{"textures":{"2":"modelengine:entity/pillars"},"elements":[{"from":[8.426562,8.13611,-1.8242188],"to":[8.532031,8.557985,-1.6132812],"faces":{"east":{"uv":[15.3125,10.625,15.324219,10.652344],"tintindex":0,"rotation":0,"texture":"#2"},"south":{"uv":[7.5,15.4375,7.5078125,15.464844],"tintindex":0,"rotation":0,"texture":"#2"},"north":{"uv":[15.4375,7.4375,15.4453125,7.4648438],"tintindex":0,"rotation":0,"texture":"#2"},"west":{"uv":[10.6875,15.3125,10.699219,15.339844],"tintindex":0,"rotation":0,"texture":"#2"},"up":{"uv":[4.1328125,15.511719,4.125,15.5],"tintindex":0,"rotation":0,"texture":"#2"},"down":{"uv":[15.5078125,4.125,15.5,4.1367188],"tintindex":0,"rotation":0,"texture":"#2"}}},{"from":[7.688281,7.4505644,-1.296875],"to":[8.321094,8.13611,-1.1386719],"faces":{"east":{"uv":[8.5625,15.25,8.574219,15.292969],"tintindex":0,"rotation":0,"texture":"#2"},"south":{"uv":[13.0,14.875,13.0390625,14.917969],"tintindex":0,"rotation":0,"texture":"#2"},"north":{"uv":[14.875,12.9375,14.9140625,12.980469],"tintindex":0,"rotation":0,"texture":"#2"},"west":{"uv":[15.25,8.5625,15.261719,8.605469],"tintindex":0,"rotation":0,"texture":"#2"},"up":{"uv":[14.5390625,15.261719,14.5,15.25],"tintindex":0,"rotation":0,"texture":"#2"},"down":{"uv":[15.2890625,14.5,15.25,14.511719],"tintindex":0,"rotation":0,"texture":"#2"}}},{"from":[8.426562,7.4505644,-1.9296875],"to":[8.532031,8.13611,-1.5078125],"faces":{"east":{"uv":[0.6875,15.0625,0.71484375,15.105469],"tintindex":0,"rotation":0,"texture":"#2"},"south":{"uv":[6.9375,15.3125,6.9453125,15.355469],"tintindex":0,"rotation":0,"texture":"#2"},"north":{"uv":[15.3125,6.875,15.3203125,6.9179688],"tintindex":0,"rotation":0,"texture":"#2"},"west":{"uv":[15.0625,0.6875,15.089844,0.73046875],"tintindex":0,"rotation":0,"texture":"#2"},"up":{"uv":[15.4453125,7.4023438,15.4375,7.375],"tintindex":0,"rotation":0,"texture":"#2"},"down":{"uv":[7.4453125,15.4375,7.4375,15.464844],"tintindex":0,"rotation":0,"texture":"#2"}}},{"from":[7.5828123,7.4505644,-2.140625],"to":[8.426562,8.557985,-1.296875],"faces":{"east":{"uv":[12.5625,14.625,12.6171875,14.6953125],"tintindex":0,"rotation":0,"texture":"#2"},"south":{"uv":[12.625,14.625,12.6796875,14.6953125],"tintindex":0,"rotation":0,"texture":"#2"},"north":{"uv":[14.625,12.5,14.6796875,12.5703125],"tintindex":0,"rotation":0,"texture":"#2"},"west":{"uv":[14.625,12.625,14.6796875,12.6953125],"tintindex":0,"rotation":0,"texture":"#2"},"up":{"uv":[14.8046875,8.4921875,14.75,8.4375],"tintindex":0,"rotation":0,"texture":"#2"},"down":{"uv":[14.8046875,8.5,14.75,8.5546875],"tintindex":0,"rotation":0,"texture":"#2"}}},{"from":[7.424609,8.13611,-1.8769531],"to":[7.5828123,8.557985,-1.5605469],"faces":{"east":{"uv":[4.6875,15.25,4.7070312,15.277344],"tintindex":0,"rotation":0,"texture":"#2"},"south":{"uv":[10.625,15.3125,10.636719,15.339844],"tintindex":0,"rotation":0,"texture":"#2"},"north":{"uv":[15.3125,10.5625,15.324219,10.589844],"tintindex":0,"rotation":0,"texture":"#2"},"west":{"uv":[15.25,4.6875,15.269531,4.7148438],"tintindex":0,"rotation":0,"texture":"#2"},"up":{"uv":[15.449219,3.0820312,15.4375,3.0625],"tintindex":0,"rotation":0,"texture":"#2"},"down":{"uv":[3.1367188,15.4375,3.125,15.457031],"tintindex":0,"rotation":0,"texture":"#2"}}},{"from":[7.424609,7.4505644,-2.0351562],"to":[7.5828123,8.13611,-1.4023438],"faces":{"east":{"uv":[14.875,12.8125,14.9140625,12.855469],"tintindex":0,"rotation":0,"texture":"#2"},"south":{"uv":[15.25,8.4375,15.261719,8.480469],"tintindex":0,"rotation":0,"texture":"#2"},"north":{"uv":[8.4375,15.25,8.449219,15.292969],"tintindex":0,"rotation":0,"texture":"#2"},"west":{"uv":[12.875,14.875,12.9140625,14.917969],"tintindex":0,"rotation":0,"texture":"#2"},"up":{"uv":[14.386719,15.2890625,14.375,15.25],"tintindex":0,"rotation":0,"texture":"#2"},"down":{"uv":[15.261719,14.375,15.25,14.4140625],"tintindex":0,"rotation":0,"texture":"#2"}}},{"from":[7.8517575,8.13611,-1.296875],"to":[8.168163,8.557985,-1.1386719],"faces":{"east":{"uv":[15.3125,10.75,15.324219,10.777344],"tintindex":0,"rotation":0,"texture":"#2"},"south":{"uv":[15.25,4.8125,15.269531,4.8398438],"tintindex":0,"rotation":0,"texture":"#2"},"north":{"uv":[4.8125,15.25,4.8320312,15.277344],"tintindex":0,"rotation":0,"texture":"#2"},"west":{"uv":[10.8125,15.3125,10.824219,15.339844],"tintindex":0,"rotation":0,"texture":"#2"},"up":{"uv":[15.457031,3.1992188,15.4375,3.1875],"tintindex":0,"rotation":0,"texture":"#2"},"down":{"uv":[3.2695312,15.4375,3.25,15.449219],"tintindex":0,"rotation":0,"texture":"#2"}}},{"from":[7.8517575,8.13611,-2.2988281],"to":[8.168163,8.557985,-2.140625],"faces":{"east":{"uv":[15.3125,10.6875,15.324219,10.714844],"tintindex":0,"rotation":0,"texture":"#2"},"south":{"uv":[15.25,4.75,15.269531,4.7773438],"tintindex":0,"rotation":0,"texture":"#2"},"north":{"uv":[4.75,15.25,4.7695312,15.277344],"tintindex":0,"rotation":0,"texture":"#2"},"west":{"uv":[10.75,15.3125,10.761719,15.339844],"tintindex":0,"rotation":0,"texture":"#2"},"up":{"uv":[15.457031,3.1367188,15.4375,3.125],"tintindex":0,"rotation":0,"texture":"#2"},"down":{"uv":[3.2070312,15.4375,3.1875,15.449219],"tintindex":0,"rotation":0,"texture":"#2"}}},{"from":[7.688281,7.4505644,-2.2988281],"to":[8.321094,8.13611,-2.140625],"faces":{"east":{"uv":[8.5,15.25,8.511719,15.292969],"tintindex":0,"rotation":0,"texture":"#2"},"south":{"uv":[12.9375,14.875,12.9765625,14.917969],"tintindex":0,"rotation":0,"texture":"#2"},"north":{"uv":[14.875,12.875,14.9140625,12.917969],"tintindex":0,"rotation":0,"texture":"#2"},"west":{"uv":[15.25,8.5,15.261719,8.542969],"tintindex":0,"rotation":0,"texture":"#2"},"up":{"uv":[14.4765625,15.261719,14.4375,15.25],"tintindex":0,"rotation":0,"texture":"#2"},"down":{"uv":[15.2890625,14.4375,15.25,14.449219],"tintindex":0,"rotation":0,"texture":"#2"}}}]}