{"textures":{"2":"modelengine:entity/pillars"},"elements":[{"from":[7.8517575,8.13611,-1.296875],"to":[8.168163,8.557985,-1.1386719],"faces":{"east":{"uv":[15.3125,14.6875,15.324219,14.714844],"tintindex":0,"rotation":0,"texture":"#2"},"south":{"uv":[15.25,6.5,15.269531,6.5273438],"tintindex":0,"rotation":0,"texture":"#2"},"north":{"uv":[6.5,15.25,6.5195312,15.277344],"tintindex":0,"rotation":0,"texture":"#2"},"west":{"uv":[14.75,15.3125,14.761719,15.339844],"tintindex":0,"rotation":0,"texture":"#2"},"up":{"uv":[15.457031,5.4492188,15.4375,5.4375],"tintindex":0,"rotation":0,"texture":"#2"},"down":{"uv":[5.5195312,15.4375,5.5,15.449219],"tintindex":0,"rotation":0,"texture":"#2"}}},{"from":[7.688281,7.4505644,-1.296875],"to":[8.321094,8.13611,-1.1386719],"faces":{"east":{"uv":[10.25,15.25,10.261719,15.292969],"tintindex":0,"rotation":0,"texture":"#2"},"south":{"uv":[14.6875,14.875,14.7265625,14.917969],"tintindex":0,"rotation":0,"texture":"#2"},"north":{"uv":[14.875,14.625,14.9140625,14.667969],"tintindex":0,"rotation":0,"texture":"#2"},"west":{"uv":[15.25,10.25,15.261719,10.292969],"tintindex":0,"rotation":0,"texture":"#2"},"up":{"uv":[15.3515625,1.4492188,15.3125,1.4375],"tintindex":0,"rotation":0,"texture":"#2"},"down":{"uv":[1.5390625,15.3125,1.5,15.324219],"tintindex":0,"rotation":0,"texture":"#2"}}},{"from":[7.688281,7.4505644,-2.2988281],"to":[8.321094,8.13611,-2.140625],"faces":{"east":{"uv":[10.1875,15.25,10.199219,15.292969],"tintindex":0,"rotation":0,"texture":"#2"},"south":{"uv":[14.625,14.875,14.6640625,14.917969],"tintindex":0,"rotation":0,"texture":"#2"},"north":{"uv":[14.875,14.5625,14.9140625,14.605469],"tintindex":0,"rotation":0,"texture":"#2"},"west":{"uv":[15.25,10.1875,15.261719,10.230469],"tintindex":0,"rotation":0,"texture":"#2"},"up":{"uv":[15.3515625,1.3867188,15.3125,1.375],"tintindex":0,"rotation":0,"texture":"#2"},"down":{"uv":[1.4765625,15.3125,1.4375,15.324219],"tintindex":0,"rotation":0,"texture":"#2"}}},{"from":[7.424609,8.13611,-1.8769531],"to":[7.5828123,8.557985,-1.5605469],"faces":{"east":{"uv":[6.375,15.25,6.3945312,15.277344],"tintindex":0,"rotation":0,"texture":"#2"},"south":{"uv":[14.5625,15.3125,14.574219,15.339844],"tintindex":0,"rotation":0,"texture":"#2"},"north":{"uv":[15.3125,14.5,15.324219,14.527344],"tintindex":0,"rotation":0,"texture":"#2"},"west":{"uv":[15.25,6.375,15.269531,6.4023438],"tintindex":0,"rotation":0,"texture":"#2"},"up":{"uv":[15.449219,5.3320312,15.4375,5.3125],"tintindex":0,"rotation":0,"texture":"#2"},"down":{"uv":[5.3867188,15.4375,5.375,15.457031],"tintindex":0,"rotation":0,"texture":"#2"}}},{"from":[7.8517575,8.13611,-2.2988281],"to":[8.168163,8.557985,-2.140625],"faces":{"east":{"uv":[15.3125,14.625,15.324219,14.652344],"tintindex":0,"rotation":0,"texture":"#2"},"south":{"uv":[15.25,6.4375,15.269531,6.4648438],"tintindex":0,"rotation":0,"texture":"#2"},"north":{"uv":[6.4375,15.25,6.4570312,15.277344],"tintindex":0,"rotation":0,"texture":"#2"},"west":{"uv":[14.6875,15.3125,14.699219,15.339844],"tintindex":0,"rotation":0,"texture":"#2"},"up":{"uv":[15.457031,5.3867188,15.4375,5.375],"tintindex":0,"rotation":0,"texture":"#2"},"down":{"uv":[5.4570312,15.4375,5.4375,15.449219],"tintindex":0,"rotation":0,"texture":"#2"}}},{"from":[7.5828123,7.4505644,-2.140625],"to":[8.426562,8.557985,-1.296875],"faces":{"east":{"uv":[14.25,14.625,14.3046875,14.6953125],"tintindex":0,"rotation":0,"texture":"#2"},"south":{"uv":[14.625,14.25,14.6796875,14.3203125],"tintindex":0,"rotation":0,"texture":"#2"},"north":{"uv":[14.1875,14.625,14.2421875,14.6953125],"tintindex":0,"rotation":0,"texture":"#2"},"west":{"uv":[14.3125,14.625,14.3671875,14.6953125],"tintindex":0,"rotation":0,"texture":"#2"},"up":{"uv":[14.8046875,9.2421875,14.75,9.1875],"tintindex":0,"rotation":0,"texture":"#2"},"down":{"uv":[9.3046875,14.75,9.25,14.8046875],"tintindex":0,"rotation":0,"texture":"#2"}}},{"from":[8.426562,8.13611,-1.8242188],"to":[8.532031,8.557985,-1.6132812],"faces":{"east":{"uv":[15.3125,14.5625,15.324219,14.589844],"tintindex":0,"rotation":0,"texture":"#2"},"south":{"uv":[8.625,15.4375,8.6328125,15.464844],"tintindex":0,"rotation":0,"texture":"#2"},"north":{"uv":[15.4375,8.5625,15.4453125,8.589844],"tintindex":0,"rotation":0,"texture":"#2"},"west":{"uv":[14.625,15.3125,14.636719,15.339844],"tintindex":0,"rotation":0,"texture":"#2"},"up":{"uv":[4.6953125,15.511719,4.6875,15.5],"tintindex":0,"rotation":0,"texture":"#2"},"down":{"uv":[15.5078125,4.6875,15.5,4.6992188],"tintindex":0,"rotation":0,"texture":"#2"}}},{"from":[7.424609,7.4505644,-2.0351562],"to":[7.5828123,8.13611,-1.4023438],"faces":{"east":{"uv":[14.875,14.5,14.9140625,14.542969],"tintindex":0,"rotation":0,"texture":"#2"},"south":{"uv":[15.25,10.125,15.261719,10.167969],"tintindex":0,"rotation":0,"texture":"#2"},"north":{"uv":[10.125,15.25,10.136719,15.292969],"tintindex":0,"rotation":0,"texture":"#2"},"west":{"uv":[14.5625,14.875,14.6015625,14.917969],"tintindex":0,"rotation":0,"texture":"#2"},"up":{"uv":[15.324219,1.3515625,15.3125,1.3125],"tintindex":0,"rotation":0,"texture":"#2"},"down":{"uv":[1.3867188,15.3125,1.375,15.3515625],"tintindex":0,"rotation":0,"texture":"#2"}}},{"from":[8.426562,7.4505644,-1.9296875],"to":[8.532031,8.13611,-1.5078125],"faces":{"east":{"uv":[1.25,15.0625,1.2773438,15.105469],"tintindex":0,"rotation":0,"texture":"#2"},"south":{"uv":[7.5,15.3125,7.5078125,15.355469],"tintindex":0,"rotation":0,"texture":"#2"},"north":{"uv":[15.3125,7.4375,15.3203125,7.4804688],"tintindex":0,"rotation":0,"texture":"#2"},"west":{"uv":[15.0625,1.25,15.089844,1.2929688],"tintindex":0,"rotation":0,"texture":"#2"},"up":{"uv":[15.4453125,8.527344,15.4375,8.5],"tintindex":0,"rotation":0,"texture":"#2"},"down":{"uv":[8.5703125,15.4375,8.5625,15.464844],"tintindex":0,"rotation":0,"texture":"#2"}}}]}