{"textures":{"2":"modelengine:entity/pillars"},"elements":[{"from":[8.426562,8.13611,-1.8242188],"to":[8.532031,8.557985,-1.6132812],"faces":{"east":{"uv":[15.3125,13.25,15.324219,13.277344],"tintindex":0,"rotation":0,"texture":"#2"},"south":{"uv":[8.25,15.4375,8.2578125,15.464844],"tintindex":0,"rotation":0,"texture":"#2"},"north":{"uv":[15.4375,8.1875,15.4453125,8.214844],"tintindex":0,"rotation":0,"texture":"#2"},"west":{"uv":[13.3125,15.3125,13.324219,15.339844],"tintindex":0,"rotation":0,"texture":"#2"},"up":{"uv":[4.5078125,15.511719,4.5,15.5],"tintindex":0,"rotation":0,"texture":"#2"},"down":{"uv":[15.5078125,4.5,15.5,4.5117188],"tintindex":0,"rotation":0,"texture":"#2"}}},{"from":[7.5828123,7.4505644,-2.140625],"to":[8.426562,8.557985,-1.296875],"faces":{"east":{"uv":[13.75,14.625,13.8046875,14.6953125],"tintindex":0,"rotation":0,"texture":"#2"},"south":{"uv":[14.625,13.75,14.6796875,13.8203125],"tintindex":0,"rotation":0,"texture":"#2"},"north":{"uv":[13.6875,14.625,13.7421875,14.6953125],"tintindex":0,"rotation":0,"texture":"#2"},"west":{"uv":[13.8125,14.625,13.8671875,14.6953125],"tintindex":0,"rotation":0,"texture":"#2"},"up":{"uv":[14.8046875,8.9921875,14.75,8.9375],"tintindex":0,"rotation":0,"texture":"#2"},"down":{"uv":[9.0546875,14.75,9.0,14.8046875],"tintindex":0,"rotation":0,"texture":"#2"}}},{"from":[7.851758,8.13611,-2.2988281],"to":[8.168164,8.557985,-2.140625],"faces":{"east":{"uv":[15.3125,13.3125,15.324219,13.339844],"tintindex":0,"rotation":0,"texture":"#2"},"south":{"uv":[15.25,5.875,15.269531,5.9023438],"tintindex":0,"rotation":0,"texture":"#2"},"north":{"uv":[5.875,15.25,5.8945312,15.277344],"tintindex":0,"rotation":0,"texture":"#2"},"west":{"uv":[13.375,15.3125,13.386719,15.339844],"tintindex":0,"rotation":0,"texture":"#2"},"up":{"uv":[15.457031,4.6367188,15.4375,4.625],"tintindex":0,"rotation":0,"texture":"#2"},"down":{"uv":[4.7070312,15.4375,4.6875,15.449219],"tintindex":0,"rotation":0,"texture":"#2"}}},{"from":[7.688281,7.4505644,-2.2988281],"to":[8.321094,8.13611,-2.140625],"faces":{"east":{"uv":[9.625,15.25,9.636719,15.292969],"tintindex":0,"rotation":0,"texture":"#2"},"south":{"uv":[14.0625,14.875,14.1015625,14.917969],"tintindex":0,"rotation":0,"texture":"#2"},"north":{"uv":[14.875,14.0,14.9140625,14.042969],"tintindex":0,"rotation":0,"texture":"#2"},"west":{"uv":[15.25,9.625,15.261719,9.667969],"tintindex":0,"rotation":0,"texture":"#2"},"up":{"uv":[15.3515625,0.63671875,15.3125,0.625],"tintindex":0,"rotation":0,"texture":"#2"},"down":{"uv":[0.7265625,15.3125,0.6875,15.324219],"tintindex":0,"rotation":0,"texture":"#2"}}},{"from":[7.688281,7.4505644,-1.296875],"to":[8.321094,8.13611,-1.1386719],"faces":{"east":{"uv":[9.6875,15.25,9.699219,15.292969],"tintindex":0,"rotation":0,"texture":"#2"},"south":{"uv":[14.125,14.875,14.1640625,14.917969],"tintindex":0,"rotation":0,"texture":"#2"},"north":{"uv":[14.875,14.0625,14.9140625,14.105469],"tintindex":0,"rotation":0,"texture":"#2"},"west":{"uv":[15.25,9.6875,15.261719,9.730469],"tintindex":0,"rotation":0,"texture":"#2"},"up":{"uv":[15.3515625,0.69921875,15.3125,0.6875],"tintindex":0,"rotation":0,"texture":"#2"},"down":{"uv":[0.7890625,15.3125,0.75,15.324219],"tintindex":0,"rotation":0,"texture":"#2"}}},{"from":[7.851758,8.13611,-1.296875],"to":[8.168164,8.557985,-1.1386719],"faces":{"east":{"uv":[15.3125,13.375,15.324219,13.402344],"tintindex":0,"rotation":0,"texture":"#2"},"south":{"uv":[15.25,5.9375,15.269531,5.9648438],"tintindex":0,"rotation":0,"texture":"#2"},"north":{"uv":[5.9375,15.25,5.9570312,15.277344],"tintindex":0,"rotation":0,"texture":"#2"},"west":{"uv":[13.4375,15.3125,13.449219,15.339844],"tintindex":0,"rotation":0,"texture":"#2"},"up":{"uv":[15.457031,4.6992188,15.4375,4.6875],"tintindex":0,"rotation":0,"texture":"#2"},"down":{"uv":[4.7695312,15.4375,4.75,15.449219],"tintindex":0,"rotation":0,"texture":"#2"}}},{"from":[7.424609,7.4505644,-2.0351562],"to":[7.5828123,8.13611,-1.4023438],"faces":{"east":{"uv":[14.875,13.9375,14.9140625,13.980469],"tintindex":0,"rotation":0,"texture":"#2"},"south":{"uv":[15.25,9.5625,15.261719,9.605469],"tintindex":0,"rotation":0,"texture":"#2"},"north":{"uv":[9.5625,15.25,9.574219,15.292969],"tintindex":0,"rotation":0,"texture":"#2"},"west":{"uv":[14.0,14.875,14.0390625,14.917969],"tintindex":0,"rotation":0,"texture":"#2"},"up":{"uv":[15.324219,0.6015625,15.3125,0.5625],"tintindex":0,"rotation":0,"texture":"#2"},"down":{"uv":[0.63671875,15.3125,0.625,15.3515625],"tintindex":0,"rotation":0,"texture":"#2"}}},{"from":[8.426562,7.4505644,-1.9296875],"to":[8.532031,8.13611,-1.5078125],"faces":{"east":{"uv":[1.0625,15.0625,1.0898438,15.105469],"tintindex":0,"rotation":0,"texture":"#2"},"south":{"uv":[7.3125,15.3125,7.3203125,15.355469],"tintindex":0,"rotation":0,"texture":"#2"},"north":{"uv":[15.3125,7.25,15.3203125,7.2929688],"tintindex":0,"rotation":0,"texture":"#2"},"west":{"uv":[15.0625,1.0625,15.089844,1.1054688],"tintindex":0,"rotation":0,"texture":"#2"},"up":{"uv":[15.4453125,8.152344,15.4375,8.125],"tintindex":0,"rotation":0,"texture":"#2"},"down":{"uv":[8.1953125,15.4375,8.1875,15.464844],"tintindex":0,"rotation":0,"texture":"#2"}}},{"from":[7.424609,8.13611,-1.8769531],"to":[7.5828123,8.557985,-1.5605469],"faces":{"east":{"uv":[5.8125,15.25,5.8320312,15.277344],"tintindex":0,"rotation":0,"texture":"#2"},"south":{"uv":[13.25,15.3125,13.261719,15.339844],"tintindex":0,"rotation":0,"texture":"#2"},"north":{"uv":[15.3125,13.1875,15.324219,13.214844],"tintindex":0,"rotation":0,"texture":"#2"},"west":{"uv":[15.25,5.8125,15.269531,5.8398438],"tintindex":0,"rotation":0,"texture":"#2"},"up":{"uv":[15.449219,4.5820312,15.4375,4.5625],"tintindex":0,"rotation":0,"texture":"#2"},"down":{"uv":[4.6367188,15.4375,4.625,15.457031],"tintindex":0,"rotation":0,"texture":"#2"}}}]}