{"textures":{"2":"modelengine:entity/pillars"},"elements":[{"from":[5.9541664,8.300564,5.8],"to":[6.5166664,9.800564,6.925],"faces":{"east":{"uv":[10.5,14.25,10.5703125,14.34375],"tintindex":0,"rotation":0,"texture":"#2"},"south":{"uv":[14.75,0.625,14.785156,0.71875],"tintindex":0,"rotation":0,"texture":"#2"},"north":{"uv":[14.75,0.5,14.785156,0.59375],"tintindex":0,"rotation":0,"texture":"#2"},"west":{"uv":[14.25,10.5,14.3203125,10.59375],"tintindex":0,"rotation":0,"texture":"#2"},"up":{"uv":[2.0351562,14.8828125,2.0,14.8125],"tintindex":0,"rotation":0,"texture":"#2"},"down":{"uv":[14.847656,2.0,14.8125,2.0703125],"tintindex":0,"rotation":0,"texture":"#2"}}},{"from":[5.9541664,5.8630643,5.2375],"to":[6.5166664,8.300564,7.4875],"faces":{"east":{"uv":[13.25,12.0,13.390625,12.152344],"tintindex":0,"rotation":0,"texture":"#2"},"south":{"uv":[8.25,14.4375,8.285156,14.589844],"tintindex":0,"rotation":0,"texture":"#2"},"north":{"uv":[8.1875,14.4375,8.222656,14.589844],"tintindex":0,"rotation":0,"texture":"#2"},"west":{"uv":[13.25,12.3125,13.390625,12.464844],"tintindex":0,"rotation":0,"texture":"#2"},"up":{"uv":[14.535156,8.453125,14.5,8.3125],"tintindex":0,"rotation":0,"texture":"#2"},"down":{"uv":[14.535156,8.5,14.5,8.640625],"tintindex":0,"rotation":0,"texture":"#2"}}},{"from":[6.8916664,5.8630643,7.8625],"to":[9.141666,8.300564,8.425],"faces":{"east":{"uv":[8.375,14.4375,8.410156,14.589844],"tintindex":0,"rotation":0,"texture":"#2"},"south":{"uv":[0.0,13.3125,0.140625,13.464844],"tintindex":0,"rotation":0,"texture":"#2"},"north":{"uv":[13.0,13.25,13.140625,13.402344],"tintindex":0,"rotation":0,"texture":"#2"},"west":{"uv":[8.4375,14.4375,8.472656,14.589844],"tintindex":0,"rotation":0,"texture":"#2"},"up":{"uv":[14.640625,8.847656,14.5,8.8125],"tintindex":0,"rotation":0,"texture":"#2"},"down":{"uv":[14.640625,8.875,14.5,8.910156],"tintindex":0,"rotation":0,"texture":"#2"}}},{"from":[7.4729166,8.300564,4.3],"to":[8.597917,9.800564,4.8625],"faces":{"east":{"uv":[14.75,0.75,14.785156,0.84375],"tintindex":0,"rotation":0,"texture":"#2"},"south":{"uv":[14.25,10.625,14.3203125,10.71875],"tintindex":0,"rotation":0,"texture":"#2"},"north":{"uv":[10.625,14.25,10.6953125,14.34375],"tintindex":0,"rotation":0,"texture":"#2"},"west":{"uv":[14.75,0.875,14.785156,0.96875],"tintindex":0,"rotation":0,"texture":"#2"},"up":{"uv":[2.1328125,14.847656,2.0625,14.8125],"tintindex":0,"rotation":0,"texture":"#2"},"down":{"uv":[14.8828125,2.125,14.8125,2.1601562],"tintindex":0,"rotation":0,"texture":"#2"}}},{"from":[9.516666,5.8630643,5.6125],"to":[9.891666,8.300564,7.1125],"faces":{"east":{"uv":[13.6875,8.1875,13.78125,8.339844],"tintindex":0,"rotation":0,"texture":"#2"},"south":{"uv":[14.6875,4.5,14.7109375,4.6523438],"tintindex":0,"rotation":0,"texture":"#2"},"north":{"uv":[14.6875,4.125,14.7109375,4.2773438],"tintindex":0,"rotation":0,"texture":"#2"},"west":{"uv":[13.6875,8.375,13.78125,8.527344],"tintindex":0,"rotation":0,"texture":"#2"},"up":{"uv":[14.8359375,9.59375,14.8125,9.5],"tintindex":0,"rotation":0,"texture":"#2"},"down":{"uv":[9.5859375,14.8125,9.5625,14.90625],"tintindex":0,"rotation":0,"texture":"#2"}}},{"from":[9.516666,8.300564,5.9875],"to":[9.891666,9.800564,6.7375],"faces":{"east":{"uv":[3.1875,14.625,3.234375,14.71875],"tintindex":0,"rotation":0,"texture":"#2"},"south":{"uv":[9.8125,14.8125,9.8359375,14.90625],"tintindex":0,"rotation":0,"texture":"#2"},"north":{"uv":[9.75,14.8125,9.7734375,14.90625],"tintindex":0,"rotation":0,"texture":"#2"},"west":{"uv":[14.625,3.1875,14.671875,3.28125],"tintindex":0,"rotation":0,"texture":"#2"},"up":{"uv":[2.4609375,15.109375,2.4375,15.0625],"tintindex":0,"rotation":0,"texture":"#2"},"down":{"uv":[15.0859375,2.4375,15.0625,2.484375],"tintindex":0,"rotation":0,"texture":"#2"}}},{"from":[6.5166664,5.8630643,4.8625],"to":[9.516666,9.800564,7.8625],"faces":{"east":{"uv":[3.25,12.0625,3.4375,12.308594],"tintindex":0,"rotation":0,"texture":"#2"},"south":{"uv":[12.0625,3.3125,12.25,3.5585938],"tintindex":0,"rotation":0,"texture":"#2"},"north":{"uv":[12.0625,3.0625,12.25,3.3085938],"tintindex":0,"rotation":0,"texture":"#2"},"west":{"uv":[3.4375,12.0625,3.625,12.308594],"tintindex":0,"rotation":0,"texture":"#2"},"up":{"uv":[12.625,3.9375,12.4375,3.75],"tintindex":0,"rotation":0,"texture":"#2"},"down":{"uv":[12.6875,0.75,12.5,0.9375],"tintindex":0,"rotation":0,"texture":"#2"}}},{"from":[6.8916664,5.8630643,4.3],"to":[9.141666,8.300564,4.8625],"faces":{"east":{"uv":[14.4375,8.25,14.472656,8.402344],"tintindex":0,"rotation":0,"texture":"#2"},"south":{"uv":[13.25,12.5,13.390625,12.652344],"tintindex":0,"rotation":0,"texture":"#2"},"north":{"uv":[12.375,13.25,12.515625,13.402344],"tintindex":0,"rotation":0,"texture":"#2"},"west":{"uv":[8.3125,14.4375,8.347656,14.589844],"tintindex":0,"rotation":0,"texture":"#2"},"up":{"uv":[14.640625,8.722656,14.5,8.6875],"tintindex":0,"rotation":0,"texture":"#2"},"down":{"uv":[14.640625,8.75,14.5,8.785156],"tintindex":0,"rotation":0,"texture":"#2"}}},{"from":[7.4729166,8.300564,7.8625],"to":[8.597917,9.800564,8.425],"faces":{"east":{"uv":[0.9375,14.75,0.97265625,14.84375],"tintindex":0,"rotation":0,"texture":"#2"},"south":{"uv":[10.875,14.25,10.9453125,14.34375],"tintindex":0,"rotation":0,"texture":"#2"},"north":{"uv":[10.75,14.25,10.8203125,14.34375],"tintindex":0,"rotation":0,"texture":"#2"},"west":{"uv":[14.75,1.0,14.785156,1.09375],"tintindex":0,"rotation":0,"texture":"#2"},"up":{"uv":[2.2578125,14.847656,2.1875,14.8125],"tintindex":0,"rotation":0,"texture":"#2"},"down":{"uv":[14.8828125,2.1875,14.8125,2.2226562],"tintindex":0,"rotation":0,"texture":"#2"}}}]}