{"textures":{"2":"modelengine:entity/pillars"},"elements":[{"from":[7.4437504,7.2839622,-2.28125],"to":[8.56875,8.760525,-1.15625],"faces":{"east":{"uv":[9.9375,14.3125,10.0078125,14.40625],"tintindex":0,"rotation":0,"texture":"#2"},"south":{"uv":[10.0625,14.3125,10.1328125,14.40625],"tintindex":0,"rotation":0,"texture":"#2"},"north":{"uv":[9.8125,14.3125,9.8828125,14.40625],"tintindex":0,"rotation":0,"texture":"#2"},"west":{"uv":[10.1875,14.3125,10.2578125,14.40625],"tintindex":0,"rotation":0,"texture":"#2"},"up":{"uv":[14.6328125,0.0703125,14.5625,0.0],"tintindex":0,"rotation":0,"texture":"#2"},"down":{"uv":[0.1953125,14.5625,0.125,14.6328125],"tintindex":0,"rotation":0,"texture":"#2"}}},{"from":[7.5843754,7.2839622,-1.15625],"to":[8.428125,8.198025,-0.9453125],"faces":{"east":{"uv":[5.875,15.1875,5.8867188,15.246094],"tintindex":0,"rotation":0,"texture":"#2"},"south":{"uv":[3.625,14.75,3.6796875,14.808594],"tintindex":0,"rotation":0,"texture":"#2"},"north":{"uv":[14.75,3.5625,14.8046875,3.6210938],"tintindex":0,"rotation":0,"texture":"#2"},"west":{"uv":[15.1875,5.875,15.199219,5.9335938],"tintindex":0,"rotation":0,"texture":"#2"},"up":{"uv":[15.2421875,12.886719,15.1875,12.875],"tintindex":0,"rotation":0,"texture":"#2"},"down":{"uv":[12.9921875,15.1875,12.9375,15.199219],"tintindex":0,"rotation":0,"texture":"#2"}}},{"from":[7.802344,8.198025,-1.15625],"to":[8.224218,8.760525,-0.9453125],"faces":{"east":{"uv":[15.3125,5.375,15.324219,5.4101562],"tintindex":0,"rotation":0,"texture":"#2"},"south":{"uv":[2.5625,15.125,2.5898438,15.160156],"tintindex":0,"rotation":0,"texture":"#2"},"north":{"uv":[15.125,2.5,15.152344,2.5351562],"tintindex":0,"rotation":0,"texture":"#2"},"west":{"uv":[5.4375,15.3125,5.4492188,15.347656],"tintindex":0,"rotation":0,"texture":"#2"},"up":{"uv":[15.339844,14.449219,15.3125,14.4375],"tintindex":0,"rotation":0,"texture":"#2"},"down":{"uv":[14.527344,15.3125,14.5,15.324219],"tintindex":0,"rotation":0,"texture":"#2"}}},{"from":[7.232813,8.198025,-1.9296875],"to":[7.4437504,8.760525,-1.5078125],"faces":{"east":{"uv":[15.125,2.375,15.152344,2.4101562],"tintindex":0,"rotation":0,"texture":"#2"},"south":{"uv":[5.3125,15.3125,5.3242188,15.347656],"tintindex":0,"rotation":0,"texture":"#2"},"north":{"uv":[15.3125,5.25,15.324219,5.2851562],"tintindex":0,"rotation":0,"texture":"#2"},"west":{"uv":[2.4375,15.125,2.4648438,15.160156],"tintindex":0,"rotation":0,"texture":"#2"},"up":{"uv":[15.324219,14.339844,15.3125,14.3125],"tintindex":0,"rotation":0,"texture":"#2"},"down":{"uv":[14.386719,15.3125,14.375,15.339844],"tintindex":0,"rotation":0,"texture":"#2"}}},{"from":[8.56875,8.198025,-1.859375],"to":[8.709375,8.760525,-1.578125],"faces":{"east":{"uv":[15.1875,5.6875,15.207031,5.7226562],"tintindex":0,"rotation":0,"texture":"#2"},"south":{"uv":[15.375,8.0625,15.3828125,8.097656],"tintindex":0,"rotation":0,"texture":"#2"},"north":{"uv":[8.0625,15.375,8.0703125,15.410156],"tintindex":0,"rotation":0,"texture":"#2"},"west":{"uv":[15.1875,5.75,15.207031,5.7851562],"tintindex":0,"rotation":0,"texture":"#2"},"up":{"uv":[15.4453125,12.707031,15.4375,12.6875],"tintindex":0,"rotation":0,"texture":"#2"},"down":{"uv":[12.7578125,15.4375,12.75,15.457031],"tintindex":0,"rotation":0,"texture":"#2"}}},{"from":[7.232813,7.2839622,-2.140625],"to":[7.4437504,8.198025,-1.296875],"faces":{"east":{"uv":[14.625,10.8125,14.6796875,10.871094],"tintindex":0,"rotation":0,"texture":"#2"},"south":{"uv":[5.6875,15.1875,5.6992188,15.246094],"tintindex":0,"rotation":0,"texture":"#2"},"north":{"uv":[15.1875,5.625,15.199219,5.6835938],"tintindex":0,"rotation":0,"texture":"#2"},"west":{"uv":[3.5,14.75,3.5546875,14.808594],"tintindex":0,"rotation":0,"texture":"#2"},"up":{"uv":[15.199219,12.8046875,15.1875,12.75],"tintindex":0,"rotation":0,"texture":"#2"},"down":{"uv":[12.824219,15.1875,12.8125,15.2421875],"tintindex":0,"rotation":0,"texture":"#2"}}},{"from":[7.802344,8.198025,-2.4921875],"to":[8.224218,8.760525,-2.28125],"faces":{"east":{"uv":[15.3125,5.3125,15.324219,5.3476562],"tintindex":0,"rotation":0,"texture":"#2"},"south":{"uv":[2.5,15.125,2.5273438,15.160156],"tintindex":0,"rotation":0,"texture":"#2"},"north":{"uv":[15.125,2.4375,15.152344,2.4726562],"tintindex":0,"rotation":0,"texture":"#2"},"west":{"uv":[5.375,15.3125,5.3867188,15.347656],"tintindex":0,"rotation":0,"texture":"#2"},"up":{"uv":[15.339844,14.386719,15.3125,14.375],"tintindex":0,"rotation":0,"texture":"#2"},"down":{"uv":[14.464844,15.3125,14.4375,15.324219],"tintindex":0,"rotation":0,"texture":"#2"}}},{"from":[7.5843754,7.2839622,-2.4921875],"to":[8.428125,8.198025,-2.28125],"faces":{"east":{"uv":[5.8125,15.1875,5.8242188,15.246094],"tintindex":0,"rotation":0,"texture":"#2"},"south":{"uv":[3.5625,14.75,3.6171875,14.808594],"tintindex":0,"rotation":0,"texture":"#2"},"north":{"uv":[14.75,3.5,14.8046875,3.5585938],"tintindex":0,"rotation":0,"texture":"#2"},"west":{"uv":[15.1875,5.8125,15.199219,5.8710938],"tintindex":0,"rotation":0,"texture":"#2"},"up":{"uv":[15.2421875,12.824219,15.1875,12.8125],"tintindex":0,"rotation":0,"texture":"#2"},"down":{"uv":[12.9296875,15.1875,12.875,15.199219],"tintindex":0,"rotation":0,"texture":"#2"}}},{"from":[8.56875,7.2839622,-2.0],"to":[8.709375,8.198025,-1.4375],"faces":{"east":{"uv":[14.8125,14.75,14.847656,14.808594],"tintindex":0,"rotation":0,"texture":"#2"},"south":{"uv":[1.3125,15.3125,1.3203125,15.371094],"tintindex":0,"rotation":0,"texture":"#2"},"north":{"uv":[15.3125,1.25,15.3203125,1.3085938],"tintindex":0,"rotation":0,"texture":"#2"},"west":{"uv":[14.8125,14.8125,14.847656,14.871094],"tintindex":0,"rotation":0,"texture":"#2"},"up":{"uv":[8.0078125,15.410156,8.0,15.375],"tintindex":0,"rotation":0,"texture":"#2"},"down":{"uv":[15.3828125,8.0,15.375,8.035156],"tintindex":0,"rotation":0,"texture":"#2"}}}]}