{"textures":{"2":"modelengine:entity/pillars"},"elements":[{"from":[6.7701387,8.487196,-7.4624996],"to":[9.395139,11.987196,-6.1499996],"faces":{"east":{"uv":[10.25,13.5625,10.332031,13.78125],"tintindex":0,"rotation":0,"texture":"#2"},"south":{"uv":[3.75,12.6875,3.9140625,12.90625],"tintindex":0,"rotation":0,"texture":"#2"},"north":{"uv":[3.5625,12.6875,3.7265625,12.90625],"tintindex":0,"rotation":0,"texture":"#2"},"west":{"uv":[12.25,13.5625,12.332031,13.78125],"tintindex":0,"rotation":0,"texture":"#2"},"up":{"uv":[7.3515625,13.894531,7.1875,13.8125],"tintindex":0,"rotation":0,"texture":"#2"},"down":{"uv":[13.9765625,7.3125,13.8125,7.3945312],"tintindex":0,"rotation":0,"texture":"#2"}}},{"from":[4.538889,2.799696,-6.1499996],"to":[11.538889,11.987196,0.8500004],"faces":{"east":{"uv":[8.125,6.75,8.5625,7.3242188],"tintindex":0,"rotation":0,"texture":"#2"},"south":{"uv":[8.0,8.125,8.4375,8.699219],"tintindex":0,"rotation":0,"texture":"#2"},"north":{"uv":[8.125,6.125,8.5625,6.6992188],"tintindex":0,"rotation":0,"texture":"#2"},"west":{"uv":[2.5625,8.1875,3.0,8.761719],"tintindex":0,"rotation":0,"texture":"#2"},"up":{"uv":[1.3125,9.1875,0.875,8.75],"tintindex":0,"rotation":0,"texture":"#2"},"down":{"uv":[8.1875,8.75,7.75,9.1875],"tintindex":0,"rotation":0,"texture":"#2"}}},{"from":[11.538889,2.799696,-4.3999996],"to":[12.413889,8.487196,-0.8999996],"faces":{"east":{"uv":[11.4375,0.75,11.65625,1.1054688],"tintindex":0,"rotation":0,"texture":"#2"},"south":{"uv":[0.8125,12.9375,0.8671875,13.292969],"tintindex":0,"rotation":0,"texture":"#2"},"north":{"uv":[7.6875,12.25,7.7421875,12.605469],"tintindex":0,"rotation":0,"texture":"#2"},"west":{"uv":[11.4375,1.125,11.65625,1.4804688],"tintindex":0,"rotation":0,"texture":"#2"},"up":{"uv":[11.6171875,14.03125,11.5625,13.8125],"tintindex":0,"rotation":0,"texture":"#2"},"down":{"uv":[11.6796875,13.8125,11.625,14.03125],"tintindex":0,"rotation":0,"texture":"#2"}}},{"from":[11.538889,8.487196,-3.5249996],"to":[12.413889,11.987196,-1.7749996],"faces":{"east":{"uv":[5.0,13.25,5.109375,13.46875],"tintindex":0,"rotation":0,"texture":"#2"},"south":{"uv":[11.75,13.8125,11.8046875,14.03125],"tintindex":0,"rotation":0,"texture":"#2"},"north":{"uv":[11.6875,13.8125,11.7421875,14.03125],"tintindex":0,"rotation":0,"texture":"#2"},"west":{"uv":[5.125,13.25,5.234375,13.46875],"tintindex":0,"rotation":0,"texture":"#2"},"up":{"uv":[1.0546875,14.484375,1.0,14.375],"tintindex":0,"rotation":0,"texture":"#2"},"down":{"uv":[14.4296875,1.0,14.375,1.109375],"tintindex":0,"rotation":0,"texture":"#2"}}},{"from":[5.413889,2.799696,-7.4624996],"to":[10.663889,8.487196,-6.1499996],"faces":{"east":{"uv":[12.9375,3.4375,13.019531,3.7929688],"tintindex":0,"rotation":0,"texture":"#2"},"south":{"uv":[8.875,10.5,9.203125,10.855469],"tintindex":0,"rotation":0,"texture":"#2"},"north":{"uv":[8.5,10.5,8.828125,10.855469],"tintindex":0,"rotation":0,"texture":"#2"},"west":{"uv":[3.5,12.9375,3.5820312,13.292969],"tintindex":0,"rotation":0,"texture":"#2"},"up":{"uv":[13.328125,11.019531,13.0,10.9375],"tintindex":0,"rotation":0,"texture":"#2"},"down":{"uv":[13.328125,12.6875,13.0,12.769531],"tintindex":0,"rotation":0,"texture":"#2"}}},{"from":[5.413889,2.799696,0.8500004],"to":[10.663889,8.487196,2.1625004],"faces":{"east":{"uv":[3.625,12.9375,3.7070312,13.292969],"tintindex":0,"rotation":0,"texture":"#2"},"south":{"uv":[10.5625,2.0625,10.890625,2.4179688],"tintindex":0,"rotation":0,"texture":"#2"},"north":{"uv":[10.5625,1.6875,10.890625,2.0429688],"tintindex":0,"rotation":0,"texture":"#2"},"west":{"uv":[3.75,12.9375,3.8320312,13.292969],"tintindex":0,"rotation":0,"texture":"#2"},"up":{"uv":[13.328125,12.894531,13.0,12.8125],"tintindex":0,"rotation":0,"texture":"#2"},"down":{"uv":[13.328125,12.9375,13.0,13.019531],"tintindex":0,"rotation":0,"texture":"#2"}}},{"from":[3.226389,8.487196,-3.9624996],"to":[4.538889,11.987196,-1.3374996],"faces":{"east":{"uv":[12.6875,2.0,12.8515625,2.21875],"tintindex":0,"rotation":0,"texture":"#2"},"south":{"uv":[10.125,13.5625,10.207031,13.78125],"tintindex":0,"rotation":0,"texture":"#2"},"north":{"uv":[10.0,13.5625,10.082031,13.78125],"tintindex":0,"rotation":0,"texture":"#2"},"west":{"uv":[12.6875,2.25,12.8515625,2.46875],"tintindex":0,"rotation":0,"texture":"#2"},"up":{"uv":[7.1445312,13.9765625,7.0625,13.8125],"tintindex":0,"rotation":0,"texture":"#2"},"down":{"uv":[13.894531,7.125,13.8125,7.2890625],"tintindex":0,"rotation":0,"texture":"#2"}}},{"from":[6.7701387,8.487196,0.8500004],"to":[9.395139,11.987196,2.1625004],"faces":{"east":{"uv":[12.5625,13.5625,12.644531,13.78125],"tintindex":0,"rotation":0,"texture":"#2"},"south":{"uv":[3.9375,12.6875,4.1015625,12.90625],"tintindex":0,"rotation":0,"texture":"#2"},"north":{"uv":[12.6875,3.75,12.8515625,3.96875],"tintindex":0,"rotation":0,"texture":"#2"},"west":{"uv":[12.6875,13.5625,12.769531,13.78125],"tintindex":0,"rotation":0,"texture":"#2"},"up":{"uv":[7.5390625,13.894531,7.375,13.8125],"tintindex":0,"rotation":0,"texture":"#2"},"down":{"uv":[13.9765625,7.4375,13.8125,7.5195312],"tintindex":0,"rotation":0,"texture":"#2"}}},{"from":[3.226389,2.799696,-5.2749996],"to":[4.538889,8.487196,-0.024999619],"faces":{"east":{"uv":[7.1875,10.5,7.515625,10.855469],"tintindex":0,"rotation":0,"texture":"#2"},"south":{"uv":[3.375,12.9375,3.4570312,13.292969],"tintindex":0,"rotation":0,"texture":"#2"},"north":{"uv":[3.25,12.9375,3.3320312,13.292969],"tintindex":0,"rotation":0,"texture":"#2"},"west":{"uv":[7.5625,10.5,7.890625,10.855469],"tintindex":0,"rotation":0,"texture":"#2"},"up":{"uv":[10.394531,13.328125,10.3125,13.0],"tintindex":0,"rotation":0,"texture":"#2"},"down":{"uv":[12.332031,13.0,12.25,13.328125],"tintindex":0,"rotation":0,"texture":"#2"}}}]}