{"textures":{"2":"modelengine:entity/pillars"},"elements":[{"from":[4.538889,2.799696,-6.1499996],"to":[11.538889,11.987196,0.8500004],"faces":{"east":{"uv":[7.5625,7.5625,8.0,8.136719],"tintindex":0,"rotation":0,"texture":"#2"},"south":{"uv":[7.625,0.625,8.0625,1.1992188],"tintindex":0,"rotation":0,"texture":"#2"},"north":{"uv":[7.125,7.5625,7.5625,8.136719],"tintindex":0,"rotation":0,"texture":"#2"},"west":{"uv":[7.6875,6.25,8.125,6.8242188],"tintindex":0,"rotation":0,"texture":"#2"},"up":{"uv":[5.0625,9.0625,4.625,8.625],"tintindex":0,"rotation":0,"texture":"#2"},"down":{"uv":[5.5,8.625,5.0625,9.0625],"tintindex":0,"rotation":0,"texture":"#2"}}},{"from":[11.538889,8.487196,-3.5249996],"to":[12.413889,11.987196,-1.7749996],"faces":{"east":{"uv":[2.125,13.25,2.234375,13.46875],"tintindex":0,"rotation":0,"texture":"#2"},"south":{"uv":[8.5625,13.8125,8.6171875,14.03125],"tintindex":0,"rotation":0,"texture":"#2"},"north":{"uv":[8.5,13.8125,8.5546875,14.03125],"tintindex":0,"rotation":0,"texture":"#2"},"west":{"uv":[2.25,13.25,2.359375,13.46875],"tintindex":0,"rotation":0,"texture":"#2"},"up":{"uv":[13.6171875,8.796875,13.5625,8.6875],"tintindex":0,"rotation":0,"texture":"#2"},"down":{"uv":[13.6171875,9.8125,13.5625,9.921875],"tintindex":0,"rotation":0,"texture":"#2"}}},{"from":[5.413889,2.799696,-7.4624996],"to":[10.663889,8.487196,-6.1499996],"faces":{"east":{"uv":[2.75,12.875,2.8320312,13.230469],"tintindex":0,"rotation":0,"texture":"#2"},"south":{"uv":[8.5,10.125,8.828125,10.480469],"tintindex":0,"rotation":0,"texture":"#2"},"north":{"uv":[7.3125,10.125,7.640625,10.480469],"tintindex":0,"rotation":0,"texture":"#2"},"west":{"uv":[2.875,12.875,2.9570312,13.230469],"tintindex":0,"rotation":0,"texture":"#2"},"up":{"uv":[13.265625,5.8945312,12.9375,5.8125],"tintindex":0,"rotation":0,"texture":"#2"},"down":{"uv":[13.265625,9.6875,12.9375,9.769531],"tintindex":0,"rotation":0,"texture":"#2"}}},{"from":[6.7701387,8.487196,-7.4624996],"to":[9.395139,11.987196,-6.1499996],"faces":{"east":{"uv":[13.5,10.5625,13.582031,10.78125],"tintindex":0,"rotation":0,"texture":"#2"},"south":{"uv":[0.0,12.625,0.1640625,12.84375],"tintindex":0,"rotation":0,"texture":"#2"},"north":{"uv":[11.9375,12.5625,12.1015625,12.78125],"tintindex":0,"rotation":0,"texture":"#2"},"west":{"uv":[12.125,13.5,12.207031,13.71875],"tintindex":0,"rotation":0,"texture":"#2"},"up":{"uv":[13.9140625,13.082031,13.75,13.0],"tintindex":0,"rotation":0,"texture":"#2"},"down":{"uv":[13.9140625,13.125,13.75,13.207031],"tintindex":0,"rotation":0,"texture":"#2"}}},{"from":[6.7701387,8.487196,0.8500004],"to":[9.395139,11.987196,2.1625004],"faces":{"east":{"uv":[13.5,12.6875,13.582031,12.90625],"tintindex":0,"rotation":0,"texture":"#2"},"south":{"uv":[0.9375,12.625,1.1015625,12.84375],"tintindex":0,"rotation":0,"texture":"#2"},"north":{"uv":[0.1875,12.625,0.3515625,12.84375],"tintindex":0,"rotation":0,"texture":"#2"},"west":{"uv":[13.125,13.5,13.207031,13.71875],"tintindex":0,"rotation":0,"texture":"#2"},"up":{"uv":[13.9140625,13.332031,13.75,13.25],"tintindex":0,"rotation":0,"texture":"#2"},"down":{"uv":[13.9140625,13.375,13.75,13.457031],"tintindex":0,"rotation":0,"texture":"#2"}}},{"from":[3.226389,2.799696,-5.2749996],"to":[4.538889,8.487196,-0.024999619],"faces":{"east":{"uv":[10.125,6.5,10.453125,6.8554688],"tintindex":0,"rotation":0,"texture":"#2"},"south":{"uv":[2.625,12.875,2.7070312,13.230469],"tintindex":0,"rotation":0,"texture":"#2"},"north":{"uv":[2.5,12.875,2.5820312,13.230469],"tintindex":0,"rotation":0,"texture":"#2"},"west":{"uv":[10.125,6.875,10.453125,7.2304688],"tintindex":0,"rotation":0,"texture":"#2"},"up":{"uv":[13.019531,11.765625,12.9375,11.4375],"tintindex":0,"rotation":0,"texture":"#2"},"down":{"uv":[13.019531,11.8125,12.9375,12.140625],"tintindex":0,"rotation":0,"texture":"#2"}}},{"from":[3.226389,8.487196,-3.9624996],"to":[4.538889,11.987196,-1.3374996],"faces":{"east":{"uv":[11.4375,12.5625,11.6015625,12.78125],"tintindex":0,"rotation":0,"texture":"#2"},"south":{"uv":[13.5,10.3125,13.582031,10.53125],"tintindex":0,"rotation":0,"texture":"#2"},"north":{"uv":[9.75,13.5,9.832031,13.71875],"tintindex":0,"rotation":0,"texture":"#2"},"west":{"uv":[11.75,12.5625,11.9140625,12.78125],"tintindex":0,"rotation":0,"texture":"#2"},"up":{"uv":[13.832031,12.7890625,13.75,12.625],"tintindex":0,"rotation":0,"texture":"#2"},"down":{"uv":[13.832031,12.8125,13.75,12.9765625],"tintindex":0,"rotation":0,"texture":"#2"}}},{"from":[11.538889,2.799696,-4.3999996],"to":[12.413889,8.487196,-0.8999996],"faces":{"east":{"uv":[2.6875,11.3125,2.90625,11.667969],"tintindex":0,"rotation":0,"texture":"#2"},"south":{"uv":[8.0625,2.5,8.1171875,2.8554688],"tintindex":0,"rotation":0,"texture":"#2"},"north":{"uv":[3.25,7.5625,3.3046875,7.9179688],"tintindex":0,"rotation":0,"texture":"#2"},"west":{"uv":[11.3125,3.375,11.53125,3.7304688],"tintindex":0,"rotation":0,"texture":"#2"},"up":{"uv":[8.4296875,14.03125,8.375,13.8125],"tintindex":0,"rotation":0,"texture":"#2"},"down":{"uv":[8.4921875,13.8125,8.4375,14.03125],"tintindex":0,"rotation":0,"texture":"#2"}}},{"from":[5.413889,2.799696,0.8500004],"to":[10.663889,8.487196,2.1625004],"faces":{"east":{"uv":[3.0,12.875,3.0820312,13.230469],"tintindex":0,"rotation":0,"texture":"#2"},"south":{"uv":[10.1875,1.6875,10.515625,2.0429688],"tintindex":0,"rotation":0,"texture":"#2"},"north":{"uv":[8.875,10.125,9.203125,10.480469],"tintindex":0,"rotation":0,"texture":"#2"},"west":{"uv":[3.125,12.875,3.2070312,13.230469],"tintindex":0,"rotation":0,"texture":"#2"},"up":{"uv":[13.265625,9.894531,12.9375,9.8125],"tintindex":0,"rotation":0,"texture":"#2"},"down":{"uv":[13.265625,12.1875,12.9375,12.269531],"tintindex":0,"rotation":0,"texture":"#2"}}}]}