{"textures":{"2":"modelengine:entity/pillars"},"elements":[{"from":[7.8888183,8.127175,-2.1538086],"to":[8.126123,8.443582,-2.0351562],"faces":{"east":{"uv":[15.4375,10.5625,15.4453125,10.582031],"tintindex":0,"rotation":0,"texture":"#2"},"south":{"uv":[15.375,2.8125,15.390625,2.8320312],"tintindex":0,"rotation":0,"texture":"#2"},"north":{"uv":[2.8125,15.375,2.828125,15.394531],"tintindex":0,"rotation":0,"texture":"#2"},"west":{"uv":[10.625,15.4375,10.6328125,15.457031],"tintindex":0,"rotation":0,"texture":"#2"},"up":{"uv":[0.203125,15.5078125,0.1875,15.5],"tintindex":0,"rotation":0,"texture":"#2"},"down":{"uv":[15.515625,0.1875,15.5,0.1953125],"tintindex":0,"rotation":0,"texture":"#2"}}},{"from":[8.3199215,8.127175,-1.7978516],"to":[8.399023,8.443582,-1.6396484],"faces":{"east":{"uv":[15.4375,3.0,15.449219,3.0195312],"tintindex":0,"rotation":0,"texture":"#2"},"south":{"uv":[15.5,5.75,15.503906,5.7695312],"tintindex":0,"rotation":0,"texture":"#2"},"north":{"uv":[5.75,15.5,5.7539062,15.519531],"tintindex":0,"rotation":0,"texture":"#2"},"west":{"uv":[3.0625,15.4375,3.0742188,15.457031],"tintindex":0,"rotation":0,"texture":"#2"},"up":{"uv":[7.8789062,15.511719,7.875,15.5],"tintindex":0,"rotation":0,"texture":"#2"},"down":{"uv":[15.503906,7.875,15.5,7.8867188],"tintindex":0,"rotation":0,"texture":"#2"}}},{"from":[7.568457,8.127175,-1.8374023],"to":[7.6871095,8.443582,-1.6000977],"faces":{"east":{"uv":[2.75,15.375,2.765625,15.394531],"tintindex":0,"rotation":0,"texture":"#2"},"south":{"uv":[10.5625,15.4375,10.5703125,15.457031],"tintindex":0,"rotation":0,"texture":"#2"},"north":{"uv":[15.4375,10.5,15.4453125,10.519531],"tintindex":0,"rotation":0,"texture":"#2"},"west":{"uv":[15.375,2.75,15.390625,2.7695312],"tintindex":0,"rotation":0,"texture":"#2"},"up":{"uv":[0.0703125,15.515625,0.0625,15.5],"tintindex":0,"rotation":0,"texture":"#2"},"down":{"uv":[15.5078125,0.0625,15.5,0.078125],"tintindex":0,"rotation":0,"texture":"#2"}}},{"from":[7.766211,7.613015,-2.1538086],"to":[8.24082,8.127175,-2.0351562],"faces":{"east":{"uv":[11.3125,15.375,11.3203125,15.40625],"tintindex":0,"rotation":0,"texture":"#2"},"south":{"uv":[11.3125,15.0625,11.34375,15.09375],"tintindex":0,"rotation":0,"texture":"#2"},"north":{"uv":[11.25,15.0625,11.28125,15.09375],"tintindex":0,"rotation":0,"texture":"#2"},"west":{"uv":[15.375,11.3125,15.3828125,11.34375],"tintindex":0,"rotation":0,"texture":"#2"},"up":{"uv":[11.40625,15.3828125,11.375,15.375],"tintindex":0,"rotation":0,"texture":"#2"},"down":{"uv":[15.40625,11.375,15.375,11.3828125],"tintindex":0,"rotation":0,"texture":"#2"}}},{"from":[7.8888183,8.127175,-1.4023438],"to":[8.126123,8.443582,-1.2836914],"faces":{"east":{"uv":[15.4375,10.625,15.4453125,10.644531],"tintindex":0,"rotation":0,"texture":"#2"},"south":{"uv":[15.375,2.875,15.390625,2.8945312],"tintindex":0,"rotation":0,"texture":"#2"},"north":{"uv":[2.875,15.375,2.890625,15.394531],"tintindex":0,"rotation":0,"texture":"#2"},"west":{"uv":[10.6875,15.4375,10.6953125,15.457031],"tintindex":0,"rotation":0,"texture":"#2"},"up":{"uv":[0.265625,15.5078125,0.25,15.5],"tintindex":0,"rotation":0,"texture":"#2"},"down":{"uv":[15.515625,0.25,15.5,0.2578125],"tintindex":0,"rotation":0,"texture":"#2"}}},{"from":[7.766211,7.613015,-1.4023438],"to":[8.24082,8.127175,-1.2836914],"faces":{"east":{"uv":[11.4375,15.375,11.4453125,15.40625],"tintindex":0,"rotation":0,"texture":"#2"},"south":{"uv":[15.0625,11.375,15.09375,11.40625],"tintindex":0,"rotation":0,"texture":"#2"},"north":{"uv":[11.375,15.0625,11.40625,15.09375],"tintindex":0,"rotation":0,"texture":"#2"},"west":{"uv":[15.375,11.4375,15.3828125,11.46875],"tintindex":0,"rotation":0,"texture":"#2"},"up":{"uv":[11.53125,15.3828125,11.5,15.375],"tintindex":0,"rotation":0,"texture":"#2"},"down":{"uv":[15.40625,11.5,15.375,11.5078125],"tintindex":0,"rotation":0,"texture":"#2"}}},{"from":[7.568457,7.613015,-1.9560547],"to":[7.6871095,8.127175,-1.4814453],"faces":{"east":{"uv":[11.1875,15.0625,11.21875,15.09375],"tintindex":0,"rotation":0,"texture":"#2"},"south":{"uv":[15.375,11.1875,15.3828125,11.21875],"tintindex":0,"rotation":0,"texture":"#2"},"north":{"uv":[11.1875,15.375,11.1953125,15.40625],"tintindex":0,"rotation":0,"texture":"#2"},"west":{"uv":[15.0625,11.1875,15.09375,11.21875],"tintindex":0,"rotation":0,"texture":"#2"},"up":{"uv":[11.2578125,15.40625,11.25,15.375],"tintindex":0,"rotation":0,"texture":"#2"},"down":{"uv":[15.3828125,11.25,15.375,11.28125],"tintindex":0,"rotation":0,"texture":"#2"}}},{"from":[7.6871095,7.613015,-2.0351562],"to":[8.3199215,8.443582,-1.4023438],"faces":{"east":{"uv":[1.875,14.875,1.9140625,14.925781],"tintindex":0,"rotation":0,"texture":"#2"},"south":{"uv":[14.875,1.875,14.9140625,1.9257812],"tintindex":0,"rotation":0,"texture":"#2"},"north":{"uv":[1.8125,14.875,1.8515625,14.925781],"tintindex":0,"rotation":0,"texture":"#2"},"west":{"uv":[1.9375,14.875,1.9765625,14.925781],"tintindex":0,"rotation":0,"texture":"#2"},"up":{"uv":[9.5390625,14.9765625,9.5,14.9375],"tintindex":0,"rotation":0,"texture":"#2"},"down":{"uv":[14.9765625,9.5,14.9375,9.5390625],"tintindex":0,"rotation":0,"texture":"#2"}}},{"from":[8.3199215,7.613015,-1.8769531],"to":[8.399023,8.127175,-1.5605469],"faces":{"east":{"uv":[0.3125,15.25,0.33203125,15.28125],"tintindex":0,"rotation":0,"texture":"#2"},"south":{"uv":[15.5,0.125,15.503906,0.15625],"tintindex":0,"rotation":0,"texture":"#2"},"north":{"uv":[0.125,15.5,0.12890625,15.53125],"tintindex":0,"rotation":0,"texture":"#2"},"west":{"uv":[15.25,0.3125,15.269531,0.34375],"tintindex":0,"rotation":0,"texture":"#2"},"up":{"uv":[5.6914062,15.519531,5.6875,15.5],"tintindex":0,"rotation":0,"texture":"#2"},"down":{"uv":[15.503906,5.6875,15.5,5.7070312],"tintindex":0,"rotation":0,"texture":"#2"}}}]}