{"textures":{"2":"modelengine:entity/pillars"},"elements":[{"from":[11.538889,8.487196,-3.5249996],"to":[12.413889,11.987196,-1.7749996],"faces":{"east":{"uv":[1.875,13.25,1.984375,13.46875],"tintindex":0,"rotation":0,"texture":"#2"},"south":{"uv":[13.8125,8.3125,13.8671875,8.53125],"tintindex":0,"rotation":0,"texture":"#2"},"north":{"uv":[8.3125,13.8125,8.3671875,14.03125],"tintindex":0,"rotation":0,"texture":"#2"},"west":{"uv":[2.0,13.25,2.109375,13.46875],"tintindex":0,"rotation":0,"texture":"#2"},"up":{"uv":[13.4921875,10.421875,13.4375,10.3125],"tintindex":0,"rotation":0,"texture":"#2"},"down":{"uv":[13.6171875,5.3125,13.5625,5.421875],"tintindex":0,"rotation":0,"texture":"#2"}}},{"from":[11.538889,2.799696,-4.3999996],"to":[12.413889,8.487196,-0.8999996],"faces":{"east":{"uv":[11.3125,0.0,11.53125,0.35546875],"tintindex":0,"rotation":0,"texture":"#2"},"south":{"uv":[5.9375,4.625,5.9921875,4.9804688],"tintindex":0,"rotation":0,"texture":"#2"},"north":{"uv":[5.9375,4.25,5.9921875,4.6054688],"tintindex":0,"rotation":0,"texture":"#2"},"west":{"uv":[2.4375,11.3125,2.65625,11.667969],"tintindex":0,"rotation":0,"texture":"#2"},"up":{"uv":[1.0546875,14.03125,1.0,13.8125],"tintindex":0,"rotation":0,"texture":"#2"},"down":{"uv":[7.8671875,13.8125,7.8125,14.03125],"tintindex":0,"rotation":0,"texture":"#2"}}},{"from":[4.538889,2.799696,-6.1499996],"to":[11.538889,11.987196,0.8500004],"faces":{"east":{"uv":[3.3125,6.75,3.75,7.3242188],"tintindex":0,"rotation":0,"texture":"#2"},"south":{"uv":[5.5625,7.375,6.0,7.9492188],"tintindex":0,"rotation":0,"texture":"#2"},"north":{"uv":[5.5,4.25,5.9375,4.8242188],"tintindex":0,"rotation":0,"texture":"#2"},"west":{"uv":[2.8125,7.5625,3.25,8.136719],"tintindex":0,"rotation":0,"texture":"#2"},"up":{"uv":[4.1875,9.0625,3.75,8.625],"tintindex":0,"rotation":0,"texture":"#2"},"down":{"uv":[4.625,8.625,4.1875,9.0625],"tintindex":0,"rotation":0,"texture":"#2"}}},{"from":[6.7701387,8.487196,0.8500004],"to":[9.395139,11.987196,2.1625004],"faces":{"east":{"uv":[8.9375,13.5,9.019531,13.71875],"tintindex":0,"rotation":0,"texture":"#2"},"south":{"uv":[11.25,12.5625,11.4140625,12.78125],"tintindex":0,"rotation":0,"texture":"#2"},"north":{"uv":[11.0625,12.5625,11.2265625,12.78125],"tintindex":0,"rotation":0,"texture":"#2"},"west":{"uv":[13.5,9.0,13.582031,9.21875],"tintindex":0,"rotation":0,"texture":"#2"},"up":{"uv":[13.9140625,12.269531,13.75,12.1875],"tintindex":0,"rotation":0,"texture":"#2"},"down":{"uv":[13.9140625,12.3125,13.75,12.394531],"tintindex":0,"rotation":0,"texture":"#2"}}},{"from":[3.226389,2.799696,-5.2749996],"to":[4.538889,8.487196,-0.024999619],"faces":{"east":{"uv":[6.25,3.875,6.578125,4.2304688],"tintindex":0,"rotation":0,"texture":"#2"},"south":{"uv":[12.875,1.9375,12.957031,2.2929688],"tintindex":0,"rotation":0,"texture":"#2"},"north":{"uv":[1.875,12.875,1.9570312,13.230469],"tintindex":0,"rotation":0,"texture":"#2"},"west":{"uv":[1.3125,8.75,1.640625,9.105469],"tintindex":0,"rotation":0,"texture":"#2"},"up":{"uv":[9.769531,13.265625,9.6875,12.9375],"tintindex":0,"rotation":0,"texture":"#2"},"down":{"uv":[13.019531,11.0625,12.9375,11.390625],"tintindex":0,"rotation":0,"texture":"#2"}}},{"from":[5.413889,2.799696,-7.4624996],"to":[10.663889,8.487196,-6.1499996],"faces":{"east":{"uv":[2.0,12.875,2.0820312,13.230469],"tintindex":0,"rotation":0,"texture":"#2"},"south":{"uv":[10.125,1.3125,10.453125,1.6679688],"tintindex":0,"rotation":0,"texture":"#2"},"north":{"uv":[10.0625,6.125,10.390625,6.4804688],"tintindex":0,"rotation":0,"texture":"#2"},"west":{"uv":[2.125,12.875,2.2070312,13.230469],"tintindex":0,"rotation":0,"texture":"#2"},"up":{"uv":[7.578125,0.70703125,7.25,0.625],"tintindex":0,"rotation":0,"texture":"#2"},"down":{"uv":[10.515625,8.0,10.1875,8.082031],"tintindex":0,"rotation":0,"texture":"#2"}}},{"from":[6.7701387,8.487196,-7.4624996],"to":[9.395139,11.987196,-6.1499996],"faces":{"east":{"uv":[5.5,13.5,5.5820312,13.71875],"tintindex":0,"rotation":0,"texture":"#2"},"south":{"uv":[12.5625,11.0,12.7265625,11.21875],"tintindex":0,"rotation":0,"texture":"#2"},"north":{"uv":[10.875,12.5625,11.0390625,12.78125],"tintindex":0,"rotation":0,"texture":"#2"},"west":{"uv":[13.5,6.5625,13.582031,6.78125],"tintindex":0,"rotation":0,"texture":"#2"},"up":{"uv":[13.5390625,9.644531,13.375,9.5625],"tintindex":0,"rotation":0,"texture":"#2"},"down":{"uv":[13.8515625,6.125,13.6875,6.2070312],"tintindex":0,"rotation":0,"texture":"#2"}}},{"from":[3.226389,8.487196,-3.9624996],"to":[4.538889,11.987196,-1.3374996],"faces":{"east":{"uv":[10.6875,12.5625,10.8515625,12.78125],"tintindex":0,"rotation":0,"texture":"#2"},"south":{"uv":[13.5,5.4375,13.582031,5.65625],"tintindex":0,"rotation":0,"texture":"#2"},"north":{"uv":[13.5,5.0625,13.582031,5.28125],"tintindex":0,"rotation":0,"texture":"#2"},"west":{"uv":[12.5625,10.75,12.7265625,10.96875],"tintindex":0,"rotation":0,"texture":"#2"},"up":{"uv":[13.832031,11.9765625,13.75,11.8125],"tintindex":0,"rotation":0,"texture":"#2"},"down":{"uv":[13.832031,12.0,13.75,12.1640625],"tintindex":0,"rotation":0,"texture":"#2"}}},{"from":[5.413889,2.799696,0.8500004],"to":[10.663889,8.487196,2.1625004],"faces":{"east":{"uv":[2.25,12.875,2.3320312,13.230469],"tintindex":0,"rotation":0,"texture":"#2"},"south":{"uv":[6.4375,10.125,6.765625,10.480469],"tintindex":0,"rotation":0,"texture":"#2"},"north":{"uv":[6.0625,10.125,6.390625,10.480469],"tintindex":0,"rotation":0,"texture":"#2"},"west":{"uv":[2.375,12.875,2.4570312,13.230469],"tintindex":0,"rotation":0,"texture":"#2"},"up":{"uv":[10.578125,5.2070312,10.25,5.125],"tintindex":0,"rotation":0,"texture":"#2"},"down":{"uv":[11.953125,7.1875,11.625,7.2695312],"tintindex":0,"rotation":0,"texture":"#2"}}}]}