{"textures":{"2":"modelengine:entity/pillars"},"elements":[{"from":[7.8888183,8.127175,-1.4023438],"to":[8.126123,8.443582,-1.2836914],"faces":{"east":{"uv":[15.4375,12.375,15.4453125,12.394531],"tintindex":0,"rotation":0,"texture":"#2"},"south":{"uv":[15.375,4.1875,15.390625,4.2070312],"tintindex":0,"rotation":0,"texture":"#2"},"north":{"uv":[4.1875,15.375,4.203125,15.394531],"tintindex":0,"rotation":0,"texture":"#2"},"west":{"uv":[12.4375,15.4375,12.4453125,15.457031],"tintindex":0,"rotation":0,"texture":"#2"},"up":{"uv":[2.015625,15.5078125,2.0,15.5],"tintindex":0,"rotation":0,"texture":"#2"},"down":{"uv":[15.515625,2.0,15.5,2.0078125],"tintindex":0,"rotation":0,"texture":"#2"}}},{"from":[7.568457,7.613015,-1.9560547],"to":[7.6871095,8.127175,-1.4814453],"faces":{"east":{"uv":[13.375,15.0625,13.40625,15.09375],"tintindex":0,"rotation":0,"texture":"#2"},"south":{"uv":[15.375,13.8125,15.3828125,13.84375],"tintindex":0,"rotation":0,"texture":"#2"},"north":{"uv":[13.8125,15.375,13.8203125,15.40625],"tintindex":0,"rotation":0,"texture":"#2"},"west":{"uv":[15.0625,13.4375,15.09375,13.46875],"tintindex":0,"rotation":0,"texture":"#2"},"up":{"uv":[13.8828125,15.40625,13.875,15.375],"tintindex":0,"rotation":0,"texture":"#2"},"down":{"uv":[15.3828125,13.875,15.375,13.90625],"tintindex":0,"rotation":0,"texture":"#2"}}},{"from":[7.568457,8.127175,-1.8374023],"to":[7.6871095,8.443582,-1.6000977],"faces":{"east":{"uv":[4.0625,15.375,4.078125,15.394531],"tintindex":0,"rotation":0,"texture":"#2"},"south":{"uv":[12.3125,15.4375,12.3203125,15.457031],"tintindex":0,"rotation":0,"texture":"#2"},"north":{"uv":[15.4375,12.25,15.4453125,12.269531],"tintindex":0,"rotation":0,"texture":"#2"},"west":{"uv":[15.375,4.0625,15.390625,4.0820312],"tintindex":0,"rotation":0,"texture":"#2"},"up":{"uv":[1.8203125,15.515625,1.8125,15.5],"tintindex":0,"rotation":0,"texture":"#2"},"down":{"uv":[15.5078125,1.8125,15.5,1.828125],"tintindex":0,"rotation":0,"texture":"#2"}}},{"from":[7.6871095,7.613015,-2.0351562],"to":[8.3199215,8.443582,-1.4023438],"faces":{"east":{"uv":[3.0,14.875,3.0390625,14.925781],"tintindex":0,"rotation":0,"texture":"#2"},"south":{"uv":[3.0625,14.875,3.1015625,14.925781],"tintindex":0,"rotation":0,"texture":"#2"},"north":{"uv":[14.875,2.9375,14.9140625,2.9882812],"tintindex":0,"rotation":0,"texture":"#2"},"west":{"uv":[3.125,14.875,3.1640625,14.925781],"tintindex":0,"rotation":0,"texture":"#2"},"up":{"uv":[14.9765625,12.4765625,14.9375,12.4375],"tintindex":0,"rotation":0,"texture":"#2"},"down":{"uv":[12.5390625,14.9375,12.5,14.9765625],"tintindex":0,"rotation":0,"texture":"#2"}}},{"from":[7.766211,7.613015,-1.4023438],"to":[8.24082,8.127175,-1.2836914],"faces":{"east":{"uv":[14.0625,15.375,14.0703125,15.40625],"tintindex":0,"rotation":0,"texture":"#2"},"south":{"uv":[13.625,15.0625,13.65625,15.09375],"tintindex":0,"rotation":0,"texture":"#2"},"north":{"uv":[13.5625,15.0625,13.59375,15.09375],"tintindex":0,"rotation":0,"texture":"#2"},"west":{"uv":[15.375,14.0625,15.3828125,14.09375],"tintindex":0,"rotation":0,"texture":"#2"},"up":{"uv":[14.15625,15.3828125,14.125,15.375],"tintindex":0,"rotation":0,"texture":"#2"},"down":{"uv":[15.40625,14.125,15.375,14.1328125],"tintindex":0,"rotation":0,"texture":"#2"}}},{"from":[8.3199215,7.613015,-1.8769531],"to":[8.399023,8.127175,-1.5605469],"faces":{"east":{"uv":[0.75,15.25,0.76953125,15.28125],"tintindex":0,"rotation":0,"texture":"#2"},"south":{"uv":[15.5,1.875,15.503906,1.90625],"tintindex":0,"rotation":0,"texture":"#2"},"north":{"uv":[1.875,15.5,1.8789062,15.53125],"tintindex":0,"rotation":0,"texture":"#2"},"west":{"uv":[15.25,0.75,15.269531,0.78125],"tintindex":0,"rotation":0,"texture":"#2"},"up":{"uv":[6.5664062,15.519531,6.5625,15.5],"tintindex":0,"rotation":0,"texture":"#2"},"down":{"uv":[15.503906,6.5625,15.5,6.5820312],"tintindex":0,"rotation":0,"texture":"#2"}}},{"from":[7.766211,7.613015,-2.1538086],"to":[8.24082,8.127175,-2.0351562],"faces":{"east":{"uv":[13.9375,15.375,13.9453125,15.40625],"tintindex":0,"rotation":0,"texture":"#2"},"south":{"uv":[15.0625,13.5,15.09375,13.53125],"tintindex":0,"rotation":0,"texture":"#2"},"north":{"uv":[13.5,15.0625,13.53125,15.09375],"tintindex":0,"rotation":0,"texture":"#2"},"west":{"uv":[15.375,13.9375,15.3828125,13.96875],"tintindex":0,"rotation":0,"texture":"#2"},"up":{"uv":[14.03125,15.3828125,14.0,15.375],"tintindex":0,"rotation":0,"texture":"#2"},"down":{"uv":[15.40625,14.0,15.375,14.0078125],"tintindex":0,"rotation":0,"texture":"#2"}}},{"from":[7.8888183,8.127175,-2.1538086],"to":[8.126123,8.443582,-2.0351562],"faces":{"east":{"uv":[15.4375,12.3125,15.4453125,12.332031],"tintindex":0,"rotation":0,"texture":"#2"},"south":{"uv":[15.375,4.125,15.390625,4.1445312],"tintindex":0,"rotation":0,"texture":"#2"},"north":{"uv":[4.125,15.375,4.140625,15.394531],"tintindex":0,"rotation":0,"texture":"#2"},"west":{"uv":[12.375,15.4375,12.3828125,15.457031],"tintindex":0,"rotation":0,"texture":"#2"},"up":{"uv":[1.953125,15.5078125,1.9375,15.5],"tintindex":0,"rotation":0,"texture":"#2"},"down":{"uv":[15.515625,1.9375,15.5,1.9453125],"tintindex":0,"rotation":0,"texture":"#2"}}},{"from":[8.3199215,8.127175,-1.7978516],"to":[8.399023,8.443582,-1.6396484],"faces":{"east":{"uv":[15.4375,4.75,15.449219,4.7695312],"tintindex":0,"rotation":0,"texture":"#2"},"south":{"uv":[15.5,6.625,15.503906,6.6445312],"tintindex":0,"rotation":0,"texture":"#2"},"north":{"uv":[6.625,15.5,6.6289062,15.519531],"tintindex":0,"rotation":0,"texture":"#2"},"west":{"uv":[4.8125,15.4375,4.8242188,15.457031],"tintindex":0,"rotation":0,"texture":"#2"},"up":{"uv":[8.316406,15.511719,8.3125,15.5],"tintindex":0,"rotation":0,"texture":"#2"},"down":{"uv":[15.503906,8.3125,15.5,8.324219],"tintindex":0,"rotation":0,"texture":"#2"}}}]}