{"textures":{"2":"modelengine:entity/pillars"},"elements":[{"from":[7.6871095,7.613015,-2.0351562],"to":[8.3199215,8.443582,-1.4023438],"faces":{"east":{"uv":[2.1875,14.875,2.2265625,14.925781],"tintindex":0,"rotation":0,"texture":"#2"},"south":{"uv":[2.25,14.875,2.2890625,14.925781],"tintindex":0,"rotation":0,"texture":"#2"},"north":{"uv":[2.125,14.875,2.1640625,14.925781],"tintindex":0,"rotation":0,"texture":"#2"},"west":{"uv":[14.875,2.25,14.9140625,2.3007812],"tintindex":0,"rotation":0,"texture":"#2"},"up":{"uv":[14.9765625,10.2265625,14.9375,10.1875],"tintindex":0,"rotation":0,"texture":"#2"},"down":{"uv":[14.9765625,10.25,14.9375,10.2890625],"tintindex":0,"rotation":0,"texture":"#2"}}},{"from":[7.8888183,8.127175,-1.4023438],"to":[8.126123,8.443582,-1.2836914],"faces":{"east":{"uv":[15.4375,11.125,15.4453125,11.144531],"tintindex":0,"rotation":0,"texture":"#2"},"south":{"uv":[15.375,3.25,15.390625,3.2695312],"tintindex":0,"rotation":0,"texture":"#2"},"north":{"uv":[3.25,15.375,3.265625,15.394531],"tintindex":0,"rotation":0,"texture":"#2"},"west":{"uv":[11.1875,15.4375,11.1953125,15.457031],"tintindex":0,"rotation":0,"texture":"#2"},"up":{"uv":[0.765625,15.5078125,0.75,15.5],"tintindex":0,"rotation":0,"texture":"#2"},"down":{"uv":[15.515625,0.75,15.5,0.7578125],"tintindex":0,"rotation":0,"texture":"#2"}}},{"from":[7.568457,7.613015,-1.9560547],"to":[7.6871095,8.127175,-1.4814453],"faces":{"east":{"uv":[15.0625,11.6875,15.09375,11.71875],"tintindex":0,"rotation":0,"texture":"#2"},"south":{"uv":[15.375,11.9375,15.3828125,11.96875],"tintindex":0,"rotation":0,"texture":"#2"},"north":{"uv":[11.9375,15.375,11.9453125,15.40625],"tintindex":0,"rotation":0,"texture":"#2"},"west":{"uv":[11.8125,15.0625,11.84375,15.09375],"tintindex":0,"rotation":0,"texture":"#2"},"up":{"uv":[12.0078125,15.40625,12.0,15.375],"tintindex":0,"rotation":0,"texture":"#2"},"down":{"uv":[15.3828125,12.0,15.375,12.03125],"tintindex":0,"rotation":0,"texture":"#2"}}},{"from":[7.766211,7.613015,-1.4023438],"to":[8.24082,8.127175,-1.2836914],"faces":{"east":{"uv":[12.1875,15.375,12.1953125,15.40625],"tintindex":0,"rotation":0,"texture":"#2"},"south":{"uv":[12.0,15.0625,12.03125,15.09375],"tintindex":0,"rotation":0,"texture":"#2"},"north":{"uv":[15.0625,11.9375,15.09375,11.96875],"tintindex":0,"rotation":0,"texture":"#2"},"west":{"uv":[15.375,12.1875,15.3828125,12.21875],"tintindex":0,"rotation":0,"texture":"#2"},"up":{"uv":[12.28125,15.3828125,12.25,15.375],"tintindex":0,"rotation":0,"texture":"#2"},"down":{"uv":[15.40625,12.25,15.375,12.2578125],"tintindex":0,"rotation":0,"texture":"#2"}}},{"from":[7.568457,8.127175,-1.8374023],"to":[7.6871095,8.443582,-1.6000977],"faces":{"east":{"uv":[3.125,15.375,3.140625,15.394531],"tintindex":0,"rotation":0,"texture":"#2"},"south":{"uv":[11.0625,15.4375,11.0703125,15.457031],"tintindex":0,"rotation":0,"texture":"#2"},"north":{"uv":[15.4375,11.0,15.4453125,11.019531],"tintindex":0,"rotation":0,"texture":"#2"},"west":{"uv":[15.375,3.125,15.390625,3.1445312],"tintindex":0,"rotation":0,"texture":"#2"},"up":{"uv":[0.5703125,15.515625,0.5625,15.5],"tintindex":0,"rotation":0,"texture":"#2"},"down":{"uv":[15.5078125,0.5625,15.5,0.578125],"tintindex":0,"rotation":0,"texture":"#2"}}},{"from":[8.3199215,7.613015,-1.8769531],"to":[8.399023,8.127175,-1.5605469],"faces":{"east":{"uv":[0.4375,15.25,0.45703125,15.28125],"tintindex":0,"rotation":0,"texture":"#2"},"south":{"uv":[15.5,0.625,15.503906,0.65625],"tintindex":0,"rotation":0,"texture":"#2"},"north":{"uv":[0.625,15.5,0.62890625,15.53125],"tintindex":0,"rotation":0,"texture":"#2"},"west":{"uv":[15.25,0.4375,15.269531,0.46875],"tintindex":0,"rotation":0,"texture":"#2"},"up":{"uv":[5.9414062,15.519531,5.9375,15.5],"tintindex":0,"rotation":0,"texture":"#2"},"down":{"uv":[15.503906,5.9375,15.5,5.9570312],"tintindex":0,"rotation":0,"texture":"#2"}}},{"from":[8.3199215,8.127175,-1.7978516],"to":[8.399023,8.443582,-1.6396484],"faces":{"east":{"uv":[15.4375,3.5,15.449219,3.5195312],"tintindex":0,"rotation":0,"texture":"#2"},"south":{"uv":[15.5,6.0,15.503906,6.0195312],"tintindex":0,"rotation":0,"texture":"#2"},"north":{"uv":[6.0,15.5,6.0039062,15.519531],"tintindex":0,"rotation":0,"texture":"#2"},"west":{"uv":[3.5625,15.4375,3.5742188,15.457031],"tintindex":0,"rotation":0,"texture":"#2"},"up":{"uv":[8.003906,15.511719,8.0,15.5],"tintindex":0,"rotation":0,"texture":"#2"},"down":{"uv":[15.503906,8.0,15.5,8.011719],"tintindex":0,"rotation":0,"texture":"#2"}}},{"from":[7.8888183,8.127175,-2.1538086],"to":[8.126123,8.443582,-2.0351562],"faces":{"east":{"uv":[15.4375,11.0625,15.4453125,11.082031],"tintindex":0,"rotation":0,"texture":"#2"},"south":{"uv":[15.375,3.1875,15.390625,3.2070312],"tintindex":0,"rotation":0,"texture":"#2"},"north":{"uv":[3.1875,15.375,3.203125,15.394531],"tintindex":0,"rotation":0,"texture":"#2"},"west":{"uv":[11.125,15.4375,11.1328125,15.457031],"tintindex":0,"rotation":0,"texture":"#2"},"up":{"uv":[0.703125,15.5078125,0.6875,15.5],"tintindex":0,"rotation":0,"texture":"#2"},"down":{"uv":[15.515625,0.6875,15.5,0.6953125],"tintindex":0,"rotation":0,"texture":"#2"}}},{"from":[7.766211,7.613015,-2.1538086],"to":[8.24082,8.127175,-2.0351562],"faces":{"east":{"uv":[12.0625,15.375,12.0703125,15.40625],"tintindex":0,"rotation":0,"texture":"#2"},"south":{"uv":[11.9375,15.0625,11.96875,15.09375],"tintindex":0,"rotation":0,"texture":"#2"},"north":{"uv":[11.875,15.0625,11.90625,15.09375],"tintindex":0,"rotation":0,"texture":"#2"},"west":{"uv":[15.375,12.0625,15.3828125,12.09375],"tintindex":0,"rotation":0,"texture":"#2"},"up":{"uv":[12.15625,15.3828125,12.125,15.375],"tintindex":0,"rotation":0,"texture":"#2"},"down":{"uv":[15.40625,12.125,15.375,12.1328125],"tintindex":0,"rotation":0,"texture":"#2"}}}]}