{"textures":{"2":"modelengine:entity/pillars"},"elements":[{"from":[7.584375,7.2839622,-1.15625],"to":[8.428125,8.198025,-0.9453125],"faces":{"east":{"uv":[8.75,15.1875,8.761719,15.246094],"tintindex":0,"rotation":0,"texture":"#2"},"south":{"uv":[4.75,14.75,4.8046875,14.808594],"tintindex":0,"rotation":0,"texture":"#2"},"north":{"uv":[14.75,4.6875,14.8046875,4.7460938],"tintindex":0,"rotation":0,"texture":"#2"},"west":{"uv":[15.1875,8.75,15.199219,8.808594],"tintindex":0,"rotation":0,"texture":"#2"},"up":{"uv":[15.2421875,14.011719,15.1875,14.0],"tintindex":0,"rotation":0,"texture":"#2"},"down":{"uv":[14.1171875,15.1875,14.0625,15.199219],"tintindex":0,"rotation":0,"texture":"#2"}}},{"from":[7.584375,7.2839622,-2.4921875],"to":[8.428125,8.198025,-2.28125],"faces":{"east":{"uv":[8.6875,15.1875,8.699219,15.246094],"tintindex":0,"rotation":0,"texture":"#2"},"south":{"uv":[4.6875,14.75,4.7421875,14.808594],"tintindex":0,"rotation":0,"texture":"#2"},"north":{"uv":[14.75,4.625,14.8046875,4.6835938],"tintindex":0,"rotation":0,"texture":"#2"},"west":{"uv":[15.1875,8.6875,15.199219,8.746094],"tintindex":0,"rotation":0,"texture":"#2"},"up":{"uv":[15.2421875,13.949219,15.1875,13.9375],"tintindex":0,"rotation":0,"texture":"#2"},"down":{"uv":[14.0546875,15.1875,14.0,15.199219],"tintindex":0,"rotation":0,"texture":"#2"}}},{"from":[7.2328124,8.198025,-1.9296875],"to":[7.44375,8.760525,-1.5078125],"faces":{"east":{"uv":[15.125,3.5,15.152344,3.5351562],"tintindex":0,"rotation":0,"texture":"#2"},"south":{"uv":[6.4375,15.3125,6.4492188,15.347656],"tintindex":0,"rotation":0,"texture":"#2"},"north":{"uv":[15.3125,6.375,15.324219,6.4101562],"tintindex":0,"rotation":0,"texture":"#2"},"west":{"uv":[3.5625,15.125,3.5898438,15.160156],"tintindex":0,"rotation":0,"texture":"#2"},"up":{"uv":[1.6367188,15.402344,1.625,15.375],"tintindex":0,"rotation":0,"texture":"#2"},"down":{"uv":[15.386719,1.625,15.375,1.6523438],"tintindex":0,"rotation":0,"texture":"#2"}}},{"from":[8.56875,7.2839622,-2.0],"to":[8.709375,8.198025,-1.4375],"faces":{"east":{"uv":[14.875,0.5,14.910156,0.55859375],"tintindex":0,"rotation":0,"texture":"#2"},"south":{"uv":[2.8125,15.3125,2.8203125,15.371094],"tintindex":0,"rotation":0,"texture":"#2"},"north":{"uv":[15.3125,2.75,15.3203125,2.8085938],"tintindex":0,"rotation":0,"texture":"#2"},"west":{"uv":[0.625,14.875,0.66015625,14.933594],"tintindex":0,"rotation":0,"texture":"#2"},"up":{"uv":[9.1328125,15.410156,9.125,15.375],"tintindex":0,"rotation":0,"texture":"#2"},"down":{"uv":[15.3828125,9.125,15.375,9.160156],"tintindex":0,"rotation":0,"texture":"#2"}}},{"from":[7.802344,8.198025,-2.4921875],"to":[8.224218,8.760525,-2.28125],"faces":{"east":{"uv":[15.3125,6.4375,15.324219,6.4726562],"tintindex":0,"rotation":0,"texture":"#2"},"south":{"uv":[3.625,15.125,3.6523438,15.160156],"tintindex":0,"rotation":0,"texture":"#2"},"north":{"uv":[15.125,3.5625,15.152344,3.5976562],"tintindex":0,"rotation":0,"texture":"#2"},"west":{"uv":[6.5,15.3125,6.5117188,15.347656],"tintindex":0,"rotation":0,"texture":"#2"},"up":{"uv":[1.7148438,15.386719,1.6875,15.375],"tintindex":0,"rotation":0,"texture":"#2"},"down":{"uv":[15.402344,1.6875,15.375,1.6992188],"tintindex":0,"rotation":0,"texture":"#2"}}},{"from":[7.2328124,7.2839622,-2.140625],"to":[7.44375,8.198025,-1.296875],"faces":{"east":{"uv":[14.75,4.5625,14.8046875,4.6210938],"tintindex":0,"rotation":0,"texture":"#2"},"south":{"uv":[8.5625,15.1875,8.574219,15.246094],"tintindex":0,"rotation":0,"texture":"#2"},"north":{"uv":[15.1875,8.5,15.199219,8.558594],"tintindex":0,"rotation":0,"texture":"#2"},"west":{"uv":[4.625,14.75,4.6796875,14.808594],"tintindex":0,"rotation":0,"texture":"#2"},"up":{"uv":[15.199219,13.9296875,15.1875,13.875],"tintindex":0,"rotation":0,"texture":"#2"},"down":{"uv":[13.949219,15.1875,13.9375,15.2421875],"tintindex":0,"rotation":0,"texture":"#2"}}},{"from":[7.44375,7.2839622,-2.28125],"to":[8.56875,8.760525,-1.15625],"faces":{"east":{"uv":[12.4375,14.3125,12.5078125,14.40625],"tintindex":0,"rotation":0,"texture":"#2"},"south":{"uv":[14.3125,12.4375,14.3828125,12.53125],"tintindex":0,"rotation":0,"texture":"#2"},"north":{"uv":[14.3125,12.3125,14.3828125,12.40625],"tintindex":0,"rotation":0,"texture":"#2"},"west":{"uv":[12.5625,14.3125,12.6328125,14.40625],"tintindex":0,"rotation":0,"texture":"#2"},"up":{"uv":[14.6328125,1.1953125,14.5625,1.125],"tintindex":0,"rotation":0,"texture":"#2"},"down":{"uv":[14.6328125,1.25,14.5625,1.3203125],"tintindex":0,"rotation":0,"texture":"#2"}}},{"from":[8.56875,8.198025,-1.859375],"to":[8.709375,8.760525,-1.578125],"faces":{"east":{"uv":[15.1875,8.5625,15.207031,8.597656],"tintindex":0,"rotation":0,"texture":"#2"},"south":{"uv":[15.375,9.1875,15.3828125,9.222656],"tintindex":0,"rotation":0,"texture":"#2"},"north":{"uv":[9.1875,15.375,9.1953125,15.410156],"tintindex":0,"rotation":0,"texture":"#2"},"west":{"uv":[15.1875,8.625,15.207031,8.660156],"tintindex":0,"rotation":0,"texture":"#2"},"up":{"uv":[15.4453125,14.207031,15.4375,14.1875],"tintindex":0,"rotation":0,"texture":"#2"},"down":{"uv":[14.2578125,15.4375,14.25,15.457031],"tintindex":0,"rotation":0,"texture":"#2"}}},{"from":[7.802344,8.198025,-1.15625],"to":[8.224218,8.760525,-0.9453125],"faces":{"east":{"uv":[15.3125,6.5,15.324219,6.5351562],"tintindex":0,"rotation":0,"texture":"#2"},"south":{"uv":[3.6875,15.125,3.7148438,15.160156],"tintindex":0,"rotation":0,"texture":"#2"},"north":{"uv":[15.125,3.625,15.152344,3.6601562],"tintindex":0,"rotation":0,"texture":"#2"},"west":{"uv":[6.5625,15.3125,6.5742188,15.347656],"tintindex":0,"rotation":0,"texture":"#2"},"up":{"uv":[1.7773438,15.386719,1.75,15.375],"tintindex":0,"rotation":0,"texture":"#2"},"down":{"uv":[15.402344,1.75,15.375,1.7617188],"tintindex":0,"rotation":0,"texture":"#2"}}}]}