{"textures":{"2":"modelengine:entity/pillars"},"elements":[{"from":[6.5398445,5.605242,-4.126562],"to":[9.4929695,9.481218,-1.1734371],"faces":{"east":{"uv":[9.9375,12.25,10.121094,12.4921875],"tintindex":0,"rotation":0,"texture":"#2"},"south":{"uv":[10.125,12.25,10.308594,12.4921875],"tintindex":0,"rotation":0,"texture":"#2"},"north":{"uv":[12.25,9.8125,12.433594,10.0546875],"tintindex":0,"rotation":0,"texture":"#2"},"west":{"uv":[10.3125,12.25,10.496094,12.4921875],"tintindex":0,"rotation":0,"texture":"#2"},"up":{"uv":[4.4960938,12.933594,4.3125,12.75],"tintindex":0,"rotation":0,"texture":"#2"},"down":{"uv":[12.933594,5.8125,12.75,5.9960938],"tintindex":0,"rotation":0,"texture":"#2"}}},{"from":[5.9861336,5.605242,-3.7574215],"to":[6.5398445,8.004656,-1.5425777],"faces":{"east":{"uv":[1.875,13.5,2.0117188,13.6484375],"tintindex":0,"rotation":0,"texture":"#2"},"south":{"uv":[2.5,14.5,2.5351562,14.6484375],"tintindex":0,"rotation":0,"texture":"#2"},"north":{"uv":[2.4375,14.5,2.4726562,14.6484375],"tintindex":0,"rotation":0,"texture":"#2"},"west":{"uv":[13.5,1.875,13.636719,2.0234375],"tintindex":0,"rotation":0,"texture":"#2"},"up":{"uv":[14.597656,4.6367188,14.5625,4.5],"tintindex":0,"rotation":0,"texture":"#2"},"down":{"uv":[14.597656,4.6875,14.5625,4.8242188],"tintindex":0,"rotation":0,"texture":"#2"}}},{"from":[9.4929695,8.004656,-3.0191402],"to":[9.86211,9.481218,-2.280859],"faces":{"east":{"uv":[10.8125,14.5625,10.859375,14.65625],"tintindex":0,"rotation":0,"texture":"#2"},"south":{"uv":[9.0,14.8125,9.0234375,14.90625],"tintindex":0,"rotation":0,"texture":"#2"},"north":{"uv":[8.9375,14.8125,8.9609375,14.90625],"tintindex":0,"rotation":0,"texture":"#2"},"west":{"uv":[10.9375,14.5625,10.984375,14.65625],"tintindex":0,"rotation":0,"texture":"#2"},"up":{"uv":[2.2109375,15.109375,2.1875,15.0625],"tintindex":0,"rotation":0,"texture":"#2"},"down":{"uv":[15.0859375,2.1875,15.0625,2.234375],"tintindex":0,"rotation":0,"texture":"#2"}}},{"from":[7.4811516,8.004656,-1.1734371],"to":[8.588573,9.481218,-0.6197262],"faces":{"east":{"uv":[14.6875,13.1875,14.722656,13.28125],"tintindex":0,"rotation":0,"texture":"#2"},"south":{"uv":[14.25,8.125,14.3203125,8.21875],"tintindex":0,"rotation":0,"texture":"#2"},"north":{"uv":[14.25,8.0,14.3203125,8.09375],"tintindex":0,"rotation":0,"texture":"#2"},"west":{"uv":[13.25,14.6875,13.285156,14.78125],"tintindex":0,"rotation":0,"texture":"#2"},"up":{"uv":[14.8828125,0.66015625,14.8125,0.625],"tintindex":0,"rotation":0,"texture":"#2"},"down":{"uv":[14.8828125,0.6875,14.8125,0.72265625],"tintindex":0,"rotation":0,"texture":"#2"}}},{"from":[9.4929695,5.605242,-3.3882809],"to":[9.86211,8.004656,-1.9117184],"faces":{"east":{"uv":[8.9375,13.75,9.03125,13.8984375],"tintindex":0,"rotation":0,"texture":"#2"},"south":{"uv":[14.6875,8.375,14.7109375,8.5234375],"tintindex":0,"rotation":0,"texture":"#2"},"north":{"uv":[14.6875,8.1875,14.7109375,8.3359375],"tintindex":0,"rotation":0,"texture":"#2"},"west":{"uv":[13.75,9.3125,13.84375,9.4609375],"tintindex":0,"rotation":0,"texture":"#2"},"up":{"uv":[8.8984375,14.90625,8.875,14.8125],"tintindex":0,"rotation":0,"texture":"#2"},"down":{"uv":[14.8359375,8.875,14.8125,8.96875],"tintindex":0,"rotation":0,"texture":"#2"}}},{"from":[5.9861336,8.004656,-3.2037106],"to":[6.5398445,9.481218,-2.0962887],"faces":{"east":{"uv":[14.25,7.5,14.3203125,7.59375],"tintindex":0,"rotation":0,"texture":"#2"},"south":{"uv":[14.6875,12.9375,14.722656,13.03125],"tintindex":0,"rotation":0,"texture":"#2"},"north":{"uv":[14.6875,12.8125,14.722656,12.90625],"tintindex":0,"rotation":0,"texture":"#2"},"west":{"uv":[14.25,7.625,14.3203125,7.71875],"tintindex":0,"rotation":0,"texture":"#2"},"up":{"uv":[14.847656,0.5078125,14.8125,0.4375],"tintindex":0,"rotation":0,"texture":"#2"},"down":{"uv":[0.59765625,14.8125,0.5625,14.8828125],"tintindex":0,"rotation":0,"texture":"#2"}}},{"from":[6.908985,5.605242,-4.680273],"to":[9.123829,8.004656,-4.126562],"faces":{"east":{"uv":[2.5625,14.5,2.5976562,14.6484375],"tintindex":0,"rotation":0,"texture":"#2"},"south":{"uv":[13.5,2.0625,13.636719,2.2109375],"tintindex":0,"rotation":0,"texture":"#2"},"north":{"uv":[2.0625,13.5,2.1992188,13.6484375],"tintindex":0,"rotation":0,"texture":"#2"},"west":{"uv":[2.625,14.5,2.6601562,14.6484375],"tintindex":0,"rotation":0,"texture":"#2"},"up":{"uv":[14.699219,4.9101562,14.5625,4.875],"tintindex":0,"rotation":0,"texture":"#2"},"down":{"uv":[14.699219,4.9375,14.5625,4.9726562],"tintindex":0,"rotation":0,"texture":"#2"}}},{"from":[7.4811516,8.004656,-4.680273],"to":[8.588573,9.481218,-4.126562],"faces":{"east":{"uv":[14.6875,13.0625,14.722656,13.15625],"tintindex":0,"rotation":0,"texture":"#2"},"south":{"uv":[14.25,7.875,14.3203125,7.96875],"tintindex":0,"rotation":0,"texture":"#2"},"north":{"uv":[14.25,7.75,14.3203125,7.84375],"tintindex":0,"rotation":0,"texture":"#2"},"west":{"uv":[13.1875,14.6875,13.222656,14.78125],"tintindex":0,"rotation":0,"texture":"#2"},"up":{"uv":[14.8828125,0.59765625,14.8125,0.5625],"tintindex":0,"rotation":0,"texture":"#2"},"down":{"uv":[0.6953125,14.8125,0.625,14.847656],"tintindex":0,"rotation":0,"texture":"#2"}}},{"from":[6.908985,5.605242,-1.1734371],"to":[9.123829,8.004656,-0.6197262],"faces":{"east":{"uv":[2.6875,14.5,2.7226562,14.6484375],"tintindex":0,"rotation":0,"texture":"#2"},"south":{"uv":[13.5,2.25,13.636719,2.3984375],"tintindex":0,"rotation":0,"texture":"#2"},"north":{"uv":[2.25,13.5,2.3867188,13.6484375],"tintindex":0,"rotation":0,"texture":"#2"},"west":{"uv":[2.75,14.5,2.7851562,14.6484375],"tintindex":0,"rotation":0,"texture":"#2"},"up":{"uv":[14.699219,5.0351562,14.5625,5.0],"tintindex":0,"rotation":0,"texture":"#2"},"down":{"uv":[5.1992188,14.5625,5.0625,14.597656],"tintindex":0,"rotation":0,"texture":"#2"}}}]}