{"textures":{"2":"modelengine:entity/pillars"},"elements":[{"from":[7.688281,7.4505644,-2.2988281],"to":[8.321094,8.13611,-2.140625],"faces":{"east":{"uv":[9.4375,15.25,9.449219,15.292969],"tintindex":0,"rotation":0,"texture":"#2"},"south":{"uv":[13.875,14.875,13.9140625,14.917969],"tintindex":0,"rotation":0,"texture":"#2"},"north":{"uv":[14.875,13.8125,14.9140625,13.855469],"tintindex":0,"rotation":0,"texture":"#2"},"west":{"uv":[15.25,9.4375,15.261719,9.480469],"tintindex":0,"rotation":0,"texture":"#2"},"up":{"uv":[15.3515625,0.38671875,15.3125,0.375],"tintindex":0,"rotation":0,"texture":"#2"},"down":{"uv":[0.4765625,15.3125,0.4375,15.324219],"tintindex":0,"rotation":0,"texture":"#2"}}},{"from":[8.426562,8.13611,-1.8242188],"to":[8.532031,8.557985,-1.6132812],"faces":{"east":{"uv":[15.3125,12.8125,15.324219,12.839844],"tintindex":0,"rotation":0,"texture":"#2"},"south":{"uv":[8.125,15.4375,8.1328125,15.464844],"tintindex":0,"rotation":0,"texture":"#2"},"north":{"uv":[15.4375,8.0625,15.4453125,8.089844],"tintindex":0,"rotation":0,"texture":"#2"},"west":{"uv":[12.875,15.3125,12.886719,15.339844],"tintindex":0,"rotation":0,"texture":"#2"},"up":{"uv":[4.4453125,15.511719,4.4375,15.5],"tintindex":0,"rotation":0,"texture":"#2"},"down":{"uv":[15.5078125,4.4375,15.5,4.4492188],"tintindex":0,"rotation":0,"texture":"#2"}}},{"from":[7.688281,7.4505644,-1.296875],"to":[8.321094,8.13611,-1.1386719],"faces":{"east":{"uv":[9.5,15.25,9.511719,15.292969],"tintindex":0,"rotation":0,"texture":"#2"},"south":{"uv":[13.9375,14.875,13.9765625,14.917969],"tintindex":0,"rotation":0,"texture":"#2"},"north":{"uv":[14.875,13.875,14.9140625,13.917969],"tintindex":0,"rotation":0,"texture":"#2"},"west":{"uv":[15.25,9.5,15.261719,9.542969],"tintindex":0,"rotation":0,"texture":"#2"},"up":{"uv":[15.3515625,0.44921875,15.3125,0.4375],"tintindex":0,"rotation":0,"texture":"#2"},"down":{"uv":[0.5390625,15.3125,0.5,15.324219],"tintindex":0,"rotation":0,"texture":"#2"}}},{"from":[7.8517575,8.13611,-1.296875],"to":[8.168163,8.557985,-1.1386719],"faces":{"east":{"uv":[15.3125,12.9375,15.324219,12.964844],"tintindex":0,"rotation":0,"texture":"#2"},"south":{"uv":[15.25,5.75,15.269531,5.7773438],"tintindex":0,"rotation":0,"texture":"#2"},"north":{"uv":[5.75,15.25,5.7695312,15.277344],"tintindex":0,"rotation":0,"texture":"#2"},"west":{"uv":[13.0,15.3125,13.011719,15.339844],"tintindex":0,"rotation":0,"texture":"#2"},"up":{"uv":[15.457031,4.4492188,15.4375,4.4375],"tintindex":0,"rotation":0,"texture":"#2"},"down":{"uv":[4.5195312,15.4375,4.5,15.449219],"tintindex":0,"rotation":0,"texture":"#2"}}},{"from":[7.5828123,7.4505644,-2.140625],"to":[8.426562,8.557985,-1.296875],"faces":{"east":{"uv":[13.5625,14.625,13.6171875,14.6953125],"tintindex":0,"rotation":0,"texture":"#2"},"south":{"uv":[13.625,14.625,13.6796875,14.6953125],"tintindex":0,"rotation":0,"texture":"#2"},"north":{"uv":[14.625,13.5,14.6796875,13.5703125],"tintindex":0,"rotation":0,"texture":"#2"},"west":{"uv":[14.625,13.625,14.6796875,13.6953125],"tintindex":0,"rotation":0,"texture":"#2"},"up":{"uv":[14.8046875,8.9296875,14.75,8.875],"tintindex":0,"rotation":0,"texture":"#2"},"down":{"uv":[8.9921875,14.75,8.9375,14.8046875],"tintindex":0,"rotation":0,"texture":"#2"}}},{"from":[7.424609,8.13611,-1.8769531],"to":[7.5828123,8.557985,-1.5605469],"faces":{"east":{"uv":[5.625,15.25,5.6445312,15.277344],"tintindex":0,"rotation":0,"texture":"#2"},"south":{"uv":[12.8125,15.3125,12.824219,15.339844],"tintindex":0,"rotation":0,"texture":"#2"},"north":{"uv":[15.3125,12.75,15.324219,12.777344],"tintindex":0,"rotation":0,"texture":"#2"},"west":{"uv":[15.25,5.625,15.269531,5.6523438],"tintindex":0,"rotation":0,"texture":"#2"},"up":{"uv":[15.449219,4.3320312,15.4375,4.3125],"tintindex":0,"rotation":0,"texture":"#2"},"down":{"uv":[4.3867188,15.4375,4.375,15.457031],"tintindex":0,"rotation":0,"texture":"#2"}}},{"from":[8.426562,7.4505644,-1.9296875],"to":[8.532031,8.13611,-1.5078125],"faces":{"east":{"uv":[1.0,15.0625,1.0273438,15.105469],"tintindex":0,"rotation":0,"texture":"#2"},"south":{"uv":[7.25,15.3125,7.2578125,15.355469],"tintindex":0,"rotation":0,"texture":"#2"},"north":{"uv":[15.3125,7.1875,15.3203125,7.2304688],"tintindex":0,"rotation":0,"texture":"#2"},"west":{"uv":[15.0625,1.0,15.089844,1.0429688],"tintindex":0,"rotation":0,"texture":"#2"},"up":{"uv":[15.4453125,8.027344,15.4375,8.0],"tintindex":0,"rotation":0,"texture":"#2"},"down":{"uv":[8.0703125,15.4375,8.0625,15.464844],"tintindex":0,"rotation":0,"texture":"#2"}}},{"from":[7.8517575,8.13611,-2.2988281],"to":[8.168163,8.557985,-2.140625],"faces":{"east":{"uv":[15.3125,12.875,15.324219,12.902344],"tintindex":0,"rotation":0,"texture":"#2"},"south":{"uv":[15.25,5.6875,15.269531,5.7148438],"tintindex":0,"rotation":0,"texture":"#2"},"north":{"uv":[5.6875,15.25,5.7070312,15.277344],"tintindex":0,"rotation":0,"texture":"#2"},"west":{"uv":[12.9375,15.3125,12.949219,15.339844],"tintindex":0,"rotation":0,"texture":"#2"},"up":{"uv":[15.457031,4.3867188,15.4375,4.375],"tintindex":0,"rotation":0,"texture":"#2"},"down":{"uv":[4.4570312,15.4375,4.4375,15.449219],"tintindex":0,"rotation":0,"texture":"#2"}}},{"from":[7.424609,7.4505644,-2.0351562],"to":[7.5828123,8.13611,-1.4023438],"faces":{"east":{"uv":[14.875,13.75,14.9140625,13.792969],"tintindex":0,"rotation":0,"texture":"#2"},"south":{"uv":[15.25,9.375,15.261719,9.417969],"tintindex":0,"rotation":0,"texture":"#2"},"north":{"uv":[9.375,15.25,9.386719,15.292969],"tintindex":0,"rotation":0,"texture":"#2"},"west":{"uv":[13.8125,14.875,13.8515625,14.917969],"tintindex":0,"rotation":0,"texture":"#2"},"up":{"uv":[15.324219,0.3515625,15.3125,0.3125],"tintindex":0,"rotation":0,"texture":"#2"},"down":{"uv":[0.38671875,15.3125,0.375,15.3515625],"tintindex":0,"rotation":0,"texture":"#2"}}}]}