{"textures":{"2":"modelengine:entity/pillars"},"elements":[{"from":[8.3199215,7.613015,-1.8769531],"to":[8.399023,8.127175,-1.5605469],"faces":{"east":{"uv":[0.125,15.25,0.14453125,15.28125],"tintindex":0,"rotation":0,"texture":"#2"},"south":{"uv":[14.875,15.4375,14.878906,15.46875],"tintindex":0,"rotation":0,"texture":"#2"},"north":{"uv":[15.4375,14.8125,15.441406,14.84375],"tintindex":0,"rotation":0,"texture":"#2"},"west":{"uv":[15.25,0.125,15.269531,0.15625],"tintindex":0,"rotation":0,"texture":"#2"},"up":{"uv":[5.3164062,15.519531,5.3125,15.5],"tintindex":0,"rotation":0,"texture":"#2"},"down":{"uv":[15.503906,5.3125,15.5,5.3320312],"tintindex":0,"rotation":0,"texture":"#2"}}},{"from":[8.3199215,8.127175,-1.7978516],"to":[8.399023,8.443582,-1.6396484],"faces":{"east":{"uv":[15.4375,2.25,15.449219,2.2695312],"tintindex":0,"rotation":0,"texture":"#2"},"south":{"uv":[15.5,5.375,15.503906,5.3945312],"tintindex":0,"rotation":0,"texture":"#2"},"north":{"uv":[5.375,15.5,5.3789062,15.519531],"tintindex":0,"rotation":0,"texture":"#2"},"west":{"uv":[2.3125,15.4375,2.3242188,15.457031],"tintindex":0,"rotation":0,"texture":"#2"},"up":{"uv":[7.6914062,15.511719,7.6875,15.5],"tintindex":0,"rotation":0,"texture":"#2"},"down":{"uv":[15.503906,7.6875,15.5,7.6992188],"tintindex":0,"rotation":0,"texture":"#2"}}},{"from":[7.766211,7.613015,-2.1538086],"to":[8.24082,8.127175,-2.0351562],"faces":{"east":{"uv":[10.1875,15.375,10.1953125,15.40625],"tintindex":0,"rotation":0,"texture":"#2"},"south":{"uv":[10.375,15.0625,10.40625,15.09375],"tintindex":0,"rotation":0,"texture":"#2"},"north":{"uv":[10.3125,15.0625,10.34375,15.09375],"tintindex":0,"rotation":0,"texture":"#2"},"west":{"uv":[15.375,10.1875,15.3828125,10.21875],"tintindex":0,"rotation":0,"texture":"#2"},"up":{"uv":[10.28125,15.3828125,10.25,15.375],"tintindex":0,"rotation":0,"texture":"#2"},"down":{"uv":[15.40625,10.25,15.375,10.2578125],"tintindex":0,"rotation":0,"texture":"#2"}}},{"from":[7.766211,7.613015,-1.4023438],"to":[8.24082,8.127175,-1.2836914],"faces":{"east":{"uv":[10.3125,15.375,10.3203125,15.40625],"tintindex":0,"rotation":0,"texture":"#2"},"south":{"uv":[15.0625,10.4375,15.09375,10.46875],"tintindex":0,"rotation":0,"texture":"#2"},"north":{"uv":[10.4375,15.0625,10.46875,15.09375],"tintindex":0,"rotation":0,"texture":"#2"},"west":{"uv":[15.375,10.3125,15.3828125,10.34375],"tintindex":0,"rotation":0,"texture":"#2"},"up":{"uv":[10.40625,15.3828125,10.375,15.375],"tintindex":0,"rotation":0,"texture":"#2"},"down":{"uv":[15.40625,10.375,15.375,10.3828125],"tintindex":0,"rotation":0,"texture":"#2"}}},{"from":[7.568457,8.127175,-1.8374023],"to":[7.6871095,8.443582,-1.6000977],"faces":{"east":{"uv":[2.1875,15.375,2.203125,15.394531],"tintindex":0,"rotation":0,"texture":"#2"},"south":{"uv":[9.8125,15.4375,9.8203125,15.457031],"tintindex":0,"rotation":0,"texture":"#2"},"north":{"uv":[15.4375,9.75,15.4453125,9.769531],"tintindex":0,"rotation":0,"texture":"#2"},"west":{"uv":[15.375,2.1875,15.390625,2.2070312],"tintindex":0,"rotation":0,"texture":"#2"},"up":{"uv":[15.4453125,14.765625,15.4375,14.75],"tintindex":0,"rotation":0,"texture":"#2"},"down":{"uv":[14.8203125,15.4375,14.8125,15.453125],"tintindex":0,"rotation":0,"texture":"#2"}}},{"from":[7.6871095,7.613015,-2.0351562],"to":[8.3199215,8.443582,-1.4023438],"faces":{"east":{"uv":[1.25,14.875,1.2890625,14.925781],"tintindex":0,"rotation":0,"texture":"#2"},"south":{"uv":[14.875,1.25,14.9140625,1.3007812],"tintindex":0,"rotation":0,"texture":"#2"},"north":{"uv":[14.875,1.1875,14.9140625,1.2382812],"tintindex":0,"rotation":0,"texture":"#2"},"west":{"uv":[1.3125,14.875,1.3515625,14.925781],"tintindex":0,"rotation":0,"texture":"#2"},"up":{"uv":[8.6015625,14.9765625,8.5625,14.9375],"tintindex":0,"rotation":0,"texture":"#2"},"down":{"uv":[14.9765625,8.5625,14.9375,8.6015625],"tintindex":0,"rotation":0,"texture":"#2"}}},{"from":[7.568457,7.613015,-1.9560547],"to":[7.6871095,8.127175,-1.4814453],"faces":{"east":{"uv":[15.0625,10.1875,15.09375,10.21875],"tintindex":0,"rotation":0,"texture":"#2"},"south":{"uv":[15.375,10.0625,15.3828125,10.09375],"tintindex":0,"rotation":0,"texture":"#2"},"north":{"uv":[10.0625,15.375,10.0703125,15.40625],"tintindex":0,"rotation":0,"texture":"#2"},"west":{"uv":[10.25,15.0625,10.28125,15.09375],"tintindex":0,"rotation":0,"texture":"#2"},"up":{"uv":[10.1328125,15.40625,10.125,15.375],"tintindex":0,"rotation":0,"texture":"#2"},"down":{"uv":[15.3828125,10.125,15.375,10.15625],"tintindex":0,"rotation":0,"texture":"#2"}}},{"from":[7.8888183,8.127175,-1.4023438],"to":[8.126123,8.443582,-1.2836914],"faces":{"east":{"uv":[15.4375,9.875,15.4453125,9.894531],"tintindex":0,"rotation":0,"texture":"#2"},"south":{"uv":[15.375,2.3125,15.390625,2.3320312],"tintindex":0,"rotation":0,"texture":"#2"},"north":{"uv":[2.3125,15.375,2.328125,15.394531],"tintindex":0,"rotation":0,"texture":"#2"},"west":{"uv":[9.9375,15.4375,9.9453125,15.457031],"tintindex":0,"rotation":0,"texture":"#2"},"up":{"uv":[15.453125,14.9453125,15.4375,14.9375],"tintindex":0,"rotation":0,"texture":"#2"},"down":{"uv":[15.015625,15.4375,15.0,15.4453125],"tintindex":0,"rotation":0,"texture":"#2"}}},{"from":[7.8888183,8.127175,-2.1538086],"to":[8.126123,8.443582,-2.0351562],"faces":{"east":{"uv":[15.4375,9.8125,15.4453125,9.832031],"tintindex":0,"rotation":0,"texture":"#2"},"south":{"uv":[15.375,2.25,15.390625,2.2695312],"tintindex":0,"rotation":0,"texture":"#2"},"north":{"uv":[2.25,15.375,2.265625,15.394531],"tintindex":0,"rotation":0,"texture":"#2"},"west":{"uv":[9.875,15.4375,9.8828125,15.457031],"tintindex":0,"rotation":0,"texture":"#2"},"up":{"uv":[15.453125,14.8828125,15.4375,14.875],"tintindex":0,"rotation":0,"texture":"#2"},"down":{"uv":[14.953125,15.4375,14.9375,15.4453125],"tintindex":0,"rotation":0,"texture":"#2"}}}]}