{"textures":{"2":"modelengine:entity/pillars"},"elements":[{"from":[7.445833,7.0118275,-2.75],"to":[8.570833,8.230577,-2.46875],"faces":{"east":{"uv":[9.3125,14.9375,9.332031,15.015625],"tintindex":0,"rotation":0,"texture":"#2"},"south":{"uv":[14.375,12.6875,14.4453125,12.765625],"tintindex":0,"rotation":0,"texture":"#2"},"north":{"uv":[14.375,12.5625,14.4453125,12.640625],"tintindex":0,"rotation":0,"texture":"#2"},"west":{"uv":[9.375,14.9375,9.394531,15.015625],"tintindex":0,"rotation":0,"texture":"#2"},"up":{"uv":[15.0703125,8.394531,15.0,8.375],"tintindex":0,"rotation":0,"texture":"#2"},"down":{"uv":[15.0703125,8.4375,15.0,8.457031],"tintindex":0,"rotation":0,"texture":"#2"}}},{"from":[7.258333,7.0118275,-2.46875],"to":[8.758333,8.980577,-0.96875],"faces":{"east":{"uv":[12.8125,13.9375,12.90625,14.0625],"tintindex":0,"rotation":0,"texture":"#2"},"south":{"uv":[13.9375,12.9375,14.03125,13.0625],"tintindex":0,"rotation":0,"texture":"#2"},"north":{"uv":[12.6875,13.9375,12.78125,14.0625],"tintindex":0,"rotation":0,"texture":"#2"},"west":{"uv":[13.0625,13.9375,13.15625,14.0625],"tintindex":0,"rotation":0,"texture":"#2"},"up":{"uv":[14.15625,11.78125,14.0625,11.6875],"tintindex":0,"rotation":0,"texture":"#2"},"down":{"uv":[14.15625,11.8125,14.0625,11.90625],"tintindex":0,"rotation":0,"texture":"#2"}}},{"from":[8.758333,8.230577,-1.90625],"to":[8.945833,8.980577,-1.53125],"faces":{"east":{"uv":[3.0625,15.0625,3.0859375,15.109375],"tintindex":0,"rotation":0,"texture":"#2"},"south":{"uv":[15.25,1.8125,15.261719,1.859375],"tintindex":0,"rotation":0,"texture":"#2"},"north":{"uv":[1.8125,15.25,1.8242188,15.296875],"tintindex":0,"rotation":0,"texture":"#2"},"west":{"uv":[15.0625,3.0625,15.0859375,3.109375],"tintindex":0,"rotation":0,"texture":"#2"},"up":{"uv":[6.4492188,15.3984375,6.4375,15.375],"tintindex":0,"rotation":0,"texture":"#2"},"down":{"uv":[15.386719,6.4375,15.375,6.4609375],"tintindex":0,"rotation":0,"texture":"#2"}}},{"from":[6.977083,7.0118275,-2.28125],"to":[7.258333,8.230577,-1.15625],"faces":{"east":{"uv":[14.375,11.125,14.4453125,11.203125],"tintindex":0,"rotation":0,"texture":"#2"},"south":{"uv":[14.9375,9.25,14.957031,9.328125],"tintindex":0,"rotation":0,"texture":"#2"},"north":{"uv":[9.25,14.9375,9.269531,15.015625],"tintindex":0,"rotation":0,"texture":"#2"},"west":{"uv":[11.4375,14.375,11.5078125,14.453125],"tintindex":0,"rotation":0,"texture":"#2"},"up":{"uv":[8.269531,15.0703125,8.25,15.0],"tintindex":0,"rotation":0,"texture":"#2"},"down":{"uv":[15.019531,8.25,15.0,8.3203125],"tintindex":0,"rotation":0,"texture":"#2"}}},{"from":[6.977083,8.230577,-2.0],"to":[7.258333,8.980577,-1.4375],"faces":{"east":{"uv":[1.5,14.9375,1.5351562,14.984375],"tintindex":0,"rotation":0,"texture":"#2"},"south":{"uv":[6.0,15.125,6.0195312,15.171875],"tintindex":0,"rotation":0,"texture":"#2"},"north":{"uv":[15.125,5.9375,15.144531,5.984375],"tintindex":0,"rotation":0,"texture":"#2"},"west":{"uv":[14.9375,1.5,14.972656,1.546875],"tintindex":0,"rotation":0,"texture":"#2"},"up":{"uv":[1.8945312,15.222656,1.875,15.1875],"tintindex":0,"rotation":0,"texture":"#2"},"down":{"uv":[15.207031,1.875,15.1875,1.9101562],"tintindex":0,"rotation":0,"texture":"#2"}}},{"from":[7.445833,7.0118275,-0.96875],"to":[8.570833,8.230577,-0.6875],"faces":{"east":{"uv":[14.9375,9.375,14.957031,9.453125],"tintindex":0,"rotation":0,"texture":"#2"},"south":{"uv":[14.375,12.9375,14.4453125,13.015625],"tintindex":0,"rotation":0,"texture":"#2"},"north":{"uv":[14.375,12.8125,14.4453125,12.890625],"tintindex":0,"rotation":0,"texture":"#2"},"west":{"uv":[9.4375,14.9375,9.457031,15.015625],"tintindex":0,"rotation":0,"texture":"#2"},"up":{"uv":[15.0703125,8.519531,15.0,8.5],"tintindex":0,"rotation":0,"texture":"#2"},"down":{"uv":[15.0703125,8.5625,15.0,8.582031],"tintindex":0,"rotation":0,"texture":"#2"}}},{"from":[7.7364583,8.230577,-2.75],"to":[8.298958,8.980577,-2.46875],"faces":{"east":{"uv":[6.125,15.125,6.1445312,15.171875],"tintindex":0,"rotation":0,"texture":"#2"},"south":{"uv":[14.9375,1.5625,14.972656,1.609375],"tintindex":0,"rotation":0,"texture":"#2"},"north":{"uv":[1.5625,14.9375,1.5976562,14.984375],"tintindex":0,"rotation":0,"texture":"#2"},"west":{"uv":[15.125,6.125,15.144531,6.171875],"tintindex":0,"rotation":0,"texture":"#2"},"up":{"uv":[1.9726562,15.207031,1.9375,15.1875],"tintindex":0,"rotation":0,"texture":"#2"},"down":{"uv":[15.222656,1.9375,15.1875,1.9570312],"tintindex":0,"rotation":0,"texture":"#2"}}},{"from":[8.758333,7.0118275,-2.09375],"to":[8.945833,8.230577,-1.34375],"faces":{"east":{"uv":[14.6875,0.875,14.734375,0.953125],"tintindex":0,"rotation":0,"texture":"#2"},"south":{"uv":[6.0625,15.125,6.0742188,15.203125],"tintindex":0,"rotation":0,"texture":"#2"},"north":{"uv":[15.125,6.0,15.136719,6.078125],"tintindex":0,"rotation":0,"texture":"#2"},"west":{"uv":[1.0,14.6875,1.046875,14.765625],"tintindex":0,"rotation":0,"texture":"#2"},"up":{"uv":[1.7617188,15.296875,1.75,15.25],"tintindex":0,"rotation":0,"texture":"#2"},"down":{"uv":[15.261719,1.75,15.25,1.796875],"tintindex":0,"rotation":0,"texture":"#2"}}},{"from":[7.7364583,8.230577,-0.96875],"to":[8.298958,8.980577,-0.6875],"faces":{"east":{"uv":[6.1875,15.125,6.2070312,15.171875],"tintindex":0,"rotation":0,"texture":"#2"},"south":{"uv":[14.9375,1.625,14.972656,1.671875],"tintindex":0,"rotation":0,"texture":"#2"},"north":{"uv":[1.625,14.9375,1.6601562,14.984375],"tintindex":0,"rotation":0,"texture":"#2"},"west":{"uv":[15.125,6.1875,15.144531,6.234375],"tintindex":0,"rotation":0,"texture":"#2"},"up":{"uv":[2.0351562,15.207031,2.0,15.1875],"tintindex":0,"rotation":0,"texture":"#2"},"down":{"uv":[15.222656,2.0,15.1875,2.0195312],"tintindex":0,"rotation":0,"texture":"#2"}}}]}