{"textures":{"2":"modelengine:entity/pillars"},"elements":[{"from":[8.853125,8.111631,6.1515627],"to":[9.064062,8.955381,6.5734377],"faces":{"east":{"uv":[1.75,15.0,1.7773438,15.0546875],"tintindex":0,"rotation":0,"texture":"#2"},"south":{"uv":[10.125,15.1875,10.136719,15.2421875],"tintindex":0,"rotation":0,"texture":"#2"},"north":{"uv":[15.1875,10.0625,15.199219,10.1171875],"tintindex":0,"rotation":0,"texture":"#2"},"west":{"uv":[15.0,1.75,15.027344,1.8046875],"tintindex":0,"rotation":0,"texture":"#2"},"up":{"uv":[15.324219,8.277344,15.3125,8.25],"tintindex":0,"rotation":0,"texture":"#2"},"down":{"uv":[8.324219,15.3125,8.3125,15.339844],"tintindex":0,"rotation":0,"texture":"#2"}}},{"from":[7.376563,6.740538,5.202344],"to":[8.642187,8.111631,5.51875],"faces":{"east":{"uv":[11.5,14.875,11.519531,14.9609375],"tintindex":0,"rotation":0,"texture":"#2"},"south":{"uv":[14.1875,12.9375,14.265625,13.0234375],"tintindex":0,"rotation":0,"texture":"#2"},"north":{"uv":[12.75,14.1875,12.828125,14.2734375],"tintindex":0,"rotation":0,"texture":"#2"},"west":{"uv":[14.875,11.5,14.894531,11.5859375],"tintindex":0,"rotation":0,"texture":"#2"},"up":{"uv":[15.015625,6.7695312,14.9375,6.75],"tintindex":0,"rotation":0,"texture":"#2"},"down":{"uv":[15.015625,6.8125,14.9375,6.8320312],"tintindex":0,"rotation":0,"texture":"#2"}}},{"from":[7.703516,8.111631,7.20625],"to":[8.3363285,8.955381,7.5226564],"faces":{"east":{"uv":[15.0625,5.9375,15.082031,5.9921875],"tintindex":0,"rotation":0,"texture":"#2"},"south":{"uv":[14.8125,13.0,14.8515625,13.0546875],"tintindex":0,"rotation":0,"texture":"#2"},"north":{"uv":[13.0,14.8125,13.0390625,14.8671875],"tintindex":0,"rotation":0,"texture":"#2"},"west":{"uv":[15.0625,6.0,15.082031,6.0546875],"tintindex":0,"rotation":0,"texture":"#2"},"up":{"uv":[15.1640625,12.519531,15.125,12.5],"tintindex":0,"rotation":0,"texture":"#2"},"down":{"uv":[12.6015625,15.125,12.5625,15.144531],"tintindex":0,"rotation":0,"texture":"#2"}}},{"from":[8.853125,6.740538,5.940625],"to":[9.064062,8.111631,6.784375],"faces":{"east":{"uv":[5.9375,14.5625,5.9921875,14.6484375],"tintindex":0,"rotation":0,"texture":"#2"},"south":{"uv":[7.625,15.0625,7.6367188,15.1484375],"tintindex":0,"rotation":0,"texture":"#2"},"north":{"uv":[7.5625,15.0625,7.5742188,15.1484375],"tintindex":0,"rotation":0,"texture":"#2"},"west":{"uv":[14.5625,5.9375,14.6171875,6.0234375],"tintindex":0,"rotation":0,"texture":"#2"},"up":{"uv":[15.199219,10.0546875,15.1875,10.0],"tintindex":0,"rotation":0,"texture":"#2"},"down":{"uv":[10.074219,15.1875,10.0625,15.2421875],"tintindex":0,"rotation":0,"texture":"#2"}}},{"from":[6.8492193,8.111631,6.046094],"to":[7.1656256,8.955381,6.6789064],"faces":{"east":{"uv":[12.8125,14.8125,12.8515625,14.8671875],"tintindex":0,"rotation":0,"texture":"#2"},"south":{"uv":[15.0625,5.75,15.082031,5.8046875],"tintindex":0,"rotation":0,"texture":"#2"},"north":{"uv":[5.75,15.0625,5.7695312,15.1171875],"tintindex":0,"rotation":0,"texture":"#2"},"west":{"uv":[14.8125,12.8125,14.8515625,12.8671875],"tintindex":0,"rotation":0,"texture":"#2"},"up":{"uv":[15.144531,12.4140625,15.125,12.375],"tintindex":0,"rotation":0,"texture":"#2"},"down":{"uv":[12.457031,15.125,12.4375,15.1640625],"tintindex":0,"rotation":0,"texture":"#2"}}},{"from":[7.703516,8.111631,5.202344],"to":[8.3363285,8.955381,5.51875],"faces":{"east":{"uv":[15.0625,5.8125,15.082031,5.8671875],"tintindex":0,"rotation":0,"texture":"#2"},"south":{"uv":[12.9375,14.8125,12.9765625,14.8671875],"tintindex":0,"rotation":0,"texture":"#2"},"north":{"uv":[12.875,14.8125,12.9140625,14.8671875],"tintindex":0,"rotation":0,"texture":"#2"},"west":{"uv":[15.0625,5.875,15.082031,5.9296875],"tintindex":0,"rotation":0,"texture":"#2"},"up":{"uv":[15.1640625,12.457031,15.125,12.4375],"tintindex":0,"rotation":0,"texture":"#2"},"down":{"uv":[12.5390625,15.125,12.5,15.144531],"tintindex":0,"rotation":0,"texture":"#2"}}},{"from":[6.8492193,6.740538,5.7296877],"to":[7.1656256,8.111631,6.9953127],"faces":{"east":{"uv":[12.625,14.1875,12.703125,14.2734375],"tintindex":0,"rotation":0,"texture":"#2"},"south":{"uv":[11.4375,14.875,11.457031,14.9609375],"tintindex":0,"rotation":0,"texture":"#2"},"north":{"uv":[14.875,11.375,14.894531,11.4609375],"tintindex":0,"rotation":0,"texture":"#2"},"west":{"uv":[14.1875,12.6875,14.265625,12.7734375],"tintindex":0,"rotation":0,"texture":"#2"},"up":{"uv":[6.4570312,15.015625,6.4375,14.9375],"tintindex":0,"rotation":0,"texture":"#2"},"down":{"uv":[14.957031,6.625,14.9375,6.703125],"tintindex":0,"rotation":0,"texture":"#2"}}},{"from":[7.1656256,6.740538,5.51875],"to":[8.853125,8.955381,7.20625],"faces":{"east":{"uv":[13.6875,5.5625,13.792969,5.6992188],"tintindex":0,"rotation":0,"texture":"#2"},"south":{"uv":[13.6875,5.75,13.792969,5.8867188],"tintindex":0,"rotation":0,"texture":"#2"},"north":{"uv":[13.6875,5.375,13.792969,5.5117188],"tintindex":0,"rotation":0,"texture":"#2"},"west":{"uv":[13.6875,5.9375,13.792969,6.0742188],"tintindex":0,"rotation":0,"texture":"#2"},"up":{"uv":[14.105469,13.542969,14.0,13.4375],"tintindex":0,"rotation":0,"texture":"#2"},"down":{"uv":[13.605469,14.0,13.5,14.105469],"tintindex":0,"rotation":0,"texture":"#2"}}},{"from":[7.376563,6.740538,7.20625],"to":[8.642187,8.111631,7.5226564],"faces":{"east":{"uv":[11.5625,14.875,11.582031,14.9609375],"tintindex":0,"rotation":0,"texture":"#2"},"south":{"uv":[14.1875,13.0625,14.265625,13.1484375],"tintindex":0,"rotation":0,"texture":"#2"},"north":{"uv":[13.0625,14.1875,13.140625,14.2734375],"tintindex":0,"rotation":0,"texture":"#2"},"west":{"uv":[11.625,14.875,11.644531,14.9609375],"tintindex":0,"rotation":0,"texture":"#2"},"up":{"uv":[15.015625,6.8945312,14.9375,6.875],"tintindex":0,"rotation":0,"texture":"#2"},"down":{"uv":[15.015625,6.9375,14.9375,6.9570312],"tintindex":0,"rotation":0,"texture":"#2"}}}]}