{"textures":{"2":"modelengine:entity/pillars"},"elements":[{"from":[5.9541664,8.300564,5.8],"to":[6.5166664,9.800564,6.925],"faces":{"east":{"uv":[3.0625,14.3125,3.1328125,14.40625],"tintindex":0,"rotation":0,"texture":"#2"},"south":{"uv":[14.75,3.25,14.785156,3.34375],"tintindex":0,"rotation":0,"texture":"#2"},"north":{"uv":[3.25,14.75,3.2851562,14.84375],"tintindex":0,"rotation":0,"texture":"#2"},"west":{"uv":[14.3125,3.125,14.3828125,3.21875],"tintindex":0,"rotation":0,"texture":"#2"},"up":{"uv":[4.2851562,14.8828125,4.25,14.8125],"tintindex":0,"rotation":0,"texture":"#2"},"down":{"uv":[14.847656,4.25,14.8125,4.3203125],"tintindex":0,"rotation":0,"texture":"#2"}}},{"from":[7.4729166,8.300564,7.8625],"to":[8.597917,9.800564,8.425],"faces":{"east":{"uv":[14.75,3.375,14.785156,3.46875],"tintindex":0,"rotation":0,"texture":"#2"},"south":{"uv":[14.3125,3.375,14.3828125,3.46875],"tintindex":0,"rotation":0,"texture":"#2"},"north":{"uv":[3.3125,14.3125,3.3828125,14.40625],"tintindex":0,"rotation":0,"texture":"#2"},"west":{"uv":[3.4375,14.75,3.4726562,14.84375],"tintindex":0,"rotation":0,"texture":"#2"},"up":{"uv":[4.5078125,14.847656,4.4375,14.8125],"tintindex":0,"rotation":0,"texture":"#2"},"down":{"uv":[14.8828125,4.4375,14.8125,4.4726562],"tintindex":0,"rotation":0,"texture":"#2"}}},{"from":[6.8916664,5.8630643,7.8625],"to":[9.141666,8.300564,8.425],"faces":{"east":{"uv":[14.4375,11.9375,14.472656,12.089844],"tintindex":0,"rotation":0,"texture":"#2"},"south":{"uv":[13.3125,5.125,13.453125,5.2773438],"tintindex":0,"rotation":0,"texture":"#2"},"north":{"uv":[13.3125,4.9375,13.453125,5.0898438],"tintindex":0,"rotation":0,"texture":"#2"},"west":{"uv":[12.0,14.4375,12.035156,14.589844],"tintindex":0,"rotation":0,"texture":"#2"},"up":{"uv":[14.640625,11.660156,14.5,11.625],"tintindex":0,"rotation":0,"texture":"#2"},"down":{"uv":[14.640625,11.6875,14.5,11.722656],"tintindex":0,"rotation":0,"texture":"#2"}}},{"from":[6.5166664,5.8630643,4.8625],"to":[9.516666,9.800564,7.8625],"faces":{"east":{"uv":[12.125,4.0625,12.3125,4.3085938],"tintindex":0,"rotation":0,"texture":"#2"},"south":{"uv":[4.5625,12.125,4.75,12.371094],"tintindex":0,"rotation":0,"texture":"#2"},"north":{"uv":[1.0,12.125,1.1875,12.371094],"tintindex":0,"rotation":0,"texture":"#2"},"west":{"uv":[4.75,12.125,4.9375,12.371094],"tintindex":0,"rotation":0,"texture":"#2"},"up":{"uv":[12.875,7.25,12.6875,7.0625],"tintindex":0,"rotation":0,"texture":"#2"},"down":{"uv":[7.4375,12.6875,7.25,12.875],"tintindex":0,"rotation":0,"texture":"#2"}}},{"from":[7.4729166,8.300564,4.3],"to":[8.597917,9.800564,4.8625],"faces":{"east":{"uv":[3.3125,14.75,3.3476562,14.84375],"tintindex":0,"rotation":0,"texture":"#2"},"south":{"uv":[14.3125,3.25,14.3828125,3.34375],"tintindex":0,"rotation":0,"texture":"#2"},"north":{"uv":[3.1875,14.3125,3.2578125,14.40625],"tintindex":0,"rotation":0,"texture":"#2"},"west":{"uv":[3.375,14.75,3.4101562,14.84375],"tintindex":0,"rotation":0,"texture":"#2"},"up":{"uv":[4.3828125,14.847656,4.3125,14.8125],"tintindex":0,"rotation":0,"texture":"#2"},"down":{"uv":[14.8828125,4.375,14.8125,4.4101562],"tintindex":0,"rotation":0,"texture":"#2"}}},{"from":[9.516666,8.300564,5.9875],"to":[9.891666,9.800564,6.7375],"faces":{"east":{"uv":[3.75,14.625,3.796875,14.71875],"tintindex":0,"rotation":0,"texture":"#2"},"south":{"uv":[14.8125,10.875,14.8359375,10.96875],"tintindex":0,"rotation":0,"texture":"#2"},"north":{"uv":[10.875,14.8125,10.8984375,14.90625],"tintindex":0,"rotation":0,"texture":"#2"},"west":{"uv":[14.625,3.8125,14.671875,3.90625],"tintindex":0,"rotation":0,"texture":"#2"},"up":{"uv":[2.7734375,15.109375,2.75,15.0625],"tintindex":0,"rotation":0,"texture":"#2"},"down":{"uv":[15.0859375,2.75,15.0625,2.796875],"tintindex":0,"rotation":0,"texture":"#2"}}},{"from":[6.8916664,5.8630643,4.3],"to":[9.141666,8.300564,4.8625],"faces":{"east":{"uv":[11.875,14.4375,11.910156,14.589844],"tintindex":0,"rotation":0,"texture":"#2"},"south":{"uv":[13.3125,4.75,13.453125,4.9023438],"tintindex":0,"rotation":0,"texture":"#2"},"north":{"uv":[13.3125,4.5625,13.453125,4.7148438],"tintindex":0,"rotation":0,"texture":"#2"},"west":{"uv":[11.9375,14.4375,11.972656,14.589844],"tintindex":0,"rotation":0,"texture":"#2"},"up":{"uv":[14.640625,11.535156,14.5,11.5],"tintindex":0,"rotation":0,"texture":"#2"},"down":{"uv":[14.640625,11.5625,14.5,11.597656],"tintindex":0,"rotation":0,"texture":"#2"}}},{"from":[5.9541664,5.8630643,5.2375],"to":[6.5166664,8.300564,7.4875],"faces":{"east":{"uv":[13.3125,4.1875,13.453125,4.3398438],"tintindex":0,"rotation":0,"texture":"#2"},"south":{"uv":[11.8125,14.4375,11.847656,14.589844],"tintindex":0,"rotation":0,"texture":"#2"},"north":{"uv":[14.4375,11.75,14.472656,11.902344],"tintindex":0,"rotation":0,"texture":"#2"},"west":{"uv":[13.3125,4.375,13.453125,4.5273438],"tintindex":0,"rotation":0,"texture":"#2"},"up":{"uv":[14.535156,11.265625,14.5,11.125],"tintindex":0,"rotation":0,"texture":"#2"},"down":{"uv":[14.535156,11.3125,14.5,11.453125],"tintindex":0,"rotation":0,"texture":"#2"}}},{"from":[9.516666,5.8630643,5.6125],"to":[9.891666,8.300564,7.1125],"faces":{"east":{"uv":[13.6875,10.3125,13.78125,10.464844],"tintindex":0,"rotation":0,"texture":"#2"},"south":{"uv":[5.5625,14.6875,5.5859375,14.839844],"tintindex":0,"rotation":0,"texture":"#2"},"north":{"uv":[5.5,14.6875,5.5234375,14.839844],"tintindex":0,"rotation":0,"texture":"#2"},"west":{"uv":[13.6875,10.5,13.78125,10.652344],"tintindex":0,"rotation":0,"texture":"#2"},"up":{"uv":[14.8359375,10.84375,14.8125,10.75],"tintindex":0,"rotation":0,"texture":"#2"},"down":{"uv":[10.8359375,14.8125,10.8125,14.90625],"tintindex":0,"rotation":0,"texture":"#2"}}}]}