{"textures":{"2":"modelengine:entity/pillars"},"elements":[{"from":[5.314844,8.046354,-3.3882809],"to":[6.053125,10.015104,-1.9117184],"faces":{"east":{"uv":[13.875,12.8125,13.96875,12.9375],"tintindex":0,"rotation":0,"texture":"#2"},"south":{"uv":[1.3125,14.375,1.359375,14.5],"tintindex":0,"rotation":0,"texture":"#2"},"north":{"uv":[1.1875,14.375,1.234375,14.5],"tintindex":0,"rotation":0,"texture":"#2"},"west":{"uv":[12.9375,13.875,13.03125,14.0],"tintindex":0,"rotation":0,"texture":"#2"},"up":{"uv":[6.234375,14.65625,6.1875,14.5625],"tintindex":0,"rotation":0,"texture":"#2"},"down":{"uv":[14.609375,6.1875,14.5625,6.28125],"tintindex":0,"rotation":0,"texture":"#2"}}},{"from":[6.053125,4.8471355,-4.6187496],"to":[9.990625,10.015104,-0.6812496],"faces":{"east":{"uv":[11.125,4.25,11.371094,4.5742188],"tintindex":0,"rotation":0,"texture":"#2"},"south":{"uv":[4.875,11.125,5.1210938,11.449219],"tintindex":0,"rotation":0,"texture":"#2"},"north":{"uv":[11.0625,5.4375,11.308594,5.7617188],"tintindex":0,"rotation":0,"texture":"#2"},"west":{"uv":[11.125,5.8125,11.371094,6.1367188],"tintindex":0,"rotation":0,"texture":"#2"},"up":{"uv":[12.058594,4.6835938,11.8125,4.4375],"tintindex":0,"rotation":0,"texture":"#2"},"down":{"uv":[5.3710938,11.8125,5.125,12.058594],"tintindex":0,"rotation":0,"texture":"#2"}}},{"from":[7.308203,8.046354,-0.6812496],"to":[8.784765,10.015104,0.05703163],"faces":{"east":{"uv":[1.4375,14.375,1.484375,14.5],"tintindex":0,"rotation":0,"texture":"#2"},"south":{"uv":[13.875,13.5,13.96875,13.625],"tintindex":0,"rotation":0,"texture":"#2"},"north":{"uv":[13.5,13.875,13.59375,14.0],"tintindex":0,"rotation":0,"texture":"#2"},"west":{"uv":[1.5625,14.375,1.609375,14.5],"tintindex":0,"rotation":0,"texture":"#2"},"up":{"uv":[14.28125,4.046875,14.1875,4.0],"tintindex":0,"rotation":0,"texture":"#2"},"down":{"uv":[14.28125,4.25,14.1875,4.296875],"tintindex":0,"rotation":0,"texture":"#2"}}},{"from":[6.5453124,4.8471355,-0.6812496],"to":[9.498438,8.046354,0.05703163],"faces":{"east":{"uv":[7.25,14.0625,7.296875,14.261719],"tintindex":0,"rotation":0,"texture":"#2"},"south":{"uv":[12.4375,4.3125,12.621094,4.5117188],"tintindex":0,"rotation":0,"texture":"#2"},"north":{"uv":[4.125,12.4375,4.3085938,12.636719],"tintindex":0,"rotation":0,"texture":"#2"},"west":{"uv":[7.3125,14.0625,7.359375,14.261719],"tintindex":0,"rotation":0,"texture":"#2"},"up":{"uv":[14.308594,0.921875,14.125,0.875],"tintindex":0,"rotation":0,"texture":"#2"},"down":{"uv":[14.308594,0.9375,14.125,0.984375],"tintindex":0,"rotation":0,"texture":"#2"}}},{"from":[5.314844,4.8471355,-4.126562],"to":[6.053125,8.046354,-1.1734371],"faces":{"east":{"uv":[12.4375,3.5,12.621094,3.6992188],"tintindex":0,"rotation":0,"texture":"#2"},"south":{"uv":[6.875,14.0625,6.921875,14.261719],"tintindex":0,"rotation":0,"texture":"#2"},"north":{"uv":[6.8125,14.0625,6.859375,14.261719],"tintindex":0,"rotation":0,"texture":"#2"},"west":{"uv":[3.5625,12.4375,3.7460938,12.636719],"tintindex":0,"rotation":0,"texture":"#2"},"up":{"uv":[11.484375,14.246094,11.4375,14.0625],"tintindex":0,"rotation":0,"texture":"#2"},"down":{"uv":[0.859375,14.125,0.8125,14.308594],"tintindex":0,"rotation":0,"texture":"#2"}}},{"from":[7.308203,8.046354,-5.357031],"to":[8.784765,10.015104,-4.6187496],"faces":{"east":{"uv":[1.375,14.375,1.421875,14.5],"tintindex":0,"rotation":0,"texture":"#2"},"south":{"uv":[13.375,13.875,13.46875,14.0],"tintindex":0,"rotation":0,"texture":"#2"},"north":{"uv":[13.25,13.875,13.34375,14.0],"tintindex":0,"rotation":0,"texture":"#2"},"west":{"uv":[14.375,1.375,14.421875,1.5],"tintindex":0,"rotation":0,"texture":"#2"},"up":{"uv":[14.28125,3.234375,14.1875,3.1875],"tintindex":0,"rotation":0,"texture":"#2"},"down":{"uv":[14.28125,3.5,14.1875,3.546875],"tintindex":0,"rotation":0,"texture":"#2"}}},{"from":[9.990625,4.8471355,-3.6343746],"to":[10.482813,8.046354,-1.6656246],"faces":{"east":{"uv":[13.1875,2.4375,13.3125,2.6367188],"tintindex":0,"rotation":0,"texture":"#2"},"south":{"uv":[4.4375,14.3125,4.46875,14.511719],"tintindex":0,"rotation":0,"texture":"#2"},"north":{"uv":[2.3125,14.3125,2.34375,14.511719],"tintindex":0,"rotation":0,"texture":"#2"},"west":{"uv":[13.1875,2.6875,13.3125,2.8867188],"tintindex":0,"rotation":0,"texture":"#2"},"up":{"uv":[3.90625,14.75,3.875,14.625],"tintindex":0,"rotation":0,"texture":"#2"},"down":{"uv":[3.96875,14.625,3.9375,14.75],"tintindex":0,"rotation":0,"texture":"#2"}}},{"from":[9.990625,8.046354,-3.142187],"to":[10.482813,10.015104,-2.157812],"faces":{"east":{"uv":[6.9375,1.5,7.0,1.625],"tintindex":0,"rotation":0,"texture":"#2"},"south":{"uv":[4.0625,14.625,4.09375,14.75],"tintindex":0,"rotation":0,"texture":"#2"},"north":{"uv":[4.0,14.625,4.03125,14.75],"tintindex":0,"rotation":0,"texture":"#2"},"west":{"uv":[9.625,9.875,9.6875,10.0],"tintindex":0,"rotation":0,"texture":"#2"},"up":{"uv":[4.40625,14.9375,4.375,14.875],"tintindex":0,"rotation":0,"texture":"#2"},"down":{"uv":[4.46875,14.875,4.4375,14.9375],"tintindex":0,"rotation":0,"texture":"#2"}}},{"from":[6.5453124,4.8471355,-5.357031],"to":[9.498438,8.046354,-4.6187496],"faces":{"east":{"uv":[14.0625,6.875,14.109375,7.0742188],"tintindex":0,"rotation":0,"texture":"#2"},"south":{"uv":[3.9375,12.4375,4.1210938,12.636719],"tintindex":0,"rotation":0,"texture":"#2"},"north":{"uv":[3.75,12.4375,3.9335938,12.636719],"tintindex":0,"rotation":0,"texture":"#2"},"west":{"uv":[7.1875,14.0625,7.234375,14.261719],"tintindex":0,"rotation":0,"texture":"#2"},"up":{"uv":[14.246094,10.109375,14.0625,10.0625],"tintindex":0,"rotation":0,"texture":"#2"},"down":{"uv":[14.246094,11.25,14.0625,11.296875],"tintindex":0,"rotation":0,"texture":"#2"}}}]}