{"textures":{"2":"modelengine:entity/pillars"},"elements":[{"from":[7.232813,7.2839622,-2.140625],"to":[7.4437504,8.198025,-1.296875],"faces":{"east":{"uv":[13.0625,1.8125,13.1171875,1.8710938],"tintindex":0,"rotation":0,"texture":"#2"},"south":{"uv":[15.1875,0.3125,15.199219,0.37109375],"tintindex":0,"rotation":0,"texture":"#2"},"north":{"uv":[0.3125,15.1875,0.32421875,15.246094],"tintindex":0,"rotation":0,"texture":"#2"},"west":{"uv":[13.125,2.1875,13.1796875,2.2460938],"tintindex":0,"rotation":0,"texture":"#2"},"up":{"uv":[10.511719,15.2421875,10.5,15.1875],"tintindex":0,"rotation":0,"texture":"#2"},"down":{"uv":[15.199219,10.5,15.1875,10.5546875],"tintindex":0,"rotation":0,"texture":"#2"}}},{"from":[7.5843754,7.2839622,-2.4921875],"to":[8.428125,8.198025,-2.28125],"faces":{"east":{"uv":[0.4375,15.1875,0.44921875,15.246094],"tintindex":0,"rotation":0,"texture":"#2"},"south":{"uv":[13.3125,1.4375,13.3671875,1.4960938],"tintindex":0,"rotation":0,"texture":"#2"},"north":{"uv":[13.25,1.75,13.3046875,1.8085938],"tintindex":0,"rotation":0,"texture":"#2"},"west":{"uv":[15.1875,0.4375,15.199219,0.49609375],"tintindex":0,"rotation":0,"texture":"#2"},"up":{"uv":[15.2421875,10.574219,15.1875,10.5625],"tintindex":0,"rotation":0,"texture":"#2"},"down":{"uv":[10.6796875,15.1875,10.625,15.199219],"tintindex":0,"rotation":0,"texture":"#2"}}},{"from":[7.802344,8.198025,-2.4921875],"to":[8.224218,8.760525,-2.28125],"faces":{"east":{"uv":[15.3125,3.0625,15.324219,3.0976562],"tintindex":0,"rotation":0,"texture":"#2"},"south":{"uv":[0.25,15.125,0.27734375,15.160156],"tintindex":0,"rotation":0,"texture":"#2"},"north":{"uv":[15.125,0.1875,15.152344,0.22265625],"tintindex":0,"rotation":0,"texture":"#2"},"west":{"uv":[3.125,15.3125,3.1367188,15.347656],"tintindex":0,"rotation":0,"texture":"#2"},"up":{"uv":[15.339844,9.136719,15.3125,9.125],"tintindex":0,"rotation":0,"texture":"#2"},"down":{"uv":[9.214844,15.3125,9.1875,15.324219],"tintindex":0,"rotation":0,"texture":"#2"}}},{"from":[7.5843754,7.2839622,-1.15625],"to":[8.428125,8.198025,-0.9453125],"faces":{"east":{"uv":[0.5,15.1875,0.51171875,15.246094],"tintindex":0,"rotation":0,"texture":"#2"},"south":{"uv":[13.375,6.125,13.4296875,6.1835938],"tintindex":0,"rotation":0,"texture":"#2"},"north":{"uv":[9.9375,13.3125,9.9921875,13.371094],"tintindex":0,"rotation":0,"texture":"#2"},"west":{"uv":[15.1875,0.5,15.199219,0.55859375],"tintindex":0,"rotation":0,"texture":"#2"},"up":{"uv":[15.2421875,10.636719,15.1875,10.625],"tintindex":0,"rotation":0,"texture":"#2"},"down":{"uv":[10.7421875,15.1875,10.6875,15.199219],"tintindex":0,"rotation":0,"texture":"#2"}}},{"from":[7.802344,8.198025,-1.15625],"to":[8.224218,8.760525,-0.9453125],"faces":{"east":{"uv":[15.3125,3.125,15.324219,3.1601562],"tintindex":0,"rotation":0,"texture":"#2"},"south":{"uv":[0.3125,15.125,0.33984375,15.160156],"tintindex":0,"rotation":0,"texture":"#2"},"north":{"uv":[15.125,0.25,15.152344,0.28515625],"tintindex":0,"rotation":0,"texture":"#2"},"west":{"uv":[3.1875,15.3125,3.1992188,15.347656],"tintindex":0,"rotation":0,"texture":"#2"},"up":{"uv":[15.339844,9.199219,15.3125,9.1875],"tintindex":0,"rotation":0,"texture":"#2"},"down":{"uv":[9.277344,15.3125,9.25,15.324219],"tintindex":0,"rotation":0,"texture":"#2"}}},{"from":[7.232813,8.198025,-1.9296875],"to":[7.4437504,8.760525,-1.5078125],"faces":{"east":{"uv":[15.125,0.125,15.152344,0.16015625],"tintindex":0,"rotation":0,"texture":"#2"},"south":{"uv":[3.0625,15.3125,3.0742188,15.347656],"tintindex":0,"rotation":0,"texture":"#2"},"north":{"uv":[15.3125,3.0,15.324219,3.0351562],"tintindex":0,"rotation":0,"texture":"#2"},"west":{"uv":[0.1875,15.125,0.21484375,15.160156],"tintindex":0,"rotation":0,"texture":"#2"},"up":{"uv":[15.324219,9.089844,15.3125,9.0625],"tintindex":0,"rotation":0,"texture":"#2"},"down":{"uv":[9.136719,15.3125,9.125,15.339844],"tintindex":0,"rotation":0,"texture":"#2"}}},{"from":[8.56875,7.2839622,-2.0],"to":[8.709375,8.198025,-1.4375],"faces":{"east":{"uv":[13.5,14.8125,13.535156,14.871094],"tintindex":0,"rotation":0,"texture":"#2"},"south":{"uv":[15.25,13.5625,15.2578125,13.621094],"tintindex":0,"rotation":0,"texture":"#2"},"north":{"uv":[13.5625,15.25,13.5703125,15.308594],"tintindex":0,"rotation":0,"texture":"#2"},"west":{"uv":[13.5625,14.8125,13.597656,14.871094],"tintindex":0,"rotation":0,"texture":"#2"},"up":{"uv":[5.7578125,15.410156,5.75,15.375],"tintindex":0,"rotation":0,"texture":"#2"},"down":{"uv":[15.3828125,5.75,15.375,5.7851562],"tintindex":0,"rotation":0,"texture":"#2"}}},{"from":[7.4437504,7.2839622,-2.28125],"to":[8.56875,8.760525,-1.15625],"faces":{"east":{"uv":[14.3125,3.75,14.3828125,3.84375],"tintindex":0,"rotation":0,"texture":"#2"},"south":{"uv":[3.8125,14.3125,3.8828125,14.40625],"tintindex":0,"rotation":0,"texture":"#2"},"north":{"uv":[3.6875,14.3125,3.7578125,14.40625],"tintindex":0,"rotation":0,"texture":"#2"},"west":{"uv":[14.3125,3.875,14.3828125,3.96875],"tintindex":0,"rotation":0,"texture":"#2"},"up":{"uv":[14.5703125,11.9453125,14.5,11.875],"tintindex":0,"rotation":0,"texture":"#2"},"down":{"uv":[14.5703125,12.0,14.5,12.0703125],"tintindex":0,"rotation":0,"texture":"#2"}}},{"from":[8.56875,8.198025,-1.859375],"to":[8.709375,8.760525,-1.578125],"faces":{"east":{"uv":[0.375,15.1875,0.39453125,15.222656],"tintindex":0,"rotation":0,"texture":"#2"},"south":{"uv":[15.375,5.8125,15.3828125,5.8476562],"tintindex":0,"rotation":0,"texture":"#2"},"north":{"uv":[5.8125,15.375,5.8203125,15.410156],"tintindex":0,"rotation":0,"texture":"#2"},"west":{"uv":[15.1875,0.375,15.207031,0.41015625],"tintindex":0,"rotation":0,"texture":"#2"},"up":{"uv":[15.4453125,9.707031,15.4375,9.6875],"tintindex":0,"rotation":0,"texture":"#2"},"down":{"uv":[9.7578125,15.4375,9.75,15.457031],"tintindex":0,"rotation":0,"texture":"#2"}}}]}