{"textures":{"2":"modelengine:entity/pillars"},"elements":[{"from":[6.853347,8.566528,3.5130959],"to":[9.300749,11.829731,4.7367973],"faces":{"east":{"uv":[11.9375,13.625,12.015625,13.828125],"tintindex":0,"rotation":0,"texture":"#2"},"south":{"uv":[12.75,7.75,12.902344,7.953125],"tintindex":0,"rotation":0,"texture":"#2"},"north":{"uv":[12.75,7.5,12.902344,7.703125],"tintindex":0,"rotation":0,"texture":"#2"},"west":{"uv":[13.625,12.125,13.703125,12.328125],"tintindex":0,"rotation":0,"texture":"#2"},"up":{"uv":[14.027344,10.890625,13.875,10.8125],"tintindex":0,"rotation":0,"texture":"#2"},"down":{"uv":[14.027344,10.9375,13.875,11.015625],"tintindex":0,"rotation":0,"texture":"#2"}}},{"from":[5.5888557,3.2638245,11.263203],"to":[10.48366,8.566528,12.486904],"faces":{"east":{"uv":[13.0625,3.375,13.140625,3.7070312],"tintindex":0,"rotation":0,"texture":"#2"},"south":{"uv":[4.8125,10.75,5.1171875,11.082031],"tintindex":0,"rotation":0,"texture":"#2"},"north":{"uv":[4.5,10.75,4.8046875,11.082031],"tintindex":0,"rotation":0,"texture":"#2"},"west":{"uv":[13.0625,3.75,13.140625,4.0820312],"tintindex":0,"rotation":0,"texture":"#2"},"up":{"uv":[8.5546875,6.078125,8.25,6.0],"tintindex":0,"rotation":0,"texture":"#2"},"down":{"uv":[8.8671875,7.25,8.5625,7.328125],"tintindex":0,"rotation":0,"texture":"#2"}}},{"from":[6.853347,8.566528,11.263203],"to":[9.300749,11.829731,12.486904],"faces":{"east":{"uv":[12.375,13.625,12.453125,13.828125],"tintindex":0,"rotation":0,"texture":"#2"},"south":{"uv":[12.75,8.0,12.902344,8.203125],"tintindex":0,"rotation":0,"texture":"#2"},"north":{"uv":[8.0,12.75,8.152344,12.953125],"tintindex":0,"rotation":0,"texture":"#2"},"west":{"uv":[13.625,12.375,13.703125,12.578125],"tintindex":0,"rotation":0,"texture":"#2"},"up":{"uv":[14.027344,11.140625,13.875,11.0625],"tintindex":0,"rotation":0,"texture":"#2"},"down":{"uv":[14.027344,11.1875,13.875,11.265625],"tintindex":0,"rotation":0,"texture":"#2"}}},{"from":[11.299461,8.566528,7.1841965],"to":[12.115262,11.829731,8.8158],"faces":{"east":{"uv":[0.75,13.3125,0.8515625,13.515625],"tintindex":0,"rotation":0,"texture":"#2"},"south":{"uv":[13.8125,14.0,13.863281,14.203125],"tintindex":0,"rotation":0,"texture":"#2"},"north":{"uv":[13.75,14.0,13.800781,14.203125],"tintindex":0,"rotation":0,"texture":"#2"},"west":{"uv":[13.3125,6.1875,13.4140625,6.390625],"tintindex":0,"rotation":0,"texture":"#2"},"up":{"uv":[14.488281,14.1640625,14.4375,14.0625],"tintindex":0,"rotation":0,"texture":"#2"},"down":{"uv":[2.8632812,14.5,2.8125,14.6015625],"tintindex":0,"rotation":0,"texture":"#2"}}},{"from":[11.299461,3.2638245,6.3683968],"to":[12.115262,8.566528,9.631599],"faces":{"east":{"uv":[11.5,4.8125,11.703125,5.1445312],"tintindex":0,"rotation":0,"texture":"#2"},"south":{"uv":[1.0625,13.5625,1.1132812,13.894531],"tintindex":0,"rotation":0,"texture":"#2"},"north":{"uv":[13.25,13.5,13.300781,13.832031],"tintindex":0,"rotation":0,"texture":"#2"},"west":{"uv":[4.875,11.5,5.078125,11.832031],"tintindex":0,"rotation":0,"texture":"#2"},"up":{"uv":[11.988281,14.203125,11.9375,14.0],"tintindex":0,"rotation":0,"texture":"#2"},"down":{"uv":[14.050781,13.6875,14.0,13.890625],"tintindex":0,"rotation":0,"texture":"#2"}}},{"from":[4.7730546,3.2638245,4.7367973],"to":[11.299461,11.829731,11.263203],"faces":{"east":{"uv":[8.25,4.3125,8.65625,4.8476562],"tintindex":0,"rotation":0,"texture":"#2"},"south":{"uv":[8.25,4.875,8.65625,5.4101562],"tintindex":0,"rotation":0,"texture":"#2"},"north":{"uv":[8.25,3.75,8.65625,4.2851562],"tintindex":0,"rotation":0,"texture":"#2"},"west":{"uv":[8.25,5.4375,8.65625,5.9726562],"tintindex":0,"rotation":0,"texture":"#2"},"up":{"uv":[9.53125,0.40625,9.125,0.0],"tintindex":0,"rotation":0,"texture":"#2"},"down":{"uv":[3.71875,9.25,3.3125,9.65625],"tintindex":0,"rotation":0,"texture":"#2"}}},{"from":[5.5888557,3.2638245,3.5130959],"to":[10.48366,8.566528,4.7367973],"faces":{"east":{"uv":[13.0625,2.625,13.140625,2.9570312],"tintindex":0,"rotation":0,"texture":"#2"},"south":{"uv":[4.1875,10.75,4.4921875,11.082031],"tintindex":0,"rotation":0,"texture":"#2"},"north":{"uv":[3.875,10.75,4.1796875,11.082031],"tintindex":0,"rotation":0,"texture":"#2"},"west":{"uv":[13.0625,3.0,13.140625,3.3320312],"tintindex":0,"rotation":0,"texture":"#2"},"up":{"uv":[8.1171875,6.203125,7.8125,6.125],"tintindex":0,"rotation":0,"texture":"#2"},"down":{"uv":[8.4296875,7.375,8.125,7.453125],"tintindex":0,"rotation":0,"texture":"#2"}}},{"from":[3.5493536,3.2638245,5.552597],"to":[4.7730546,8.566528,10.447403],"faces":{"east":{"uv":[6.8125,10.6875,7.1171875,11.019531],"tintindex":0,"rotation":0,"texture":"#2"},"south":{"uv":[13.0625,2.25,13.140625,2.5820312],"tintindex":0,"rotation":0,"texture":"#2"},"north":{"uv":[13.0625,1.25,13.140625,1.5820312],"tintindex":0,"rotation":0,"texture":"#2"},"west":{"uv":[3.5625,10.75,3.8671875,11.082031],"tintindex":0,"rotation":0,"texture":"#2"},"up":{"uv":[5.703125,13.5546875,5.625,13.25],"tintindex":0,"rotation":0,"texture":"#2"},"down":{"uv":[5.828125,13.25,5.75,13.5546875],"tintindex":0,"rotation":0,"texture":"#2"}}},{"from":[3.5493536,8.566528,6.7762985],"to":[4.7730546,11.829731,9.2237015],"faces":{"east":{"uv":[12.75,7.25,12.902344,7.453125],"tintindex":0,"rotation":0,"texture":"#2"},"south":{"uv":[13.625,11.875,13.703125,12.078125],"tintindex":0,"rotation":0,"texture":"#2"},"north":{"uv":[11.8125,13.625,11.890625,13.828125],"tintindex":0,"rotation":0,"texture":"#2"},"west":{"uv":[7.4375,12.75,7.5898438,12.953125],"tintindex":0,"rotation":0,"texture":"#2"},"up":{"uv":[13.953125,10.589844,13.875,10.4375],"tintindex":0,"rotation":0,"texture":"#2"},"down":{"uv":[13.953125,10.625,13.875,10.777344],"tintindex":0,"rotation":0,"texture":"#2"}}}]}