{"textures":{"2":"modelengine:entity/pillars"},"elements":[{"from":[7.688281,7.4505644,-1.296875],"to":[8.321094,8.13611,-1.1386719],"faces":{"east":{"uv":[9.875,15.25,9.886719,15.292969],"tintindex":0,"rotation":0,"texture":"#2"},"south":{"uv":[14.3125,14.875,14.3515625,14.917969],"tintindex":0,"rotation":0,"texture":"#2"},"north":{"uv":[14.875,14.25,14.9140625,14.292969],"tintindex":0,"rotation":0,"texture":"#2"},"west":{"uv":[15.25,9.875,15.261719,9.917969],"tintindex":0,"rotation":0,"texture":"#2"},"up":{"uv":[15.3515625,0.94921875,15.3125,0.9375],"tintindex":0,"rotation":0,"texture":"#2"},"down":{"uv":[1.0390625,15.3125,1.0,15.324219],"tintindex":0,"rotation":0,"texture":"#2"}}},{"from":[8.426562,8.13611,-1.8242188],"to":[8.532031,8.557985,-1.6132812],"faces":{"east":{"uv":[15.3125,13.6875,15.324219,13.714844],"tintindex":0,"rotation":0,"texture":"#2"},"south":{"uv":[8.375,15.4375,8.3828125,15.464844],"tintindex":0,"rotation":0,"texture":"#2"},"north":{"uv":[15.4375,8.3125,15.4453125,8.339844],"tintindex":0,"rotation":0,"texture":"#2"},"west":{"uv":[13.75,15.3125,13.761719,15.339844],"tintindex":0,"rotation":0,"texture":"#2"},"up":{"uv":[4.5703125,15.511719,4.5625,15.5],"tintindex":0,"rotation":0,"texture":"#2"},"down":{"uv":[15.5078125,4.5625,15.5,4.5742188],"tintindex":0,"rotation":0,"texture":"#2"}}},{"from":[7.851758,8.13611,-1.296875],"to":[8.168164,8.557985,-1.1386719],"faces":{"east":{"uv":[15.3125,13.8125,15.324219,13.839844],"tintindex":0,"rotation":0,"texture":"#2"},"south":{"uv":[15.25,6.125,15.269531,6.1523438],"tintindex":0,"rotation":0,"texture":"#2"},"north":{"uv":[6.125,15.25,6.1445312,15.277344],"tintindex":0,"rotation":0,"texture":"#2"},"west":{"uv":[13.875,15.3125,13.886719,15.339844],"tintindex":0,"rotation":0,"texture":"#2"},"up":{"uv":[15.457031,4.9492188,15.4375,4.9375],"tintindex":0,"rotation":0,"texture":"#2"},"down":{"uv":[5.0195312,15.4375,5.0,15.449219],"tintindex":0,"rotation":0,"texture":"#2"}}},{"from":[7.424609,8.13611,-1.8769531],"to":[7.5828123,8.557985,-1.5605469],"faces":{"east":{"uv":[6.0,15.25,6.0195312,15.277344],"tintindex":0,"rotation":0,"texture":"#2"},"south":{"uv":[13.6875,15.3125,13.699219,15.339844],"tintindex":0,"rotation":0,"texture":"#2"},"north":{"uv":[15.3125,13.625,15.324219,13.652344],"tintindex":0,"rotation":0,"texture":"#2"},"west":{"uv":[15.25,6.0,15.269531,6.0273438],"tintindex":0,"rotation":0,"texture":"#2"},"up":{"uv":[15.449219,4.8320312,15.4375,4.8125],"tintindex":0,"rotation":0,"texture":"#2"},"down":{"uv":[4.8867188,15.4375,4.875,15.457031],"tintindex":0,"rotation":0,"texture":"#2"}}},{"from":[7.424609,7.4505644,-2.0351562],"to":[7.5828123,8.13611,-1.4023438],"faces":{"east":{"uv":[14.875,14.125,14.9140625,14.167969],"tintindex":0,"rotation":0,"texture":"#2"},"south":{"uv":[15.25,9.75,15.261719,9.792969],"tintindex":0,"rotation":0,"texture":"#2"},"north":{"uv":[9.75,15.25,9.761719,15.292969],"tintindex":0,"rotation":0,"texture":"#2"},"west":{"uv":[14.1875,14.875,14.2265625,14.917969],"tintindex":0,"rotation":0,"texture":"#2"},"up":{"uv":[15.324219,0.8515625,15.3125,0.8125],"tintindex":0,"rotation":0,"texture":"#2"},"down":{"uv":[0.88671875,15.3125,0.875,15.3515625],"tintindex":0,"rotation":0,"texture":"#2"}}},{"from":[8.426562,7.4505644,-1.9296875],"to":[8.532031,8.13611,-1.5078125],"faces":{"east":{"uv":[1.125,15.0625,1.1523438,15.105469],"tintindex":0,"rotation":0,"texture":"#2"},"south":{"uv":[7.375,15.3125,7.3828125,15.355469],"tintindex":0,"rotation":0,"texture":"#2"},"north":{"uv":[15.3125,7.3125,15.3203125,7.3554688],"tintindex":0,"rotation":0,"texture":"#2"},"west":{"uv":[15.0625,1.125,15.089844,1.1679688],"tintindex":0,"rotation":0,"texture":"#2"},"up":{"uv":[15.4453125,8.277344,15.4375,8.25],"tintindex":0,"rotation":0,"texture":"#2"},"down":{"uv":[8.3203125,15.4375,8.3125,15.464844],"tintindex":0,"rotation":0,"texture":"#2"}}},{"from":[7.688281,7.4505644,-2.2988281],"to":[8.321094,8.13611,-2.140625],"faces":{"east":{"uv":[9.8125,15.25,9.824219,15.292969],"tintindex":0,"rotation":0,"texture":"#2"},"south":{"uv":[14.25,14.875,14.2890625,14.917969],"tintindex":0,"rotation":0,"texture":"#2"},"north":{"uv":[14.875,14.1875,14.9140625,14.230469],"tintindex":0,"rotation":0,"texture":"#2"},"west":{"uv":[15.25,9.8125,15.261719,9.855469],"tintindex":0,"rotation":0,"texture":"#2"},"up":{"uv":[15.3515625,0.88671875,15.3125,0.875],"tintindex":0,"rotation":0,"texture":"#2"},"down":{"uv":[0.9765625,15.3125,0.9375,15.324219],"tintindex":0,"rotation":0,"texture":"#2"}}},{"from":[7.5828123,7.4505644,-2.140625],"to":[8.426562,8.557985,-1.296875],"faces":{"east":{"uv":[14.625,13.875,14.6796875,13.9453125],"tintindex":0,"rotation":0,"texture":"#2"},"south":{"uv":[13.9375,14.625,13.9921875,14.6953125],"tintindex":0,"rotation":0,"texture":"#2"},"north":{"uv":[13.875,14.625,13.9296875,14.6953125],"tintindex":0,"rotation":0,"texture":"#2"},"west":{"uv":[14.0,14.625,14.0546875,14.6953125],"tintindex":0,"rotation":0,"texture":"#2"},"up":{"uv":[14.8046875,9.0546875,14.75,9.0],"tintindex":0,"rotation":0,"texture":"#2"},"down":{"uv":[9.1171875,14.75,9.0625,14.8046875],"tintindex":0,"rotation":0,"texture":"#2"}}},{"from":[7.851758,8.13611,-2.2988281],"to":[8.168164,8.557985,-2.140625],"faces":{"east":{"uv":[15.3125,13.75,15.324219,13.777344],"tintindex":0,"rotation":0,"texture":"#2"},"south":{"uv":[15.25,6.0625,15.269531,6.0898438],"tintindex":0,"rotation":0,"texture":"#2"},"north":{"uv":[6.0625,15.25,6.0820312,15.277344],"tintindex":0,"rotation":0,"texture":"#2"},"west":{"uv":[13.8125,15.3125,13.824219,15.339844],"tintindex":0,"rotation":0,"texture":"#2"},"up":{"uv":[15.457031,4.8867188,15.4375,4.875],"tintindex":0,"rotation":0,"texture":"#2"},"down":{"uv":[4.9570312,15.4375,4.9375,15.449219],"tintindex":0,"rotation":0,"texture":"#2"}}}]}