{"textures":{"2":"modelengine:entity/pillars"},"elements":[{"from":[7.44375,7.2839622,-2.28125],"to":[8.56875,8.760525,-1.15625],"faces":{"east":{"uv":[6.75,14.3125,6.8203125,14.40625],"tintindex":0,"rotation":0,"texture":"#2"},"south":{"uv":[14.3125,7.0625,14.3828125,7.15625],"tintindex":0,"rotation":0,"texture":"#2"},"north":{"uv":[6.625,14.3125,6.6953125,14.40625],"tintindex":0,"rotation":0,"texture":"#2"},"west":{"uv":[7.1875,14.3125,7.2578125,14.40625],"tintindex":0,"rotation":0,"texture":"#2"},"up":{"uv":[14.5703125,13.5078125,14.5,13.4375],"tintindex":0,"rotation":0,"texture":"#2"},"down":{"uv":[14.5703125,13.5625,14.5,13.6328125],"tintindex":0,"rotation":0,"texture":"#2"}}},{"from":[8.56875,7.2839622,-2.0],"to":[8.709375,8.198025,-1.4375],"faces":{"east":{"uv":[14.125,14.8125,14.160156,14.871094],"tintindex":0,"rotation":0,"texture":"#2"},"south":{"uv":[15.25,15.0625,15.2578125,15.121094],"tintindex":0,"rotation":0,"texture":"#2"},"north":{"uv":[15.0625,15.25,15.0703125,15.308594],"tintindex":0,"rotation":0,"texture":"#2"},"west":{"uv":[14.8125,14.1875,14.847656,14.246094],"tintindex":0,"rotation":0,"texture":"#2"},"up":{"uv":[6.8828125,15.410156,6.875,15.375],"tintindex":0,"rotation":0,"texture":"#2"},"down":{"uv":[15.3828125,6.875,15.375,6.9101562],"tintindex":0,"rotation":0,"texture":"#2"}}},{"from":[7.2328124,7.2839622,-2.140625],"to":[7.44375,8.198025,-1.296875],"faces":{"east":{"uv":[14.0,6.875,14.0546875,6.9335938],"tintindex":0,"rotation":0,"texture":"#2"},"south":{"uv":[15.1875,2.9375,15.199219,2.9960938],"tintindex":0,"rotation":0,"texture":"#2"},"north":{"uv":[2.9375,15.1875,2.9492188,15.246094],"tintindex":0,"rotation":0,"texture":"#2"},"west":{"uv":[14.0,10.75,14.0546875,10.808594],"tintindex":0,"rotation":0,"texture":"#2"},"up":{"uv":[15.199219,11.6796875,15.1875,11.625],"tintindex":0,"rotation":0,"texture":"#2"},"down":{"uv":[11.699219,15.1875,11.6875,15.2421875],"tintindex":0,"rotation":0,"texture":"#2"}}},{"from":[7.802344,8.198025,-2.4921875],"to":[8.224218,8.760525,-2.28125],"faces":{"east":{"uv":[15.3125,4.1875,15.324219,4.2226562],"tintindex":0,"rotation":0,"texture":"#2"},"south":{"uv":[1.375,15.125,1.4023438,15.160156],"tintindex":0,"rotation":0,"texture":"#2"},"north":{"uv":[15.125,1.3125,15.152344,1.3476562],"tintindex":0,"rotation":0,"texture":"#2"},"west":{"uv":[4.25,15.3125,4.2617188,15.347656],"tintindex":0,"rotation":0,"texture":"#2"},"up":{"uv":[15.339844,11.761719,15.3125,11.75],"tintindex":0,"rotation":0,"texture":"#2"},"down":{"uv":[11.839844,15.3125,11.8125,15.324219],"tintindex":0,"rotation":0,"texture":"#2"}}},{"from":[8.56875,8.198025,-1.859375],"to":[8.709375,8.760525,-1.578125],"faces":{"east":{"uv":[3.0,15.1875,3.0195312,15.222656],"tintindex":0,"rotation":0,"texture":"#2"},"south":{"uv":[15.375,6.9375,15.3828125,6.9726562],"tintindex":0,"rotation":0,"texture":"#2"},"north":{"uv":[6.9375,15.375,6.9453125,15.410156],"tintindex":0,"rotation":0,"texture":"#2"},"west":{"uv":[15.1875,3.0,15.207031,3.0351562],"tintindex":0,"rotation":0,"texture":"#2"},"up":{"uv":[15.4453125,11.207031,15.4375,11.1875],"tintindex":0,"rotation":0,"texture":"#2"},"down":{"uv":[11.2578125,15.4375,11.25,15.457031],"tintindex":0,"rotation":0,"texture":"#2"}}},{"from":[7.802344,8.198025,-1.15625],"to":[8.224218,8.760525,-0.9453125],"faces":{"east":{"uv":[15.3125,4.25,15.324219,4.2851562],"tintindex":0,"rotation":0,"texture":"#2"},"south":{"uv":[1.4375,15.125,1.4648438,15.160156],"tintindex":0,"rotation":0,"texture":"#2"},"north":{"uv":[15.125,1.375,15.152344,1.4101562],"tintindex":0,"rotation":0,"texture":"#2"},"west":{"uv":[4.3125,15.3125,4.3242188,15.347656],"tintindex":0,"rotation":0,"texture":"#2"},"up":{"uv":[15.339844,11.824219,15.3125,11.8125],"tintindex":0,"rotation":0,"texture":"#2"},"down":{"uv":[11.902344,15.3125,11.875,15.324219],"tintindex":0,"rotation":0,"texture":"#2"}}},{"from":[7.584375,7.2839622,-1.15625],"to":[8.428125,8.198025,-0.9453125],"faces":{"east":{"uv":[3.125,15.1875,3.1367188,15.246094],"tintindex":0,"rotation":0,"texture":"#2"},"south":{"uv":[14.1875,6.5625,14.2421875,6.6210938],"tintindex":0,"rotation":0,"texture":"#2"},"north":{"uv":[14.1875,5.375,14.2421875,5.4335938],"tintindex":0,"rotation":0,"texture":"#2"},"west":{"uv":[15.1875,3.125,15.199219,3.1835938],"tintindex":0,"rotation":0,"texture":"#2"},"up":{"uv":[15.2421875,11.761719,15.1875,11.75],"tintindex":0,"rotation":0,"texture":"#2"},"down":{"uv":[11.8671875,15.1875,11.8125,15.199219],"tintindex":0,"rotation":0,"texture":"#2"}}},{"from":[7.584375,7.2839622,-2.4921875],"to":[8.428125,8.198025,-2.28125],"faces":{"east":{"uv":[3.0625,15.1875,3.0742188,15.246094],"tintindex":0,"rotation":0,"texture":"#2"},"south":{"uv":[14.125,13.625,14.1796875,13.683594],"tintindex":0,"rotation":0,"texture":"#2"},"north":{"uv":[14.125,11.0625,14.1796875,11.121094],"tintindex":0,"rotation":0,"texture":"#2"},"west":{"uv":[15.1875,3.0625,15.199219,3.1210938],"tintindex":0,"rotation":0,"texture":"#2"},"up":{"uv":[15.2421875,11.699219,15.1875,11.6875],"tintindex":0,"rotation":0,"texture":"#2"},"down":{"uv":[11.8046875,15.1875,11.75,15.199219],"tintindex":0,"rotation":0,"texture":"#2"}}},{"from":[7.2328124,8.198025,-1.9296875],"to":[7.44375,8.760525,-1.5078125],"faces":{"east":{"uv":[15.125,1.25,15.152344,1.2851562],"tintindex":0,"rotation":0,"texture":"#2"},"south":{"uv":[4.1875,15.3125,4.1992188,15.347656],"tintindex":0,"rotation":0,"texture":"#2"},"north":{"uv":[15.3125,4.125,15.324219,4.1601562],"tintindex":0,"rotation":0,"texture":"#2"},"west":{"uv":[1.3125,15.125,1.3398438,15.160156],"tintindex":0,"rotation":0,"texture":"#2"},"up":{"uv":[15.324219,11.714844,15.3125,11.6875],"tintindex":0,"rotation":0,"texture":"#2"},"down":{"uv":[11.761719,15.3125,11.75,15.339844],"tintindex":0,"rotation":0,"texture":"#2"}}}]}