{"textures":{"2":"modelengine:entity/pillars"},"elements":[{"from":[7.3082027,8.046354,-5.357031],"to":[8.784765,10.015104,-4.6187496],"faces":{"east":{"uv":[5.6875,14.375,5.734375,14.5],"tintindex":0,"rotation":0,"texture":"#2"},"south":{"uv":[13.9375,5.5625,14.03125,5.6875],"tintindex":0,"rotation":0,"texture":"#2"},"north":{"uv":[5.5,13.9375,5.59375,14.0625],"tintindex":0,"rotation":0,"texture":"#2"},"west":{"uv":[14.375,5.75,14.421875,5.875],"tintindex":0,"rotation":0,"texture":"#2"},"up":{"uv":[14.65625,10.546875,14.5625,10.5],"tintindex":0,"rotation":0,"texture":"#2"},"down":{"uv":[10.65625,14.5625,10.5625,14.609375],"tintindex":0,"rotation":0,"texture":"#2"}}},{"from":[9.990625,4.8471355,-3.6343746],"to":[10.482813,8.046354,-1.6656246],"faces":{"east":{"uv":[13.1875,8.0625,13.3125,8.261719],"tintindex":0,"rotation":0,"texture":"#2"},"south":{"uv":[13.375,14.3125,13.40625,14.511719],"tintindex":0,"rotation":0,"texture":"#2"},"north":{"uv":[13.3125,14.3125,13.34375,14.511719],"tintindex":0,"rotation":0,"texture":"#2"},"west":{"uv":[13.1875,8.3125,13.3125,8.511719],"tintindex":0,"rotation":0,"texture":"#2"},"up":{"uv":[14.65625,5.8125,14.625,5.6875],"tintindex":0,"rotation":0,"texture":"#2"},"down":{"uv":[14.65625,5.8125,14.625,5.9375],"tintindex":0,"rotation":0,"texture":"#2"}}},{"from":[5.3148437,4.8471355,-4.126562],"to":[6.0531254,8.046354,-1.1734371],"faces":{"east":{"uv":[5.4375,12.5625,5.6210938,12.761719],"tintindex":0,"rotation":0,"texture":"#2"},"south":{"uv":[14.0625,9.8125,14.109375,10.011719],"tintindex":0,"rotation":0,"texture":"#2"},"north":{"uv":[9.75,14.0625,9.796875,14.261719],"tintindex":0,"rotation":0,"texture":"#2"},"west":{"uv":[6.1875,12.5625,6.3710938,12.761719],"tintindex":0,"rotation":0,"texture":"#2"},"up":{"uv":[14.171875,4.3085938,14.125,4.125],"tintindex":0,"rotation":0,"texture":"#2"},"down":{"uv":[4.359375,14.125,4.3125,14.308594],"tintindex":0,"rotation":0,"texture":"#2"}}},{"from":[7.3082027,8.046354,-0.6812496],"to":[8.784765,10.015104,0.05703163],"faces":{"east":{"uv":[14.375,5.875,14.421875,6.0],"tintindex":0,"rotation":0,"texture":"#2"},"south":{"uv":[5.75,13.9375,5.84375,14.0625],"tintindex":0,"rotation":0,"texture":"#2"},"north":{"uv":[13.9375,5.6875,14.03125,5.8125],"tintindex":0,"rotation":0,"texture":"#2"},"west":{"uv":[14.375,6.0,14.421875,6.125],"tintindex":0,"rotation":0,"texture":"#2"},"up":{"uv":[10.78125,14.609375,10.6875,14.5625],"tintindex":0,"rotation":0,"texture":"#2"},"down":{"uv":[14.65625,10.875,14.5625,10.921875],"tintindex":0,"rotation":0,"texture":"#2"}}},{"from":[6.0531254,4.8471355,-4.6187496],"to":[9.990625,10.015104,-0.6812496],"faces":{"east":{"uv":[11.25,9.25,11.496094,9.574219],"tintindex":0,"rotation":0,"texture":"#2"},"south":{"uv":[11.25,9.625,11.496094,9.949219],"tintindex":0,"rotation":0,"texture":"#2"},"north":{"uv":[11.25,8.875,11.496094,9.199219],"tintindex":0,"rotation":0,"texture":"#2"},"west":{"uv":[11.25,10.0,11.496094,10.324219],"tintindex":0,"rotation":0,"texture":"#2"},"up":{"uv":[12.183594,0.93359375,11.9375,0.6875],"tintindex":0,"rotation":0,"texture":"#2"},"down":{"uv":[0.99609375,11.9375,0.75,12.183594],"tintindex":0,"rotation":0,"texture":"#2"}}},{"from":[5.3148437,8.046354,-3.3882809],"to":[6.0531254,10.015104,-1.9117184],"faces":{"east":{"uv":[5.375,13.9375,5.46875,14.0625],"tintindex":0,"rotation":0,"texture":"#2"},"south":{"uv":[5.625,14.375,5.671875,14.5],"tintindex":0,"rotation":0,"texture":"#2"},"north":{"uv":[14.375,5.4375,14.421875,5.5625],"tintindex":0,"rotation":0,"texture":"#2"},"west":{"uv":[13.9375,5.4375,14.03125,5.5625],"tintindex":0,"rotation":0,"texture":"#2"},"up":{"uv":[10.484375,14.65625,10.4375,14.5625],"tintindex":0,"rotation":0,"texture":"#2"},"down":{"uv":[10.546875,14.5625,10.5,14.65625],"tintindex":0,"rotation":0,"texture":"#2"}}},{"from":[6.545313,4.8471355,-5.357031],"to":[9.498438,8.046354,-4.6187496],"faces":{"east":{"uv":[9.875,14.0625,9.921875,14.261719],"tintindex":0,"rotation":0,"texture":"#2"},"south":{"uv":[12.5625,7.3125,12.746094,7.5117188],"tintindex":0,"rotation":0,"texture":"#2"},"north":{"uv":[6.6875,12.5625,6.8710938,12.761719],"tintindex":0,"rotation":0,"texture":"#2"},"west":{"uv":[9.9375,14.0625,9.984375,14.261719],"tintindex":0,"rotation":0,"texture":"#2"},"up":{"uv":[14.308594,4.359375,14.125,4.3125],"tintindex":0,"rotation":0,"texture":"#2"},"down":{"uv":[14.308594,4.375,14.125,4.421875],"tintindex":0,"rotation":0,"texture":"#2"}}},{"from":[9.990625,8.046354,-3.142187],"to":[10.482813,10.015104,-2.157812],"faces":{"east":{"uv":[4.5,12.75,4.5625,12.875],"tintindex":0,"rotation":0,"texture":"#2"},"south":{"uv":[14.625,6.0625,14.65625,6.1875],"tintindex":0,"rotation":0,"texture":"#2"},"north":{"uv":[14.625,5.9375,14.65625,6.0625],"tintindex":0,"rotation":0,"texture":"#2"},"west":{"uv":[7.625,12.75,7.6875,12.875],"tintindex":0,"rotation":0,"texture":"#2"},"up":{"uv":[4.96875,14.9375,4.9375,14.875],"tintindex":0,"rotation":0,"texture":"#2"},"down":{"uv":[14.90625,4.9375,14.875,5.0],"tintindex":0,"rotation":0,"texture":"#2"}}},{"from":[6.545313,4.8471355,-0.6812496],"to":[9.498438,8.046354,0.05703163],"faces":{"east":{"uv":[10.0,14.0625,10.046875,14.261719],"tintindex":0,"rotation":0,"texture":"#2"},"south":{"uv":[12.5625,7.8125,12.746094,8.011719],"tintindex":0,"rotation":0,"texture":"#2"},"north":{"uv":[12.5625,7.5625,12.746094,7.7617188],"tintindex":0,"rotation":0,"texture":"#2"},"west":{"uv":[10.0625,14.0625,10.109375,14.261719],"tintindex":0,"rotation":0,"texture":"#2"},"up":{"uv":[14.308594,4.484375,14.125,4.4375],"tintindex":0,"rotation":0,"texture":"#2"},"down":{"uv":[14.308594,4.5,14.125,4.546875],"tintindex":0,"rotation":0,"texture":"#2"}}}]}