{"textures":{"2":"modelengine:entity/pillars"},"elements":[{"from":[8.56875,8.198025,-1.859375],"to":[8.709375,8.760525,-1.578125],"faces":{"east":{"uv":[15.1875,6.1875,15.207031,6.2226562],"tintindex":0,"rotation":0,"texture":"#2"},"south":{"uv":[15.375,8.25,15.3828125,8.285156],"tintindex":0,"rotation":0,"texture":"#2"},"north":{"uv":[8.25,15.375,8.2578125,15.410156],"tintindex":0,"rotation":0,"texture":"#2"},"west":{"uv":[6.25,15.1875,6.2695312,15.222656],"tintindex":0,"rotation":0,"texture":"#2"},"up":{"uv":[15.4453125,12.957031,15.4375,12.9375],"tintindex":0,"rotation":0,"texture":"#2"},"down":{"uv":[13.0078125,15.4375,13.0,15.457031],"tintindex":0,"rotation":0,"texture":"#2"}}},{"from":[7.44375,7.2839622,-2.28125],"to":[8.56875,8.760525,-1.15625],"faces":{"east":{"uv":[14.3125,10.75,14.3828125,10.84375],"tintindex":0,"rotation":0,"texture":"#2"},"south":{"uv":[14.3125,11.0,14.3828125,11.09375],"tintindex":0,"rotation":0,"texture":"#2"},"north":{"uv":[10.3125,14.3125,10.3828125,14.40625],"tintindex":0,"rotation":0,"texture":"#2"},"west":{"uv":[11.125,14.3125,11.1953125,14.40625],"tintindex":0,"rotation":0,"texture":"#2"},"up":{"uv":[14.6328125,0.1953125,14.5625,0.125],"tintindex":0,"rotation":0,"texture":"#2"},"down":{"uv":[14.6328125,0.25,14.5625,0.3203125],"tintindex":0,"rotation":0,"texture":"#2"}}},{"from":[7.802344,8.198025,-2.4921875],"to":[8.224218,8.760525,-2.28125],"faces":{"east":{"uv":[15.3125,5.5,15.324219,5.5351562],"tintindex":0,"rotation":0,"texture":"#2"},"south":{"uv":[2.6875,15.125,2.7148438,15.160156],"tintindex":0,"rotation":0,"texture":"#2"},"north":{"uv":[15.125,2.625,15.152344,2.6601562],"tintindex":0,"rotation":0,"texture":"#2"},"west":{"uv":[5.5625,15.3125,5.5742188,15.347656],"tintindex":0,"rotation":0,"texture":"#2"},"up":{"uv":[15.339844,14.824219,15.3125,14.8125],"tintindex":0,"rotation":0,"texture":"#2"},"down":{"uv":[14.902344,15.3125,14.875,15.324219],"tintindex":0,"rotation":0,"texture":"#2"}}},{"from":[7.584375,7.2839622,-2.4921875],"to":[8.428125,8.198025,-2.28125],"faces":{"east":{"uv":[15.1875,6.25,15.199219,6.3085938],"tintindex":0,"rotation":0,"texture":"#2"},"south":{"uv":[3.75,14.75,3.8046875,14.808594],"tintindex":0,"rotation":0,"texture":"#2"},"north":{"uv":[14.75,3.6875,14.8046875,3.7460938],"tintindex":0,"rotation":0,"texture":"#2"},"west":{"uv":[15.1875,6.3125,15.199219,6.3710938],"tintindex":0,"rotation":0,"texture":"#2"},"up":{"uv":[15.2421875,13.011719,15.1875,13.0],"tintindex":0,"rotation":0,"texture":"#2"},"down":{"uv":[13.1171875,15.1875,13.0625,15.199219],"tintindex":0,"rotation":0,"texture":"#2"}}},{"from":[7.802344,8.198025,-1.15625],"to":[8.224218,8.760525,-0.9453125],"faces":{"east":{"uv":[15.3125,5.5625,15.324219,5.5976562],"tintindex":0,"rotation":0,"texture":"#2"},"south":{"uv":[2.75,15.125,2.7773438,15.160156],"tintindex":0,"rotation":0,"texture":"#2"},"north":{"uv":[15.125,2.6875,15.152344,2.7226562],"tintindex":0,"rotation":0,"texture":"#2"},"west":{"uv":[5.625,15.3125,5.6367188,15.347656],"tintindex":0,"rotation":0,"texture":"#2"},"up":{"uv":[15.339844,14.886719,15.3125,14.875],"tintindex":0,"rotation":0,"texture":"#2"},"down":{"uv":[14.964844,15.3125,14.9375,15.324219],"tintindex":0,"rotation":0,"texture":"#2"}}},{"from":[7.2328124,7.2839622,-2.140625],"to":[7.44375,8.198025,-1.296875],"faces":{"east":{"uv":[14.75,3.625,14.8046875,3.6835938],"tintindex":0,"rotation":0,"texture":"#2"},"south":{"uv":[6.1875,15.1875,6.1992188,15.246094],"tintindex":0,"rotation":0,"texture":"#2"},"north":{"uv":[15.1875,6.125,15.199219,6.1835938],"tintindex":0,"rotation":0,"texture":"#2"},"west":{"uv":[3.6875,14.75,3.7421875,14.808594],"tintindex":0,"rotation":0,"texture":"#2"},"up":{"uv":[15.199219,12.9921875,15.1875,12.9375],"tintindex":0,"rotation":0,"texture":"#2"},"down":{"uv":[13.011719,15.1875,13.0,15.2421875],"tintindex":0,"rotation":0,"texture":"#2"}}},{"from":[8.56875,7.2839622,-2.0],"to":[8.709375,8.198025,-1.4375],"faces":{"east":{"uv":[0.0625,14.875,0.09765625,14.933594],"tintindex":0,"rotation":0,"texture":"#2"},"south":{"uv":[1.5625,15.3125,1.5703125,15.371094],"tintindex":0,"rotation":0,"texture":"#2"},"north":{"uv":[15.3125,1.5,15.3203125,1.5585938],"tintindex":0,"rotation":0,"texture":"#2"},"west":{"uv":[0.125,14.875,0.16015625,14.933594],"tintindex":0,"rotation":0,"texture":"#2"},"up":{"uv":[8.1953125,15.410156,8.1875,15.375],"tintindex":0,"rotation":0,"texture":"#2"},"down":{"uv":[15.3828125,8.1875,15.375,8.222656],"tintindex":0,"rotation":0,"texture":"#2"}}},{"from":[7.584375,7.2839622,-1.15625],"to":[8.428125,8.198025,-0.9453125],"faces":{"east":{"uv":[6.375,15.1875,6.3867188,15.246094],"tintindex":0,"rotation":0,"texture":"#2"},"south":{"uv":[3.8125,14.75,3.8671875,14.808594],"tintindex":0,"rotation":0,"texture":"#2"},"north":{"uv":[14.75,3.75,14.8046875,3.8085938],"tintindex":0,"rotation":0,"texture":"#2"},"west":{"uv":[15.1875,6.375,15.199219,6.4335938],"tintindex":0,"rotation":0,"texture":"#2"},"up":{"uv":[15.2421875,13.074219,15.1875,13.0625],"tintindex":0,"rotation":0,"texture":"#2"},"down":{"uv":[13.1796875,15.1875,13.125,15.199219],"tintindex":0,"rotation":0,"texture":"#2"}}},{"from":[7.2328124,8.198025,-1.9296875],"to":[7.44375,8.760525,-1.5078125],"faces":{"east":{"uv":[15.125,2.5625,15.152344,2.5976562],"tintindex":0,"rotation":0,"texture":"#2"},"south":{"uv":[5.5,15.3125,5.5117188,15.347656],"tintindex":0,"rotation":0,"texture":"#2"},"north":{"uv":[15.3125,5.4375,15.324219,5.4726562],"tintindex":0,"rotation":0,"texture":"#2"},"west":{"uv":[2.625,15.125,2.6523438,15.160156],"tintindex":0,"rotation":0,"texture":"#2"},"up":{"uv":[15.324219,14.777344,15.3125,14.75],"tintindex":0,"rotation":0,"texture":"#2"},"down":{"uv":[14.824219,15.3125,14.8125,15.339844],"tintindex":0,"rotation":0,"texture":"#2"}}}]}