{"textures":{"2":"modelengine:entity/pillars"},"elements":[{"from":[7.582813,7.4505644,-2.140625],"to":[8.426562,8.557985,-1.296875],"faces":{"east":{"uv":[14.0625,14.625,14.1171875,14.6953125],"tintindex":0,"rotation":0,"texture":"#2"},"south":{"uv":[14.125,14.625,14.1796875,14.6953125],"tintindex":0,"rotation":0,"texture":"#2"},"north":{"uv":[14.625,14.0,14.6796875,14.0703125],"tintindex":0,"rotation":0,"texture":"#2"},"west":{"uv":[14.625,14.125,14.6796875,14.1953125],"tintindex":0,"rotation":0,"texture":"#2"},"up":{"uv":[14.8046875,9.1171875,14.75,9.0625],"tintindex":0,"rotation":0,"texture":"#2"},"down":{"uv":[14.8046875,9.125,14.75,9.1796875],"tintindex":0,"rotation":0,"texture":"#2"}}},{"from":[7.6882815,7.4505644,-2.2988281],"to":[8.321094,8.13611,-2.140625],"faces":{"east":{"uv":[10.0,15.25,10.011719,15.292969],"tintindex":0,"rotation":0,"texture":"#2"},"south":{"uv":[14.4375,14.875,14.4765625,14.917969],"tintindex":0,"rotation":0,"texture":"#2"},"north":{"uv":[14.875,14.375,14.9140625,14.417969],"tintindex":0,"rotation":0,"texture":"#2"},"west":{"uv":[15.25,10.0,15.261719,10.042969],"tintindex":0,"rotation":0,"texture":"#2"},"up":{"uv":[15.3515625,1.1367188,15.3125,1.125],"tintindex":0,"rotation":0,"texture":"#2"},"down":{"uv":[1.2265625,15.3125,1.1875,15.324219],"tintindex":0,"rotation":0,"texture":"#2"}}},{"from":[7.6882815,7.4505644,-1.296875],"to":[8.321094,8.13611,-1.1386719],"faces":{"east":{"uv":[10.0625,15.25,10.074219,15.292969],"tintindex":0,"rotation":0,"texture":"#2"},"south":{"uv":[14.5,14.875,14.5390625,14.917969],"tintindex":0,"rotation":0,"texture":"#2"},"north":{"uv":[14.875,14.4375,14.9140625,14.480469],"tintindex":0,"rotation":0,"texture":"#2"},"west":{"uv":[15.25,10.0625,15.261719,10.105469],"tintindex":0,"rotation":0,"texture":"#2"},"up":{"uv":[15.3515625,1.1992188,15.3125,1.1875],"tintindex":0,"rotation":0,"texture":"#2"},"down":{"uv":[1.2890625,15.3125,1.25,15.324219],"tintindex":0,"rotation":0,"texture":"#2"}}},{"from":[7.851758,8.13611,-2.2988281],"to":[8.168164,8.557985,-2.140625],"faces":{"east":{"uv":[15.3125,14.1875,15.324219,14.214844],"tintindex":0,"rotation":0,"texture":"#2"},"south":{"uv":[15.25,6.25,15.269531,6.2773438],"tintindex":0,"rotation":0,"texture":"#2"},"north":{"uv":[6.25,15.25,6.2695312,15.277344],"tintindex":0,"rotation":0,"texture":"#2"},"west":{"uv":[14.25,15.3125,14.261719,15.339844],"tintindex":0,"rotation":0,"texture":"#2"},"up":{"uv":[15.457031,5.1367188,15.4375,5.125],"tintindex":0,"rotation":0,"texture":"#2"},"down":{"uv":[5.2070312,15.4375,5.1875,15.449219],"tintindex":0,"rotation":0,"texture":"#2"}}},{"from":[7.4246097,8.13611,-1.8769531],"to":[7.582813,8.557985,-1.5605469],"faces":{"east":{"uv":[6.1875,15.25,6.2070312,15.277344],"tintindex":0,"rotation":0,"texture":"#2"},"south":{"uv":[14.125,15.3125,14.136719,15.339844],"tintindex":0,"rotation":0,"texture":"#2"},"north":{"uv":[15.3125,14.0625,15.324219,14.089844],"tintindex":0,"rotation":0,"texture":"#2"},"west":{"uv":[15.25,6.1875,15.269531,6.2148438],"tintindex":0,"rotation":0,"texture":"#2"},"up":{"uv":[15.449219,5.0820312,15.4375,5.0625],"tintindex":0,"rotation":0,"texture":"#2"},"down":{"uv":[5.1367188,15.4375,5.125,15.457031],"tintindex":0,"rotation":0,"texture":"#2"}}},{"from":[8.426562,7.4505644,-1.9296875],"to":[8.532031,8.13611,-1.5078125],"faces":{"east":{"uv":[1.1875,15.0625,1.2148438,15.105469],"tintindex":0,"rotation":0,"texture":"#2"},"south":{"uv":[7.4375,15.3125,7.4453125,15.355469],"tintindex":0,"rotation":0,"texture":"#2"},"north":{"uv":[15.3125,7.375,15.3203125,7.4179688],"tintindex":0,"rotation":0,"texture":"#2"},"west":{"uv":[15.0625,1.1875,15.089844,1.2304688],"tintindex":0,"rotation":0,"texture":"#2"},"up":{"uv":[15.4453125,8.402344,15.4375,8.375],"tintindex":0,"rotation":0,"texture":"#2"},"down":{"uv":[8.4453125,15.4375,8.4375,15.464844],"tintindex":0,"rotation":0,"texture":"#2"}}},{"from":[7.851758,8.13611,-1.296875],"to":[8.168164,8.557985,-1.1386719],"faces":{"east":{"uv":[15.3125,14.25,15.324219,14.277344],"tintindex":0,"rotation":0,"texture":"#2"},"south":{"uv":[15.25,6.3125,15.269531,6.3398438],"tintindex":0,"rotation":0,"texture":"#2"},"north":{"uv":[6.3125,15.25,6.3320312,15.277344],"tintindex":0,"rotation":0,"texture":"#2"},"west":{"uv":[14.3125,15.3125,14.324219,15.339844],"tintindex":0,"rotation":0,"texture":"#2"},"up":{"uv":[15.457031,5.1992188,15.4375,5.1875],"tintindex":0,"rotation":0,"texture":"#2"},"down":{"uv":[5.2695312,15.4375,5.25,15.449219],"tintindex":0,"rotation":0,"texture":"#2"}}},{"from":[7.4246097,7.4505644,-2.0351562],"to":[7.582813,8.13611,-1.4023438],"faces":{"east":{"uv":[14.875,14.3125,14.9140625,14.355469],"tintindex":0,"rotation":0,"texture":"#2"},"south":{"uv":[15.25,9.9375,15.261719,9.980469],"tintindex":0,"rotation":0,"texture":"#2"},"north":{"uv":[9.9375,15.25,9.949219,15.292969],"tintindex":0,"rotation":0,"texture":"#2"},"west":{"uv":[14.375,14.875,14.4140625,14.917969],"tintindex":0,"rotation":0,"texture":"#2"},"up":{"uv":[15.324219,1.1015625,15.3125,1.0625],"tintindex":0,"rotation":0,"texture":"#2"},"down":{"uv":[1.1367188,15.3125,1.125,15.3515625],"tintindex":0,"rotation":0,"texture":"#2"}}},{"from":[8.426562,8.13611,-1.8242188],"to":[8.532031,8.557985,-1.6132812],"faces":{"east":{"uv":[15.3125,14.125,15.324219,14.152344],"tintindex":0,"rotation":0,"texture":"#2"},"south":{"uv":[8.5,15.4375,8.5078125,15.464844],"tintindex":0,"rotation":0,"texture":"#2"},"north":{"uv":[15.4375,8.4375,15.4453125,8.464844],"tintindex":0,"rotation":0,"texture":"#2"},"west":{"uv":[14.1875,15.3125,14.199219,15.339844],"tintindex":0,"rotation":0,"texture":"#2"},"up":{"uv":[4.6328125,15.511719,4.625,15.5],"tintindex":0,"rotation":0,"texture":"#2"},"down":{"uv":[15.5078125,4.625,15.5,4.6367188],"tintindex":0,"rotation":0,"texture":"#2"}}}]}