{"textures":{"2":"modelengine:entity/pillars"},"elements":[{"from":[7.445833,7.0118275,-2.75],"to":[8.570833,8.230577,-2.46875],"faces":{"east":{"uv":[10.0625,14.9375,10.082031,15.015625],"tintindex":0,"rotation":0,"texture":"#2"},"south":{"uv":[0.0,14.4375,0.0703125,14.515625],"tintindex":0,"rotation":0,"texture":"#2"},"north":{"uv":[14.375,14.3125,14.4453125,14.390625],"tintindex":0,"rotation":0,"texture":"#2"},"west":{"uv":[14.9375,10.0625,14.957031,10.140625],"tintindex":0,"rotation":0,"texture":"#2"},"up":{"uv":[15.0703125,9.144531,15.0,9.125],"tintindex":0,"rotation":0,"texture":"#2"},"down":{"uv":[15.0703125,9.1875,15.0,9.207031],"tintindex":0,"rotation":0,"texture":"#2"}}},{"from":[7.736459,8.230577,-2.75],"to":[8.298959,8.980577,-2.46875],"faces":{"east":{"uv":[6.75,15.125,6.7695312,15.171875],"tintindex":0,"rotation":0,"texture":"#2"},"south":{"uv":[14.9375,1.9375,14.972656,1.984375],"tintindex":0,"rotation":0,"texture":"#2"},"north":{"uv":[1.9375,14.9375,1.9726562,14.984375],"tintindex":0,"rotation":0,"texture":"#2"},"west":{"uv":[15.125,6.75,15.144531,6.796875],"tintindex":0,"rotation":0,"texture":"#2"},"up":{"uv":[2.8476562,15.207031,2.8125,15.1875],"tintindex":0,"rotation":0,"texture":"#2"},"down":{"uv":[15.222656,2.8125,15.1875,2.8320312],"tintindex":0,"rotation":0,"texture":"#2"}}},{"from":[8.758333,7.0118275,-2.09375],"to":[8.945833,8.230577,-1.34375],"faces":{"east":{"uv":[1.125,14.6875,1.171875,14.765625],"tintindex":0,"rotation":0,"texture":"#2"},"south":{"uv":[6.6875,15.125,6.6992188,15.203125],"tintindex":0,"rotation":0,"texture":"#2"},"north":{"uv":[15.125,6.625,15.136719,6.703125],"tintindex":0,"rotation":0,"texture":"#2"},"west":{"uv":[14.6875,1.125,14.734375,1.203125],"tintindex":0,"rotation":0,"texture":"#2"},"up":{"uv":[2.0117188,15.296875,2.0,15.25],"tintindex":0,"rotation":0,"texture":"#2"},"down":{"uv":[15.261719,2.0,15.25,2.046875],"tintindex":0,"rotation":0,"texture":"#2"}}},{"from":[7.736459,8.230577,-0.96875],"to":[8.298959,8.980577,-0.6875],"faces":{"east":{"uv":[6.8125,15.125,6.8320312,15.171875],"tintindex":0,"rotation":0,"texture":"#2"},"south":{"uv":[14.9375,2.0,14.972656,2.046875],"tintindex":0,"rotation":0,"texture":"#2"},"north":{"uv":[2.0,14.9375,2.0351562,14.984375],"tintindex":0,"rotation":0,"texture":"#2"},"west":{"uv":[15.125,6.8125,15.144531,6.859375],"tintindex":0,"rotation":0,"texture":"#2"},"up":{"uv":[2.9101562,15.207031,2.875,15.1875],"tintindex":0,"rotation":0,"texture":"#2"},"down":{"uv":[15.222656,2.875,15.1875,2.8945312],"tintindex":0,"rotation":0,"texture":"#2"}}},{"from":[7.258333,7.0118275,-2.46875],"to":[8.758333,8.980577,-0.96875],"faces":{"east":{"uv":[0.5,14.0,0.59375,14.125],"tintindex":0,"rotation":0,"texture":"#2"},"south":{"uv":[0.8125,14.0,0.90625,14.125],"tintindex":0,"rotation":0,"texture":"#2"},"north":{"uv":[14.0,0.25,14.09375,0.375],"tintindex":0,"rotation":0,"texture":"#2"},"west":{"uv":[14.0,0.9375,14.09375,1.0625],"tintindex":0,"rotation":0,"texture":"#2"},"up":{"uv":[14.15625,12.15625,14.0625,12.0625],"tintindex":0,"rotation":0,"texture":"#2"},"down":{"uv":[12.21875,14.0625,12.125,14.15625],"tintindex":0,"rotation":0,"texture":"#2"}}},{"from":[6.977083,7.0118275,-2.28125],"to":[7.258333,8.230577,-1.15625],"faces":{"east":{"uv":[13.875,14.375,13.9453125,14.453125],"tintindex":0,"rotation":0,"texture":"#2"},"south":{"uv":[10.0,14.9375,10.019531,15.015625],"tintindex":0,"rotation":0,"texture":"#2"},"north":{"uv":[14.9375,9.9375,14.957031,10.015625],"tintindex":0,"rotation":0,"texture":"#2"},"west":{"uv":[14.375,14.1875,14.4453125,14.265625],"tintindex":0,"rotation":0,"texture":"#2"},"up":{"uv":[8.894531,15.0703125,8.875,15.0],"tintindex":0,"rotation":0,"texture":"#2"},"down":{"uv":[15.019531,9.0,15.0,9.0703125],"tintindex":0,"rotation":0,"texture":"#2"}}},{"from":[7.445833,7.0118275,-0.96875],"to":[8.570833,8.230577,-0.6875],"faces":{"east":{"uv":[10.125,14.9375,10.144531,15.015625],"tintindex":0,"rotation":0,"texture":"#2"},"south":{"uv":[14.4375,0.375,14.5078125,0.453125],"tintindex":0,"rotation":0,"texture":"#2"},"north":{"uv":[0.125,14.4375,0.1953125,14.515625],"tintindex":0,"rotation":0,"texture":"#2"},"west":{"uv":[10.1875,14.9375,10.207031,15.015625],"tintindex":0,"rotation":0,"texture":"#2"},"up":{"uv":[15.0703125,9.269531,15.0,9.25],"tintindex":0,"rotation":0,"texture":"#2"},"down":{"uv":[15.0703125,9.3125,15.0,9.332031],"tintindex":0,"rotation":0,"texture":"#2"}}},{"from":[6.977083,8.230577,-2.0],"to":[7.258333,8.980577,-1.4375],"faces":{"east":{"uv":[1.875,14.9375,1.9101562,14.984375],"tintindex":0,"rotation":0,"texture":"#2"},"south":{"uv":[6.625,15.125,6.6445312,15.171875],"tintindex":0,"rotation":0,"texture":"#2"},"north":{"uv":[15.125,6.5625,15.144531,6.609375],"tintindex":0,"rotation":0,"texture":"#2"},"west":{"uv":[14.9375,1.875,14.972656,1.921875],"tintindex":0,"rotation":0,"texture":"#2"},"up":{"uv":[2.7695312,15.222656,2.75,15.1875],"tintindex":0,"rotation":0,"texture":"#2"},"down":{"uv":[15.207031,2.75,15.1875,2.7851562],"tintindex":0,"rotation":0,"texture":"#2"}}},{"from":[8.758333,8.230577,-1.90625],"to":[8.945833,8.980577,-1.53125],"faces":{"east":{"uv":[3.1875,15.0625,3.2109375,15.109375],"tintindex":0,"rotation":0,"texture":"#2"},"south":{"uv":[15.25,2.0625,15.261719,2.109375],"tintindex":0,"rotation":0,"texture":"#2"},"north":{"uv":[2.0625,15.25,2.0742188,15.296875],"tintindex":0,"rotation":0,"texture":"#2"},"west":{"uv":[15.0625,3.1875,15.0859375,3.234375],"tintindex":0,"rotation":0,"texture":"#2"},"up":{"uv":[6.8242188,15.3984375,6.8125,15.375],"tintindex":0,"rotation":0,"texture":"#2"},"down":{"uv":[15.386719,6.8125,15.375,6.8359375],"tintindex":0,"rotation":0,"texture":"#2"}}}]}