{"textures":{"2":"modelengine:entity/pillars"},"elements":[{"from":[5.9861326,8.004656,-3.2037106],"to":[6.5398436,9.481218,-2.0962887],"faces":{"east":{"uv":[0.6875,14.25,0.7578125,14.34375],"tintindex":0,"rotation":0,"texture":"#2"},"south":{"uv":[14.6875,9.4375,14.722656,9.53125],"tintindex":0,"rotation":0,"texture":"#2"},"north":{"uv":[14.6875,9.3125,14.722656,9.40625],"tintindex":0,"rotation":0,"texture":"#2"},"west":{"uv":[14.25,0.75,14.3203125,0.84375],"tintindex":0,"rotation":0,"texture":"#2"},"up":{"uv":[13.410156,14.8203125,13.375,14.75],"tintindex":0,"rotation":0,"texture":"#2"},"down":{"uv":[14.785156,13.375,14.75,13.4453125],"tintindex":0,"rotation":0,"texture":"#2"}}},{"from":[7.4811525,8.004656,-4.680273],"to":[8.588574,9.481218,-4.126562],"faces":{"east":{"uv":[14.6875,9.5625,14.722656,9.65625],"tintindex":0,"rotation":0,"texture":"#2"},"south":{"uv":[14.25,1.0,14.3203125,1.09375],"tintindex":0,"rotation":0,"texture":"#2"},"north":{"uv":[1.0,14.25,1.0703125,14.34375],"tintindex":0,"rotation":0,"texture":"#2"},"west":{"uv":[14.6875,9.6875,14.722656,9.78125],"tintindex":0,"rotation":0,"texture":"#2"},"up":{"uv":[13.5078125,14.785156,13.4375,14.75],"tintindex":0,"rotation":0,"texture":"#2"},"down":{"uv":[14.8203125,13.5,14.75,13.535156],"tintindex":0,"rotation":0,"texture":"#2"}}},{"from":[5.9861326,5.605242,-3.7574215],"to":[6.5398436,8.004656,-1.5425777],"faces":{"east":{"uv":[13.4375,8.8125,13.574219,8.9609375],"tintindex":0,"rotation":0,"texture":"#2"},"south":{"uv":[13.5,14.4375,13.535156,14.5859375],"tintindex":0,"rotation":0,"texture":"#2"},"north":{"uv":[12.875,14.4375,12.910156,14.5859375],"tintindex":0,"rotation":0,"texture":"#2"},"west":{"uv":[9.375,13.4375,9.511719,13.5859375],"tintindex":0,"rotation":0,"texture":"#2"},"up":{"uv":[1.7851562,14.699219,1.75,14.5625],"tintindex":0,"rotation":0,"texture":"#2"},"down":{"uv":[1.8476562,14.5625,1.8125,14.699219],"tintindex":0,"rotation":0,"texture":"#2"}}},{"from":[9.492969,5.605242,-3.3882809],"to":[9.862109,8.004656,-1.9117184],"faces":{"east":{"uv":[13.6875,11.4375,13.78125,11.5859375],"tintindex":0,"rotation":0,"texture":"#2"},"south":{"uv":[14.6875,6.875,14.7109375,7.0234375],"tintindex":0,"rotation":0,"texture":"#2"},"north":{"uv":[6.75,14.6875,6.7734375,14.8359375],"tintindex":0,"rotation":0,"texture":"#2"},"west":{"uv":[13.5,13.6875,13.59375,13.8359375],"tintindex":0,"rotation":0,"texture":"#2"},"up":{"uv":[14.8359375,6.84375,14.8125,6.75],"tintindex":0,"rotation":0,"texture":"#2"},"down":{"uv":[14.8359375,6.875,14.8125,6.96875],"tintindex":0,"rotation":0,"texture":"#2"}}},{"from":[7.4811525,8.004656,-1.1734371],"to":[8.588574,9.481218,-0.6197262],"faces":{"east":{"uv":[9.75,14.6875,9.785156,14.78125],"tintindex":0,"rotation":0,"texture":"#2"},"south":{"uv":[14.25,1.375,14.3203125,1.46875],"tintindex":0,"rotation":0,"texture":"#2"},"north":{"uv":[1.125,14.25,1.1953125,14.34375],"tintindex":0,"rotation":0,"texture":"#2"},"west":{"uv":[9.8125,14.6875,9.847656,14.78125],"tintindex":0,"rotation":0,"texture":"#2"},"up":{"uv":[13.6328125,14.785156,13.5625,14.75],"tintindex":0,"rotation":0,"texture":"#2"},"down":{"uv":[14.8203125,13.5625,14.75,13.597656],"tintindex":0,"rotation":0,"texture":"#2"}}},{"from":[6.5398436,5.605242,-4.126562],"to":[9.492969,9.481218,-1.1734371],"faces":{"east":{"uv":[12.1875,9.3125,12.371094,9.5546875],"tintindex":0,"rotation":0,"texture":"#2"},"south":{"uv":[12.1875,10.3125,12.371094,10.5546875],"tintindex":0,"rotation":0,"texture":"#2"},"north":{"uv":[12.1875,9.0625,12.371094,9.3046875],"tintindex":0,"rotation":0,"texture":"#2"},"west":{"uv":[12.1875,10.5625,12.371094,10.8046875],"tintindex":0,"rotation":0,"texture":"#2"},"up":{"uv":[12.871094,10.496094,12.6875,10.3125],"tintindex":0,"rotation":0,"texture":"#2"},"down":{"uv":[10.621094,12.6875,10.4375,12.871094],"tintindex":0,"rotation":0,"texture":"#2"}}},{"from":[6.908984,5.605242,-1.1734371],"to":[9.123828,8.004656,-0.6197262],"faces":{"east":{"uv":[13.6875,14.4375,13.722656,14.5859375],"tintindex":0,"rotation":0,"texture":"#2"},"south":{"uv":[13.4375,10.125,13.574219,10.2734375],"tintindex":0,"rotation":0,"texture":"#2"},"north":{"uv":[13.4375,9.9375,13.574219,10.0859375],"tintindex":0,"rotation":0,"texture":"#2"},"west":{"uv":[14.4375,13.6875,14.472656,13.8359375],"tintindex":0,"rotation":0,"texture":"#2"},"up":{"uv":[14.699219,2.0351562,14.5625,2.0],"tintindex":0,"rotation":0,"texture":"#2"},"down":{"uv":[14.699219,2.0625,14.5625,2.0976562],"tintindex":0,"rotation":0,"texture":"#2"}}},{"from":[6.908984,5.605242,-4.680273],"to":[9.123828,8.004656,-4.126562],"faces":{"east":{"uv":[13.5625,14.4375,13.597656,14.5859375],"tintindex":0,"rotation":0,"texture":"#2"},"south":{"uv":[9.5625,13.4375,9.699219,13.5859375],"tintindex":0,"rotation":0,"texture":"#2"},"north":{"uv":[13.4375,9.375,13.574219,9.5234375],"tintindex":0,"rotation":0,"texture":"#2"},"west":{"uv":[13.625,14.4375,13.660156,14.5859375],"tintindex":0,"rotation":0,"texture":"#2"},"up":{"uv":[14.699219,1.9101562,14.5625,1.875],"tintindex":0,"rotation":0,"texture":"#2"},"down":{"uv":[14.699219,1.9375,14.5625,1.9726562],"tintindex":0,"rotation":0,"texture":"#2"}}},{"from":[9.492969,8.004656,-3.0191402],"to":[9.862109,9.481218,-2.280859],"faces":{"east":{"uv":[6.625,14.5625,6.671875,14.65625],"tintindex":0,"rotation":0,"texture":"#2"},"south":{"uv":[14.8125,7.125,14.8359375,7.21875],"tintindex":0,"rotation":0,"texture":"#2"},"north":{"uv":[14.8125,7.0,14.8359375,7.09375],"tintindex":0,"rotation":0,"texture":"#2"},"west":{"uv":[14.5625,6.625,14.609375,6.71875],"tintindex":0,"rotation":0,"texture":"#2"},"up":{"uv":[1.7734375,15.109375,1.75,15.0625],"tintindex":0,"rotation":0,"texture":"#2"},"down":{"uv":[15.0859375,1.75,15.0625,1.796875],"tintindex":0,"rotation":0,"texture":"#2"}}}]}