{"textures":{"2":"modelengine:entity/pillars"},"elements":[{"from":[8.56875,8.198025,-1.859375],"to":[8.709375,8.760525,-1.578125],"faces":{"east":{"uv":[15.125,15.0625,15.144531,15.097656],"tintindex":0,"rotation":0,"texture":"#2"},"south":{"uv":[15.375,5.625,15.3828125,5.6601562],"tintindex":0,"rotation":0,"texture":"#2"},"north":{"uv":[5.625,15.375,5.6328125,15.410156],"tintindex":0,"rotation":0,"texture":"#2"},"west":{"uv":[15.125,15.125,15.144531,15.160156],"tintindex":0,"rotation":0,"texture":"#2"},"up":{"uv":[15.4453125,9.457031,15.4375,9.4375],"tintindex":0,"rotation":0,"texture":"#2"},"down":{"uv":[9.5078125,15.4375,9.5,15.457031],"tintindex":0,"rotation":0,"texture":"#2"}}},{"from":[7.584375,7.2839622,-2.4921875],"to":[8.428125,8.198025,-2.28125],"faces":{"east":{"uv":[0.0,15.1875,0.01171875,15.246094],"tintindex":0,"rotation":0,"texture":"#2"},"south":{"uv":[13.0,2.25,13.0546875,2.3085938],"tintindex":0,"rotation":0,"texture":"#2"},"north":{"uv":[12.9375,12.6875,12.9921875,12.746094],"tintindex":0,"rotation":0,"texture":"#2"},"west":{"uv":[15.1875,0.0,15.199219,0.05859375],"tintindex":0,"rotation":0,"texture":"#2"},"up":{"uv":[10.4296875,15.199219,10.375,15.1875],"tintindex":0,"rotation":0,"texture":"#2"},"down":{"uv":[15.2421875,10.375,15.1875,10.386719],"tintindex":0,"rotation":0,"texture":"#2"}}},{"from":[7.44375,7.2839622,-2.28125],"to":[8.56875,8.760525,-1.15625],"faces":{"east":{"uv":[14.3125,3.5,14.3828125,3.59375],"tintindex":0,"rotation":0,"texture":"#2"},"south":{"uv":[3.5625,14.3125,3.6328125,14.40625],"tintindex":0,"rotation":0,"texture":"#2"},"north":{"uv":[3.4375,14.3125,3.5078125,14.40625],"tintindex":0,"rotation":0,"texture":"#2"},"west":{"uv":[14.3125,3.625,14.3828125,3.71875],"tintindex":0,"rotation":0,"texture":"#2"},"up":{"uv":[11.5078125,14.5703125,11.4375,14.5],"tintindex":0,"rotation":0,"texture":"#2"},"down":{"uv":[14.5703125,11.75,14.5,11.8203125],"tintindex":0,"rotation":0,"texture":"#2"}}},{"from":[7.2328124,7.2839622,-2.140625],"to":[7.44375,8.198025,-1.296875],"faces":{"east":{"uv":[12.9375,5.9375,12.9921875,5.9960938],"tintindex":0,"rotation":0,"texture":"#2"},"south":{"uv":[15.0625,15.125,15.074219,15.183594],"tintindex":0,"rotation":0,"texture":"#2"},"north":{"uv":[15.125,15.0,15.136719,15.058594],"tintindex":0,"rotation":0,"texture":"#2"},"west":{"uv":[9.8125,12.9375,9.8671875,12.996094],"tintindex":0,"rotation":0,"texture":"#2"},"up":{"uv":[15.199219,10.3046875,15.1875,10.25],"tintindex":0,"rotation":0,"texture":"#2"},"down":{"uv":[15.199219,10.3125,15.1875,10.3671875],"tintindex":0,"rotation":0,"texture":"#2"}}},{"from":[7.802344,8.198025,-2.4921875],"to":[8.224218,8.760525,-2.28125],"faces":{"east":{"uv":[15.3125,2.875,15.324219,2.9101562],"tintindex":0,"rotation":0,"texture":"#2"},"south":{"uv":[0.0625,15.125,0.08984375,15.160156],"tintindex":0,"rotation":0,"texture":"#2"},"north":{"uv":[15.125,0.0,15.152344,0.03515625],"tintindex":0,"rotation":0,"texture":"#2"},"west":{"uv":[2.9375,15.3125,2.9492188,15.347656],"tintindex":0,"rotation":0,"texture":"#2"},"up":{"uv":[15.339844,8.699219,15.3125,8.6875],"tintindex":0,"rotation":0,"texture":"#2"},"down":{"uv":[8.777344,15.3125,8.75,15.324219],"tintindex":0,"rotation":0,"texture":"#2"}}},{"from":[8.56875,7.2839622,-2.0],"to":[8.709375,8.198025,-1.4375],"faces":{"east":{"uv":[13.4375,14.8125,13.472656,14.871094],"tintindex":0,"rotation":0,"texture":"#2"},"south":{"uv":[15.25,13.3125,15.2578125,13.371094],"tintindex":0,"rotation":0,"texture":"#2"},"north":{"uv":[13.3125,15.25,13.3203125,15.308594],"tintindex":0,"rotation":0,"texture":"#2"},"west":{"uv":[14.8125,13.4375,14.847656,13.496094],"tintindex":0,"rotation":0,"texture":"#2"},"up":{"uv":[5.5703125,15.410156,5.5625,15.375],"tintindex":0,"rotation":0,"texture":"#2"},"down":{"uv":[15.3828125,5.5625,15.375,5.5976562],"tintindex":0,"rotation":0,"texture":"#2"}}},{"from":[7.584375,7.2839622,-1.15625],"to":[8.428125,8.198025,-0.9453125],"faces":{"east":{"uv":[0.0625,15.1875,0.07421875,15.246094],"tintindex":0,"rotation":0,"texture":"#2"},"south":{"uv":[9.375,13.0,9.4296875,13.058594],"tintindex":0,"rotation":0,"texture":"#2"},"north":{"uv":[13.0,7.0625,13.0546875,7.1210938],"tintindex":0,"rotation":0,"texture":"#2"},"west":{"uv":[15.1875,0.0625,15.199219,0.12109375],"tintindex":0,"rotation":0,"texture":"#2"},"up":{"uv":[10.4921875,15.199219,10.4375,15.1875],"tintindex":0,"rotation":0,"texture":"#2"},"down":{"uv":[15.2421875,10.4375,15.1875,10.449219],"tintindex":0,"rotation":0,"texture":"#2"}}},{"from":[7.2328124,8.198025,-1.9296875],"to":[7.44375,8.760525,-1.5078125],"faces":{"east":{"uv":[15.0625,15.0625,15.089844,15.097656],"tintindex":0,"rotation":0,"texture":"#2"},"south":{"uv":[2.875,15.3125,2.8867188,15.347656],"tintindex":0,"rotation":0,"texture":"#2"},"north":{"uv":[15.3125,2.8125,15.324219,2.8476562],"tintindex":0,"rotation":0,"texture":"#2"},"west":{"uv":[0.0,15.125,0.02734375,15.160156],"tintindex":0,"rotation":0,"texture":"#2"},"up":{"uv":[15.324219,8.652344,15.3125,8.625],"tintindex":0,"rotation":0,"texture":"#2"},"down":{"uv":[8.699219,15.3125,8.6875,15.339844],"tintindex":0,"rotation":0,"texture":"#2"}}},{"from":[7.802344,8.198025,-1.15625],"to":[8.224218,8.760525,-0.9453125],"faces":{"east":{"uv":[15.3125,2.9375,15.324219,2.9726562],"tintindex":0,"rotation":0,"texture":"#2"},"south":{"uv":[0.125,15.125,0.15234375,15.160156],"tintindex":0,"rotation":0,"texture":"#2"},"north":{"uv":[15.125,0.0625,15.152344,0.09765625],"tintindex":0,"rotation":0,"texture":"#2"},"west":{"uv":[3.0,15.3125,3.0117188,15.347656],"tintindex":0,"rotation":0,"texture":"#2"},"up":{"uv":[15.339844,8.761719,15.3125,8.75],"tintindex":0,"rotation":0,"texture":"#2"},"down":{"uv":[8.839844,15.3125,8.8125,15.324219],"tintindex":0,"rotation":0,"texture":"#2"}}}]}