{"textures":{"2":"modelengine:entity/pillars"},"elements":[{"from":[7.232813,7.2839622,-2.140625],"to":[7.4437504,8.198025,-1.296875],"faces":{"east":{"uv":[9.0625,13.5,9.1171875,13.558594],"tintindex":0,"rotation":0,"texture":"#2"},"south":{"uv":[15.1875,1.1875,15.199219,1.2460938],"tintindex":0,"rotation":0,"texture":"#2"},"north":{"uv":[1.1875,15.1875,1.1992188,15.246094],"tintindex":0,"rotation":0,"texture":"#2"},"west":{"uv":[9.875,13.5,9.9296875,13.558594],"tintindex":0,"rotation":0,"texture":"#2"},"up":{"uv":[15.199219,10.9296875,15.1875,10.875],"tintindex":0,"rotation":0,"texture":"#2"},"down":{"uv":[10.949219,15.1875,10.9375,15.2421875],"tintindex":0,"rotation":0,"texture":"#2"}}},{"from":[7.232813,8.198025,-1.9296875],"to":[7.4437504,8.760525,-1.5078125],"faces":{"east":{"uv":[15.125,0.5,15.152344,0.53515625],"tintindex":0,"rotation":0,"texture":"#2"},"south":{"uv":[3.4375,15.3125,3.4492188,15.347656],"tintindex":0,"rotation":0,"texture":"#2"},"north":{"uv":[15.3125,3.375,15.324219,3.4101562],"tintindex":0,"rotation":0,"texture":"#2"},"west":{"uv":[0.5625,15.125,0.58984375,15.160156],"tintindex":0,"rotation":0,"texture":"#2"},"up":{"uv":[15.324219,9.964844,15.3125,9.9375],"tintindex":0,"rotation":0,"texture":"#2"},"down":{"uv":[10.011719,15.3125,10.0,15.339844],"tintindex":0,"rotation":0,"texture":"#2"}}},{"from":[8.56875,8.198025,-1.859375],"to":[8.709375,8.760525,-1.578125],"faces":{"east":{"uv":[1.25,15.1875,1.2695312,15.222656],"tintindex":0,"rotation":0,"texture":"#2"},"south":{"uv":[15.375,6.1875,15.3828125,6.2226562],"tintindex":0,"rotation":0,"texture":"#2"},"north":{"uv":[6.1875,15.375,6.1953125,15.410156],"tintindex":0,"rotation":0,"texture":"#2"},"west":{"uv":[15.1875,1.25,15.207031,1.2851562],"tintindex":0,"rotation":0,"texture":"#2"},"up":{"uv":[15.4453125,10.207031,15.4375,10.1875],"tintindex":0,"rotation":0,"texture":"#2"},"down":{"uv":[10.2578125,15.4375,10.25,15.457031],"tintindex":0,"rotation":0,"texture":"#2"}}},{"from":[7.5843754,7.2839622,-2.4921875],"to":[8.428125,8.198025,-2.28125],"faces":{"east":{"uv":[1.3125,15.1875,1.3242188,15.246094],"tintindex":0,"rotation":0,"texture":"#2"},"south":{"uv":[13.75,5.3125,13.8046875,5.3710938],"tintindex":0,"rotation":0,"texture":"#2"},"north":{"uv":[13.6875,11.625,13.7421875,11.683594],"tintindex":0,"rotation":0,"texture":"#2"},"west":{"uv":[15.1875,1.3125,15.199219,1.3710938],"tintindex":0,"rotation":0,"texture":"#2"},"up":{"uv":[15.2421875,10.949219,15.1875,10.9375],"tintindex":0,"rotation":0,"texture":"#2"},"down":{"uv":[11.0546875,15.1875,11.0,15.199219],"tintindex":0,"rotation":0,"texture":"#2"}}},{"from":[7.802344,8.198025,-2.4921875],"to":[8.224218,8.760525,-2.28125],"faces":{"east":{"uv":[15.3125,3.4375,15.324219,3.4726562],"tintindex":0,"rotation":0,"texture":"#2"},"south":{"uv":[0.625,15.125,0.65234375,15.160156],"tintindex":0,"rotation":0,"texture":"#2"},"north":{"uv":[15.125,0.5625,15.152344,0.59765625],"tintindex":0,"rotation":0,"texture":"#2"},"west":{"uv":[3.5,15.3125,3.5117188,15.347656],"tintindex":0,"rotation":0,"texture":"#2"},"up":{"uv":[15.339844,10.011719,15.3125,10.0],"tintindex":0,"rotation":0,"texture":"#2"},"down":{"uv":[10.089844,15.3125,10.0625,15.324219],"tintindex":0,"rotation":0,"texture":"#2"}}},{"from":[7.4437504,7.2839622,-2.28125],"to":[8.56875,8.760525,-1.15625],"faces":{"east":{"uv":[14.3125,4.25,14.3828125,4.34375],"tintindex":0,"rotation":0,"texture":"#2"},"south":{"uv":[4.3125,14.3125,4.3828125,14.40625],"tintindex":0,"rotation":0,"texture":"#2"},"north":{"uv":[4.1875,14.3125,4.2578125,14.40625],"tintindex":0,"rotation":0,"texture":"#2"},"west":{"uv":[14.3125,4.375,14.3828125,4.46875],"tintindex":0,"rotation":0,"texture":"#2"},"up":{"uv":[14.5703125,12.4453125,14.5,12.375],"tintindex":0,"rotation":0,"texture":"#2"},"down":{"uv":[14.5703125,12.5625,14.5,12.6328125],"tintindex":0,"rotation":0,"texture":"#2"}}},{"from":[7.5843754,7.2839622,-1.15625],"to":[8.428125,8.198025,-0.9453125],"faces":{"east":{"uv":[1.375,15.1875,1.3867188,15.246094],"tintindex":0,"rotation":0,"texture":"#2"},"south":{"uv":[13.8125,3.9375,13.8671875,3.9960938],"tintindex":0,"rotation":0,"texture":"#2"},"north":{"uv":[7.9375,13.75,7.9921875,13.808594],"tintindex":0,"rotation":0,"texture":"#2"},"west":{"uv":[15.1875,1.375,15.199219,1.4335938],"tintindex":0,"rotation":0,"texture":"#2"},"up":{"uv":[15.2421875,11.011719,15.1875,11.0],"tintindex":0,"rotation":0,"texture":"#2"},"down":{"uv":[11.1171875,15.1875,11.0625,15.199219],"tintindex":0,"rotation":0,"texture":"#2"}}},{"from":[8.56875,7.2839622,-2.0],"to":[8.709375,8.198025,-1.4375],"faces":{"east":{"uv":[14.8125,13.6875,14.847656,13.746094],"tintindex":0,"rotation":0,"texture":"#2"},"south":{"uv":[15.25,14.0625,15.2578125,14.121094],"tintindex":0,"rotation":0,"texture":"#2"},"north":{"uv":[14.0625,15.25,14.0703125,15.308594],"tintindex":0,"rotation":0,"texture":"#2"},"west":{"uv":[13.75,14.8125,13.785156,14.871094],"tintindex":0,"rotation":0,"texture":"#2"},"up":{"uv":[6.1328125,15.410156,6.125,15.375],"tintindex":0,"rotation":0,"texture":"#2"},"down":{"uv":[15.3828125,6.125,15.375,6.1601562],"tintindex":0,"rotation":0,"texture":"#2"}}},{"from":[7.802344,8.198025,-1.15625],"to":[8.224218,8.760525,-0.9453125],"faces":{"east":{"uv":[15.3125,3.5,15.324219,3.5351562],"tintindex":0,"rotation":0,"texture":"#2"},"south":{"uv":[0.6875,15.125,0.71484375,15.160156],"tintindex":0,"rotation":0,"texture":"#2"},"north":{"uv":[15.125,0.625,15.152344,0.66015625],"tintindex":0,"rotation":0,"texture":"#2"},"west":{"uv":[3.5625,15.3125,3.5742188,15.347656],"tintindex":0,"rotation":0,"texture":"#2"},"up":{"uv":[15.339844,10.074219,15.3125,10.0625],"tintindex":0,"rotation":0,"texture":"#2"},"down":{"uv":[10.152344,15.3125,10.125,15.324219],"tintindex":0,"rotation":0,"texture":"#2"}}}]}