{"textures":{"2":"modelengine:entity/pillars"},"elements":[{"from":[7.424609,8.13611,-1.8769531],"to":[7.5828123,8.557985,-1.5605469],"faces":{"east":{"uv":[3.9375,15.25,3.9570312,15.277344],"tintindex":0,"rotation":0,"texture":"#2"},"south":{"uv":[8.875,15.3125,8.886719,15.339844],"tintindex":0,"rotation":0,"texture":"#2"},"north":{"uv":[15.3125,8.8125,15.324219,8.839844],"tintindex":0,"rotation":0,"texture":"#2"},"west":{"uv":[15.25,3.9375,15.269531,3.9648438],"tintindex":0,"rotation":0,"texture":"#2"},"up":{"uv":[15.449219,2.0820312,15.4375,2.0625],"tintindex":0,"rotation":0,"texture":"#2"},"down":{"uv":[2.1367188,15.4375,2.125,15.457031],"tintindex":0,"rotation":0,"texture":"#2"}}},{"from":[7.424609,7.4505644,-2.0351562],"to":[7.5828123,8.13611,-1.4023438],"faces":{"east":{"uv":[14.875,12.0625,14.9140625,12.105469],"tintindex":0,"rotation":0,"texture":"#2"},"south":{"uv":[15.25,7.6875,15.261719,7.7304688],"tintindex":0,"rotation":0,"texture":"#2"},"north":{"uv":[7.6875,15.25,7.6992188,15.292969],"tintindex":0,"rotation":0,"texture":"#2"},"west":{"uv":[12.125,14.875,12.1640625,14.917969],"tintindex":0,"rotation":0,"texture":"#2"},"up":{"uv":[13.386719,15.2890625,13.375,15.25],"tintindex":0,"rotation":0,"texture":"#2"},"down":{"uv":[15.261719,13.375,15.25,13.4140625],"tintindex":0,"rotation":0,"texture":"#2"}}},{"from":[7.688281,7.4505644,-1.296875],"to":[8.321094,8.13611,-1.1386719],"faces":{"east":{"uv":[7.8125,15.25,7.8242188,15.292969],"tintindex":0,"rotation":0,"texture":"#2"},"south":{"uv":[12.25,14.875,12.2890625,14.917969],"tintindex":0,"rotation":0,"texture":"#2"},"north":{"uv":[14.875,12.1875,14.9140625,12.230469],"tintindex":0,"rotation":0,"texture":"#2"},"west":{"uv":[15.25,7.8125,15.261719,7.8554688],"tintindex":0,"rotation":0,"texture":"#2"},"up":{"uv":[13.5390625,15.261719,13.5,15.25],"tintindex":0,"rotation":0,"texture":"#2"},"down":{"uv":[15.2890625,13.5,15.25,13.511719],"tintindex":0,"rotation":0,"texture":"#2"}}},{"from":[8.426562,7.4505644,-1.9296875],"to":[8.532031,8.13611,-1.5078125],"faces":{"east":{"uv":[0.4375,15.0625,0.46484375,15.105469],"tintindex":0,"rotation":0,"texture":"#2"},"south":{"uv":[6.6875,15.3125,6.6953125,15.355469],"tintindex":0,"rotation":0,"texture":"#2"},"north":{"uv":[15.3125,6.625,15.3203125,6.6679688],"tintindex":0,"rotation":0,"texture":"#2"},"west":{"uv":[15.0625,0.4375,15.089844,0.48046875],"tintindex":0,"rotation":0,"texture":"#2"},"up":{"uv":[15.4453125,6.9023438,15.4375,6.875],"tintindex":0,"rotation":0,"texture":"#2"},"down":{"uv":[6.9453125,15.4375,6.9375,15.464844],"tintindex":0,"rotation":0,"texture":"#2"}}},{"from":[7.688281,7.4505644,-2.2988281],"to":[8.321094,8.13611,-2.140625],"faces":{"east":{"uv":[7.75,15.25,7.7617188,15.292969],"tintindex":0,"rotation":0,"texture":"#2"},"south":{"uv":[12.1875,14.875,12.2265625,14.917969],"tintindex":0,"rotation":0,"texture":"#2"},"north":{"uv":[14.875,12.125,14.9140625,12.167969],"tintindex":0,"rotation":0,"texture":"#2"},"west":{"uv":[15.25,7.75,15.261719,7.7929688],"tintindex":0,"rotation":0,"texture":"#2"},"up":{"uv":[13.4765625,15.261719,13.4375,15.25],"tintindex":0,"rotation":0,"texture":"#2"},"down":{"uv":[15.2890625,13.4375,15.25,13.449219],"tintindex":0,"rotation":0,"texture":"#2"}}},{"from":[8.426562,8.13611,-1.8242188],"to":[8.532031,8.557985,-1.6132812],"faces":{"east":{"uv":[15.3125,8.875,15.324219,8.902344],"tintindex":0,"rotation":0,"texture":"#2"},"south":{"uv":[7.0,15.4375,7.0078125,15.464844],"tintindex":0,"rotation":0,"texture":"#2"},"north":{"uv":[15.4375,6.9375,15.4453125,6.9648438],"tintindex":0,"rotation":0,"texture":"#2"},"west":{"uv":[8.9375,15.3125,8.949219,15.339844],"tintindex":0,"rotation":0,"texture":"#2"},"up":{"uv":[3.8828125,15.511719,3.875,15.5],"tintindex":0,"rotation":0,"texture":"#2"},"down":{"uv":[15.5078125,3.875,15.5,3.8867188],"tintindex":0,"rotation":0,"texture":"#2"}}},{"from":[7.851758,8.13611,-1.296875],"to":[8.168164,8.557985,-1.1386719],"faces":{"east":{"uv":[15.3125,9.0,15.324219,9.027344],"tintindex":0,"rotation":0,"texture":"#2"},"south":{"uv":[15.25,4.0625,15.269531,4.0898438],"tintindex":0,"rotation":0,"texture":"#2"},"north":{"uv":[4.0625,15.25,4.0820312,15.277344],"tintindex":0,"rotation":0,"texture":"#2"},"west":{"uv":[9.0625,15.3125,9.074219,15.339844],"tintindex":0,"rotation":0,"texture":"#2"},"up":{"uv":[15.457031,2.1992188,15.4375,2.1875],"tintindex":0,"rotation":0,"texture":"#2"},"down":{"uv":[2.2695312,15.4375,2.25,15.449219],"tintindex":0,"rotation":0,"texture":"#2"}}},{"from":[7.851758,8.13611,-2.2988281],"to":[8.168164,8.557985,-2.140625],"faces":{"east":{"uv":[15.3125,8.9375,15.324219,8.964844],"tintindex":0,"rotation":0,"texture":"#2"},"south":{"uv":[15.25,4.0,15.269531,4.0273438],"tintindex":0,"rotation":0,"texture":"#2"},"north":{"uv":[4.0,15.25,4.0195312,15.277344],"tintindex":0,"rotation":0,"texture":"#2"},"west":{"uv":[9.0,15.3125,9.011719,15.339844],"tintindex":0,"rotation":0,"texture":"#2"},"up":{"uv":[15.457031,2.1367188,15.4375,2.125],"tintindex":0,"rotation":0,"texture":"#2"},"down":{"uv":[2.2070312,15.4375,2.1875,15.449219],"tintindex":0,"rotation":0,"texture":"#2"}}},{"from":[7.5828123,7.4505644,-2.140625],"to":[8.426562,8.557985,-1.296875],"faces":{"east":{"uv":[14.625,11.875,14.6796875,11.9453125],"tintindex":0,"rotation":0,"texture":"#2"},"south":{"uv":[11.9375,14.625,11.9921875,14.6953125],"tintindex":0,"rotation":0,"texture":"#2"},"north":{"uv":[11.875,14.625,11.9296875,14.6953125],"tintindex":0,"rotation":0,"texture":"#2"},"west":{"uv":[12.0,14.625,12.0546875,14.6953125],"tintindex":0,"rotation":0,"texture":"#2"},"up":{"uv":[14.8046875,8.2421875,14.75,8.1875],"tintindex":0,"rotation":0,"texture":"#2"},"down":{"uv":[8.3046875,14.75,8.25,14.8046875],"tintindex":0,"rotation":0,"texture":"#2"}}}]}