{"textures":{"2":"modelengine:entity/pillars"},"elements":[{"from":[7.445833,7.0118275,-2.75],"to":[8.570833,8.230577,-2.46875],"faces":{"east":{"uv":[10.75,14.9375,10.769531,15.015625],"tintindex":0,"rotation":0,"texture":"#2"},"south":{"uv":[14.4375,1.375,14.5078125,1.453125],"tintindex":0,"rotation":0,"texture":"#2"},"north":{"uv":[14.4375,1.25,14.5078125,1.328125],"tintindex":0,"rotation":0,"texture":"#2"},"west":{"uv":[14.9375,10.75,14.957031,10.828125],"tintindex":0,"rotation":0,"texture":"#2"},"up":{"uv":[15.0703125,9.832031,15.0,9.8125],"tintindex":0,"rotation":0,"texture":"#2"},"down":{"uv":[9.9453125,15.0,9.875,15.019531],"tintindex":0,"rotation":0,"texture":"#2"}}},{"from":[7.258333,7.0118275,-2.46875],"to":[8.758333,8.980577,-0.96875],"faces":{"east":{"uv":[14.0,2.125,14.09375,2.25],"tintindex":0,"rotation":0,"texture":"#2"},"south":{"uv":[2.25,14.0,2.34375,14.125],"tintindex":0,"rotation":0,"texture":"#2"},"north":{"uv":[2.125,14.0,2.21875,14.125],"tintindex":0,"rotation":0,"texture":"#2"},"west":{"uv":[14.0,2.25,14.09375,2.375],"tintindex":0,"rotation":0,"texture":"#2"},"up":{"uv":[14.15625,12.40625,14.0625,12.3125],"tintindex":0,"rotation":0,"texture":"#2"},"down":{"uv":[12.46875,14.0625,12.375,14.15625],"tintindex":0,"rotation":0,"texture":"#2"}}},{"from":[7.736459,8.230577,-0.96875],"to":[8.298959,8.980577,-0.6875],"faces":{"east":{"uv":[15.125,7.5,15.144531,7.546875],"tintindex":0,"rotation":0,"texture":"#2"},"south":{"uv":[14.9375,2.375,14.972656,2.421875],"tintindex":0,"rotation":0,"texture":"#2"},"north":{"uv":[2.375,14.9375,2.4101562,14.984375],"tintindex":0,"rotation":0,"texture":"#2"},"west":{"uv":[15.125,7.5625,15.144531,7.609375],"tintindex":0,"rotation":0,"texture":"#2"},"up":{"uv":[3.7851562,15.207031,3.75,15.1875],"tintindex":0,"rotation":0,"texture":"#2"},"down":{"uv":[15.222656,3.75,15.1875,3.7695312],"tintindex":0,"rotation":0,"texture":"#2"}}},{"from":[6.977083,7.0118275,-2.28125],"to":[7.258333,8.230577,-1.15625],"faces":{"east":{"uv":[14.4375,1.0,14.5078125,1.078125],"tintindex":0,"rotation":0,"texture":"#2"},"south":{"uv":[10.6875,14.9375,10.707031,15.015625],"tintindex":0,"rotation":0,"texture":"#2"},"north":{"uv":[14.9375,10.625,14.957031,10.703125],"tintindex":0,"rotation":0,"texture":"#2"},"west":{"uv":[14.4375,1.125,14.5078125,1.203125],"tintindex":0,"rotation":0,"texture":"#2"},"up":{"uv":[9.519531,15.0703125,9.5,15.0],"tintindex":0,"rotation":0,"texture":"#2"},"down":{"uv":[15.019531,9.6875,15.0,9.7578125],"tintindex":0,"rotation":0,"texture":"#2"}}},{"from":[7.736459,8.230577,-2.75],"to":[8.298959,8.980577,-2.46875],"faces":{"east":{"uv":[7.4375,15.125,7.4570312,15.171875],"tintindex":0,"rotation":0,"texture":"#2"},"south":{"uv":[14.9375,2.3125,14.972656,2.359375],"tintindex":0,"rotation":0,"texture":"#2"},"north":{"uv":[2.3125,14.9375,2.3476562,14.984375],"tintindex":0,"rotation":0,"texture":"#2"},"west":{"uv":[7.5,15.125,7.5195312,15.171875],"tintindex":0,"rotation":0,"texture":"#2"},"up":{"uv":[3.7226562,15.207031,3.6875,15.1875],"tintindex":0,"rotation":0,"texture":"#2"},"down":{"uv":[15.222656,3.6875,15.1875,3.7070312],"tintindex":0,"rotation":0,"texture":"#2"}}},{"from":[8.758333,7.0118275,-2.09375],"to":[8.945833,8.230577,-1.34375],"faces":{"east":{"uv":[14.6875,1.25,14.734375,1.328125],"tintindex":0,"rotation":0,"texture":"#2"},"south":{"uv":[15.125,7.375,15.136719,7.453125],"tintindex":0,"rotation":0,"texture":"#2"},"north":{"uv":[15.125,7.25,15.136719,7.328125],"tintindex":0,"rotation":0,"texture":"#2"},"west":{"uv":[1.3125,14.6875,1.359375,14.765625],"tintindex":0,"rotation":0,"texture":"#2"},"up":{"uv":[2.2617188,15.296875,2.25,15.25],"tintindex":0,"rotation":0,"texture":"#2"},"down":{"uv":[15.261719,2.25,15.25,2.296875],"tintindex":0,"rotation":0,"texture":"#2"}}},{"from":[8.758333,8.230577,-1.90625],"to":[8.945833,8.980577,-1.53125],"faces":{"east":{"uv":[3.3125,15.0625,3.3359375,15.109375],"tintindex":0,"rotation":0,"texture":"#2"},"south":{"uv":[15.25,2.3125,15.261719,2.359375],"tintindex":0,"rotation":0,"texture":"#2"},"north":{"uv":[2.3125,15.25,2.3242188,15.296875],"tintindex":0,"rotation":0,"texture":"#2"},"west":{"uv":[15.0625,3.3125,15.0859375,3.359375],"tintindex":0,"rotation":0,"texture":"#2"},"up":{"uv":[7.1992188,15.3984375,7.1875,15.375],"tintindex":0,"rotation":0,"texture":"#2"},"down":{"uv":[15.386719,7.1875,15.375,7.2109375],"tintindex":0,"rotation":0,"texture":"#2"}}},{"from":[7.445833,7.0118275,-0.96875],"to":[8.570833,8.230577,-0.6875],"faces":{"east":{"uv":[10.8125,14.9375,10.832031,15.015625],"tintindex":0,"rotation":0,"texture":"#2"},"south":{"uv":[14.4375,1.625,14.5078125,1.703125],"tintindex":0,"rotation":0,"texture":"#2"},"north":{"uv":[14.4375,1.5,14.5078125,1.578125],"tintindex":0,"rotation":0,"texture":"#2"},"west":{"uv":[10.875,14.9375,10.894531,15.015625],"tintindex":0,"rotation":0,"texture":"#2"},"up":{"uv":[15.0703125,9.894531,15.0,9.875],"tintindex":0,"rotation":0,"texture":"#2"},"down":{"uv":[15.0703125,9.9375,15.0,9.957031],"tintindex":0,"rotation":0,"texture":"#2"}}},{"from":[6.977083,8.230577,-2.0],"to":[7.258333,8.980577,-1.4375],"faces":{"east":{"uv":[2.25,14.9375,2.2851562,14.984375],"tintindex":0,"rotation":0,"texture":"#2"},"south":{"uv":[15.125,7.1875,15.144531,7.234375],"tintindex":0,"rotation":0,"texture":"#2"},"north":{"uv":[15.125,7.125,15.144531,7.171875],"tintindex":0,"rotation":0,"texture":"#2"},"west":{"uv":[14.9375,2.25,14.972656,2.296875],"tintindex":0,"rotation":0,"texture":"#2"},"up":{"uv":[3.6445312,15.222656,3.625,15.1875],"tintindex":0,"rotation":0,"texture":"#2"},"down":{"uv":[15.207031,3.625,15.1875,3.6601562],"tintindex":0,"rotation":0,"texture":"#2"}}}]}