{"textures":{"2":"modelengine:entity/pillars"},"elements":[{"from":[7.766211,7.613015,-1.4023438],"to":[8.24082,8.127175,-1.2836914],"faces":{"east":{"uv":[13.6875,15.375,13.6953125,15.40625],"tintindex":0,"rotation":0,"texture":"#2"},"south":{"uv":[13.3125,15.0625,13.34375,15.09375],"tintindex":0,"rotation":0,"texture":"#2"},"north":{"uv":[13.25,15.0625,13.28125,15.09375],"tintindex":0,"rotation":0,"texture":"#2"},"west":{"uv":[15.375,13.6875,15.3828125,13.71875],"tintindex":0,"rotation":0,"texture":"#2"},"up":{"uv":[13.78125,15.3828125,13.75,15.375],"tintindex":0,"rotation":0,"texture":"#2"},"down":{"uv":[15.40625,13.75,15.375,13.7578125],"tintindex":0,"rotation":0,"texture":"#2"}}},{"from":[8.3199215,8.127175,-1.7978516],"to":[8.399023,8.443582,-1.6396484],"faces":{"east":{"uv":[15.4375,4.5,15.449219,4.5195312],"tintindex":0,"rotation":0,"texture":"#2"},"south":{"uv":[15.5,6.5,15.503906,6.5195312],"tintindex":0,"rotation":0,"texture":"#2"},"north":{"uv":[6.5,15.5,6.5039062,15.519531],"tintindex":0,"rotation":0,"texture":"#2"},"west":{"uv":[4.5625,15.4375,4.5742188,15.457031],"tintindex":0,"rotation":0,"texture":"#2"},"up":{"uv":[8.253906,15.511719,8.25,15.5],"tintindex":0,"rotation":0,"texture":"#2"},"down":{"uv":[15.503906,8.25,15.5,8.261719],"tintindex":0,"rotation":0,"texture":"#2"}}},{"from":[7.766211,7.613015,-2.1538086],"to":[8.24082,8.127175,-2.0351562],"faces":{"east":{"uv":[13.5625,15.375,13.5703125,15.40625],"tintindex":0,"rotation":0,"texture":"#2"},"south":{"uv":[13.1875,15.0625,13.21875,15.09375],"tintindex":0,"rotation":0,"texture":"#2"},"north":{"uv":[15.0625,13.125,15.09375,13.15625],"tintindex":0,"rotation":0,"texture":"#2"},"west":{"uv":[15.375,13.5625,15.3828125,13.59375],"tintindex":0,"rotation":0,"texture":"#2"},"up":{"uv":[13.65625,15.3828125,13.625,15.375],"tintindex":0,"rotation":0,"texture":"#2"},"down":{"uv":[15.40625,13.625,15.375,13.6328125],"tintindex":0,"rotation":0,"texture":"#2"}}},{"from":[7.568457,8.127175,-1.8374023],"to":[7.6871095,8.443582,-1.6000977],"faces":{"east":{"uv":[3.875,15.375,3.890625,15.394531],"tintindex":0,"rotation":0,"texture":"#2"},"south":{"uv":[12.0625,15.4375,12.0703125,15.457031],"tintindex":0,"rotation":0,"texture":"#2"},"north":{"uv":[15.4375,12.0,15.4453125,12.019531],"tintindex":0,"rotation":0,"texture":"#2"},"west":{"uv":[15.375,3.875,15.390625,3.8945312],"tintindex":0,"rotation":0,"texture":"#2"},"up":{"uv":[1.5703125,15.515625,1.5625,15.5],"tintindex":0,"rotation":0,"texture":"#2"},"down":{"uv":[15.5078125,1.5625,15.5,1.578125],"tintindex":0,"rotation":0,"texture":"#2"}}},{"from":[8.3199215,7.613015,-1.8769531],"to":[8.399023,8.127175,-1.5605469],"faces":{"east":{"uv":[0.6875,15.25,0.70703125,15.28125],"tintindex":0,"rotation":0,"texture":"#2"},"south":{"uv":[15.5,1.625,15.503906,1.65625],"tintindex":0,"rotation":0,"texture":"#2"},"north":{"uv":[1.625,15.5,1.6289062,15.53125],"tintindex":0,"rotation":0,"texture":"#2"},"west":{"uv":[15.25,0.6875,15.269531,0.71875],"tintindex":0,"rotation":0,"texture":"#2"},"up":{"uv":[6.4414062,15.519531,6.4375,15.5],"tintindex":0,"rotation":0,"texture":"#2"},"down":{"uv":[15.503906,6.4375,15.5,6.4570312],"tintindex":0,"rotation":0,"texture":"#2"}}},{"from":[7.8888187,8.127175,-1.4023438],"to":[8.126123,8.443582,-1.2836914],"faces":{"east":{"uv":[15.4375,12.125,15.4453125,12.144531],"tintindex":0,"rotation":0,"texture":"#2"},"south":{"uv":[15.375,4.0,15.390625,4.0195312],"tintindex":0,"rotation":0,"texture":"#2"},"north":{"uv":[4.0,15.375,4.015625,15.394531],"tintindex":0,"rotation":0,"texture":"#2"},"west":{"uv":[12.1875,15.4375,12.1953125,15.457031],"tintindex":0,"rotation":0,"texture":"#2"},"up":{"uv":[1.765625,15.5078125,1.75,15.5],"tintindex":0,"rotation":0,"texture":"#2"},"down":{"uv":[15.515625,1.75,15.5,1.7578125],"tintindex":0,"rotation":0,"texture":"#2"}}},{"from":[7.6871095,7.613015,-2.0351562],"to":[8.3199215,8.443582,-1.4023438],"faces":{"east":{"uv":[2.875,14.875,2.9140625,14.925781],"tintindex":0,"rotation":0,"texture":"#2"},"south":{"uv":[14.875,2.875,14.9140625,2.9257812],"tintindex":0,"rotation":0,"texture":"#2"},"north":{"uv":[14.875,2.8125,14.9140625,2.8632812],"tintindex":0,"rotation":0,"texture":"#2"},"west":{"uv":[2.9375,14.875,2.9765625,14.925781],"tintindex":0,"rotation":0,"texture":"#2"},"up":{"uv":[14.9765625,12.1640625,14.9375,12.125],"tintindex":0,"rotation":0,"texture":"#2"},"down":{"uv":[12.2265625,14.9375,12.1875,14.9765625],"tintindex":0,"rotation":0,"texture":"#2"}}},{"from":[7.8888187,8.127175,-2.1538086],"to":[8.126123,8.443582,-2.0351562],"faces":{"east":{"uv":[15.4375,12.0625,15.4453125,12.082031],"tintindex":0,"rotation":0,"texture":"#2"},"south":{"uv":[15.375,3.9375,15.390625,3.9570312],"tintindex":0,"rotation":0,"texture":"#2"},"north":{"uv":[3.9375,15.375,3.953125,15.394531],"tintindex":0,"rotation":0,"texture":"#2"},"west":{"uv":[12.125,15.4375,12.1328125,15.457031],"tintindex":0,"rotation":0,"texture":"#2"},"up":{"uv":[1.703125,15.5078125,1.6875,15.5],"tintindex":0,"rotation":0,"texture":"#2"},"down":{"uv":[15.515625,1.6875,15.5,1.6953125],"tintindex":0,"rotation":0,"texture":"#2"}}},{"from":[7.568457,7.613015,-1.9560547],"to":[7.6871095,8.127175,-1.4814453],"faces":{"east":{"uv":[13.0625,15.0625,13.09375,15.09375],"tintindex":0,"rotation":0,"texture":"#2"},"south":{"uv":[15.375,13.4375,15.3828125,13.46875],"tintindex":0,"rotation":0,"texture":"#2"},"north":{"uv":[13.4375,15.375,13.4453125,15.40625],"tintindex":0,"rotation":0,"texture":"#2"},"west":{"uv":[15.0625,13.0625,15.09375,13.09375],"tintindex":0,"rotation":0,"texture":"#2"},"up":{"uv":[13.5078125,15.40625,13.5,15.375],"tintindex":0,"rotation":0,"texture":"#2"},"down":{"uv":[15.3828125,13.5,15.375,13.53125],"tintindex":0,"rotation":0,"texture":"#2"}}}]}