{"textures":{"2":"modelengine:entity/pillars"},"elements":[{"from":[7.532422,7.06544,5.492383],"to":[8.481641,8.0937605,5.7296877],"faces":{"east":{"uv":[15.0625,8.25,15.078125,8.3125],"tintindex":0,"rotation":0,"texture":"#2"},"south":{"uv":[11.0,5.4375,11.058594,5.5],"tintindex":0,"rotation":0,"texture":"#2"},"north":{"uv":[10.125,1.6875,10.183594,1.75],"tintindex":0,"rotation":0,"texture":"#2"},"west":{"uv":[8.3125,15.0625,8.328125,15.125],"tintindex":0,"rotation":0,"texture":"#2"},"up":{"uv":[15.183594,3.953125,15.125,3.9375],"tintindex":0,"rotation":0,"texture":"#2"},"down":{"uv":[4.0585938,15.125,4.0,15.140625],"tintindex":0,"rotation":0,"texture":"#2"}}},{"from":[7.7776365,8.0937605,5.492383],"to":[8.252246,8.726573,5.7296877],"faces":{"east":{"uv":[15.1875,14.3125,15.203125,14.3515625],"tintindex":0,"rotation":0,"texture":"#2"},"south":{"uv":[15.0,14.25,15.03125,14.2890625],"tintindex":0,"rotation":0,"texture":"#2"},"north":{"uv":[15.0,14.1875,15.03125,14.2265625],"tintindex":0,"rotation":0,"texture":"#2"},"west":{"uv":[14.375,15.1875,14.390625,15.2265625],"tintindex":0,"rotation":0,"texture":"#2"},"up":{"uv":[11.53125,15.265625,11.5,15.25],"tintindex":0,"rotation":0,"texture":"#2"},"down":{"uv":[15.28125,11.5,15.25,11.515625],"tintindex":0,"rotation":0,"texture":"#2"}}},{"from":[7.532422,7.06544,6.9953127],"to":[8.481641,8.0937605,7.2326174],"faces":{"east":{"uv":[15.0625,8.3125,15.078125,8.375],"tintindex":0,"rotation":0,"texture":"#2"},"south":{"uv":[11.125,6.1875,11.183594,6.25],"tintindex":0,"rotation":0,"texture":"#2"},"north":{"uv":[11.0625,5.8125,11.121094,5.875],"tintindex":0,"rotation":0,"texture":"#2"},"west":{"uv":[8.375,15.0625,8.390625,15.125],"tintindex":0,"rotation":0,"texture":"#2"},"up":{"uv":[15.183594,4.015625,15.125,4.0],"tintindex":0,"rotation":0,"texture":"#2"},"down":{"uv":[4.1210938,15.125,4.0625,15.140625],"tintindex":0,"rotation":0,"texture":"#2"}}},{"from":[8.639844,8.0937605,6.204297],"to":[8.798047,8.726573,6.5207033],"faces":{"east":{"uv":[15.125,11.5625,15.144531,11.6015625],"tintindex":0,"rotation":0,"texture":"#2"},"south":{"uv":[15.25,12.5625,15.261719,12.6015625],"tintindex":0,"rotation":0,"texture":"#2"},"north":{"uv":[12.5625,15.25,12.574219,15.2890625],"tintindex":0,"rotation":0,"texture":"#2"},"west":{"uv":[11.625,15.125,11.644531,15.1640625],"tintindex":0,"rotation":0,"texture":"#2"},"up":{"uv":[15.449219,1.4570312,15.4375,1.4375],"tintindex":0,"rotation":0,"texture":"#2"},"down":{"uv":[1.5117188,15.4375,1.5,15.457031],"tintindex":0,"rotation":0,"texture":"#2"}}},{"from":[7.374219,7.06544,5.7296877],"to":[8.639844,8.726573,6.9953127],"faces":{"east":{"uv":[5.625,14.125,5.703125,14.230469],"tintindex":0,"rotation":0,"texture":"#2"},"south":{"uv":[14.125,5.8125,14.203125,5.9179688],"tintindex":0,"rotation":0,"texture":"#2"},"north":{"uv":[14.125,5.5625,14.203125,5.6679688],"tintindex":0,"rotation":0,"texture":"#2"},"west":{"uv":[14.125,5.9375,14.203125,6.0429688],"tintindex":0,"rotation":0,"texture":"#2"},"up":{"uv":[14.390625,13.765625,14.3125,13.6875],"tintindex":0,"rotation":0,"texture":"#2"},"down":{"uv":[14.390625,13.8125,14.3125,13.890625],"tintindex":0,"rotation":0,"texture":"#2"}}},{"from":[7.1369143,8.0937605,6.1251955],"to":[7.374219,8.726573,6.599805],"faces":{"east":{"uv":[15.0,14.0625,15.03125,14.1015625],"tintindex":0,"rotation":0,"texture":"#2"},"south":{"uv":[14.3125,15.1875,14.328125,15.2265625],"tintindex":0,"rotation":0,"texture":"#2"},"north":{"uv":[15.1875,14.25,15.203125,14.2890625],"tintindex":0,"rotation":0,"texture":"#2"},"west":{"uv":[15.0,14.125,15.03125,14.1640625],"tintindex":0,"rotation":0,"texture":"#2"},"up":{"uv":[11.453125,15.28125,11.4375,15.25],"tintindex":0,"rotation":0,"texture":"#2"},"down":{"uv":[15.265625,11.4375,15.25,11.46875],"tintindex":0,"rotation":0,"texture":"#2"}}},{"from":[8.639844,7.06544,6.046094],"to":[8.798047,8.0937605,6.6789064],"faces":{"east":{"uv":[14.8125,4.5625,14.8515625,4.625],"tintindex":0,"rotation":0,"texture":"#2"},"south":{"uv":[14.1875,15.125,14.199219,15.1875],"tintindex":0,"rotation":0,"texture":"#2"},"north":{"uv":[15.125,14.125,15.136719,14.1875],"tintindex":0,"rotation":0,"texture":"#2"},"west":{"uv":[4.625,14.8125,4.6640625,14.875],"tintindex":0,"rotation":0,"texture":"#2"},"up":{"uv":[12.511719,15.2890625,12.5,15.25],"tintindex":0,"rotation":0,"texture":"#2"},"down":{"uv":[15.261719,12.5,15.25,12.5390625],"tintindex":0,"rotation":0,"texture":"#2"}}},{"from":[7.1369143,7.06544,5.887891],"to":[7.374219,8.0937605,6.8371096],"faces":{"east":{"uv":[5.4375,9.5625,5.4960938,9.625],"tintindex":0,"rotation":0,"texture":"#2"},"south":{"uv":[8.1875,15.0625,8.203125,15.125],"tintindex":0,"rotation":0,"texture":"#2"},"north":{"uv":[8.125,15.0625,8.140625,15.125],"tintindex":0,"rotation":0,"texture":"#2"},"west":{"uv":[6.1875,9.625,6.2460938,9.6875],"tintindex":0,"rotation":0,"texture":"#2"},"up":{"uv":[15.140625,3.9335938,15.125,3.875],"tintindex":0,"rotation":0,"texture":"#2"},"down":{"uv":[3.953125,15.125,3.9375,15.183594],"tintindex":0,"rotation":0,"texture":"#2"}}},{"from":[7.7776365,8.0937605,6.9953127],"to":[8.252246,8.726573,7.2326174],"faces":{"east":{"uv":[15.1875,14.375,15.203125,14.4140625],"tintindex":0,"rotation":0,"texture":"#2"},"south":{"uv":[14.375,15.0,14.40625,15.0390625],"tintindex":0,"rotation":0,"texture":"#2"},"north":{"uv":[15.0,14.3125,15.03125,14.3515625],"tintindex":0,"rotation":0,"texture":"#2"},"west":{"uv":[14.4375,15.1875,14.453125,15.2265625],"tintindex":0,"rotation":0,"texture":"#2"},"up":{"uv":[11.59375,15.265625,11.5625,15.25],"tintindex":0,"rotation":0,"texture":"#2"},"down":{"uv":[15.28125,11.5625,15.25,11.578125],"tintindex":0,"rotation":0,"texture":"#2"}}}]}