{"textures":{"2":"modelengine:entity/pillars"},"elements":[{"from":[7.2328124,7.2839622,-2.140625],"to":[7.44375,8.198025,-1.296875],"faces":{"east":{"uv":[0.8125,13.9375,0.8671875,13.996094],"tintindex":0,"rotation":0,"texture":"#2"},"south":{"uv":[15.1875,2.0625,15.199219,2.1210938],"tintindex":0,"rotation":0,"texture":"#2"},"north":{"uv":[2.0625,15.1875,2.0742188,15.246094],"tintindex":0,"rotation":0,"texture":"#2"},"west":{"uv":[13.9375,0.9375,13.9921875,0.99609375],"tintindex":0,"rotation":0,"texture":"#2"},"up":{"uv":[15.199219,11.3046875,15.1875,11.25],"tintindex":0,"rotation":0,"texture":"#2"},"down":{"uv":[11.324219,15.1875,11.3125,15.2421875],"tintindex":0,"rotation":0,"texture":"#2"}}},{"from":[7.44375,7.2839622,-2.28125],"to":[8.56875,8.760525,-1.15625],"faces":{"east":{"uv":[14.3125,5.625,14.3828125,5.71875],"tintindex":0,"rotation":0,"texture":"#2"},"south":{"uv":[5.75,14.3125,5.8203125,14.40625],"tintindex":0,"rotation":0,"texture":"#2"},"north":{"uv":[5.5,14.3125,5.5703125,14.40625],"tintindex":0,"rotation":0,"texture":"#2"},"west":{"uv":[5.875,14.3125,5.9453125,14.40625],"tintindex":0,"rotation":0,"texture":"#2"},"up":{"uv":[14.5703125,13.0078125,14.5,12.9375],"tintindex":0,"rotation":0,"texture":"#2"},"down":{"uv":[14.5703125,13.0625,14.5,13.1328125],"tintindex":0,"rotation":0,"texture":"#2"}}},{"from":[7.2328124,8.198025,-1.9296875],"to":[7.44375,8.760525,-1.5078125],"faces":{"east":{"uv":[15.125,0.875,15.152344,0.91015625],"tintindex":0,"rotation":0,"texture":"#2"},"south":{"uv":[3.8125,15.3125,3.8242188,15.347656],"tintindex":0,"rotation":0,"texture":"#2"},"north":{"uv":[15.3125,3.75,15.324219,3.7851562],"tintindex":0,"rotation":0,"texture":"#2"},"west":{"uv":[0.9375,15.125,0.96484375,15.160156],"tintindex":0,"rotation":0,"texture":"#2"},"up":{"uv":[15.324219,10.839844,15.3125,10.8125],"tintindex":0,"rotation":0,"texture":"#2"},"down":{"uv":[10.886719,15.3125,10.875,15.339844],"tintindex":0,"rotation":0,"texture":"#2"}}},{"from":[7.584375,7.2839622,-1.15625],"to":[8.428125,8.198025,-0.9453125],"faces":{"east":{"uv":[2.25,15.1875,2.2617188,15.246094],"tintindex":0,"rotation":0,"texture":"#2"},"south":{"uv":[6.25,13.9375,6.3046875,13.996094],"tintindex":0,"rotation":0,"texture":"#2"},"north":{"uv":[13.9375,5.8125,13.9921875,5.8710938],"tintindex":0,"rotation":0,"texture":"#2"},"west":{"uv":[15.1875,2.25,15.199219,2.3085938],"tintindex":0,"rotation":0,"texture":"#2"},"up":{"uv":[15.2421875,11.386719,15.1875,11.375],"tintindex":0,"rotation":0,"texture":"#2"},"down":{"uv":[11.4921875,15.1875,11.4375,15.199219],"tintindex":0,"rotation":0,"texture":"#2"}}},{"from":[8.56875,7.2839622,-2.0],"to":[8.709375,8.198025,-1.4375],"faces":{"east":{"uv":[14.8125,13.875,14.847656,13.933594],"tintindex":0,"rotation":0,"texture":"#2"},"south":{"uv":[15.25,14.5625,15.2578125,14.621094],"tintindex":0,"rotation":0,"texture":"#2"},"north":{"uv":[14.5625,15.25,14.5703125,15.308594],"tintindex":0,"rotation":0,"texture":"#2"},"west":{"uv":[13.9375,14.8125,13.972656,14.871094],"tintindex":0,"rotation":0,"texture":"#2"},"up":{"uv":[6.5078125,15.410156,6.5,15.375],"tintindex":0,"rotation":0,"texture":"#2"},"down":{"uv":[15.3828125,6.5,15.375,6.5351562],"tintindex":0,"rotation":0,"texture":"#2"}}},{"from":[8.56875,8.198025,-1.859375],"to":[8.709375,8.760525,-1.578125],"faces":{"east":{"uv":[2.125,15.1875,2.1445312,15.222656],"tintindex":0,"rotation":0,"texture":"#2"},"south":{"uv":[15.375,6.5625,15.3828125,6.5976562],"tintindex":0,"rotation":0,"texture":"#2"},"north":{"uv":[6.5625,15.375,6.5703125,15.410156],"tintindex":0,"rotation":0,"texture":"#2"},"west":{"uv":[15.1875,2.125,15.207031,2.1601562],"tintindex":0,"rotation":0,"texture":"#2"},"up":{"uv":[15.4453125,10.707031,15.4375,10.6875],"tintindex":0,"rotation":0,"texture":"#2"},"down":{"uv":[10.7578125,15.4375,10.75,15.457031],"tintindex":0,"rotation":0,"texture":"#2"}}},{"from":[7.802344,8.198025,-2.4921875],"to":[8.224218,8.760525,-2.28125],"faces":{"east":{"uv":[15.3125,3.8125,15.324219,3.8476562],"tintindex":0,"rotation":0,"texture":"#2"},"south":{"uv":[1.0,15.125,1.0273438,15.160156],"tintindex":0,"rotation":0,"texture":"#2"},"north":{"uv":[15.125,0.9375,15.152344,0.97265625],"tintindex":0,"rotation":0,"texture":"#2"},"west":{"uv":[3.875,15.3125,3.8867188,15.347656],"tintindex":0,"rotation":0,"texture":"#2"},"up":{"uv":[15.339844,10.886719,15.3125,10.875],"tintindex":0,"rotation":0,"texture":"#2"},"down":{"uv":[10.964844,15.3125,10.9375,15.324219],"tintindex":0,"rotation":0,"texture":"#2"}}},{"from":[7.802344,8.198025,-1.15625],"to":[8.224218,8.760525,-0.9453125],"faces":{"east":{"uv":[15.3125,3.875,15.324219,3.9101562],"tintindex":0,"rotation":0,"texture":"#2"},"south":{"uv":[1.0625,15.125,1.0898438,15.160156],"tintindex":0,"rotation":0,"texture":"#2"},"north":{"uv":[15.125,1.0,15.152344,1.0351562],"tintindex":0,"rotation":0,"texture":"#2"},"west":{"uv":[3.9375,15.3125,3.9492188,15.347656],"tintindex":0,"rotation":0,"texture":"#2"},"up":{"uv":[15.339844,10.949219,15.3125,10.9375],"tintindex":0,"rotation":0,"texture":"#2"},"down":{"uv":[11.027344,15.3125,11.0,15.324219],"tintindex":0,"rotation":0,"texture":"#2"}}},{"from":[7.584375,7.2839622,-2.4921875],"to":[8.428125,8.198025,-2.28125],"faces":{"east":{"uv":[2.1875,15.1875,2.1992188,15.246094],"tintindex":0,"rotation":0,"texture":"#2"},"south":{"uv":[13.9375,3.875,13.9921875,3.9335938],"tintindex":0,"rotation":0,"texture":"#2"},"north":{"uv":[1.3125,13.9375,1.3671875,13.996094],"tintindex":0,"rotation":0,"texture":"#2"},"west":{"uv":[15.1875,2.1875,15.199219,2.2460938],"tintindex":0,"rotation":0,"texture":"#2"},"up":{"uv":[15.2421875,11.324219,15.1875,11.3125],"tintindex":0,"rotation":0,"texture":"#2"},"down":{"uv":[11.4296875,15.1875,11.375,15.199219],"tintindex":0,"rotation":0,"texture":"#2"}}}]}