{"textures":{"2":"modelengine:entity/pillars"},"elements":[{"from":[6.977083,8.230577,-2.0],"to":[7.258333,8.980577,-1.4375],"faces":{"east":{"uv":[1.6875,14.9375,1.7226562,14.984375],"tintindex":0,"rotation":0,"texture":"#2"},"south":{"uv":[15.125,6.25,15.144531,6.296875],"tintindex":0,"rotation":0,"texture":"#2"},"north":{"uv":[6.25,15.125,6.2695312,15.171875],"tintindex":0,"rotation":0,"texture":"#2"},"west":{"uv":[14.9375,1.6875,14.972656,1.734375],"tintindex":0,"rotation":0,"texture":"#2"},"up":{"uv":[2.3320312,15.222656,2.3125,15.1875],"tintindex":0,"rotation":0,"texture":"#2"},"down":{"uv":[15.207031,2.3125,15.1875,2.3476562],"tintindex":0,"rotation":0,"texture":"#2"}}},{"from":[7.445833,7.0118275,-2.75],"to":[8.570833,8.230577,-2.46875],"faces":{"east":{"uv":[14.9375,9.6875,14.957031,9.765625],"tintindex":0,"rotation":0,"texture":"#2"},"south":{"uv":[14.375,13.4375,14.4453125,13.515625],"tintindex":0,"rotation":0,"texture":"#2"},"north":{"uv":[14.375,13.3125,14.4453125,13.390625],"tintindex":0,"rotation":0,"texture":"#2"},"west":{"uv":[9.75,14.9375,9.769531,15.015625],"tintindex":0,"rotation":0,"texture":"#2"},"up":{"uv":[15.0703125,8.769531,15.0,8.75],"tintindex":0,"rotation":0,"texture":"#2"},"down":{"uv":[15.0703125,8.8125,15.0,8.832031],"tintindex":0,"rotation":0,"texture":"#2"}}},{"from":[7.258333,7.0118275,-2.46875],"to":[8.758333,8.980577,-0.96875],"faces":{"east":{"uv":[13.9375,13.1875,14.03125,13.3125],"tintindex":0,"rotation":0,"texture":"#2"},"south":{"uv":[13.9375,13.3125,14.03125,13.4375],"tintindex":0,"rotation":0,"texture":"#2"},"north":{"uv":[13.9375,13.0625,14.03125,13.1875],"tintindex":0,"rotation":0,"texture":"#2"},"west":{"uv":[14.0,0.125,14.09375,0.25],"tintindex":0,"rotation":0,"texture":"#2"},"up":{"uv":[14.15625,12.03125,14.0625,11.9375],"tintindex":0,"rotation":0,"texture":"#2"},"down":{"uv":[12.09375,14.0625,12.0,14.15625],"tintindex":0,"rotation":0,"texture":"#2"}}},{"from":[6.977083,7.0118275,-2.28125],"to":[7.258333,8.230577,-1.15625],"faces":{"east":{"uv":[14.375,13.0625,14.4453125,13.140625],"tintindex":0,"rotation":0,"texture":"#2"},"south":{"uv":[14.9375,9.5625,14.957031,9.640625],"tintindex":0,"rotation":0,"texture":"#2"},"north":{"uv":[9.5625,14.9375,9.582031,15.015625],"tintindex":0,"rotation":0,"texture":"#2"},"west":{"uv":[14.375,13.1875,14.4453125,13.265625],"tintindex":0,"rotation":0,"texture":"#2"},"up":{"uv":[8.582031,15.0703125,8.5625,15.0],"tintindex":0,"rotation":0,"texture":"#2"},"down":{"uv":[15.019531,8.625,15.0,8.6953125],"tintindex":0,"rotation":0,"texture":"#2"}}},{"from":[7.7364583,8.230577,-0.96875],"to":[8.298958,8.980577,-0.6875],"faces":{"east":{"uv":[15.125,6.5,15.144531,6.546875],"tintindex":0,"rotation":0,"texture":"#2"},"south":{"uv":[14.9375,1.8125,14.972656,1.859375],"tintindex":0,"rotation":0,"texture":"#2"},"north":{"uv":[1.8125,14.9375,1.8476562,14.984375],"tintindex":0,"rotation":0,"texture":"#2"},"west":{"uv":[6.5625,15.125,6.5820312,15.171875],"tintindex":0,"rotation":0,"texture":"#2"},"up":{"uv":[2.4726562,15.207031,2.4375,15.1875],"tintindex":0,"rotation":0,"texture":"#2"},"down":{"uv":[15.222656,2.4375,15.1875,2.4570312],"tintindex":0,"rotation":0,"texture":"#2"}}},{"from":[8.758333,7.0118275,-2.09375],"to":[8.945833,8.230577,-1.34375],"faces":{"east":{"uv":[14.6875,1.0,14.734375,1.078125],"tintindex":0,"rotation":0,"texture":"#2"},"south":{"uv":[15.125,6.3125,15.136719,6.390625],"tintindex":0,"rotation":0,"texture":"#2"},"north":{"uv":[6.3125,15.125,6.3242188,15.203125],"tintindex":0,"rotation":0,"texture":"#2"},"west":{"uv":[1.0625,14.6875,1.109375,14.765625],"tintindex":0,"rotation":0,"texture":"#2"},"up":{"uv":[1.8867188,15.296875,1.875,15.25],"tintindex":0,"rotation":0,"texture":"#2"},"down":{"uv":[15.261719,1.875,15.25,1.921875],"tintindex":0,"rotation":0,"texture":"#2"}}},{"from":[8.758333,8.230577,-1.90625],"to":[8.945833,8.980577,-1.53125],"faces":{"east":{"uv":[3.125,15.0625,3.1484375,15.109375],"tintindex":0,"rotation":0,"texture":"#2"},"south":{"uv":[15.25,1.9375,15.261719,1.984375],"tintindex":0,"rotation":0,"texture":"#2"},"north":{"uv":[1.9375,15.25,1.9492188,15.296875],"tintindex":0,"rotation":0,"texture":"#2"},"west":{"uv":[15.0625,3.125,15.0859375,3.171875],"tintindex":0,"rotation":0,"texture":"#2"},"up":{"uv":[6.6367188,15.3984375,6.625,15.375],"tintindex":0,"rotation":0,"texture":"#2"},"down":{"uv":[15.386719,6.625,15.375,6.6484375],"tintindex":0,"rotation":0,"texture":"#2"}}},{"from":[7.7364583,8.230577,-2.75],"to":[8.298958,8.980577,-2.46875],"faces":{"east":{"uv":[15.125,6.4375,15.144531,6.484375],"tintindex":0,"rotation":0,"texture":"#2"},"south":{"uv":[14.9375,1.75,14.972656,1.796875],"tintindex":0,"rotation":0,"texture":"#2"},"north":{"uv":[1.75,14.9375,1.7851562,14.984375],"tintindex":0,"rotation":0,"texture":"#2"},"west":{"uv":[6.5,15.125,6.5195312,15.171875],"tintindex":0,"rotation":0,"texture":"#2"},"up":{"uv":[2.4101562,15.207031,2.375,15.1875],"tintindex":0,"rotation":0,"texture":"#2"},"down":{"uv":[15.222656,2.375,15.1875,2.3945312],"tintindex":0,"rotation":0,"texture":"#2"}}},{"from":[7.445833,7.0118275,-0.96875],"to":[8.570833,8.230577,-0.6875],"faces":{"east":{"uv":[9.8125,14.9375,9.832031,15.015625],"tintindex":0,"rotation":0,"texture":"#2"},"south":{"uv":[13.75,14.375,13.8203125,14.453125],"tintindex":0,"rotation":0,"texture":"#2"},"north":{"uv":[14.375,13.5625,14.4453125,13.640625],"tintindex":0,"rotation":0,"texture":"#2"},"west":{"uv":[14.9375,9.8125,14.957031,9.890625],"tintindex":0,"rotation":0,"texture":"#2"},"up":{"uv":[15.0703125,8.894531,15.0,8.875],"tintindex":0,"rotation":0,"texture":"#2"},"down":{"uv":[15.0703125,8.9375,15.0,8.957031],"tintindex":0,"rotation":0,"texture":"#2"}}}]}