{"textures":{"2":"modelengine:entity/pillars"},"elements":[{"from":[3.226389,2.799696,-5.2749996],"to":[4.538889,8.487196,-0.024999619],"faces":{"east":{"uv":[2.4375,10.5625,2.765625,10.917969],"tintindex":0,"rotation":0,"texture":"#2"},"south":{"uv":[3.875,12.9375,3.9570312,13.292969],"tintindex":0,"rotation":0,"texture":"#2"},"north":{"uv":[12.9375,3.8125,13.019531,4.1679688],"tintindex":0,"rotation":0,"texture":"#2"},"west":{"uv":[10.5625,2.4375,10.890625,2.7929688],"tintindex":0,"rotation":0,"texture":"#2"},"up":{"uv":[12.707031,13.328125,12.625,13.0],"tintindex":0,"rotation":0,"texture":"#2"},"down":{"uv":[12.832031,13.0,12.75,13.328125],"tintindex":0,"rotation":0,"texture":"#2"}}},{"from":[3.226389,8.487196,-3.9624996],"to":[4.538889,11.987196,-1.3374996],"faces":{"east":{"uv":[4.125,12.6875,4.2890625,12.90625],"tintindex":0,"rotation":0,"texture":"#2"},"south":{"uv":[13.625,4.125,13.707031,4.34375],"tintindex":0,"rotation":0,"texture":"#2"},"north":{"uv":[12.8125,13.5625,12.894531,13.78125],"tintindex":0,"rotation":0,"texture":"#2"},"west":{"uv":[4.9375,12.6875,5.1015625,12.90625],"tintindex":0,"rotation":0,"texture":"#2"},"up":{"uv":[7.7695312,13.9765625,7.6875,13.8125],"tintindex":0,"rotation":0,"texture":"#2"},"down":{"uv":[13.894531,7.75,13.8125,7.9140625],"tintindex":0,"rotation":0,"texture":"#2"}}},{"from":[11.538889,8.487196,-3.5249996],"to":[12.413889,11.987196,-1.7749996],"faces":{"east":{"uv":[13.25,5.4375,13.359375,5.65625],"tintindex":0,"rotation":0,"texture":"#2"},"south":{"uv":[12.625,13.8125,12.6796875,14.03125],"tintindex":0,"rotation":0,"texture":"#2"},"north":{"uv":[12.5625,13.8125,12.6171875,14.03125],"tintindex":0,"rotation":0,"texture":"#2"},"west":{"uv":[5.5,13.25,5.609375,13.46875],"tintindex":0,"rotation":0,"texture":"#2"},"up":{"uv":[1.1171875,14.484375,1.0625,14.375],"tintindex":0,"rotation":0,"texture":"#2"},"down":{"uv":[1.1796875,14.375,1.125,14.484375],"tintindex":0,"rotation":0,"texture":"#2"}}},{"from":[6.7701397,8.487196,0.8500004],"to":[9.39514,11.987196,2.1625004],"faces":{"east":{"uv":[13.625,4.875,13.707031,5.09375],"tintindex":0,"rotation":0,"texture":"#2"},"south":{"uv":[12.6875,6.0625,12.8515625,6.28125],"tintindex":0,"rotation":0,"texture":"#2"},"north":{"uv":[6.0,12.6875,6.1640625,12.90625],"tintindex":0,"rotation":0,"texture":"#2"},"west":{"uv":[13.625,5.125,13.707031,5.34375],"tintindex":0,"rotation":0,"texture":"#2"},"up":{"uv":[13.9765625,8.144531,13.8125,8.0625],"tintindex":0,"rotation":0,"texture":"#2"},"down":{"uv":[13.9765625,8.1875,13.8125,8.269531],"tintindex":0,"rotation":0,"texture":"#2"}}},{"from":[5.413889,2.799696,0.8500004],"to":[10.663889,8.487196,2.1625004],"faces":{"east":{"uv":[12.9375,4.1875,13.019531,4.5429688],"tintindex":0,"rotation":0,"texture":"#2"},"south":{"uv":[10.5625,3.5625,10.890625,3.9179688],"tintindex":0,"rotation":0,"texture":"#2"},"north":{"uv":[10.5625,3.1875,10.890625,3.5429688],"tintindex":0,"rotation":0,"texture":"#2"},"west":{"uv":[4.25,12.9375,4.3320312,13.292969],"tintindex":0,"rotation":0,"texture":"#2"},"up":{"uv":[13.390625,1.0820312,13.0625,1.0],"tintindex":0,"rotation":0,"texture":"#2"},"down":{"uv":[13.390625,1.125,13.0625,1.2070312],"tintindex":0,"rotation":0,"texture":"#2"}}},{"from":[4.538889,2.799696,-6.1499996],"to":[11.538889,11.987196,0.8500004],"faces":{"east":{"uv":[7.3125,8.1875,7.75,8.761719],"tintindex":0,"rotation":0,"texture":"#2"},"south":{"uv":[8.25,0.0,8.6875,0.57421875],"tintindex":0,"rotation":0,"texture":"#2"},"north":{"uv":[6.875,8.1875,7.3125,8.761719],"tintindex":0,"rotation":0,"texture":"#2"},"west":{"uv":[8.25,3.125,8.6875,3.6992188],"tintindex":0,"rotation":0,"texture":"#2"},"up":{"uv":[3.0,9.25,2.5625,8.8125],"tintindex":0,"rotation":0,"texture":"#2"},"down":{"uv":[7.125,8.8125,6.6875,9.25],"tintindex":0,"rotation":0,"texture":"#2"}}},{"from":[11.538889,2.799696,-4.3999996],"to":[12.413889,8.487196,-0.8999996],"faces":{"east":{"uv":[5.125,11.4375,5.34375,11.792969],"tintindex":0,"rotation":0,"texture":"#2"},"south":{"uv":[6.6875,13.4375,6.7421875,13.792969],"tintindex":0,"rotation":0,"texture":"#2"},"north":{"uv":[7.9375,13.375,7.9921875,13.730469],"tintindex":0,"rotation":0,"texture":"#2"},"west":{"uv":[5.375,11.4375,5.59375,11.792969],"tintindex":0,"rotation":0,"texture":"#2"},"up":{"uv":[12.3046875,14.03125,12.25,13.8125],"tintindex":0,"rotation":0,"texture":"#2"},"down":{"uv":[12.3671875,13.8125,12.3125,14.03125],"tintindex":0,"rotation":0,"texture":"#2"}}},{"from":[5.413889,2.799696,-7.4624996],"to":[10.663889,8.487196,-6.1499996],"faces":{"east":{"uv":[4.0,12.9375,4.0820312,13.292969],"tintindex":0,"rotation":0,"texture":"#2"},"south":{"uv":[10.5625,2.8125,10.890625,3.1679688],"tintindex":0,"rotation":0,"texture":"#2"},"north":{"uv":[2.8125,10.5625,3.140625,10.917969],"tintindex":0,"rotation":0,"texture":"#2"},"west":{"uv":[4.125,12.9375,4.2070312,13.292969],"tintindex":0,"rotation":0,"texture":"#2"},"up":{"uv":[13.390625,0.83203125,13.0625,0.75],"tintindex":0,"rotation":0,"texture":"#2"},"down":{"uv":[13.390625,0.875,13.0625,0.95703125],"tintindex":0,"rotation":0,"texture":"#2"}}},{"from":[6.7701397,8.487196,-7.4624996],"to":[9.39514,11.987196,-6.1499996],"faces":{"east":{"uv":[13.625,4.375,13.707031,4.59375],"tintindex":0,"rotation":0,"texture":"#2"},"south":{"uv":[5.8125,12.6875,5.9765625,12.90625],"tintindex":0,"rotation":0,"texture":"#2"},"north":{"uv":[5.125,12.6875,5.2890625,12.90625],"tintindex":0,"rotation":0,"texture":"#2"},"west":{"uv":[13.625,4.625,13.707031,4.84375],"tintindex":0,"rotation":0,"texture":"#2"},"up":{"uv":[8.1015625,13.894531,7.9375,13.8125],"tintindex":0,"rotation":0,"texture":"#2"},"down":{"uv":[13.9765625,7.9375,13.8125,8.019531],"tintindex":0,"rotation":0,"texture":"#2"}}}]}