{"textures":{"2":"modelengine:entity/pillars"},"elements":[{"from":[6.4711285,8.755371,12.350937],"to":[9.734331,13.106312,13.982536],"faces":{"east":{"uv":[12.9375,8.6875,13.0390625,8.9609375],"tintindex":0,"rotation":0,"texture":"#2"},"south":{"uv":[11.5,11.9375,11.703125,12.2109375],"tintindex":0,"rotation":0,"texture":"#2"},"north":{"uv":[11.9375,11.4375,12.140625,11.7109375],"tintindex":0,"rotation":0,"texture":"#2"},"west":{"uv":[12.9375,9.375,13.0390625,9.6484375],"tintindex":0,"rotation":0,"texture":"#2"},"up":{"uv":[13.515625,9.7890625,13.3125,9.6875],"tintindex":0,"rotation":0,"texture":"#2"},"down":{"uv":[13.515625,9.8125,13.3125,9.9140625],"tintindex":0,"rotation":0,"texture":"#2"}}},{"from":[4.785139,1.6851006,12.350937],"to":[11.311546,8.755371,13.982536],"faces":{"east":{"uv":[12.1875,6.3125,12.2890625,6.7539062],"tintindex":0,"rotation":0,"texture":"#2"},"south":{"uv":[1.75,9.125,2.15625,9.566406],"tintindex":0,"rotation":0,"texture":"#2"},"north":{"uv":[1.3125,9.125,1.71875,9.566406],"tintindex":0,"rotation":0,"texture":"#2"},"west":{"uv":[12.1875,6.8125,12.2890625,7.2539062],"tintindex":0,"rotation":0,"texture":"#2"},"up":{"uv":[12.71875,5.9140625,12.3125,5.8125],"tintindex":0,"rotation":0,"texture":"#2"},"down":{"uv":[12.71875,5.9375,12.3125,6.0390625],"tintindex":0,"rotation":0,"texture":"#2"}}},{"from":[2.0658035,8.755371,6.3683968],"to":[3.6974049,13.106312,9.631599],"faces":{"east":{"uv":[10.75,11.9375,10.953125,12.2109375],"tintindex":0,"rotation":0,"texture":"#2"},"south":{"uv":[12.9375,7.75,13.0390625,8.0234375],"tintindex":0,"rotation":0,"texture":"#2"},"north":{"uv":[12.9375,7.4375,13.0390625,7.7109375],"tintindex":0,"rotation":0,"texture":"#2"},"west":{"uv":[11.9375,10.8125,12.140625,11.0859375],"tintindex":0,"rotation":0,"texture":"#2"},"up":{"uv":[8.6015625,13.515625,8.5,13.3125],"tintindex":0,"rotation":0,"texture":"#2"},"down":{"uv":[8.7265625,13.3125,8.625,13.515625],"tintindex":0,"rotation":0,"texture":"#2"}}},{"from":[12.399281,1.6851006,5.8245316],"to":[13.487015,8.755371,10.175468],"faces":{"east":{"uv":[10.0625,9.1875,10.3359375,9.628906],"tintindex":0,"rotation":0,"texture":"#2"},"south":{"uv":[1.75,12.875,1.8164062,13.316406],"tintindex":0,"rotation":0,"texture":"#2"},"north":{"uv":[1.625,12.875,1.6914062,13.316406],"tintindex":0,"rotation":0,"texture":"#2"},"west":{"uv":[0.0,10.125,0.2734375,10.566406],"tintindex":0,"rotation":0,"texture":"#2"},"up":{"uv":[13.566406,5.0234375,13.5,4.75],"tintindex":0,"rotation":0,"texture":"#2"},"down":{"uv":[4.9414062,13.5,4.875,13.7734375],"tintindex":0,"rotation":0,"texture":"#2"}}},{"from":[4.785139,1.6851006,2.0174599],"to":[11.311546,8.755371,3.649063],"faces":{"east":{"uv":[12.1875,4.5625,12.2890625,5.0039062],"tintindex":0,"rotation":0,"texture":"#2"},"south":{"uv":[8.1875,9.0625,8.59375,9.503906],"tintindex":0,"rotation":0,"texture":"#2"},"north":{"uv":[5.0625,9.0625,5.46875,9.503906],"tintindex":0,"rotation":0,"texture":"#2"},"west":{"uv":[12.1875,5.8125,12.2890625,6.2539062],"tintindex":0,"rotation":0,"texture":"#2"},"up":{"uv":[12.71875,4.2890625,12.3125,4.1875],"tintindex":0,"rotation":0,"texture":"#2"},"down":{"uv":[5.46875,12.3125,5.0625,12.4140625],"tintindex":0,"rotation":0,"texture":"#2"}}},{"from":[12.399281,8.755371,6.912266],"to":[13.487015,13.106312,9.087734],"faces":{"east":{"uv":[0.5,12.4375,0.63671875,12.7109375],"tintindex":0,"rotation":0,"texture":"#2"},"south":{"uv":[5.125,13.5,5.1914062,13.7734375],"tintindex":0,"rotation":0,"texture":"#2"},"north":{"uv":[5.0,13.5,5.0664062,13.7734375],"tintindex":0,"rotation":0,"texture":"#2"},"west":{"uv":[1.4375,12.4375,1.5742188,12.7109375],"tintindex":0,"rotation":0,"texture":"#2"},"up":{"uv":[10.816406,14.199219,10.75,14.0625],"tintindex":0,"rotation":0,"texture":"#2"},"down":{"uv":[14.128906,10.75,14.0625,10.886719],"tintindex":0,"rotation":0,"texture":"#2"}}},{"from":[6.4711285,8.755371,2.0174599],"to":[9.734331,13.106312,3.649063],"faces":{"east":{"uv":[12.9375,8.0625,13.0390625,8.3359375],"tintindex":0,"rotation":0,"texture":"#2"},"south":{"uv":[11.9375,11.125,12.140625,11.3984375],"tintindex":0,"rotation":0,"texture":"#2"},"north":{"uv":[11.0,11.9375,11.203125,12.2109375],"tintindex":0,"rotation":0,"texture":"#2"},"west":{"uv":[12.9375,8.375,13.0390625,8.6484375],"tintindex":0,"rotation":0,"texture":"#2"},"up":{"uv":[8.953125,13.4140625,8.75,13.3125],"tintindex":0,"rotation":0,"texture":"#2"},"down":{"uv":[9.765625,13.3125,9.5625,13.4140625],"tintindex":0,"rotation":0,"texture":"#2"}}},{"from":[2.0658035,1.6851006,4.7367973],"to":[3.6974049,8.755371,11.263203],"faces":{"east":{"uv":[4.1875,9.0625,4.59375,9.503906],"tintindex":0,"rotation":0,"texture":"#2"},"south":{"uv":[12.1875,2.1875,12.2890625,2.6289062],"tintindex":0,"rotation":0,"texture":"#2"},"north":{"uv":[1.3125,12.1875,1.4140625,12.628906],"tintindex":0,"rotation":0,"texture":"#2"},"west":{"uv":[4.625,9.0625,5.03125,9.503906],"tintindex":0,"rotation":0,"texture":"#2"},"up":{"uv":[4.5390625,12.71875,4.4375,12.3125],"tintindex":0,"rotation":0,"texture":"#2"},"down":{"uv":[12.4140625,4.5625,12.3125,4.96875],"tintindex":0,"rotation":0,"texture":"#2"}}},{"from":[3.6974049,1.6851006,3.649063],"to":[12.399281,13.106312,12.350937],"faces":{"east":{"uv":[1.125,6.75,1.6679688,7.4648438],"tintindex":0,"rotation":0,"texture":"#2"},"south":{"uv":[1.6875,6.75,2.2304688,7.4648438],"tintindex":0,"rotation":0,"texture":"#2"},"north":{"uv":[0.5625,6.75,1.1054688,7.4648438],"tintindex":0,"rotation":0,"texture":"#2"},"west":{"uv":[2.25,6.75,2.7929688,7.4648438],"tintindex":0,"rotation":0,"texture":"#2"},"up":{"uv":[8.042969,3.0429688,7.5,2.5],"tintindex":0,"rotation":0,"texture":"#2"},"down":{"uv":[8.105469,3.0625,7.5625,3.6054688],"tintindex":0,"rotation":0,"texture":"#2"}}}]}