{"textures":{"2":"modelengine:entity/pillars"},"elements":[{"from":[7.2909584,25.90985,7.2909584],"to":[8.709042,28.765152,8.709042],"faces":{"east":{"uv":[9.375,1.0,9.640625,1.5351562],"tintindex":0,"rotation":0,"texture":"#2"},"south":{"uv":[9.375,5.9375,9.640625,6.4726562],"tintindex":0,"rotation":0,"texture":"#2"},"north":{"uv":[9.375,0.4375,9.640625,0.97265625],"tintindex":0,"rotation":0,"texture":"#2"},"west":{"uv":[9.4375,1.5625,9.703125,2.0976562],"tintindex":0,"rotation":0,"texture":"#2"},"up":{"uv":[11.765625,2.515625,11.5,2.25],"tintindex":0,"rotation":0,"texture":"#2"},"down":{"uv":[11.765625,2.5625,11.5,2.828125],"tintindex":0,"rotation":0,"texture":"#2"}}}]}