{"textures":{"2":"modelengine:entity/pillars"},"elements":[{"from":[7.2909584,25.90985,7.2909584],"to":[8.709042,28.765152,8.709042],"faces":{"east":{"uv":[9.3125,7.375,9.578125,7.9101562],"tintindex":0,"rotation":0,"texture":"#2"},"south":{"uv":[9.3125,7.9375,9.578125,8.472656],"tintindex":0,"rotation":0,"texture":"#2"},"north":{"uv":[7.0625,9.3125,7.328125,9.847656],"tintindex":0,"rotation":0,"texture":"#2"},"west":{"uv":[9.3125,8.5,9.578125,9.035156],"tintindex":0,"rotation":0,"texture":"#2"},"up":{"uv":[9.203125,7.203125,8.9375,6.9375],"tintindex":0,"rotation":0,"texture":"#2"},"down":{"uv":[10.328125,9.6875,10.0625,9.953125],"tintindex":0,"rotation":0,"texture":"#2"}}}]}