{"textures":{"2":"modelengine:entity/pillars"},"elements":[{"from":[7.51875,20.156006,7.51875],"to":[8.48125,22.093994,8.481251],"faces":{"east":{"uv":[12.625,12.75,12.746094,12.9921875],"tintindex":0,"rotation":0,"texture":"#2"},"south":{"uv":[12.75,12.75,12.871094,12.9921875],"tintindex":0,"rotation":0,"texture":"#2"},"north":{"uv":[12.25,12.75,12.371094,12.9921875],"tintindex":0,"rotation":0,"texture":"#2"},"west":{"uv":[12.8125,1.5,12.933594,1.7421875],"tintindex":0,"rotation":0,"texture":"#2"},"up":{"uv":[8.246094,11.246094,8.125,11.125],"tintindex":0,"rotation":0,"texture":"#2"},"down":{"uv":[11.496094,4.5,11.375,4.6210938],"tintindex":0,"rotation":0,"texture":"#2"}}}]}