{"textures":{"1":"modelengine:entity/icecubes"},"elements":[{"from":[2.875,7.0,1.125],"to":[16.625,20.25,31.375],"faces":{"east":{"uv":[12.3125,11.625,14.203125,12.453125],"tintindex":0,"rotation":0,"texture":"#1"},"south":{"uv":[13.375,6.5,14.234375,7.328125],"tintindex":0,"rotation":0,"texture":"#1"},"north":{"uv":[13.1875,13.1875,14.046875,14.015625],"tintindex":0,"rotation":0,"texture":"#1"},"west":{"uv":[12.5,3.875,14.390625,4.703125],"tintindex":0,"rotation":0,"texture":"#1"},"up":{"uv":[12.484375,5.765625,11.625,3.875],"tintindex":0,"rotation":0,"texture":"#1"},"down":{"uv":[12.484375,5.8125,11.625,7.703125],"tintindex":0,"rotation":0,"texture":"#1"}}},{"from":[2.875,20.25,1.125],"to":[16.625,21.25,31.375],"faces":{"east":{"uv":[12.5,11.5,14.390625,11.5625],"tintindex":0,"rotation":0,"texture":"#1"},"south":{"uv":[11.0,13.75,11.859375,13.8125],"tintindex":0,"rotation":0,"texture":"#1"},"north":{"uv":[11.0,13.6875,11.859375,13.75],"tintindex":0,"rotation":0,"texture":"#1"},"west":{"uv":[12.5,11.5625,14.390625,11.625],"tintindex":0,"rotation":0,"texture":"#1"},"up":{"uv":[12.484375,9.640625,11.625,7.75],"tintindex":0,"rotation":0,"texture":"#1"},"down":{"uv":[10.546875,11.625,9.6875,13.515625],"tintindex":0,"rotation":0,"texture":"#1"}}}]}