{"textures":{"1":"modelengine:entity/icecubes"},"elements":[{"from":[2.875,7.0,1.125],"to":[16.625,20.25,31.375],"faces":{"east":{"uv":[12.5,4.75,14.390625,5.578125],"tintindex":0,"rotation":0,"texture":"#1"},"south":{"uv":[13.375,8.25,14.234375,9.078125],"tintindex":0,"rotation":0,"texture":"#1"},"north":{"uv":[13.375,7.375,14.234375,8.203125],"tintindex":0,"rotation":0,"texture":"#1"},"west":{"uv":[12.5,5.625,14.390625,6.453125],"tintindex":0,"rotation":0,"texture":"#1"},"up":{"uv":[12.484375,11.578125,11.625,9.6875],"tintindex":0,"rotation":0,"texture":"#1"},"down":{"uv":[11.421875,11.625,10.5625,13.515625],"tintindex":0,"rotation":0,"texture":"#1"}}},{"from":[2.875,20.25,1.125],"to":[16.625,21.25,31.375],"faces":{"east":{"uv":[13.5625,3.8125,15.453125,3.875],"tintindex":0,"rotation":0,"texture":"#1"},"south":{"uv":[0.875,13.9375,1.734375,14.0],"tintindex":0,"rotation":0,"texture":"#1"},"north":{"uv":[0.875,13.875,1.734375,13.9375],"tintindex":0,"rotation":0,"texture":"#1"},"west":{"uv":[4.375,14.0625,6.265625,14.125],"tintindex":0,"rotation":0,"texture":"#1"},"up":{"uv":[12.296875,13.515625,11.4375,11.625],"tintindex":0,"rotation":0,"texture":"#1"},"down":{"uv":[0.859375,12.25,0.0,14.140625],"tintindex":0,"rotation":0,"texture":"#1"}}}]}