{"textures":{"1":"modelengine:entity/icecubes"},"elements":[{"from":[-3.9375,14.25,4.5625],"to":[11.1875,14.75,19.6875],"faces":{"east":{"uv":[13.5625,0.6875,15.453125,0.96875],"tintindex":0,"rotation":0,"texture":"#1"},"south":{"uv":[13.5625,1.0,15.453125,1.28125],"tintindex":0,"rotation":0,"texture":"#1"},"north":{"uv":[12.5,11.1875,14.390625,11.46875],"tintindex":0,"rotation":0,"texture":"#1"},"west":{"uv":[13.5625,1.3125,15.453125,1.59375],"tintindex":0,"rotation":0,"texture":"#1"},"up":{"uv":[7.703125,11.078125,5.8125,9.1875],"tintindex":0,"rotation":0,"texture":"#1"},"down":{"uv":[9.640625,9.1875,7.75,11.078125],"tintindex":0,"rotation":0,"texture":"#1"}}},{"from":[-3.9375,-10.25,4.5625],"to":[11.1875,14.25,19.6875],"faces":{"east":{"uv":[1.9375,0.0,3.828125,3.0625],"tintindex":0,"rotation":0,"texture":"#1"},"south":{"uv":[0.0,3.0625,1.890625,6.125],"tintindex":0,"rotation":0,"texture":"#1"},"north":{"uv":[0.0,0.0,1.890625,3.0625],"tintindex":0,"rotation":0,"texture":"#1"},"west":{"uv":[1.9375,3.0625,3.828125,6.125],"tintindex":0,"rotation":0,"texture":"#1"},"up":{"uv":[3.828125,11.078125,1.9375,9.1875],"tintindex":0,"rotation":0,"texture":"#1"},"down":{"uv":[5.765625,9.1875,3.875,11.078125],"tintindex":0,"rotation":0,"texture":"#1"}}}]}