{"textures":{"1":"modelengine:entity/icecubes"},"elements":[{"from":[-3.9375,14.25,4.5625],"to":[8.3125,14.75,14.8125],"faces":{"east":{"uv":[6.3125,13.75,8.203125,14.03125],"tintindex":0,"rotation":0,"texture":"#1"},"south":{"uv":[8.25,13.875,10.140625,14.15625],"tintindex":0,"rotation":0,"texture":"#1"},"north":{"uv":[4.375,13.75,6.265625,14.03125],"tintindex":0,"rotation":0,"texture":"#1"},"west":{"uv":[10.1875,13.875,12.078125,14.15625],"tintindex":0,"rotation":0,"texture":"#1"},"up":{"uv":[13.515625,1.890625,11.625,0.0],"tintindex":0,"rotation":0,"texture":"#1"},"down":{"uv":[13.515625,1.9375,11.625,3.828125],"tintindex":0,"rotation":0,"texture":"#1"}}},{"from":[-3.9375,-10.25,4.5625],"to":[8.3125,14.25,14.8125],"faces":{"east":{"uv":[7.75,3.0625,9.640625,6.125],"tintindex":0,"rotation":0,"texture":"#1"},"south":{"uv":[7.75,6.125,9.640625,9.1875],"tintindex":0,"rotation":0,"texture":"#1"},"north":{"uv":[7.75,0.0,9.640625,3.0625],"tintindex":0,"rotation":0,"texture":"#1"},"west":{"uv":[0.0,9.1875,1.890625,12.25],"tintindex":0,"rotation":0,"texture":"#1"},"up":{"uv":[7.703125,13.015625,5.8125,11.125],"tintindex":0,"rotation":0,"texture":"#1"},"down":{"uv":[9.640625,11.125,7.75,13.015625],"tintindex":0,"rotation":0,"texture":"#1"}}}]}