{"textures":{"2":"modelengine:entity/pillars"},"elements":[{"from":[7.79375,13.209717,7.793749],"to":[8.20625,14.040283,8.206249],"faces":{"east":{"uv":[15.0,3.875,15.027344,3.9257812],"tintindex":0,"rotation":0,"texture":"#2"},"south":{"uv":[3.9375,15.0,3.9648438,15.050781],"tintindex":0,"rotation":0,"texture":"#2"},"north":{"uv":[3.875,15.0,3.9023438,15.050781],"tintindex":0,"rotation":0,"texture":"#2"},"west":{"uv":[15.0,3.9375,15.027344,3.9882812],"tintindex":0,"rotation":0,"texture":"#2"},"up":{"uv":[15.152344,13.652344,15.125,13.625],"tintindex":0,"rotation":0,"texture":"#2"},"down":{"uv":[13.714844,15.125,13.6875,15.152344],"tintindex":0,"rotation":0,"texture":"#2"}}}]}