{"textures":{"2":"modelengine:entity/pillars"},"elements":[{"from":[7.79375,13.209717,7.793749],"to":[8.20625,14.040283,8.206249],"faces":{"east":{"uv":[15.0,2.375,15.027344,2.4257812],"tintindex":0,"rotation":0,"texture":"#2"},"south":{"uv":[2.4375,15.0,2.4648438,15.050781],"tintindex":0,"rotation":0,"texture":"#2"},"north":{"uv":[2.375,15.0,2.4023438,15.050781],"tintindex":0,"rotation":0,"texture":"#2"},"west":{"uv":[15.0,2.4375,15.027344,2.4882812],"tintindex":0,"rotation":0,"texture":"#2"},"up":{"uv":[15.152344,12.902344,15.125,12.875],"tintindex":0,"rotation":0,"texture":"#2"},"down":{"uv":[12.964844,15.125,12.9375,15.152344],"tintindex":0,"rotation":0,"texture":"#2"}}}]}