{"textures":{"2":"modelengine:entity/pillars"},"elements":[{"from":[7.5875,18.419434,7.5875],"to":[8.4125,20.080566,8.4125],"faces":{"east":{"uv":[8.0625,14.4375,8.113281,14.542969],"tintindex":0,"rotation":0,"texture":"#2"},"south":{"uv":[8.125,14.4375,8.175781,14.542969],"tintindex":0,"rotation":0,"texture":"#2"},"north":{"uv":[14.4375,8.0,14.488281,8.105469],"tintindex":0,"rotation":0,"texture":"#2"},"west":{"uv":[14.4375,8.125,14.488281,8.230469],"tintindex":0,"rotation":0,"texture":"#2"},"up":{"uv":[14.800781,12.363281,14.75,12.3125],"tintindex":0,"rotation":0,"texture":"#2"},"down":{"uv":[14.800781,12.375,14.75,12.425781],"tintindex":0,"rotation":0,"texture":"#2"}}}]}