{"textures":{"2":"modelengine:entity/pillars"},"elements":[{"from":[7.79375,13.209717,7.793749],"to":[8.20625,14.040283,8.206249],"faces":{"east":{"uv":[15.0,4.125,15.027344,4.1757812],"tintindex":0,"rotation":0,"texture":"#2"},"south":{"uv":[4.1875,15.0,4.2148438,15.050781],"tintindex":0,"rotation":0,"texture":"#2"},"north":{"uv":[4.125,15.0,4.1523438,15.050781],"tintindex":0,"rotation":0,"texture":"#2"},"west":{"uv":[15.0,4.1875,15.027344,4.2382812],"tintindex":0,"rotation":0,"texture":"#2"},"up":{"uv":[15.152344,13.777344,15.125,13.75],"tintindex":0,"rotation":0,"texture":"#2"},"down":{"uv":[13.839844,15.125,13.8125,15.152344],"tintindex":0,"rotation":0,"texture":"#2"}}}]}