{"textures":{"2":"modelengine:entity/pillars"},"elements":[{"from":[7.5875,18.419434,7.5875],"to":[8.4125,20.080566,8.4125],"faces":{"east":{"uv":[8.5625,14.4375,8.613281,14.542969],"tintindex":0,"rotation":0,"texture":"#2"},"south":{"uv":[8.625,14.4375,8.675781,14.542969],"tintindex":0,"rotation":0,"texture":"#2"},"north":{"uv":[8.5,14.4375,8.550781,14.542969],"tintindex":0,"rotation":0,"texture":"#2"},"west":{"uv":[8.6875,14.4375,8.738281,14.542969],"tintindex":0,"rotation":0,"texture":"#2"},"up":{"uv":[12.488281,14.800781,12.4375,14.75],"tintindex":0,"rotation":0,"texture":"#2"},"down":{"uv":[14.800781,12.4375,14.75,12.488281],"tintindex":0,"rotation":0,"texture":"#2"}}}]}