{"textures":{"2":"modelengine:entity/pillars"},"elements":[{"from":[7.79375,13.209717,7.793749],"to":[8.20625,14.040283,8.206249],"faces":{"east":{"uv":[15.0,3.75,15.027344,3.8007812],"tintindex":0,"rotation":0,"texture":"#2"},"south":{"uv":[3.8125,15.0,3.8398438,15.050781],"tintindex":0,"rotation":0,"texture":"#2"},"north":{"uv":[3.75,15.0,3.7773438,15.050781],"tintindex":0,"rotation":0,"texture":"#2"},"west":{"uv":[15.0,3.8125,15.027344,3.8632812],"tintindex":0,"rotation":0,"texture":"#2"},"up":{"uv":[15.152344,13.589844,15.125,13.5625],"tintindex":0,"rotation":0,"texture":"#2"},"down":{"uv":[13.652344,15.125,13.625,15.152344],"tintindex":0,"rotation":0,"texture":"#2"}}}]}