{"textures":{"2":"modelengine:entity/pillars"},"elements":[{"from":[7.79375,13.209717,7.793749],"to":[8.20625,14.040283,8.206249],"faces":{"east":{"uv":[4.75,15.0,4.7773438,15.050781],"tintindex":0,"rotation":0,"texture":"#2"},"south":{"uv":[15.0,4.75,15.027344,4.8007812],"tintindex":0,"rotation":0,"texture":"#2"},"north":{"uv":[4.6875,15.0,4.7148438,15.050781],"tintindex":0,"rotation":0,"texture":"#2"},"west":{"uv":[15.0,4.8125,15.027344,4.8632812],"tintindex":0,"rotation":0,"texture":"#2"},"up":{"uv":[15.152344,14.027344,15.125,14.0],"tintindex":0,"rotation":0,"texture":"#2"},"down":{"uv":[14.089844,15.125,14.0625,15.152344],"tintindex":0,"rotation":0,"texture":"#2"}}}]}