{"textures":{"2":"modelengine:entity/pillars"},"elements":[{"from":[7.79375,13.209717,7.793749],"to":[8.20625,14.040283,8.206249],"faces":{"east":{"uv":[15.0,3.25,15.027344,3.3007812],"tintindex":0,"rotation":0,"texture":"#2"},"south":{"uv":[3.3125,15.0,3.3398438,15.050781],"tintindex":0,"rotation":0,"texture":"#2"},"north":{"uv":[3.25,15.0,3.2773438,15.050781],"tintindex":0,"rotation":0,"texture":"#2"},"west":{"uv":[15.0,3.3125,15.027344,3.3632812],"tintindex":0,"rotation":0,"texture":"#2"},"up":{"uv":[15.152344,13.339844,15.125,13.3125],"tintindex":0,"rotation":0,"texture":"#2"},"down":{"uv":[13.402344,15.125,13.375,15.152344],"tintindex":0,"rotation":0,"texture":"#2"}}}]}