{"textures":{"4":"modelengine:entity/head_redeyes"},"elements":[{"from":[3.063764,4.1068716,2.0810108],"to":[8.492336,9.249729,8.223868],"rotation":{"angle":45.0,"axis":"y","origin":[7.7715945,6.468907,4.984967]},"faces":{"east":{"uv":[1.25,3.875,2.625,5.0],"rotation":0,"texture":"#4","tintindex":0},"south":{"uv":[5.375,3.375,6.625,4.5],"rotation":0,"texture":"#4","tintindex":0},"north":{"uv":[5.125,5.25,6.375,6.375],"rotation":0,"texture":"#4","tintindex":0},"west":{"uv":[2.625,4.125,4.0,5.25],"rotation":0,"texture":"#4","tintindex":0},"up":{"uv":[4.375,1.375,3.125,0.0],"rotation":0,"texture":"#4","tintindex":0},"down":{"uv":[4.375,1.375,3.125,2.75],"rotation":0,"texture":"#4","tintindex":0}}},{"from":[2.9390664,3.784083,3.8318887],"to":[10.224781,8.784083,9.974746],"rotation":{"angle":45.0,"axis":"x","origin":[7.939067,6.641226,6.9033175]},"faces":{"east":{"uv":[4.0,4.125,5.375,5.25],"rotation":0,"texture":"#4","tintindex":0},"south":{"uv":[1.625,2.75,3.25,3.875],"rotation":0,"texture":"#4","tintindex":0},"north":{"uv":[0.0,2.75,1.625,3.875],"rotation":0,"texture":"#4","tintindex":0},"west":{"uv":[4.375,0.0,5.75,1.125],"rotation":0,"texture":"#4","tintindex":0},"up":{"uv":[1.625,1.375,0.0,0.0],"rotation":0,"texture":"#4","tintindex":0},"down":{"uv":[1.625,1.375,0.0,2.75],"rotation":0,"texture":"#4","tintindex":0}}},{"from":[2.4914885,4.119667,4.0718346],"to":[7.777203,9.262525,10.214692],"rotation":{"angle":45.0,"axis":"y","origin":[6.4914885,6.6910954,6.5718346]},"faces":{"east":{"uv":[4.375,1.125,5.75,2.25],"rotation":0,"texture":"#4","tintindex":0},"south":{"uv":[1.125,6.375,2.25,7.5],"rotation":0,"texture":"#4","tintindex":0},"north":{"uv":[5.875,2.25,7.0,3.375],"rotation":0,"texture":"#4","tintindex":0},"west":{"uv":[4.5,2.25,5.875,3.375],"rotation":0,"texture":"#4","tintindex":0},"up":{"uv":[2.375,6.375,1.25,5.0],"rotation":0,"texture":"#4","tintindex":0},"down":{"uv":[1.125,5.25,0.0,6.625],"rotation":0,"texture":"#4","tintindex":0}}},{"from":[5.188564,4.1068716,3.7514048],"to":[10.617136,9.249729,9.894262],"rotation":{"angle":45.0,"axis":"y","origin":[9.188564,6.678301,6.9656906]},"faces":{"east":{"uv":[2.375,5.25,3.75,6.375],"rotation":0,"texture":"#4","tintindex":0},"south":{"uv":[5.75,1.125,7.0,2.25],"rotation":0,"texture":"#4","tintindex":0},"north":{"uv":[5.75,0.0,7.0,1.125],"rotation":0,"texture":"#4","tintindex":0},"west":{"uv":[3.75,5.25,5.125,6.375],"rotation":0,"texture":"#4","tintindex":0},"up":{"uv":[4.5,4.125,3.25,2.75],"rotation":0,"texture":"#4","tintindex":0},"down":{"uv":[1.25,3.875,0.0,5.25],"rotation":0,"texture":"#4","tintindex":0}}},{"from":[7.4491982,10.240961,5.3628173],"to":[14.163485,13.555246,11.505674],"rotation":{"angle":-45.0,"axis":"x","origin":[7.628737,14.631567,8.123917]},"faces":{"east":{"uv":[3.75,6.375,5.125,7.125],"rotation":0,"texture":"#4","tintindex":0},"south":{"uv":[2.25,6.375,3.75,7.125],"rotation":0,"texture":"#4","tintindex":0},"north":{"uv":[5.375,4.5,6.875,5.25],"rotation":0,"texture":"#4","tintindex":0},"west":{"uv":[5.125,6.375,6.5,7.125],"rotation":0,"texture":"#4","tintindex":0},"up":{"uv":[3.125,1.375,1.625,0.0],"rotation":0,"texture":"#4","tintindex":0},"down":{"uv":[3.125,1.375,1.625,2.75],"rotation":0,"texture":"#4","tintindex":0}}},{"from":[2.0741057,8.255648,6.616093],"to":[7.3598204,11.255648,10.3303795],"rotation":{"angle":45.0,"axis":"z","origin":[5.3598204,9.641362,9.473236]},"faces":{"east":{"uv":[7.0,2.5,7.75,3.125],"rotation":0,"texture":"#4","tintindex":0},"south":{"uv":[7.0,0.0,8.125,0.625],"rotation":0,"texture":"#4","tintindex":0},"north":{"uv":[6.875,4.125,8.0,4.75],"rotation":0,"texture":"#4","tintindex":0},"west":{"uv":[6.5,7.0,7.25,7.625],"rotation":0,"texture":"#4","tintindex":0},"up":{"uv":[1.125,7.375,0.0,6.625],"rotation":0,"texture":"#4","tintindex":0},"down":{"uv":[7.75,3.375,6.625,4.125],"rotation":0,"texture":"#4","tintindex":0}}},{"from":[8.800603,8.112791,6.616093],"to":[14.086317,11.112791,10.616094],"rotation":{"angle":-45.0,"axis":"z","origin":[10.800604,9.641362,9.473236]},"faces":{"east":{"uv":[4.5,3.375,5.375,4.0],"rotation":0,"texture":"#4","tintindex":0},"south":{"uv":[7.0,1.25,8.125,1.875],"rotation":0,"texture":"#4","tintindex":0},"north":{"uv":[7.0,0.625,8.125,1.25],"rotation":0,"texture":"#4","tintindex":0},"west":{"uv":[7.0,1.875,7.875,2.5],"rotation":0,"texture":"#4","tintindex":0},"up":{"uv":[7.5,6.125,6.375,5.25],"rotation":0,"texture":"#4","tintindex":0},"down":{"uv":[7.625,6.125,6.5,7.0],"rotation":0,"texture":"#4","tintindex":0}}}],"display":{"head":{"translation":[0.0,-6.4,0.0],"scale":[4.0,4.0,4.0]}}}