{"textures":{"0":"modelengine:entity/marinebrawler"},"elements":[{"from":[7.3698854,5.297143,7.42],"to":[8.6556,8.268572,8.562857],"rotation":{"angle":0.0,"axis":"y","origin":[8.084171,6.84,7.9914284]},"faces":{"east":{"uv":[7.5,4.25,7.75,4.875],"rotation":0,"texture":"#0","tintindex":0},"south":{"uv":[5.625,7.5,5.875,8.125],"rotation":0,"texture":"#0","tintindex":0},"north":{"uv":[5.0,2.5,5.25,3.125],"rotation":0,"texture":"#0","tintindex":0},"west":{"uv":[5.875,7.5,6.125,8.125],"rotation":0,"texture":"#0","tintindex":0},"up":{"uv":[5.25,3.375,5.0,3.125],"rotation":0,"texture":"#0","tintindex":0},"down":{"uv":[2.125,6.375,1.875,6.625],"rotation":0,"texture":"#0","tintindex":0}}},{"from":[8.600171,5.297143,7.134286],"to":[9.028743,6.1542854,8.848572],"rotation":{"angle":0.0,"axis":"y","origin":[8.885886,5.725714,7.9914284]},"faces":{"east":{"uv":[4.375,5.375,4.75,5.625],"rotation":0,"texture":"#0","tintindex":0},"south":{"uv":[4.875,2.125,5.0,2.375],"rotation":0,"texture":"#0","tintindex":0},"north":{"uv":[4.25,2.75,4.375,3.0],"rotation":0,"texture":"#0","tintindex":0},"west":{"uv":[4.875,5.625,5.25,5.875],"rotation":0,"texture":"#0","tintindex":0},"up":{"uv":[4.375,2.75,4.25,2.375],"rotation":0,"texture":"#0","tintindex":0},"down":{"uv":[5.75,6.75,5.625,7.125],"rotation":0,"texture":"#0","tintindex":0}}},{"from":[7.028743,5.297143,7.134286],"to":[7.6001716,6.1542854,8.848572],"rotation":{"angle":0.0,"axis":"y","origin":[7.4573145,5.725714,7.9914284]},"faces":{"east":{"uv":[3.125,5.75,3.5,6.0],"rotation":0,"texture":"#0","tintindex":0},"south":{"uv":[6.75,1.625,6.875,1.875],"rotation":0,"texture":"#0","tintindex":0},"north":{"uv":[6.125,1.875,6.25,2.125],"rotation":0,"texture":"#0","tintindex":0},"west":{"uv":[7.875,7.375,8.25,7.625],"rotation":0,"texture":"#0","tintindex":0},"up":{"uv":[8.0,8.5,7.875,8.125],"rotation":0,"texture":"#0","tintindex":0},"down":{"uv":[0.625,8.25,0.5,8.625],"rotation":0,"texture":"#0","tintindex":0}}},{"from":[7.4573145,5.297143,8.562857],"to":[8.743029,6.1542854,8.848572],"rotation":{"angle":0.0,"axis":"y","origin":[8.1716,5.725714,8.705714]},"faces":{"east":{"uv":[4.0,6.875,4.125,7.125],"rotation":0,"texture":"#0","tintindex":0},"south":{"uv":[2.875,6.625,3.125,6.875],"rotation":0,"texture":"#0","tintindex":0},"north":{"uv":[4.625,6.5,4.875,6.75],"rotation":0,"texture":"#0","tintindex":0},"west":{"uv":[4.5,7.125,4.625,7.375],"rotation":0,"texture":"#0","tintindex":0},"up":{"uv":[1.125,5.625,0.875,5.5],"rotation":0,"texture":"#0","tintindex":0},"down":{"uv":[2.375,5.625,2.125,5.75],"rotation":0,"texture":"#0","tintindex":0}}},{"from":[7.028743,4.1542854,5.9914284],"to":[9.028743,5.297143,8.734285],"rotation":{"angle":0.0,"axis":"y","origin":[8.1716,4.725714,7.362857]},"faces":{"east":{"uv":[7.5,3.375,8.125,3.625],"rotation":0,"texture":"#0","tintindex":0},"south":{"uv":[7.75,6.5,8.25,6.75],"rotation":0,"texture":"#0","tintindex":0},"north":{"uv":[7.75,6.25,8.25,6.5],"rotation":0,"texture":"#0","tintindex":0},"west":{"uv":[7.5,4.875,8.125,5.125],"rotation":0,"texture":"#0","tintindex":0},"up":{"uv":[6.875,0.625,6.375,0.0],"rotation":0,"texture":"#0","tintindex":0},"down":{"uv":[1.375,6.375,0.875,7.0],"rotation":0,"texture":"#0","tintindex":0}}},{"from":[7.028743,3.1257143,7.9914284],"to":[9.028743,4.1542854,8.848572],"rotation":{"angle":0.0,"axis":"y","origin":[8.1716,3.6399999,8.42]},"faces":{"east":{"uv":[6.125,7.5,6.25,7.75],"rotation":0,"texture":"#0","tintindex":0},"south":{"uv":[7.75,7.625,8.25,7.875],"rotation":0,"texture":"#0","tintindex":0},"north":{"uv":[7.75,7.0,8.25,7.25],"rotation":0,"texture":"#0","tintindex":0},"west":{"uv":[1.75,7.625,1.875,7.875],"rotation":0,"texture":"#0","tintindex":0},"up":{"uv":[1.75,4.625,1.25,4.5],"rotation":0,"texture":"#0","tintindex":0},"down":{"uv":[7.375,0.5,6.875,0.625],"rotation":0,"texture":"#0","tintindex":0}}},{"from":[7.028743,3.1257143,4.134286],"to":[9.028743,4.582857,5.134286],"rotation":{"angle":0.0,"axis":"y","origin":[8.1716,3.8399997,5.0485716]},"faces":{"east":{"uv":[5.5,2.125,5.75,2.5],"rotation":0,"texture":"#0","tintindex":0},"south":{"uv":[7.375,0.5,7.875,0.875],"rotation":0,"texture":"#0","tintindex":0},"north":{"uv":[7.25,6.375,7.75,6.75],"rotation":0,"texture":"#0","tintindex":0},"west":{"uv":[5.375,7.875,5.625,8.25],"rotation":0,"texture":"#0","tintindex":0},"up":{"uv":[8.375,0.75,7.875,0.5],"rotation":0,"texture":"#0","tintindex":0},"down":{"uv":[8.375,0.75,7.875,1.0],"rotation":0,"texture":"#0","tintindex":0}}},{"from":[7.028743,3.154286,5.134286],"to":[9.028743,4.1542854,7.9914284],"rotation":{"angle":0.0,"axis":"y","origin":[8.1716,3.7257142,6.562857]},"faces":{"east":{"uv":[3.875,7.625,4.5,7.875],"rotation":0,"texture":"#0","tintindex":0},"south":{"uv":[7.875,1.25,8.375,1.5],"rotation":0,"texture":"#0","tintindex":0},"north":{"uv":[7.875,1.0,8.375,1.25],"rotation":0,"texture":"#0","tintindex":0},"west":{"uv":[4.5,7.625,5.125,7.875],"rotation":0,"texture":"#0","tintindex":0},"up":{"uv":[1.875,7.0,1.375,6.375],"rotation":0,"texture":"#0","tintindex":0},"down":{"uv":[4.625,6.5,4.125,7.125],"rotation":0,"texture":"#0","tintindex":0}}},{"from":[7.4573145,5.297143,7.134286],"to":[8.743029,6.1542854,7.42],"rotation":{"angle":0.0,"axis":"y","origin":[8.1716,5.725714,7.277143]},"faces":{"east":{"uv":[5.125,7.625,5.25,7.875],"rotation":0,"texture":"#0","tintindex":0},"south":{"uv":[2.0,8.125,2.25,8.375],"rotation":0,"texture":"#0","tintindex":0},"north":{"uv":[1.75,8.125,2.0,8.375],"rotation":0,"texture":"#0","tintindex":0},"west":{"uv":[8.25,0.25,8.375,0.5],"rotation":0,"texture":"#0","tintindex":0},"up":{"uv":[2.875,7.375,2.625,7.25],"rotation":0,"texture":"#0","tintindex":0},"down":{"uv":[1.75,8.25,1.5,8.375],"rotation":0,"texture":"#0","tintindex":0}}},{"from":[7.028743,4.1542854,5.134286],"to":[9.028743,4.725714,5.9914284],"rotation":{"angle":0.0,"axis":"y","origin":[8.1716,4.4399996,5.562857]},"faces":{"east":{"uv":[8.25,1.625,8.5,1.75],"rotation":0,"texture":"#0","tintindex":0},"south":{"uv":[8.125,3.375,8.625,3.5],"rotation":0,"texture":"#0","tintindex":0},"north":{"uv":[8.0,6.875,8.5,7.0],"rotation":0,"texture":"#0","tintindex":0},"west":{"uv":[8.25,1.75,8.5,1.875],"rotation":0,"texture":"#0","tintindex":0},"up":{"uv":[2.25,8.125,1.75,7.875],"rotation":0,"texture":"#0","tintindex":0},"down":{"uv":[8.375,2.375,7.875,2.625],"rotation":0,"texture":"#0","tintindex":0}}}],"display":{"head":{"translation":[0.0,-6.4,0.0],"scale":[4.0,4.0,4.0]}}}