{"textures":{"0":"modelengine:entity/marinebrawler"},"elements":[{"from":[6.8714285,5.5714283,6.6857142],"to":[8.328571,7.857143,9.314285],"rotation":{"angle":0.0,"axis":"y","origin":[7.757143,12.714286,8.142858]},"faces":{"east":{"uv":[6.75,0.625,7.375,1.125],"rotation":0,"texture":"#0","tintindex":0},"south":{"uv":[7.5,2.375,7.875,2.875],"rotation":0,"texture":"#0","tintindex":0},"north":{"uv":[5.25,7.375,5.625,7.875],"rotation":0,"texture":"#0","tintindex":0},"west":{"uv":[6.75,1.125,7.375,1.625],"rotation":0,"texture":"#0","tintindex":0},"up":{"uv":[1.875,7.625,1.5,7.0],"rotation":0,"texture":"#0","tintindex":0},"down":{"uv":[6.625,7.125,6.25,7.75],"rotation":0,"texture":"#0","tintindex":0}}},{"from":[7.1571426,5.3999996,6.6857142],"to":[9.185715,5.5714283,9.314285],"rotation":{"angle":0.0,"axis":"y","origin":[7.757143,12.714286,8.142858]},"faces":{"east":{"uv":[7.875,5.625,8.5,5.75],"rotation":0,"texture":"#0","tintindex":0},"south":{"uv":[0.0,8.25,0.5,8.375],"rotation":0,"texture":"#0","tintindex":0},"north":{"uv":[8.125,8.125,8.625,8.25],"rotation":0,"texture":"#0","tintindex":0},"west":{"uv":[8.0,5.75,8.625,5.875],"rotation":0,"texture":"#0","tintindex":0},"up":{"uv":[5.125,7.375,4.625,6.75],"rotation":0,"texture":"#0","tintindex":0},"down":{"uv":[5.625,6.75,5.125,7.375],"rotation":0,"texture":"#0","tintindex":0}}},{"from":[8.3,5.5714283,6.6857142],"to":[9.471429,7.5714283,9.314285],"rotation":{"angle":0.0,"axis":"y","origin":[7.757143,12.714286,8.142858]},"faces":{"east":{"uv":[6.875,0.0,7.5,0.5],"rotation":0,"texture":"#0","tintindex":0},"south":{"uv":[6.375,7.75,6.625,8.25],"rotation":0,"texture":"#0","tintindex":0},"north":{"uv":[4.125,6.0,4.375,6.5],"rotation":0,"texture":"#0","tintindex":0},"west":{"uv":[6.875,1.625,7.5,2.125],"rotation":0,"texture":"#0","tintindex":0},"up":{"uv":[1.5,8.375,1.25,7.75],"rotation":0,"texture":"#0","tintindex":0},"down":{"uv":[2.875,7.75,2.625,8.375],"rotation":0,"texture":"#0","tintindex":0}}}],"display":{"head":{"translation":[0.0,-6.4,0.0],"scale":[4.0,4.0,4.0]}}}