{"textures":{"0":"modelengine:entity/marinebrawler"},"elements":[{"from":[7.7,5.5714283,6.6857142],"to":[9.157143,7.857143,9.314285],"rotation":{"angle":0.0,"axis":"y","origin":[8.271429,12.714286,8.142858]},"faces":{"east":{"uv":[6.875,2.125,7.5,2.625],"rotation":0,"texture":"#0","tintindex":0},"south":{"uv":[3.5,7.5,3.875,8.0],"rotation":0,"texture":"#0","tintindex":0},"north":{"uv":[7.5,2.875,7.875,3.375],"rotation":0,"texture":"#0","tintindex":0},"west":{"uv":[6.875,2.625,7.5,3.125],"rotation":0,"texture":"#0","tintindex":0},"up":{"uv":[2.25,7.875,1.875,7.25],"rotation":0,"texture":"#0","tintindex":0},"down":{"uv":[2.625,7.25,2.25,7.875],"rotation":0,"texture":"#0","tintindex":0}}},{"from":[6.5571427,5.5714283,6.6857142],"to":[7.7285714,7.5714283,9.314285],"rotation":{"angle":0.0,"axis":"y","origin":[8.271429,12.714286,8.142858]},"faces":{"east":{"uv":[2.875,6.875,3.5,7.375],"rotation":0,"texture":"#0","tintindex":0},"south":{"uv":[3.125,7.875,3.375,8.375],"rotation":0,"texture":"#0","tintindex":0},"north":{"uv":[2.25,7.875,2.5,8.375],"rotation":0,"texture":"#0","tintindex":0},"west":{"uv":[6.875,3.125,7.5,3.625],"rotation":0,"texture":"#0","tintindex":0},"up":{"uv":[3.125,8.375,2.875,7.75],"rotation":0,"texture":"#0","tintindex":0},"down":{"uv":[6.375,7.75,6.125,8.375],"rotation":0,"texture":"#0","tintindex":0}}},{"from":[6.842857,5.3999996,6.6857142],"to":[8.8714285,5.5714283,9.314285],"rotation":{"angle":0.0,"axis":"y","origin":[8.271429,12.714286,8.142858]},"faces":{"east":{"uv":[8.0,5.875,8.625,6.0],"rotation":0,"texture":"#0","tintindex":0},"south":{"uv":[8.25,0.125,8.75,0.25],"rotation":0,"texture":"#0","tintindex":0},"north":{"uv":[8.25,0.0,8.75,0.125],"rotation":0,"texture":"#0","tintindex":0},"west":{"uv":[8.0,6.75,8.625,6.875],"rotation":0,"texture":"#0","tintindex":0},"up":{"uv":[4.0,7.5,3.5,6.875],"rotation":0,"texture":"#0","tintindex":0},"down":{"uv":[7.375,3.625,6.875,4.25],"rotation":0,"texture":"#0","tintindex":0}}}],"display":{"head":{"translation":[0.0,-6.4,0.0],"scale":[4.0,4.0,4.0]}}}