{"textures":{"0":"modelengine:entity/marinebrawler"},"elements":[{"from":[7.0841713,5.1257143,7.42],"to":[8.369885,8.097143,8.562857],"rotation":{"angle":0.0,"axis":"y","origin":[7.798457,6.6685715,7.9914284]},"faces":{"east":{"uv":[6.875,7.5,7.125,8.125],"rotation":0,"texture":"#0","tintindex":0},"south":{"uv":[1.5,7.625,1.75,8.25],"rotation":0,"texture":"#0","tintindex":0},"north":{"uv":[6.625,7.5,6.875,8.125],"rotation":0,"texture":"#0","tintindex":0},"west":{"uv":[7.625,5.125,7.875,5.75],"rotation":0,"texture":"#0","tintindex":0},"up":{"uv":[4.125,8.375,3.875,8.125],"rotation":0,"texture":"#0","tintindex":0},"down":{"uv":[8.375,4.0,8.125,4.25],"rotation":0,"texture":"#0","tintindex":0}}},{"from":[8.314457,5.1257143,7.134286],"to":[8.743029,5.9828568,8.848572],"rotation":{"angle":0.0,"axis":"y","origin":[8.600171,5.5542855,7.9914284]},"faces":{"east":{"uv":[7.625,7.875,8.0,8.125],"rotation":0,"texture":"#0","tintindex":0},"south":{"uv":[8.25,2.125,8.375,2.375],"rotation":0,"texture":"#0","tintindex":0},"north":{"uv":[8.25,1.875,8.375,2.125],"rotation":0,"texture":"#0","tintindex":0},"west":{"uv":[0.0,8.0,0.375,8.25],"rotation":0,"texture":"#0","tintindex":0},"up":{"uv":[0.75,8.625,0.625,8.25],"rotation":0,"texture":"#0","tintindex":0},"down":{"uv":[0.875,8.25,0.75,8.625],"rotation":0,"texture":"#0","tintindex":0}}},{"from":[6.7430286,5.1257143,7.134286],"to":[7.314457,5.9828568,8.848572],"rotation":{"angle":0.0,"axis":"y","origin":[7.1716,5.5542855,7.9914284]},"faces":{"east":{"uv":[0.375,8.0,0.75,8.25],"rotation":0,"texture":"#0","tintindex":0},"south":{"uv":[4.75,8.25,4.875,8.5],"rotation":0,"texture":"#0","tintindex":0},"north":{"uv":[4.625,8.25,4.75,8.5],"rotation":0,"texture":"#0","tintindex":0},"west":{"uv":[0.75,8.0,1.125,8.25],"rotation":0,"texture":"#0","tintindex":0},"up":{"uv":[1.0,8.625,0.875,8.25],"rotation":0,"texture":"#0","tintindex":0},"down":{"uv":[1.125,8.25,1.0,8.625],"rotation":0,"texture":"#0","tintindex":0}}},{"from":[7.285886,5.1257143,8.562857],"to":[8.343029,5.9828568,8.848572],"rotation":{"angle":0.0,"axis":"y","origin":[7.8858857,5.5542855,8.705714]},"faces":{"east":{"uv":[4.875,8.25,5.0,8.5],"rotation":0,"texture":"#0","tintindex":0},"south":{"uv":[4.375,8.125,4.625,8.375],"rotation":0,"texture":"#0","tintindex":0},"north":{"uv":[4.125,8.125,4.375,8.375],"rotation":0,"texture":"#0","tintindex":0},"west":{"uv":[5.0,8.25,5.125,8.5],"rotation":0,"texture":"#0","tintindex":0},"up":{"uv":[5.625,8.375,5.375,8.25],"rotation":0,"texture":"#0","tintindex":0},"down":{"uv":[5.875,8.25,5.625,8.375],"rotation":0,"texture":"#0","tintindex":0}}},{"from":[6.7430286,3.9828568,5.9914284],"to":[8.743029,5.1257143,8.734285],"rotation":{"angle":0.0,"axis":"y","origin":[7.8858857,4.5542855,7.362857]},"faces":{"east":{"uv":[7.125,7.625,7.75,7.875],"rotation":0,"texture":"#0","tintindex":0},"south":{"uv":[7.875,2.875,8.375,3.125],"rotation":0,"texture":"#0","tintindex":0},"north":{"uv":[7.875,2.625,8.375,2.875],"rotation":0,"texture":"#0","tintindex":0},"west":{"uv":[0.0,7.75,0.625,8.0],"rotation":0,"texture":"#0","tintindex":0},"up":{"uv":[6.25,7.125,5.75,6.5],"rotation":0,"texture":"#0","tintindex":0},"down":{"uv":[2.375,6.625,1.875,7.25],"rotation":0,"texture":"#0","tintindex":0}}},{"from":[6.7430286,2.9542856,7.9914284],"to":[8.743029,3.9828568,8.848572],"rotation":{"angle":0.0,"axis":"y","origin":[7.8858857,3.4685712,8.42]},"faces":{"east":{"uv":[5.875,8.25,6.0,8.5],"rotation":0,"texture":"#0","tintindex":0},"south":{"uv":[7.875,3.625,8.375,3.875],"rotation":0,"texture":"#0","tintindex":0},"north":{"uv":[7.875,3.125,8.375,3.375],"rotation":0,"texture":"#0","tintindex":0},"west":{"uv":[6.0,8.25,6.125,8.5],"rotation":0,"texture":"#0","tintindex":0},"up":{"uv":[8.625,3.625,8.125,3.5],"rotation":0,"texture":"#0","tintindex":0},"down":{"uv":[5.125,8.125,4.625,8.25],"rotation":0,"texture":"#0","tintindex":0}}},{"from":[6.7430286,2.9542856,4.134286],"to":[8.743029,4.4114285,5.134286],"rotation":{"angle":0.0,"axis":"y","origin":[7.8858857,3.6685715,5.0485716]},"faces":{"east":{"uv":[3.375,8.0,3.625,8.375],"rotation":0,"texture":"#0","tintindex":0},"south":{"uv":[7.375,3.625,7.875,4.0],"rotation":0,"texture":"#0","tintindex":0},"north":{"uv":[2.625,7.375,3.125,7.75],"rotation":0,"texture":"#0","tintindex":0},"west":{"uv":[3.625,8.0,3.875,8.375],"rotation":0,"texture":"#0","tintindex":0},"up":{"uv":[4.375,8.125,3.875,7.875],"rotation":0,"texture":"#0","tintindex":0},"down":{"uv":[4.875,7.875,4.375,8.125],"rotation":0,"texture":"#0","tintindex":0}}},{"from":[6.7430286,2.9828572,5.134286],"to":[8.743029,3.9828568,7.9914284],"rotation":{"angle":0.0,"axis":"y","origin":[7.8858857,3.5542855,6.562857]},"faces":{"east":{"uv":[0.625,7.75,1.25,8.0],"rotation":0,"texture":"#0","tintindex":0},"south":{"uv":[7.875,5.125,8.375,5.375],"rotation":0,"texture":"#0","tintindex":0},"north":{"uv":[4.875,7.875,5.375,8.125],"rotation":0,"texture":"#0","tintindex":0},"west":{"uv":[7.75,4.25,8.375,4.5],"rotation":0,"texture":"#0","tintindex":0},"up":{"uv":[2.875,7.25,2.375,6.625],"rotation":0,"texture":"#0","tintindex":0},"down":{"uv":[7.125,5.375,6.625,6.0],"rotation":0,"texture":"#0","tintindex":0}}},{"from":[7.285886,5.1257143,7.134286],"to":[8.343029,5.9828568,7.42],"rotation":{"angle":0.0,"axis":"y","origin":[7.8858857,5.5542855,7.277143]},"faces":{"east":{"uv":[8.25,6.25,8.375,6.5],"rotation":0,"texture":"#0","tintindex":0},"south":{"uv":[5.125,8.125,5.375,8.375],"rotation":0,"texture":"#0","tintindex":0},"north":{"uv":[8.125,4.875,8.375,5.125],"rotation":0,"texture":"#0","tintindex":0},"west":{"uv":[6.375,8.25,6.5,8.5],"rotation":0,"texture":"#0","tintindex":0},"up":{"uv":[6.75,8.375,6.5,8.25],"rotation":0,"texture":"#0","tintindex":0},"down":{"uv":[8.5,6.5,8.25,6.625],"rotation":0,"texture":"#0","tintindex":0}}},{"from":[6.7430286,3.9828568,5.134286],"to":[8.743029,4.5542855,5.9914284],"rotation":{"angle":0.0,"axis":"y","origin":[7.8858857,4.268571,5.562857]},"faces":{"east":{"uv":[8.25,6.625,8.5,6.75],"rotation":0,"texture":"#0","tintindex":0},"south":{"uv":[6.625,8.125,7.125,8.25],"rotation":0,"texture":"#0","tintindex":0},"north":{"uv":[5.625,8.125,6.125,8.25],"rotation":0,"texture":"#0","tintindex":0},"west":{"uv":[6.75,8.25,7.0,8.375],"rotation":0,"texture":"#0","tintindex":0},"up":{"uv":[8.375,5.625,7.875,5.375],"rotation":0,"texture":"#0","tintindex":0},"down":{"uv":[7.625,7.875,7.125,8.125],"rotation":0,"texture":"#0","tintindex":0}}}],"display":{"head":{"translation":[0.0,-6.4,0.0],"scale":[4.0,4.0,4.0]}}}