{"textures":{"0":"modelengine:entity/phoenix"},"elements":[{"from":[7.6392684,7.707166,12.295729],"to":[8.058926,8.205818,13.455957],"rotation":{"angle":0.0,"axis":"y","origin":[7.8490973,7.7850633,12.875843]},"faces":{"east":{"uv":[5.28125,7.625,5.34375,7.6484375],"rotation":0,"texture":"#0","tintindex":0},"south":{"uv":[1.78125,7.65625,1.8046875,7.6796875],"rotation":0,"texture":"#0","tintindex":0},"north":{"uv":[1.75,7.65625,1.7734375,7.6796875],"rotation":0,"texture":"#0","tintindex":0},"west":{"uv":[7.625,5.75,7.6875,5.7734375],"rotation":0,"texture":"#0","tintindex":0},"up":{"uv":[4.3046875,7.6875,4.28125,7.625],"rotation":0,"texture":"#0","tintindex":0},"down":{"uv":[7.6484375,5.78125,7.625,5.84375],"rotation":0,"texture":"#0","tintindex":0}}},{"from":[7.330697,7.5178056,8.226514],"to":[8.367497,8.510172,12.534172],"rotation":{"angle":0.0,"axis":"y","origin":[12.0,28.415497,8.417829]},"faces":{"east":{"uv":[0.3125,7.53125,0.546875,7.5859375],"rotation":0,"texture":"#0","tintindex":0},"south":{"uv":[7.59375,1.15625,7.6484375,1.2109375],"rotation":0,"texture":"#0","tintindex":0},"north":{"uv":[7.59375,1.09375,7.6484375,1.1484375],"rotation":0,"texture":"#0","tintindex":0},"west":{"uv":[7.53125,4.0625,7.765625,4.1171875],"rotation":0,"texture":"#0","tintindex":0},"up":{"uv":[0.6171875,7.765625,0.5625,7.53125],"rotation":0,"texture":"#0","tintindex":0},"down":{"uv":[1.4296875,7.53125,1.375,7.765625],"rotation":0,"texture":"#0","tintindex":0}}}],"display":{"head":{"translation":[0.0,-6.4,0.0],"scale":[4.0,4.0,4.0]}}}