{"textures":{"0":"modelengine:entity/phoenix"},"elements":[{"from":[6.82872,7.1561623,8.3964],"to":[8.64312,8.892803,15.9348],"faces":{"east":{"uv":[0.3125,7.53125,0.546875,7.5859375],"tintindex":0,"rotation":0,"texture":"#0"},"south":{"uv":[7.59375,1.15625,7.6484375,1.2109375],"tintindex":0,"rotation":0,"texture":"#0"},"north":{"uv":[7.59375,1.09375,7.6484375,1.1484375],"tintindex":0,"rotation":0,"texture":"#0"},"west":{"uv":[7.53125,4.0625,7.765625,4.1171875],"tintindex":0,"rotation":0,"texture":"#0"},"up":{"uv":[0.6171875,7.765625,0.5625,7.53125],"tintindex":0,"rotation":0,"texture":"#0"},"down":{"uv":[1.4296875,7.53125,1.375,7.765625],"tintindex":0,"rotation":0,"texture":"#0"}}},{"from":[7.36872,7.487541,15.517525],"to":[8.10312,8.360184,17.547924],"faces":{"east":{"uv":[5.28125,7.625,5.34375,7.6484375],"tintindex":0,"rotation":0,"texture":"#0"},"south":{"uv":[1.78125,7.65625,1.8046875,7.6796875],"tintindex":0,"rotation":0,"texture":"#0"},"north":{"uv":[1.75,7.65625,1.7734375,7.6796875],"tintindex":0,"rotation":0,"texture":"#0"},"west":{"uv":[7.625,5.75,7.6875,5.7734375],"tintindex":0,"rotation":0,"texture":"#0"},"up":{"uv":[4.3046875,7.6875,4.28125,7.625],"tintindex":0,"rotation":0,"texture":"#0"},"down":{"uv":[7.6484375,5.78125,7.625,5.84375],"tintindex":0,"rotation":0,"texture":"#0"}}}]}