{"textures":{"0":"modelengine:entity/phoenix"},"elements":[{"from":[7.89688,7.5881615,15.6324005],"to":[8.63128,8.4608,17.6628],"faces":{"east":{"uv":[6.75,2.0,6.8125,2.0234375],"tintindex":0,"rotation":0,"texture":"#0"},"south":{"uv":[7.5,5.40625,7.5234375,5.4296875],"tintindex":0,"rotation":0,"texture":"#0"},"north":{"uv":[4.375,7.15625,4.3984375,7.1796875],"tintindex":0,"rotation":0,"texture":"#0"},"west":{"uv":[7.125,1.3125,7.1875,1.3359375],"tintindex":0,"rotation":0,"texture":"#0"},"up":{"uv":[7.6484375,3.5625,7.625,3.5],"tintindex":0,"rotation":0,"texture":"#0"},"down":{"uv":[7.6484375,3.5625,7.625,3.625],"tintindex":0,"rotation":0,"texture":"#0"}}},{"from":[7.35688,7.1561623,8.3964],"to":[9.17128,8.892803,15.9348],"faces":{"east":{"uv":[7.5,0.75,7.734375,0.8046875],"tintindex":0,"rotation":0,"texture":"#0"},"south":{"uv":[0.25,7.25,0.3046875,7.3046875],"tintindex":0,"rotation":0,"texture":"#0"},"north":{"uv":[6.84375,7.1875,6.8984375,7.2421875],"tintindex":0,"rotation":0,"texture":"#0"},"west":{"uv":[7.5,0.8125,7.734375,0.8671875],"tintindex":0,"rotation":0,"texture":"#0"},"up":{"uv":[0.7421875,6.953125,0.6875,6.71875],"tintindex":0,"rotation":0,"texture":"#0"},"down":{"uv":[1.8046875,6.71875,1.75,6.953125],"tintindex":0,"rotation":0,"texture":"#0"}}}]}