{"textures":{"0":"modelengine:entity/phoenix"},"elements":[{"from":[7.028571,2.62,7.714286],"to":[8.971429,8.077143,8.285714],"rotation":{"angle":0.0,"axis":"y","origin":[8.0,24.477142,9.228572]},"faces":{"east":{"uv":[5.90625,3.21875,5.9375,3.515625],"rotation":0,"texture":"#0","tintindex":0},"south":{"uv":[3.28125,7.3125,3.390625,7.609375],"rotation":0,"texture":"#0","tintindex":0},"north":{"uv":[4.40625,6.40625,4.515625,6.703125],"rotation":0,"texture":"#0","tintindex":0},"west":{"uv":[4.53125,5.9375,4.5625,6.234375],"rotation":0,"texture":"#0","tintindex":0},"up":{"uv":[2.421875,6.5,2.3125,6.46875],"rotation":0,"texture":"#0","tintindex":0},"down":{"uv":[0.515625,7.59375,0.40625,7.625],"rotation":0,"texture":"#0","tintindex":0}}},{"from":[7.2,2.4485712,7.7714286],"to":[8.8,2.6485715,8.228572],"rotation":{"angle":0.0,"axis":"y","origin":[8.0,24.477142,9.228572]},"faces":{"east":{"uv":[3.5,7.65625,3.5234375,7.6640625],"rotation":0,"texture":"#0","tintindex":0},"south":{"uv":[7.65625,1.25,7.7421875,1.2578125],"rotation":0,"texture":"#0","tintindex":0},"north":{"uv":[7.65625,1.21875,7.7421875,1.2265625],"rotation":0,"texture":"#0","tintindex":0},"west":{"uv":[7.65625,3.5,7.6796875,3.5078125],"rotation":0,"texture":"#0","tintindex":0},"up":{"uv":[7.7109375,1.9296875,7.625,1.90625],"rotation":0,"texture":"#0","tintindex":0},"down":{"uv":[7.7109375,1.9375,7.625,1.9609375],"rotation":0,"texture":"#0","tintindex":0}}},{"from":[7.3142858,2.62,7.542857],"to":[8.685715,8.077143,7.714286],"rotation":{"angle":0.0,"axis":"y","origin":[8.0,24.477142,9.228572]},"faces":{"east":{"uv":[4.34375,7.59375,4.3515625,7.890625],"rotation":0,"texture":"#0","tintindex":0},"south":{"uv":[1.0625,7.375,1.140625,7.671875],"rotation":0,"texture":"#0","tintindex":0},"north":{"uv":[3.90625,7.28125,3.984375,7.578125],"rotation":0,"texture":"#0","tintindex":0},"west":{"uv":[0.40625,7.625,0.4140625,7.921875],"rotation":0,"texture":"#0","tintindex":0},"up":{"uv":[7.734375,1.3828125,7.65625,1.375],"rotation":0,"texture":"#0","tintindex":0},"down":{"uv":[7.734375,1.40625,7.65625,1.4140625],"rotation":0,"texture":"#0","tintindex":0}}},{"from":[7.3142858,2.62,8.285714],"to":[8.685715,8.077143,8.457143],"rotation":{"angle":0.0,"axis":"y","origin":[8.0,24.477142,9.228572]},"faces":{"east":{"uv":[0.4375,7.625,0.4453125,7.921875],"rotation":0,"texture":"#0","tintindex":0},"south":{"uv":[7.125,7.40625,7.203125,7.703125],"rotation":0,"texture":"#0","tintindex":0},"north":{"uv":[7.03125,7.40625,7.109375,7.703125],"rotation":0,"texture":"#0","tintindex":0},"west":{"uv":[0.46875,7.625,0.4765625,7.921875],"rotation":0,"texture":"#0","tintindex":0},"up":{"uv":[7.734375,1.4453125,7.65625,1.4375],"rotation":0,"texture":"#0","tintindex":0},"down":{"uv":[7.734375,1.46875,7.65625,1.4765625],"rotation":0,"texture":"#0","tintindex":0}}}],"display":{"head":{"translation":[0.0,-6.4,0.0],"scale":[4.0,4.0,4.0]}}}