{"textures":{"0":"modelengine:entity/phoenix"},"elements":[{"from":[7.1287203,6.2561607,0.08039999],"to":[8.94312,7.9928017,8.3748],"faces":{"east":{"uv":[7.46875,4.90625,7.7265625,4.9609375],"tintindex":0,"rotation":0,"texture":"#0"},"south":{"uv":[7.59375,2.53125,7.6484375,2.5859375],"tintindex":0,"rotation":0,"texture":"#0"},"north":{"uv":[7.59375,2.46875,7.6484375,2.5234375],"tintindex":0,"rotation":0,"texture":"#0"},"west":{"uv":[7.46875,4.96875,7.7265625,5.0234375],"tintindex":0,"rotation":0,"texture":"#0"},"up":{"uv":[5.8984375,7.7578125,5.84375,7.5],"tintindex":0,"rotation":0,"texture":"#0"},"down":{"uv":[5.9609375,7.5,5.90625,7.7578125],"tintindex":0,"rotation":0,"texture":"#0"}},"rotation":{"origin":[8.03592,6.951935,8.090881],"angle":45.0,"axis":"y"}},{"from":[7.6687202,6.343067,-1.3730373],"to":[8.40312,7.2157097,0.6573634],"faces":{"east":{"uv":[7.625,5.84375,7.6875,5.8671875],"tintindex":0,"rotation":0,"texture":"#0"},"south":{"uv":[1.84375,7.65625,1.8671875,7.6796875],"tintindex":0,"rotation":0,"texture":"#0"},"north":{"uv":[1.8125,7.65625,1.8359375,7.6796875],"tintindex":0,"rotation":0,"texture":"#0"},"west":{"uv":[7.625,5.875,7.6875,5.8984375],"tintindex":0,"rotation":0,"texture":"#0"},"up":{"uv":[7.6484375,5.96875,7.625,5.90625],"tintindex":0,"rotation":0,"texture":"#0"},"down":{"uv":[7.6484375,5.96875,7.625,6.03125],"tintindex":0,"rotation":0,"texture":"#0"}}},{"from":[13.870271,6.6430664,0.11800051],"to":[14.604671,7.515709,2.1484008],"faces":{"east":{"uv":[7.625,6.21875,7.6875,6.2421875],"tintindex":0,"rotation":0,"texture":"#0"},"south":{"uv":[1.96875,7.65625,1.9921875,7.6796875],"tintindex":0,"rotation":0,"texture":"#0"},"north":{"uv":[1.9375,7.65625,1.9609375,7.6796875],"tintindex":0,"rotation":0,"texture":"#0"},"west":{"uv":[7.625,6.25,7.6875,6.2734375],"tintindex":0,"rotation":0,"texture":"#0"},"up":{"uv":[7.6484375,6.34375,7.625,6.28125],"tintindex":0,"rotation":0,"texture":"#0"},"down":{"uv":[7.6484375,6.34375,7.625,6.40625],"tintindex":0,"rotation":0,"texture":"#0"}},"rotation":{"origin":[13.237471,6.7793884,1.4332008],"angle":-45.0,"axis":"y"}},{"from":[7.1287203,6.2561607,0.08039999],"to":[8.94312,7.9928017,8.3748],"faces":{"east":{"uv":[7.5,0.625,7.7578125,0.6796875],"tintindex":0,"rotation":0,"texture":"#0"},"south":{"uv":[7.59375,2.65625,7.6484375,2.7109375],"tintindex":0,"rotation":0,"texture":"#0"},"north":{"uv":[7.59375,2.59375,7.6484375,2.6484375],"tintindex":0,"rotation":0,"texture":"#0"},"west":{"uv":[7.5,0.6875,7.7578125,0.7421875],"tintindex":0,"rotation":0,"texture":"#0"},"up":{"uv":[6.0234375,7.7578125,5.96875,7.5],"tintindex":0,"rotation":0,"texture":"#0"},"down":{"uv":[6.0859375,7.5,6.03125,7.7578125],"tintindex":0,"rotation":0,"texture":"#0"}},"rotation":{"origin":[8.03592,6.951935,8.090881],"angle":-45.0,"axis":"y"}},{"from":[7.1287203,6.2561607,0.08039999],"to":[8.94312,7.9928017,8.3748],"faces":{"east":{"uv":[7.46875,3.9375,7.7265625,3.9921875],"tintindex":0,"rotation":0,"texture":"#0"},"south":{"uv":[7.59375,1.28125,7.6484375,1.3359375],"tintindex":0,"rotation":0,"texture":"#0"},"north":{"uv":[7.59375,1.21875,7.6484375,1.2734375],"tintindex":0,"rotation":0,"texture":"#0"},"west":{"uv":[7.46875,4.0,7.7265625,4.0546875],"tintindex":0,"rotation":0,"texture":"#0"},"up":{"uv":[7.5234375,7.6640625,7.46875,7.40625],"tintindex":0,"rotation":0,"texture":"#0"},"down":{"uv":[7.5546875,5.125,7.5,5.3828125],"tintindex":0,"rotation":0,"texture":"#0"}}}]}