{"textures":{"0":"modelengine:entity/phoenix"},"elements":[{"from":[4.1,-9.345833,7.775],"to":[20.875,7.279167,7.775],"faces":{"south":{"uv":[1.375,4.8671875,2.421875,5.90625],"tintindex":0,"rotation":0,"texture":"#0"},"north":{"uv":[3.5,4.875,4.546875,5.9140625],"tintindex":0,"rotation":0,"texture":"#0"}}},{"from":[7.05,7.279167,7.175],"to":[20.875,8.904167,8.825],"faces":{"east":{"uv":[4.875,7.53125,4.9765625,7.6328125],"tintindex":0,"rotation":0,"texture":"#0"},"south":{"uv":[6.75,3.375,7.6171875,3.4765625],"tintindex":0,"rotation":0,"texture":"#0"},"north":{"uv":[6.75,3.25,7.6171875,3.3515625],"tintindex":0,"rotation":0,"texture":"#0"},"west":{"uv":[5.0,7.53125,5.1015625,7.6328125],"tintindex":0,"rotation":0,"texture":"#0"},"up":{"uv":[7.6171875,3.6015625,6.75,3.5],"tintindex":0,"rotation":0,"texture":"#0"},"down":{"uv":[7.6484375,0.96875,6.78125,1.0703125],"tintindex":0,"rotation":0,"texture":"#0"}}}]}