{"textures":{"0":"modelengine:entity/phoenix"},"elements":[{"from":[7.714286,7.8571424,7.0571427],"to":[24.314285,9.714285,8.942857],"rotation":{"angle":0.0,"axis":"y","origin":[-10.342857,-3.9714289,8.285714]},"faces":{"east":{"uv":[7.53125,5.53125,7.6328125,5.6328125],"rotation":0,"texture":"#0","tintindex":0},"south":{"uv":[6.75,0.5,7.65625,0.6015625],"rotation":0,"texture":"#0","tintindex":0},"north":{"uv":[6.75,0.375,7.65625,0.4765625],"rotation":0,"texture":"#0","tintindex":0},"west":{"uv":[5.71875,7.53125,5.8203125,7.6328125],"rotation":0,"texture":"#0","tintindex":0},"up":{"uv":[7.65625,1.4765625,6.75,1.375],"rotation":0,"texture":"#0","tintindex":0},"down":{"uv":[7.65625,1.5,6.75,1.6015625],"rotation":0,"texture":"#0","tintindex":0}}},{"from":[-1.0857143,-16.0,7.742857],"to":[24.257145,7.8571424,7.742857],"rotation":{"angle":0.0,"axis":"y","origin":[-10.342857,-3.9714289,8.285714]},"faces":{"east":{"uv":[0.0,0.0,0.0,1.3046875],"rotation":0,"texture":"#0","tintindex":0},"south":{"uv":[0.0,2.4375,1.3828125,3.7421875],"rotation":0,"texture":"#0","tintindex":0},"north":{"uv":[2.8125,2.4375,4.1953125,3.7421875],"rotation":0,"texture":"#0","tintindex":0},"west":{"uv":[0.0,0.0,0.0,1.3046875],"rotation":0,"texture":"#0","tintindex":0},"up":{"uv":[1.3828125,0.0,0.0,0.0],"rotation":0,"texture":"#0","tintindex":0},"down":{"uv":[1.3828125,0.0,0.0,0.0],"rotation":0,"texture":"#0","tintindex":0}}}],"display":{"head":{"translation":[0.0,-9.123808,0.0],"scale":[4.0,4.0,4.0]}}}