{"textures":{"0":"modelengine:entity/phoenix"},"elements":[{"from":[6.3802514,2.4915767,5.6783085],"to":[10.4608,7.9792113,10.3216915],"rotation":{"angle":0.0,"axis":"y","origin":[12.571428,10.230549,8.351771]},"faces":{"east":{"uv":[5.4375,6.875,5.6953125,7.171875],"rotation":0,"texture":"#0","tintindex":0},"south":{"uv":[6.90625,7.0,7.1328125,7.296875],"rotation":0,"texture":"#0","tintindex":0},"north":{"uv":[7.0,4.34375,7.2265625,4.640625],"rotation":0,"texture":"#0","tintindex":0},"west":{"uv":[6.875,5.4375,7.1328125,5.734375],"rotation":0,"texture":"#0","tintindex":0},"up":{"uv":[0.2265625,7.4140625,0.0,7.15625],"rotation":0,"texture":"#0","tintindex":0},"down":{"uv":[2.5390625,7.15625,2.3125,7.4140625],"rotation":0,"texture":"#0","tintindex":0}}},{"from":[6.802377,-1.0964918,6.381851],"to":[10.038674,2.5619311,9.618149],"rotation":{"angle":0.0,"axis":"y","origin":[12.571428,10.230549,8.351771]},"faces":{"east":{"uv":[4.5625,7.3125,4.7421875,7.515625],"rotation":0,"texture":"#0","tintindex":0},"south":{"uv":[4.75,7.3125,4.9296875,7.515625],"rotation":0,"texture":"#0","tintindex":0},"north":{"uv":[4.375,7.3125,4.5546875,7.515625],"rotation":0,"texture":"#0","tintindex":0},"west":{"uv":[4.9375,7.3125,5.1171875,7.515625],"rotation":0,"texture":"#0","tintindex":0},"up":{"uv":[0.6171875,7.5234375,0.4375,7.34375],"rotation":0,"texture":"#0","tintindex":0},"down":{"uv":[1.5546875,7.34375,1.375,7.5234375],"rotation":0,"texture":"#0","tintindex":0}}}],"display":{"head":{"translation":[0.0,-6.4,0.0],"scale":[4.0,4.0,4.0]}}}