{"textures":{"0":"modelengine:entity/phoenix"},"elements":[{"from":[8.133334,7.519445,7.45],"to":[15.850001,8.602778,8.55],"faces":{"east":{"uv":[7.53125,5.40625,7.6328125,5.5078125],"tintindex":0,"rotation":0,"texture":"#0"},"south":{"uv":[6.875,6.375,7.6015625,6.4765625],"tintindex":0,"rotation":0,"texture":"#0"},"north":{"uv":[6.875,6.25,7.6015625,6.3515625],"tintindex":0,"rotation":0,"texture":"#0"},"west":{"uv":[5.4375,7.53125,5.5390625,7.6328125],"tintindex":0,"rotation":0,"texture":"#0"},"up":{"uv":[7.6328125,6.6015625,6.90625,6.5],"tintindex":0,"rotation":0,"texture":"#0"},"down":{"uv":[7.6328125,6.625,6.90625,6.7265625],"tintindex":0,"rotation":0,"texture":"#0"}}},{"from":[-1.4333334,-8.36389,7.85],"to":[15.8166685,7.519445,7.85],"faces":{"south":{"uv":[0.0,0.0,1.6171875,1.1953125],"tintindex":0,"rotation":0,"texture":"#0"},"north":{"uv":[1.625,0.0,3.2421875,1.1953125],"tintindex":0,"rotation":0,"texture":"#0"}}}]}