{"textures":{"0":"modelengine:entity/phoenix"},"elements":[{"from":[7.750001,7.279167,7.175],"to":[22.275002,8.904167,8.825],"faces":{"east":{"uv":[7.53125,5.53125,7.6328125,5.6328125],"tintindex":0,"rotation":0,"texture":"#0"},"south":{"uv":[6.75,0.5,7.65625,0.6015625],"tintindex":0,"rotation":0,"texture":"#0"},"north":{"uv":[6.75,0.375,7.65625,0.4765625],"tintindex":0,"rotation":0,"texture":"#0"},"west":{"uv":[5.71875,7.53125,5.8203125,7.6328125],"tintindex":0,"rotation":0,"texture":"#0"},"up":{"uv":[7.65625,1.4765625,6.75,1.375],"tintindex":0,"rotation":0,"texture":"#0"},"down":{"uv":[7.65625,1.5,6.75,1.6015625],"tintindex":0,"rotation":0,"texture":"#0"}}},{"from":[0.050001144,-13.595833,7.775],"to":[22.225,7.279167,7.775],"faces":{"south":{"uv":[0.0,2.4375,1.3828125,3.7421875],"tintindex":0,"rotation":0,"texture":"#0"},"north":{"uv":[2.8125,2.4375,4.1953125,3.7421875],"tintindex":0,"rotation":0,"texture":"#0"}}}]}