{"textures":{"0":"modelengine:entity/phoenix"},"elements":[{"from":[8.0,2.0714283,7.847619],"to":[8.0,13.928572,11.276191],"rotation":{"angle":0.0,"axis":"y","origin":[8.028571,7.642857,4.133333]},"faces":{"east":{"uv":[1.0,6.53125,1.1875,7.1796875],"rotation":0,"texture":"#0","tintindex":0},"south":{"uv":[0.0,0.0,0.0,0.6484375],"rotation":0,"texture":"#0","tintindex":0},"north":{"uv":[0.0,0.0,0.0,0.6484375],"rotation":0,"texture":"#0","tintindex":0},"west":{"uv":[1.1875,6.53125,1.375,7.1796875],"rotation":0,"texture":"#0","tintindex":0},"up":{"uv":[0.0,0.1875,0.0,0.0],"rotation":0,"texture":"#0","tintindex":0},"down":{"uv":[0.0,0.0,0.0,0.1875],"rotation":0,"texture":"#0","tintindex":0}}},{"from":[6.714286,2.0714283,7.847619],"to":[6.714286,13.928572,9.847619],"rotation":{"angle":0.0,"axis":"y","origin":[8.028571,7.642857,4.133333]},"faces":{"east":{"uv":[4.0,6.8125,4.109375,7.4609375],"rotation":0,"texture":"#0","tintindex":0},"south":{"uv":[0.0,0.0,0.0,0.6484375],"rotation":0,"texture":"#0","tintindex":0},"north":{"uv":[0.0,0.0,0.0,0.6484375],"rotation":0,"texture":"#0","tintindex":0},"west":{"uv":[5.71875,6.875,5.828125,7.5234375],"rotation":0,"texture":"#0","tintindex":0},"up":{"uv":[0.0,0.109375,0.0,0.0],"rotation":0,"texture":"#0","tintindex":0},"down":{"uv":[0.0,0.0,0.0,0.109375],"rotation":0,"texture":"#0","tintindex":0}}},{"from":[9.285714,2.0714283,7.847619],"to":[9.285714,13.928572,9.847619],"rotation":{"angle":0.0,"axis":"y","origin":[8.028571,7.642857,4.133333]},"faces":{"east":{"uv":[0.6875,6.96875,0.796875,7.6171875],"rotation":0,"texture":"#0","tintindex":0},"south":{"uv":[0.0,0.0,0.0,0.6484375],"rotation":0,"texture":"#0","tintindex":0},"north":{"uv":[0.0,0.0,0.0,0.6484375],"rotation":0,"texture":"#0","tintindex":0},"west":{"uv":[0.8125,6.96875,0.921875,7.6171875],"rotation":0,"texture":"#0","tintindex":0},"up":{"uv":[0.0,0.109375,0.0,0.0],"rotation":0,"texture":"#0","tintindex":0},"down":{"uv":[0.0,0.0,0.0,0.109375],"rotation":0,"texture":"#0","tintindex":0}}}],"display":{"head":{"translation":[0.0,-6.4,0.0],"scale":[4.0,4.0,4.0]}}}