{"textures":{"0":"modelengine:entity/phoenix"},"elements":[{"from":[8.0,8.325001,1.875],"to":[8.0,15.075001,14.125],"faces":{"east":{"uv":[6.78125,1.09375,7.1640625,1.3046875],"tintindex":0,"rotation":0,"texture":"#0"},"west":{"uv":[6.8125,2.0,7.1953125,2.2109375],"tintindex":0,"rotation":0,"texture":"#0"}}},{"from":[10.0,8.325001,1.875],"to":[10.0,12.075001,14.125],"faces":{"east":{"uv":[4.375,7.1875,4.7578125,7.3046875],"tintindex":0,"rotation":0,"texture":"#0"},"west":{"uv":[4.78125,7.1875,5.1640625,7.3046875],"tintindex":0,"rotation":0,"texture":"#0"}}},{"from":[6.0,8.325001,1.875],"to":[6.0,12.075001,14.125],"faces":{"east":{"uv":[7.1875,1.09375,7.5703125,1.2109375],"tintindex":0,"rotation":0,"texture":"#0"},"west":{"uv":[7.1875,1.21875,7.5703125,1.3359375],"tintindex":0,"rotation":0,"texture":"#0"}}}]}