{"textures":{"0":"modelengine:entity/phoenix"},"elements":[{"from":[6.31875,7.3656235,-0.34375],"to":[7.41875,7.965624,1.356247],"faces":{"east":{"uv":[7.65625,1.03125,7.7109375,1.046875],"tintindex":0,"rotation":0,"texture":"#0"},"south":{"uv":[2.59375,7.65625,2.625,7.671875],"tintindex":0,"rotation":0,"texture":"#0"},"north":{"uv":[7.65625,2.5625,7.6875,2.578125],"tintindex":0,"rotation":0,"texture":"#0"},"west":{"uv":[7.65625,1.0625,7.7109375,1.078125],"tintindex":0,"rotation":0,"texture":"#0"},"up":{"uv":[7.65625,2.9921875,7.625,2.9375],"tintindex":0,"rotation":0,"texture":"#0"},"down":{"uv":[7.65625,3.125,7.625,3.1796875],"tintindex":0,"rotation":0,"texture":"#0"}}},{"from":[6.21875,6.965624,1.356247],"to":[9.81875,7.3656235,3.0562477],"faces":{"east":{"uv":[7.65625,0.4375,7.7109375,0.453125],"tintindex":0,"rotation":0,"texture":"#0"},"south":{"uv":[7.625,2.71875,7.734375,2.734375],"tintindex":0,"rotation":0,"texture":"#0"},"north":{"uv":[7.625,2.4375,7.734375,2.453125],"tintindex":0,"rotation":0,"texture":"#0"},"west":{"uv":[7.65625,0.46875,7.7109375,0.484375],"tintindex":0,"rotation":0,"texture":"#0"},"up":{"uv":[6.328125,4.6171875,6.21875,4.5625],"tintindex":0,"rotation":0,"texture":"#0"},"down":{"uv":[7.671875,5.25,7.5625,5.3046875],"tintindex":0,"rotation":0,"texture":"#0"}}},{"from":[7.51875,6.565624,-0.34375],"to":[8.51875,6.965624,1.356247],"faces":{"east":{"uv":[7.65625,0.5625,7.7109375,0.578125],"tintindex":0,"rotation":0,"texture":"#0"},"south":{"uv":[7.65625,2.5,7.6875,2.515625],"tintindex":0,"rotation":0,"texture":"#0"},"north":{"uv":[7.65625,2.46875,7.6875,2.484375],"tintindex":0,"rotation":0,"texture":"#0"},"west":{"uv":[7.65625,0.59375,7.7109375,0.609375],"tintindex":0,"rotation":0,"texture":"#0"},"up":{"uv":[0.9375,7.6796875,0.90625,7.625],"tintindex":0,"rotation":0,"texture":"#0"},"down":{"uv":[2.28125,7.625,2.25,7.6796875],"tintindex":0,"rotation":0,"texture":"#0"}}},{"from":[7.61875,7.3656235,-2.0437508],"to":[8.41875,7.6656246,-1.0437508],"faces":{"east":{"uv":[3.25,7.65625,3.28125,7.6640625],"tintindex":0,"rotation":0,"texture":"#0"},"south":{"uv":[3.46875,7.65625,3.4921875,7.6640625],"tintindex":0,"rotation":0,"texture":"#0"},"north":{"uv":[3.4375,7.65625,3.4609375,7.6640625],"tintindex":0,"rotation":0,"texture":"#0"},"west":{"uv":[3.28125,7.65625,3.3125,7.6640625],"tintindex":0,"rotation":0,"texture":"#0"},"up":{"uv":[3.1796875,7.0,3.15625,6.96875],"tintindex":0,"rotation":0,"texture":"#0"},"down":{"uv":[7.0859375,2.21875,7.0625,2.25],"tintindex":0,"rotation":0,"texture":"#0"}}},{"from":[8.61875,7.3656235,-0.34375],"to":[9.51875,7.965624,1.356247],"faces":{"east":{"uv":[1.0,7.65625,1.0546875,7.671875],"tintindex":0,"rotation":0,"texture":"#0"},"south":{"uv":[2.5625,7.65625,2.59375,7.671875],"tintindex":0,"rotation":0,"texture":"#0"},"north":{"uv":[7.65625,2.53125,7.6875,2.546875],"tintindex":0,"rotation":0,"texture":"#0"},"west":{"uv":[7.65625,1.0,7.7109375,1.015625],"tintindex":0,"rotation":0,"texture":"#0"},"up":{"uv":[2.3125,7.6796875,2.28125,7.625],"tintindex":0,"rotation":0,"texture":"#0"},"down":{"uv":[7.65625,2.75,7.625,2.8046875],"tintindex":0,"rotation":0,"texture":"#0"}}},{"from":[6.51875,6.565624,3.0562477],"to":[9.51875,6.965624,8.056248],"faces":{"east":{"uv":[7.59375,7.3125,7.75,7.328125],"tintindex":0,"rotation":0,"texture":"#0"},"south":{"uv":[3.5,7.625,3.59375,7.640625],"tintindex":0,"rotation":0,"texture":"#0"},"north":{"uv":[7.625,3.46875,7.71875,3.484375],"tintindex":0,"rotation":0,"texture":"#0"},"west":{"uv":[7.59375,7.34375,7.75,7.359375],"tintindex":0,"rotation":0,"texture":"#0"},"up":{"uv":[2.09375,7.625,2.0,7.46875],"tintindex":0,"rotation":0,"texture":"#0"},"down":{"uv":[2.1875,7.46875,2.09375,7.625],"tintindex":0,"rotation":0,"texture":"#0"}}},{"from":[6.91875,6.565624,1.356247],"to":[9.11875,6.965624,3.0562477],"faces":{"east":{"uv":[0.6875,7.65625,0.7421875,7.671875],"tintindex":0,"rotation":0,"texture":"#0"},"south":{"uv":[7.65625,0.125,7.7265625,0.140625],"tintindex":0,"rotation":0,"texture":"#0"},"north":{"uv":[7.65625,0.09375,7.7265625,0.109375],"tintindex":0,"rotation":0,"texture":"#0"},"west":{"uv":[0.75,7.65625,0.8046875,7.671875],"tintindex":0,"rotation":0,"texture":"#0"},"up":{"uv":[0.0703125,7.6484375,0.0,7.59375],"tintindex":0,"rotation":0,"texture":"#0"},"down":{"uv":[0.3828125,7.59375,0.3125,7.6484375],"tintindex":0,"rotation":0,"texture":"#0"}}},{"from":[7.41875,6.965624,-1.0437508],"to":[8.61875,7.3656235,-0.34375],"faces":{"east":{"uv":[2.71875,7.65625,2.7421875,7.671875],"tintindex":0,"rotation":0,"texture":"#0"},"south":{"uv":[7.65625,1.3125,7.6953125,1.328125],"tintindex":0,"rotation":0,"texture":"#0"},"north":{"uv":[7.65625,1.28125,7.6953125,1.296875],"tintindex":0,"rotation":0,"texture":"#0"},"west":{"uv":[2.75,7.65625,2.7734375,7.671875],"tintindex":0,"rotation":0,"texture":"#0"},"up":{"uv":[7.6953125,0.3984375,7.65625,0.375],"tintindex":0,"rotation":0,"texture":"#0"},"down":{"uv":[7.6953125,0.40625,7.65625,0.4296875],"tintindex":0,"rotation":0,"texture":"#0"}}},{"from":[7.71875,7.6656246,-2.9437523],"to":[8.21875,7.965624,-2.5437508],"faces":{"east":{"uv":[7.65625,3.5625,7.671875,3.5703125],"tintindex":0,"rotation":0,"texture":"#0"},"south":{"uv":[7.65625,3.59375,7.671875,3.6015625],"tintindex":0,"rotation":0,"texture":"#0"},"north":{"uv":[3.5625,7.65625,3.578125,7.6640625],"tintindex":0,"rotation":0,"texture":"#0"},"west":{"uv":[3.65625,7.65625,3.671875,7.6640625],"tintindex":0,"rotation":0,"texture":"#0"},"up":{"uv":[3.328125,7.671875,3.3125,7.65625],"tintindex":0,"rotation":0,"texture":"#0"},"down":{"uv":[3.359375,7.65625,3.34375,7.671875],"tintindex":0,"rotation":0,"texture":"#0"}}},{"from":[5.21875,7.4156246,2.4562492],"to":[5.81875,8.115623,8.056248],"faces":{"east":{"uv":[7.5625,7.4375,7.734375,7.4609375],"tintindex":0,"rotation":0,"texture":"#0"},"south":{"uv":[7.65625,2.9375,7.671875,2.9609375],"tintindex":0,"rotation":0,"texture":"#0"},"north":{"uv":[2.78125,7.65625,2.796875,7.6796875],"tintindex":0,"rotation":0,"texture":"#0"},"west":{"uv":[7.5625,7.46875,7.734375,7.4921875],"tintindex":0,"rotation":0,"texture":"#0"},"up":{"uv":[3.921875,7.765625,3.90625,7.59375],"tintindex":0,"rotation":0,"texture":"#0"},"down":{"uv":[3.953125,7.59375,3.9375,7.765625],"tintindex":0,"rotation":0,"texture":"#0"}}},{"from":[5.71875,6.965624,3.0562477],"to":[10.31875,7.565624,8.056248],"faces":{"east":{"uv":[7.59375,7.0,7.75,7.015625],"tintindex":0,"rotation":0,"texture":"#0"},"south":{"uv":[7.625,1.71875,7.765625,1.734375],"tintindex":0,"rotation":0,"texture":"#0"},"north":{"uv":[7.625,1.6875,7.765625,1.703125],"tintindex":0,"rotation":0,"texture":"#0"},"west":{"uv":[7.59375,7.03125,7.75,7.046875],"tintindex":0,"rotation":0,"texture":"#0"},"up":{"uv":[7.421875,7.5625,7.28125,7.40625],"tintindex":0,"rotation":0,"texture":"#0"},"down":{"uv":[0.140625,7.4375,0.0,7.59375],"tintindex":0,"rotation":0,"texture":"#0"}}},{"from":[7.11875,7.3656235,-1.0437508],"to":[8.91875,7.965624,1.356247],"faces":{"east":{"uv":[7.65625,0.0,7.734375,0.015625],"tintindex":0,"rotation":0,"texture":"#0"},"south":{"uv":[7.65625,0.96875,7.7109375,0.984375],"tintindex":0,"rotation":0,"texture":"#0"},"north":{"uv":[0.9375,7.65625,0.9921875,7.671875],"tintindex":0,"rotation":0,"texture":"#0"},"west":{"uv":[7.65625,0.03125,7.734375,0.046875],"tintindex":0,"rotation":0,"texture":"#0"},"up":{"uv":[6.7109375,7.171875,6.65625,7.09375],"tintindex":0,"rotation":0,"texture":"#0"},"down":{"uv":[0.3046875,7.15625,0.25,7.234375],"tintindex":0,"rotation":0,"texture":"#0"}}},{"from":[6.91875,6.965624,-0.34375],"to":[9.11875,7.3656235,1.356247],"faces":{"east":{"uv":[7.65625,0.5,7.7109375,0.515625],"tintindex":0,"rotation":0,"texture":"#0"},"south":{"uv":[0.09375,7.65625,0.1640625,7.671875],"tintindex":0,"rotation":0,"texture":"#0"},"north":{"uv":[7.65625,0.0625,7.7265625,0.078125],"tintindex":0,"rotation":0,"texture":"#0"},"west":{"uv":[7.65625,0.53125,7.7109375,0.546875],"tintindex":0,"rotation":0,"texture":"#0"},