{"textures":{"4":"modelengine:entity/phoenix3"},"elements":[{"from":[-3.5500002,-8.199999,7.9],"to":[20.55,8.0,7.9],"faces":{"south":{"uv":[9.625,4.125,15.65625,8.1875],"tintindex":0,"rotation":0,"texture":"#4"},"north":{"uv":[9.5625,4.15625,15.59375,8.21875],"tintindex":0,"rotation":0,"texture":"#4"}}}]}