{"textures":{"0":"modelengine:entity/phoenix"},"elements":[{"from":[4.0,10.5,-3.0],"to":[12.0,11.5,8.0],"faces":{"east":{"uv":[7.40625,0.9375,7.75,0.96875],"tintindex":0,"rotation":0,"texture":"#0"},"south":{"uv":[7.53125,7.40625,7.78125,7.4375],"tintindex":0,"rotation":0,"texture":"#0"},"north":{"uv":[7.53125,5.6875,7.78125,5.71875],"tintindex":0,"rotation":0,"texture":"#0"},"west":{"uv":[7.46875,5.03125,7.8125,5.0625],"tintindex":0,"rotation":0,"texture":"#0"},"up":{"uv":[4.90625,7.1875,4.65625,6.84375],"tintindex":0,"rotation":0,"texture":"#0"},"down":{"uv":[5.15625,6.84375,4.90625,7.1875],"tintindex":0,"rotation":0,"texture":"#0"}}},{"from":[4.0,4.5,-3.0],"to":[12.0,5.5,8.0],"faces":{"east":{"uv":[6.78125,1.3125,7.125,1.34375],"tintindex":0,"rotation":0,"texture":"#0"},"south":{"uv":[7.0,4.65625,7.25,4.6875],"tintindex":0,"rotation":0,"texture":"#0"},"north":{"uv":[6.8125,2.21875,7.0625,2.25],"tintindex":0,"rotation":0,"texture":"#0"},"west":{"uv":[7.375,4.3125,7.71875,4.34375],"tintindex":0,"rotation":0,"texture":"#0"},"up":{"uv":[6.65625,7.15625,6.40625,6.8125],"tintindex":0,"rotation":0,"texture":"#0"},"down":{"uv":[4.65625,6.84375,4.40625,7.1875],"tintindex":0,"rotation":0,"texture":"#0"}}},{"from":[3.0,5.5,-3.0],"to":[13.0,10.5,8.0],"faces":{"east":{"uv":[7.15625,5.125,7.5,5.28125],"tintindex":0,"rotation":0,"texture":"#0"},"south":{"uv":[7.15625,5.59375,7.46875,5.75],"tintindex":0,"rotation":0,"texture":"#0"},"north":{"uv":[7.15625,5.4375,7.46875,5.59375],"tintindex":0,"rotation":0,"texture":"#0"},"west":{"uv":[7.15625,5.28125,7.5,5.4375],"tintindex":0,"rotation":0,"texture":"#0"},"up":{"uv":[5.90625,3.5625,5.59375,3.21875],"tintindex":0,"rotation":0,"texture":"#0"},"down":{"uv":[7.0,4.34375,6.6875,4.6875],"tintindex":0,"rotation":0,"texture":"#0"}}}]}