{"textures":{"0":"modelengine:entity/phoenix"},"elements":[{"from":[5.142857,6.5714283,1.7142854],"to":[10.857143,9.428572,8.0],"rotation":{"angle":0.0,"axis":"y","origin":[8.0,-12.857143,7.428571]},"faces":{"east":{"uv":[7.15625,5.125,7.5,5.28125],"rotation":0,"texture":"#0","tintindex":0},"south":{"uv":[7.15625,5.59375,7.46875,5.75],"rotation":0,"texture":"#0","tintindex":0},"north":{"uv":[7.15625,5.4375,7.46875,5.59375],"rotation":0,"texture":"#0","tintindex":0},"west":{"uv":[7.15625,5.28125,7.5,5.4375],"rotation":0,"texture":"#0","tintindex":0},"up":{"uv":[5.90625,3.5625,5.59375,3.21875],"rotation":0,"texture":"#0","tintindex":0},"down":{"uv":[7.0,4.34375,6.6875,4.6875],"rotation":0,"texture":"#0","tintindex":0}}},{"from":[5.714286,6.0,1.7142854],"to":[10.285714,6.5714283,8.0],"rotation":{"angle":0.0,"axis":"y","origin":[8.0,-12.857143,7.428571]},"faces":{"east":{"uv":[6.78125,1.3125,7.125,1.34375],"rotation":0,"texture":"#0","tintindex":0},"south":{"uv":[7.0,4.65625,7.25,4.6875],"rotation":0,"texture":"#0","tintindex":0},"north":{"uv":[6.8125,2.21875,7.0625,2.25],"rotation":0,"texture":"#0","tintindex":0},"west":{"uv":[7.375,4.3125,7.71875,4.34375],"rotation":0,"texture":"#0","tintindex":0},"up":{"uv":[6.65625,7.15625,6.40625,6.8125],"rotation":0,"texture":"#0","tintindex":0},"down":{"uv":[4.65625,6.84375,4.40625,7.1875],"rotation":0,"texture":"#0","tintindex":0}}},{"from":[5.714286,9.428572,1.7142854],"to":[10.285714,10.0,8.0],"rotation":{"angle":0.0,"axis":"y","origin":[8.0,-12.857143,7.428571]},"faces":{"east":{"uv":[7.40625,0.9375,7.75,0.96875],"rotation":0,"texture":"#0","tintindex":0},"south":{"uv":[7.53125,7.40625,7.78125,7.4375],"rotation":0,"texture":"#0","tintindex":0},"north":{"uv":[7.53125,5.6875,7.78125,5.71875],"rotation":0,"texture":"#0","tintindex":0},"west":{"uv":[7.46875,5.03125,7.8125,5.0625],"rotation":0,"texture":"#0","tintindex":0},"up":{"uv":[4.90625,7.1875,4.65625,6.84375],"rotation":0,"texture":"#0","tintindex":0},"down":{"uv":[5.15625,6.84375,4.90625,7.1875],"rotation":0,"texture":"#0","tintindex":0}}}],"display":{"head":{"translation":[0.0,-6.4,0.0],"scale":[4.0,4.0,4.0]}}}