{"textures":{"0":"modelengine:entity/phoenix"},"elements":[{"from":[6.93288,-8.115841,6.8844],"to":[9.39528,8.504801,9.3468],"faces":{"east":{"uv":[1.28125,7.1875,1.359375,7.703125],"tintindex":0,"rotation":0,"texture":"#0"},"south":{"uv":[5.59375,7.1875,5.671875,7.703125],"tintindex":0,"rotation":0,"texture":"#0"},"north":{"uv":[1.1875,7.1875,1.265625,7.703125],"tintindex":0,"rotation":0,"texture":"#0"},"west":{"uv":[6.65625,7.1875,6.734375,7.703125],"tintindex":0,"rotation":0,"texture":"#0"},"up":{"uv":[6.734375,3.203125,6.65625,3.125],"tintindex":0,"rotation":0,"texture":"#0"},"down":{"uv":[7.640625,5.0625,7.5625,5.140625],"tintindex":0,"rotation":0,"texture":"#0"}}}]}