{"textures":{"0":"modelengine:entity/phoenix"},"elements":[{"from":[5.5392,2.4915767,5.6783085],"to":[9.619749,7.9792113,10.3216915],"rotation":{"angle":0.0,"axis":"y","origin":[3.4285712,10.230549,8.351771]},"faces":{"east":{"uv":[6.875,5.125,7.1328125,5.421875],"rotation":0,"texture":"#0","tintindex":0},"south":{"uv":[3.15625,7.0,3.3828125,7.296875],"rotation":0,"texture":"#0","tintindex":0},"north":{"uv":[6.9375,3.625,7.1640625,3.921875],"rotation":0,"texture":"#0","tintindex":0},"west":{"uv":[5.15625,6.875,5.4140625,7.171875],"rotation":0,"texture":"#0","tintindex":0},"up":{"uv":[7.3203125,2.9765625,7.09375,2.71875],"rotation":0,"texture":"#0","tintindex":0},"down":{"uv":[7.3515625,4.0625,7.125,4.3203125],"rotation":0,"texture":"#0","tintindex":0}}},{"from":[5.9613256,-1.0964918,6.381851],"to":[9.197623,2.5619311,9.618149],"rotation":{"angle":0.0,"axis":"y","origin":[3.4285712,10.230549,8.351771]},"faces":{"east":{"uv":[6.03125,7.28125,6.2109375,7.484375],"rotation":0,"texture":"#0","tintindex":0},"south":{"uv":[6.21875,7.28125,6.3984375,7.484375],"rotation":0,"texture":"#0","tintindex":0},"north":{"uv":[5.84375,7.28125,6.0234375,7.484375],"rotation":0,"texture":"#0","tintindex":0},"west":{"uv":[3.09375,7.3125,3.2734375,7.515625],"rotation":0,"texture":"#0","tintindex":0},"up":{"uv":[4.8359375,1.3046875,4.65625,1.125],"rotation":0,"texture":"#0","tintindex":0},"down":{"uv":[0.4296875,7.34375,0.25,7.5234375],"rotation":0,"texture":"#0","tintindex":0}}}],"display":{"head":{"translation":[0.0,-6.4,0.0],"scale":[4.0,4.0,4.0]}}}