{"textures":{"0":"modelengine:entity/phoenix"},"elements":[{"from":[6.6857142,14.670568,-2.072692],"to":[9.314285,14.899139,1.1844501],"rotation":{"angle":0.0,"axis":"y","origin":[8.0,-5.714287,8.0]},"faces":{"east":{"uv":[7.59375,3.78125,7.7734375,3.796875],"rotation":0,"texture":"#0","tintindex":0},"south":{"uv":[0.6875,7.625,0.828125,7.640625],"rotation":0,"texture":"#0","tintindex":0},"north":{"uv":[7.59375,7.375,7.734375,7.390625],"rotation":0,"texture":"#0","tintindex":0},"west":{"uv":[7.59375,3.8125,7.7734375,3.828125],"rotation":0,"texture":"#0","tintindex":0},"up":{"uv":[5.578125,2.4296875,5.4375,2.25],"rotation":0,"texture":"#0","tintindex":0},"down":{"uv":[7.515625,4.0625,7.375,4.2421875],"rotation":0,"texture":"#0","tintindex":0}}},{"from":[6.6857142,14.899139,-0.9298353],"to":[9.314285,15.127711,1.1844501],"rotation":{"angle":0.0,"axis":"y","origin":[8.0,-5.714287,8.0]},"faces":{"east":{"uv":[2.125,7.625,2.2421875,7.640625],"rotation":0,"texture":"#0","tintindex":0},"south":{"uv":[7.625,1.65625,7.765625,1.671875],"rotation":0,"texture":"#0","tintindex":0},"north":{"uv":[7.625,1.625,7.765625,1.640625],"rotation":0,"texture":"#0","tintindex":0},"west":{"uv":[7.625,2.21875,7.7421875,2.234375],"rotation":0,"texture":"#0","tintindex":0},"up":{"uv":[7.546875,7.1796875,7.40625,7.0625],"rotation":0,"texture":"#0","tintindex":0},"down":{"uv":[5.328125,7.4375,5.1875,7.5546875],"rotation":0,"texture":"#0","tintindex":0}}},{"from":[7.142857,15.127711,-0.9298353],"to":[8.857143,15.356283,1.1844501],"rotation":{"angle":0.0,"axis":"y","origin":[8.0,-5.714287,8.0]},"faces":{"east":{"uv":[7.625,2.25,7.7421875,2.265625],"rotation":0,"texture":"#0","tintindex":0},"south":{"uv":[7.625,3.3125,7.71875,3.328125],"rotation":0,"texture":"#0","tintindex":0},"north":{"uv":[7.625,3.28125,7.71875,3.296875],"rotation":0,"texture":"#0","tintindex":0},"west":{"uv":[7.625,2.28125,7.7421875,2.296875],"rotation":0,"texture":"#0","tintindex":0},"up":{"uv":[3.1875,7.6484375,3.09375,7.53125],"rotation":0,"texture":"#0","tintindex":0},"down":{"uv":[3.28125,7.53125,3.1875,7.6484375],"rotation":0,"texture":"#0","tintindex":0}}},{"from":[7.714286,15.356283,-0.9298353],"to":[8.285714,15.584854,1.1844501],"rotation":{"angle":0.0,"axis":"y","origin":[8.0,-5.714287,8.0]},"faces":{"east":{"uv":[7.625,2.3125,7.7421875,2.328125],"rotation":0,"texture":"#0","tintindex":0},"south":{"uv":[2.03125,7.65625,2.0625,7.671875],"rotation":0,"texture":"#0","tintindex":0},"north":{"uv":[2.0,7.65625,2.03125,7.671875],"rotation":0,"texture":"#0","tintindex":0},"west":{"uv":[7.625,2.34375,7.7421875,2.359375],"rotation":0,"texture":"#0","tintindex":0},"up":{"uv":[4.875,1.2421875,4.84375,1.125],"rotation":0,"texture":"#0","tintindex":0},"down":{"uv":[2.84375,7.15625,2.8125,7.2734375],"rotation":0,"texture":"#0","tintindex":0}}},{"from":[7.714286,15.127711,-2.072692],"to":[8.285714,15.356283,-0.9298353],"rotation":{"angle":0.0,"axis":"y","origin":[8.0,-5.714287,8.0]},"faces":{"east":{"uv":[7.375,7.625,7.4375,7.640625],"rotation":0,"texture":"#0","tintindex":0},"south":{"uv":[2.09375,7.65625,2.125,7.671875],"rotation":0,"texture":"#0","tintindex":0},"north":{"uv":[2.0625,7.65625,2.09375,7.671875],"rotation":0,"texture":"#0","tintindex":0},"west":{"uv":[7.65625,0.15625,7.71875,0.171875],"rotation":0,"texture":"#0","tintindex":0},"up":{"uv":[4.875,1.3125,4.84375,1.25],"rotation":0,"texture":"#0","tintindex":0},"down":{"uv":[4.5625,6.25,4.53125,6.3125],"rotation":0,"texture":"#0","tintindex":0}}},{"from":[7.714286,14.899139,-3.2155495],"to":[8.285714,15.127711,-2.072692],"rotation":{"angle":0.0,"axis":"y","origin":[8.0,-5.714287,8.0]},"faces":{"east":{"uv":[0.1875,7.65625,0.25,7.671875],"rotation":0,"texture":"#0","tintindex":0},"south":{"uv":[2.15625,7.65625,2.1875,7.671875],"rotation":0,"texture":"#0","tintindex":0},"north":{"uv":[2.125,7.65625,2.15625,7.671875],"rotation":0,"texture":"#0","tintindex":0},"west":{"uv":[7.65625,0.1875,7.71875,0.203125],"rotation":0,"texture":"#0","tintindex":0},"up":{"uv":[6.90625,6.5625,6.875,6.5],"rotation":0,"texture":"#0","tintindex":0},"down":{"uv":[7.28125,4.625,7.25,4.6875],"rotation":0,"texture":"#0","tintindex":0}}},{"from":[7.714286,14.727712,-4.358407],"to":[8.285714,14.899139,-3.2155495],"rotation":{"angle":0.0,"axis":"y","origin":[8.0,-5.714287,8.0]},"faces":{"east":{"uv":[2.1875,7.65625,2.25,7.6640625],"rotation":0,"texture":"#0","tintindex":0},"south":{"uv":[7.65625,3.125,7.6875,3.1328125],"rotation":0,"texture":"#0","tintindex":0},"north":{"uv":[3.125,7.65625,3.15625,7.6640625],"rotation":0,"texture":"#0","tintindex":0},"west":{"uv":[2.3125,7.65625,2.375,7.6640625],"rotation":0,"texture":"#0","tintindex":0},"up":{"uv":[7.40625,7.0,7.375,6.9375],"rotation":0,"texture":"#0","tintindex":0},"down":{"uv":[0.53125,7.625,0.5,7.6875],"rotation":0,"texture":"#0","tintindex":0}}},{"from":[7.714286,14.49914,-4.872693],"to":[8.285714,14.670568,-4.358407],"rotation":{"angle":0.0,"axis":"y","origin":[8.0,-5.714287,8.0]},"faces":{"east":{"uv":[7.65625,3.15625,7.6875,3.1640625],"rotation":0,"texture":"#0","tintindex":0},"south":{"uv":[3.1875,7.65625,3.21875,7.6640625],"rotation":0,"texture":"#0","tintindex":0},"north":{"uv":[3.15625,7.65625,3.1875,7.6640625],"rotation":0,"texture":"#0","tintindex":0},"west":{"uv":[3.21875,7.65625,3.25,7.6640625],"rotation":0,"texture":"#0","tintindex":0},"up":{"uv":[5.625,4.875,5.59375,4.84375],"rotation":0,"texture":"#0","tintindex":0},"down":{"uv":[5.9375,3.53125,5.90625,3.5625],"rotation":0,"texture":"#0","tintindex":0}}},{"from":[7.2,14.899139,-2.072692],"to":[8.8,15.127711,-0.9298353],"rotation":{"angle":0.0,"axis":"y","origin":[8.0,-5.714287,8.0]},"faces":{"east":{"uv":[7.65625,0.21875,7.71875,0.234375],"rotation":0,"texture":"#0","tintindex":0},"south":{"uv":[7.625,6.4375,7.7109375,6.453125],"rotation":0,"texture":"#0","tintindex":0},"north":{"uv":[7.625,6.40625,7.7109375,6.421875],"rotation":0,"texture":"#0","tintindex":0},"west":{"uv":[7.65625,0.25,7.71875,0.265625],"rotation":0,"texture":"#0","tintindex":0},"up":{"uv":[5.4296875,2.4375,5.34375,2.375],"rotation":0,"texture":"#0","tintindex":0},"down":{"uv":[7.6484375,7.125,7.5625,7.1875],"rotation":0,"texture":"#0","tintindex":0}}},{"from":[7.257143,14.670568,-3.2155495],"to":[8.742857,14.899139,-2.072692],"rotation":{"angle":0.0,"axis":"y","origin":[8.0,-5.714287,8.0]},"faces":{"east":{"uv":[7.65625,0.28125,7.71875,0.296875],"rotation":0,"texture":"#0","tintindex":0},"south":{"uv":[7.28125,7.625,7.359375,7.640625],"rotation":0,"texture":"#0","tintindex":0},"north":{"uv":[7.625,6.46875,7.703125,6.484375],"rotation":0,"texture":"#0","tintindex":0},"west":{"uv":[0.3125,7.65625,0.375,7.671875],"rotation":0,"texture":"#0","tintindex":0},"up":{"uv":[7.640625,7.25,7.5625,7.1875],"rotation":0,"texture":"#0","tintindex":0},"down":{"uv":[7.640625,7.25,7.5625,7.3125],"rotation":0,"texture":"#0","tintindex":0}}},{"from":[7.542857,14.49914,-4.358407],"to":[8.457143,14.727712,-3.2155495],"rotation":{"angle":0.0,"axis":"y","origin":[8.0,-5.714287,8.0]},"faces":{"east":{"uv":[7.65625,0.3125,7.71875,0.328125],"rotation":0,"texture":"#0","tintindex":0},"south":{"uv":[7.65625,1.1875,7.703125,1.203125],"rotation":0,"texture":"#0","tintindex":0},"north":{"uv":[7.65625,1.15625,7.703125,1.171875],"rotation":0,"texture":"#0","tintindex":0},"west":{"uv":[7.65625,0.34375,7.71875,0.359375],"rotation":0,"texture":"#0","tintindex":0},"up":{"uv":[7.640625,2.875,7.59375,2.8125],"rotation":0,"texture":"#0","tintindex":0},"down":{"uv":[7.640625,3.71875,7.59375,3.78125],"rotation":0,"texture":"#0","tintindex":0}}},{"from":[6.857143,14.327711,-3.2155495],"to":[9.142858,14.670568,-1.101264],"rotation":{"angle":0.0,"axis":"y","origin":[8.0,-5.714287,8.0]},"faces":{"east":{"uv":[7.625,2.375,7.7421875,2.390625],"rotation":0,"texture":"#0","tintindex":0},"south":{"uv":[2.0,7.625,2.125,7.640625],"rotation":0,"texture":"#0","tintindex":0},"north":{"uv":[7.625,1.96875,7.75,1.984375],"rotation":0,"texture":"#0",