{"textures":{"0":"modelengine:entity/phoenix"},"elements":[{"from":[6.3,19.073494,-12.727211],"to":[9.5,19.373495,-10.927212],"faces":{"east":{"uv":[7.65625,2.59375,7.7109375,2.6015625],"tintindex":0,"rotation":0,"texture":"#0"},"south":{"uv":[7.65625,1.125,7.7578125,1.1328125],"tintindex":0,"rotation":0,"texture":"#0"},"north":{"uv":[7.65625,1.09375,7.7578125,1.1015625],"tintindex":0,"rotation":0,"texture":"#0"},"west":{"uv":[2.625,7.65625,2.6796875,7.6640625],"tintindex":0,"rotation":0,"texture":"#0"},"up":{"uv":[7.6640625,5.3984375,7.5625,5.34375],"tintindex":0,"rotation":0,"texture":"#0"},"down":{"uv":[7.6640625,7.0625,7.5625,7.1171875],"tintindex":0,"rotation":0,"texture":"#0"}}},{"from":[6.5,20.473494,-7.6272125],"to":[9.5,20.873495,-3.9272118],"faces":{"east":{"uv":[7.625,2.25,7.7421875,2.265625],"tintindex":0,"rotation":0,"texture":"#0"},"south":{"uv":[7.625,3.3125,7.71875,3.328125],"tintindex":0,"rotation":0,"texture":"#0"},"north":{"uv":[7.625,3.28125,7.71875,3.296875],"tintindex":0,"rotation":0,"texture":"#0"},"west":{"uv":[7.625,2.28125,7.7421875,2.296875],"tintindex":0,"rotation":0,"texture":"#0"},"up":{"uv":[3.1875,7.6484375,3.09375,7.53125],"tintindex":0,"rotation":0,"texture":"#0"},"down":{"uv":[3.28125,7.53125,3.1875,7.6484375],"tintindex":0,"rotation":0,"texture":"#0"}}},{"from":[7.7,19.073494,-9.627213],"to":[10.7,19.673494,-3.9272118],"faces":{"east":{"uv":[7.59375,3.84375,7.7734375,3.859375],"tintindex":0,"rotation":0,"texture":"#0"},"south":{"uv":[7.625,3.375,7.71875,3.390625],"tintindex":0,"rotation":0,"texture":"#0"},"north":{"uv":[7.625,3.34375,7.71875,3.359375],"tintindex":0,"rotation":0,"texture":"#0"},"west":{"uv":[4.125,7.59375,4.3046875,7.609375],"tintindex":0,"rotation":0,"texture":"#0"},"up":{"uv":[4.875,3.7421875,4.78125,3.5625],"tintindex":0,"rotation":0,"texture":"#0"},"down":{"uv":[3.59375,7.4375,3.5,7.6171875],"tintindex":0,"rotation":0,"texture":"#0"}}},{"from":[7.0,19.073494,-14.52721],"to":[8.9,19.373495,-12.727211],"faces":{"east":{"uv":[7.65625,2.625,7.7109375,2.6328125],"tintindex":0,"rotation":0,"texture":"#0"},"south":{"uv":[2.4375,7.65625,2.5,7.6640625],"tintindex":0,"rotation":0,"texture":"#0"},"north":{"uv":[2.375,7.65625,2.4375,7.6640625],"tintindex":0,"rotation":0,"texture":"#0"},"west":{"uv":[7.65625,2.65625,7.7109375,2.6640625],"tintindex":0,"rotation":0,"texture":"#0"},"up":{"uv":[4.78125,3.7421875,4.71875,3.6875],"tintindex":0,"rotation":0,"texture":"#0"},"down":{"uv":[6.78125,0.96875,6.71875,1.0234375],"tintindex":0,"rotation":0,"texture":"#0"}}},{"from":[7.5,19.373495,-14.52721],"to":[8.5,19.673494,-13.627213],"faces":{"east":{"uv":[7.65625,3.15625,7.6875,3.1640625],"tintindex":0,"rotation":0,"texture":"#0"},"south":{"uv":[3.1875,7.65625,3.21875,7.6640625],"tintindex":0,"rotation":0,"texture":"#0"},"north":{"uv":[3.15625,7.65625,3.1875,7.6640625],"tintindex":0,"rotation":0,"texture":"#0"},"west":{"uv":[3.21875,7.65625,3.25,7.6640625],"tintindex":0,"rotation":0,"texture":"#0"},"up":{"uv":[5.625,4.875,5.59375,4.84375],"tintindex":0,"rotation":0,"texture":"#0"},"down":{"uv":[5.9375,3.53125,5.90625,3.5625],"tintindex":0,"rotation":0,"texture":"#0"}}},{"from":[6.6,20.073494,-9.627213],"to":[9.4,20.473494,-7.6272125],"faces":{"east":{"uv":[7.65625,0.21875,7.71875,0.234375],"tintindex":0,"rotation":0,"texture":"#0"},"south":{"uv":[7.625,6.4375,7.7109375,6.453125],"tintindex":0,"rotation":0,"texture":"#0"},"north":{"uv":[7.625,6.40625,7.7109375,6.421875],"tintindex":0,"rotation":0,"texture":"#0"},"west":{"uv":[7.65625,0.25,7.71875,0.265625],"tintindex":0,"rotation":0,"texture":"#0"},"up":{"uv":[5.4296875,2.4375,5.34375,2.375],"tintindex":0,"rotation":0,"texture":"#0"},"down":{"uv":[7.6484375,7.125,7.5625,7.1875],"tintindex":0,"rotation":0,"texture":"#0"}}},{"from":[5.7,20.073494,-7.6272125],"to":[10.3,20.473494,-3.9272118],"faces":{"east":{"uv":[2.125,7.625,2.2421875,7.640625],"tintindex":0,"rotation":0,"texture":"#0"},"south":{"uv":[7.625,1.65625,7.765625,1.671875],"tintindex":0,"rotation":0,"texture":"#0"},"north":{"uv":[7.625,1.625,7.765625,1.640625],"tintindex":0,"rotation":0,"texture":"#0"},"west":{"uv":[7.625,2.21875,7.7421875,2.234375],"tintindex":0,"rotation":0,"texture":"#0"},"up":{"uv":[7.546875,7.1796875,7.40625,7.0625],"tintindex":0,"rotation":0,"texture":"#0"},"down":{"uv":[5.328125,7.4375,5.1875,7.5546875],"tintindex":0,"rotation":0,"texture":"#0"}}},{"from":[6.0,19.073494,-11.627213],"to":[10.0,19.673494,-7.9272118],"faces":{"east":{"uv":[7.625,2.375,7.7421875,2.390625],"tintindex":0,"rotation":0,"texture":"#0"},"south":{"uv":[2.0,7.625,2.125,7.640625],"tintindex":0,"rotation":0,"texture":"#0"},"north":{"uv":[7.625,1.96875,7.75,1.984375],"tintindex":0,"rotation":0,"texture":"#0"},"west":{"uv":[7.625,2.40625,7.7421875,2.421875],"tintindex":0,"rotation":0,"texture":"#0"},"up":{"uv":[2.4375,6.4609375,2.3125,6.34375],"tintindex":0,"rotation":0,"texture":"#0"},"down":{"uv":[4.53125,6.71875,4.40625,6.8359375],"tintindex":0,"rotation":0,"texture":"#0"}}},{"from":[6.7,19.673494,-11.627213],"to":[9.3,20.073494,-9.627213],"faces":{"east":{"uv":[7.65625,0.28125,7.71875,0.296875],"tintindex":0,"rotation":0,"texture":"#0"},"south":{"uv":[7.28125,7.625,7.359375,7.640625],"tintindex":0,"rotation":0,"texture":"#0"},"north":{"uv":[7.625,6.46875,7.703125,6.484375],"tintindex":0,"rotation":0,"texture":"#0"},"west":{"uv":[0.3125,7.65625,0.375,7.671875],"tintindex":0,"rotation":0,"texture":"#0"},"up":{"uv":[7.640625,7.25,7.5625,7.1875],"tintindex":0,"rotation":0,"texture":"#0"},"down":{"uv":[7.640625,7.25,7.5625,7.3125],"tintindex":0,"rotation":0,"texture":"#0"}}},{"from":[7.2,19.373495,-13.627213],"to":[8.8,19.773495,-11.627213],"faces":{"east":{"uv":[7.65625,0.3125,7.71875,0.328125],"tintindex":0,"rotation":0,"texture":"#0"},"south":{"uv":[7.65625,1.1875,7.703125,1.203125],"tintindex":0,"rotation":0,"texture":"#0"},"north":{"uv":[7.65625,1.15625,7.703125,1.171875],"tintindex":0,"rotation":0,"texture":"#0"},"west":{"uv":[7.65625,0.34375,7.71875,0.359375],"tintindex":0,"rotation":0,"texture":"#0"},"up":{"uv":[7.640625,2.875,7.59375,2.8125],"tintindex":0,"rotation":0,"texture":"#0"},"down":{"uv":[7.640625,3.71875,7.59375,3.78125],"tintindex":0,"rotation":0,"texture":"#0"}}},{"from":[7.5,20.473494,-9.627213],"to":[8.5,20.873495,-7.6272125],"faces":{"east":{"uv":[7.375,7.625,7.4375,7.640625],"tintindex":0,"rotation":0,"texture":"#0"},"south":{"uv":[2.09375,7.65625,2.125,7.671875],"tintindex":0,"rotation":0,"texture":"#0"},"north":{"uv":[2.0625,7.65625,2.09375,7.671875],"tintindex":0,"rotation":0,"texture":"#0"},"west":{"uv":[7.65625,0.15625,7.71875,0.171875],"tintindex":0,"rotation":0,"texture":"#0"},"up":{"uv":[4.875,1.3125,4.84375,1.25],"tintindex":0,"rotation":0,"texture":"#0"},"down":{"uv":[4.5625,6.25,4.53125,6.3125],"tintindex":0,"rotation":0,"texture":"#0"}}},{"from":[7.5,20.873495,-7.6272125],"to":[8.5,21.273495,-3.9272118],"faces":{"east":{"uv":[7.625,2.3125,7.7421875,2.328125],"tintindex":0,"rotation":0,"texture":"#0"},"south":{"uv":[2.03125,7.65625,2.0625,7.671875],"tintindex":0,"rotation":0,"texture":"#0"},"north":{"uv":[2.0,7.65625,2.03125,7.671875],"tintindex":0,"rotation":0,"texture":"#0"},"west":{"uv":[7.625,2.34375,7.7421875,2.359375],"tintindex":0,"rotation":0,"texture":"#0"},"up":{"uv":[4.875,1.2421875,4.84375,1.125],"tintindex":0,"rotation":0,"texture":"#0"},"down":{"uv":[2.84375,7.15625,2.8125,7.2734375],"tintindex":0,"rotation":0,"texture":"#0"}}},{"from":[7.5,20.073494,-11.627213],"to":[8.5,20.473494,-9.627213],"faces":{"east":{"uv":[0.1875,7.65625,0.25,7.671875],"tintindex":0,"rotation":0,"texture":"#0"},"south":{"uv":[2.15625,7.65625,2.1875,7.671875],"tintindex":0,"rotation":0,"texture":"#0"},"north":{"uv":[2.125,7.65625,2.15625,7.671875],"tintindex":0,"rotation":0,"texture":"#0"},"west":{"uv":[7.65625,0.1875,7.71875,0.203125],"tintindex":0,"rotation":0,"texture":"#0"},"up":{"uv":[6.90625,6.5625,6.875,6.5],"tintindex":0,"rotation":0,"texture":"#0"},