{"textures":{"0":"modelengine:entity/phoenix"},"elements":[{"from":[4.5714283,6.7761903,5.285714],"to":[11.428572,16.690475,10.714286],"rotation":{"angle":0.0,"axis":"y","origin":[8.0,2.5476184,8.285714]},"faces":{"east":{"uv":[5.15625,6.3125,5.453125,6.8515625],"rotation":0,"texture":"#0","tintindex":0},"south":{"uv":[2.8125,5.9375,3.1875,6.4765625],"rotation":0,"texture":"#0","tintindex":0},"north":{"uv":[2.4375,5.9375,2.8125,6.4765625],"rotation":0,"texture":"#0","tintindex":0},"west":{"uv":[0.0,6.34375,0.296875,6.8828125],"rotation":0,"texture":"#0","tintindex":0},"up":{"uv":[6.9375,0.953125,6.5625,0.65625],"rotation":0,"texture":"#0","tintindex":0},"down":{"uv":[5.84375,6.5625,5.46875,6.859375],"rotation":0,"texture":"#0","tintindex":0}}},{"from":[4.142857,6.7761903,5.5714283],"to":[4.5714283,16.404762,10.428572],"rotation":{"angle":0.0,"axis":"y","origin":[8.0,2.5476184,8.285714]},"faces":{"east":{"uv":[4.125,6.40625,4.390625,6.9296875],"rotation":0,"texture":"#0","tintindex":0},"south":{"uv":[1.46875,7.53125,1.4921875,8.0546875],"rotation":0,"texture":"#0","tintindex":0},"north":{"uv":[1.4375,7.53125,1.4609375,8.0546875],"rotation":0,"texture":"#0","tintindex":0},"west":{"uv":[2.3125,6.5,2.578125,7.0234375],"rotation":0,"texture":"#0","tintindex":0},"up":{"uv":[3.4296875,7.265625,3.40625,7.0],"rotation":0,"texture":"#0","tintindex":0},"down":{"uv":[1.5859375,7.5625,1.5625,7.828125],"rotation":0,"texture":"#0","tintindex":0}}},{"from":[11.428572,6.7761903,5.5714283],"to":[11.857143,16.404762,10.428572],"rotation":{"angle":0.0,"axis":"y","origin":[8.0,2.5476184,8.285714]},"faces":{"east":{"uv":[2.59375,6.5,2.859375,7.0234375],"rotation":0,"texture":"#0","tintindex":0},"south":{"uv":[1.53125,7.53125,1.5546875,8.0546875],"rotation":0,"texture":"#0","tintindex":0},"north":{"uv":[1.5,7.53125,1.5234375,8.0546875],"rotation":0,"texture":"#0","tintindex":0},"west":{"uv":[2.875,6.5,3.140625,7.0234375],"rotation":0,"texture":"#0","tintindex":0},"up":{"uv":[1.6171875,7.828125,1.59375,7.5625],"rotation":0,"texture":"#0","tintindex":0},"down":{"uv":[1.6484375,7.5625,1.625,7.828125],"rotation":0,"texture":"#0","tintindex":0}}},{"from":[5.142857,6.7761903,4.714286],"to":[10.857143,16.404762,5.285714],"rotation":{"angle":0.0,"axis":"y","origin":[8.0,2.5476184,8.285714]},"faces":{"east":{"uv":[5.6875,7.1875,5.71875,7.7109375],"rotation":0,"texture":"#0","tintindex":0},"south":{"uv":[6.25,1.375,6.5625,1.8984375],"rotation":0,"texture":"#0","tintindex":0},"north":{"uv":[1.0625,6.0,1.375,6.5234375],"rotation":0,"texture":"#0","tintindex":0},"west":{"uv":[1.71875,7.34375,1.75,7.8671875],"rotation":0,"texture":"#0","tintindex":0},"up":{"uv":[7.78125,5.75,7.46875,5.71875],"rotation":0,"texture":"#0","tintindex":0},"down":{"uv":[7.84375,4.21875,7.53125,4.25],"rotation":0,"texture":"#0","tintindex":0}}},{"from":[5.142857,6.7761903,10.714286],"to":[10.857143,16.404762,11.285714],"rotation":{"angle":0.0,"axis":"y","origin":[8.0,2.5476184,8.285714]},"faces":{"east":{"uv":[1.15625,7.375,1.1875,7.8984375],"rotation":0,"texture":"#0","tintindex":0},"south":{"uv":[4.84375,6.3125,5.15625,6.8359375],"rotation":0,"texture":"#0","tintindex":0},"north":{"uv":[4.53125,6.3125,4.84375,6.8359375],"rotation":0,"texture":"#0","tintindex":0},"west":{"uv":[5.34375,7.4375,5.375,7.9609375],"rotation":0,"texture":"#0","tintindex":0},"up":{"uv":[7.84375,4.90625,7.53125,4.875],"rotation":0,"texture":"#0","tintindex":0},"down":{"uv":[7.84375,5.65625,7.53125,5.6875],"rotation":0,"texture":"#0","tintindex":0}}},{"from":[5.142857,15.147619,5.8571424],"to":[10.857143,17.11905,10.142858],"rotation":{"angle":0.0,"axis":"y","origin":[8.0,2.5476184,8.285714]},"faces":{"east":{"uv":[7.34375,2.46875,7.578125,2.578125],"rotation":0,"texture":"#0","tintindex":0},"south":{"uv":[5.125,7.3125,5.4375,7.421875],"rotation":0,"texture":"#0","tintindex":0},"north":{"uv":[6.25,1.90625,6.5625,2.015625],"rotation":0,"texture":"#0","tintindex":0},"west":{"uv":[7.34375,2.59375,7.578125,2.703125],"rotation":0,"texture":"#0","tintindex":0},"up":{"uv":[0.3125,7.140625,0.0,6.90625],"rotation":0,"texture":"#0","tintindex":0},"down":{"uv":[7.21875,6.75,6.90625,6.984375],"rotation":0,"texture":"#0","tintindex":0}}}],"display":{"head":{"translation":[0.0,-6.4,0.0],"scale":[4.0,4.0,4.0]}}}