{"textures":{"0":"modelengine:entity/phoenix"},"elements":[{"from":[9.142858,8.228572,3.1619048],"to":[9.142858,10.514286,12.990477],"rotation":{"angle":0.0,"axis":"y","origin":[8.0,-14.057142,16.304764]},"faces":{"east":{"uv":[6.9375,0.625,7.4765625,0.75],"rotation":0,"texture":"#0","tintindex":0},"south":{"uv":[0.0,0.0,0.0,0.125],"rotation":0,"texture":"#0","tintindex":0},"north":{"uv":[0.0,0.0,0.0,0.125],"rotation":0,"texture":"#0","tintindex":0},"west":{"uv":[6.9375,0.75,7.4765625,0.875],"rotation":0,"texture":"#0","tintindex":0},"up":{"uv":[0.0,0.5390625,0.0,0.0],"rotation":0,"texture":"#0","tintindex":0},"down":{"uv":[0.0,0.0,0.0,0.5390625],"rotation":0,"texture":"#0","tintindex":0}}},{"from":[6.857143,8.228572,3.1619048],"to":[6.857143,10.514286,12.990477],"rotation":{"angle":0.0,"axis":"y","origin":[8.0,-14.057142,16.304764]},"faces":{"east":{"uv":[4.21875,3.5625,4.7578125,3.6875],"rotation":0,"texture":"#0","tintindex":0},"south":{"uv":[0.0,0.0,0.0,0.125],"rotation":0,"texture":"#0","tintindex":0},"north":{"uv":[0.0,0.0,0.0,0.125],"rotation":0,"texture":"#0","tintindex":0},"west":{"uv":[4.875,2.25,5.4140625,2.375],"rotation":0,"texture":"#0","tintindex":0},"up":{"uv":[0.0,0.5390625,0.0,0.0],"rotation":0,"texture":"#0","tintindex":0},"down":{"uv":[0.0,0.0,0.0,0.5390625],"rotation":0,"texture":"#0","tintindex":0}}},{"from":[8.0,8.228572,3.1619048],"to":[8.0,12.228572,12.533334],"rotation":{"angle":0.0,"axis":"y","origin":[8.0,-14.057142,16.304764]},"faces":{"east":{"uv":[6.40625,3.65625,6.921875,3.875],"rotation":0,"texture":"#0","tintindex":0},"south":{"uv":[0.0,0.0,0.0,0.21875],"rotation":0,"texture":"#0","tintindex":0},"north":{"uv":[0.0,0.0,0.0,0.21875],"rotation":0,"texture":"#0","tintindex":0},"west":{"uv":[6.40625,3.875,6.921875,4.09375],"rotation":0,"texture":"#0","tintindex":0},"up":{"uv":[0.0,0.515625,0.0,0.0],"rotation":0,"texture":"#0","tintindex":0},"down":{"uv":[0.0,0.0,0.0,0.515625],"rotation":0,"texture":"#0","tintindex":0}}}],"display":{"head":{"translation":[0.0,-6.4,0.0],"scale":[4.0,4.0,4.0]}}}