{"textures":{"0":"modelengine:entity/deer"},"elements":[{"from":[5.1987495,9.245001,3.5387502],"to":[11.63125,17.545,12.04625],"faces":{"east":{"uv":[2.625,6.75,3.6875,7.8125],"tintindex":0,"rotation":0,"texture":"#0"},"south":{"uv":[7.25,0.0,8.0625,1.0625],"tintindex":0,"rotation":0,"texture":"#0"},"north":{"uv":[0.0,7.25,0.8125,8.3125],"tintindex":0,"rotation":0,"texture":"#0"},"west":{"uv":[3.75,6.75,4.8125,7.8125],"tintindex":0,"rotation":0,"texture":"#0"},"up":{"uv":[1.6875,8.3125,0.875,7.25],"tintindex":0,"rotation":0,"texture":"#0"},"down":{"uv":[8.0625,1.125,7.25,2.1875],"tintindex":0,"rotation":0,"texture":"#0"}}}]}