{"textures":{"0":"modelengine:entity/deer"},"elements":[{"from":[6.288125,-4.5920925,7.094736],"to":[9.608126,4.9529076,10.622236],"faces":{"east":{"uv":[1.0,8.375,1.4375,9.5625],"tintindex":0,"rotation":0,"texture":"#0"},"south":{"uv":[5.625,8.375,6.0625,9.5625],"tintindex":0,"rotation":0,"texture":"#0"},"north":{"uv":[0.5,8.375,0.9375,9.5625],"tintindex":0,"rotation":0,"texture":"#0"},"west":{"uv":[6.125,8.375,6.5625,9.5625],"tintindex":0,"rotation":0,"texture":"#0"},"up":{"uv":[9.5625,7.6875,9.125,7.25],"tintindex":0,"rotation":0,"texture":"#0"},"down":{"uv":[9.5625,7.75,9.125,8.1875],"tintindex":0,"rotation":0,"texture":"#0"}}}]}