{"textures":{"0":"modelengine:entity/deer"},"elements":[{"from":[6.288125,-4.5920925,7.094736],"to":[9.608125,4.9529076,10.622236],"faces":{"east":{"uv":[8.125,6.625,8.5625,7.8125],"tintindex":0,"rotation":0,"texture":"#0"},"south":{"uv":[8.125,7.875,8.5625,9.0625],"tintindex":0,"rotation":0,"texture":"#0"},"north":{"uv":[8.125,5.375,8.5625,6.5625],"tintindex":0,"rotation":0,"texture":"#0"},"west":{"uv":[0.0,8.375,0.4375,9.5625],"tintindex":0,"rotation":0,"texture":"#0"},"up":{"uv":[9.5625,6.6875,9.125,6.25],"tintindex":0,"rotation":0,"texture":"#0"},"down":{"uv":[9.5625,6.75,9.125,7.1875],"tintindex":0,"rotation":0,"texture":"#0"}}}]}