{"textures":{"0":"modelengine:entity/cluster"},"elements":[{"from":[5.6261806,6.7537537,6.75],"to":[8.126181,9.253754,9.25],"faces":{"east":{"uv":[3.25,10.875,3.625,11.25],"tintindex":0,"rotation":0,"texture":"#0"},"south":{"uv":[5.5,10.875,5.875,11.25],"tintindex":0,"rotation":0,"texture":"#0"},"north":{"uv":[2.875,10.875,3.25,11.25],"tintindex":0,"rotation":0,"texture":"#0"},"west":{"uv":[7.125,10.875,7.5,11.25],"tintindex":0,"rotation":0,"texture":"#0"},"up":{"uv":[11.25,7.875,10.875,7.5],"tintindex":0,"rotation":0,"texture":"#0"},"down":{"uv":[11.25,7.875,10.875,8.25],"tintindex":0,"rotation":0,"texture":"#0"}}},{"from":[3.6238203,6.4962482,6.5],"to":[5.6238203,9.496248,9.5],"faces":{"east":{"uv":[8.25,10.875,8.625,11.25],"tintindex":0,"rotation":0,"texture":"#0"},"south":{"uv":[9.625,11.625,9.875,12.0],"tintindex":0,"rotation":0,"texture":"#0"},"north":{"uv":[10.5,11.5,10.75,11.875],"tintindex":0,"rotation":0,"texture":"#0"},"west":{"uv":[10.875,8.25,11.25,8.625],"tintindex":0,"rotation":0,"texture":"#0"},"up":{"uv":[10.125,12.0,9.875,11.625],"tintindex":0,"rotation":0,"texture":"#0"},"down":{"uv":[11.875,10.0,11.625,10.375],"tintindex":0,"rotation":0,"texture":"#0"}}}]}