{"textures":{"0":"modelengine:entity/deer"},"elements":[{"from":[-7.2512493,9.245001,3.5387502],"to":[-0.8187504,17.545,12.04625],"faces":{"east":{"uv":[6.75,4.25,7.8125,5.3125],"tintindex":0,"rotation":0,"texture":"#0"},"south":{"uv":[7.25,6.5,8.0625,7.5625],"tintindex":0,"rotation":0,"texture":"#0"},"north":{"uv":[7.25,5.375,8.0625,6.4375],"tintindex":0,"rotation":0,"texture":"#0"},"west":{"uv":[4.875,6.75,5.9375,7.8125],"tintindex":0,"rotation":0,"texture":"#0"},"up":{"uv":[8.4375,3.3125,7.625,2.25],"tintindex":0,"rotation":0,"texture":"#0"},"down":{"uv":[8.0625,7.625,7.25,8.6875],"tintindex":0,"rotation":0,"texture":"#0"}}}]}