{"textures":{"0":"modelengine:entity/deer"},"elements":[{"from":[7.4812503,-3.5902977,6.2409687],"to":[8.51875,5.9547005,7.693468],"faces":{"east":{"uv":[7.125,8.75,7.3125,9.9375],"tintindex":0,"rotation":0,"texture":"#0"},"south":{"uv":[8.5,9.125,8.625,10.3125],"tintindex":0,"rotation":0,"texture":"#0"},"north":{"uv":[8.375,9.125,8.5,10.3125],"tintindex":0,"rotation":0,"texture":"#0"},"west":{"uv":[7.375,8.75,7.5625,9.9375],"tintindex":0,"rotation":0,"texture":"#0"},"up":{"uv":[7.375,2.4375,7.25,2.25],"tintindex":0,"rotation":0,"texture":"#0"},"down":{"uv":[7.5,2.25,7.375,2.4375],"tintindex":0,"rotation":0,"texture":"#0"}}}]}