{"textures":{"0":"modelengine:entity/deer"},"elements":[{"from":[6.23625,-5.2250004,5.7175007],"to":[9.76375,7.2249994,10.2825],"faces":{"east":{"uv":[6.0,6.75,6.5625,8.3125],"tintindex":0,"rotation":0,"texture":"#0"},"south":{"uv":[5.125,7.875,5.5625,9.4375],"tintindex":0,"rotation":0,"texture":"#0"},"north":{"uv":[4.625,7.875,5.0625,9.4375],"tintindex":0,"rotation":0,"texture":"#0"},"west":{"uv":[6.625,6.75,7.1875,8.3125],"tintindex":0,"rotation":0,"texture":"#0"},"up":{"uv":[7.0625,8.9375,6.625,8.375],"tintindex":0,"rotation":0,"texture":"#0"},"down":{"uv":[9.0625,5.875,8.625,6.4375],"tintindex":0,"rotation":0,"texture":"#0"}}}]}