{"textures":{"0":"modelengine:entity/deer"},"elements":[{"from":[6.2362504,-5.2250004,6.0287495],"to":[9.76375,7.2249994,9.97125],"faces":{"east":{"uv":[2.625,7.875,3.125,9.4375],"tintindex":0,"rotation":0,"texture":"#0"},"south":{"uv":[4.125,7.875,4.5625,9.4375],"tintindex":0,"rotation":0,"texture":"#0"},"north":{"uv":[3.625,7.875,4.0625,9.4375],"tintindex":0,"rotation":0,"texture":"#0"},"west":{"uv":[3.125,7.875,3.625,9.4375],"tintindex":0,"rotation":0,"texture":"#0"},"up":{"uv":[9.4375,1.75,9.0,1.25],"tintindex":0,"rotation":0,"texture":"#0"},"down":{"uv":[7.0625,9.0,6.625,9.5],"tintindex":0,"rotation":0,"texture":"#0"}}}]}