{"textures":{"0":"modelengine:entity/deersmoll"},"elements":[{"from":[6.621607,6.369928,5.2876787],"to":[9.378393,7.970642,11.156964],"rotation":{"angle":45.0,"axis":"x","origin":[8.0,7.614928,8.2223215]},"faces":{"east":{"uv":[4.0,2.75,5.71875,3.21875],"rotation":0,"texture":"#0","tintindex":0},"south":{"uv":[8.5,4.0,9.296875,4.46875],"rotation":0,"texture":"#0","tintindex":0},"north":{"uv":[5.75,2.75,6.546875,3.21875],"rotation":0,"texture":"#0","tintindex":0},"west":{"uv":[7.75,7.875,9.46875,8.34375],"rotation":0,"texture":"#0","tintindex":0},"up":{"uv":[7.546875,4.46875,6.75,2.75],"rotation":0,"texture":"#0","tintindex":0},"down":{"uv":[2.546875,6.875,1.75,8.59375],"rotation":0,"texture":"#0","tintindex":0}}}],"display":{"head":{"translation":[0.0,-6.4,0.0],"scale":[4.0,4.0,4.0]}}}