{"textures":{"0":"modelengine:entity/deer_boss"},"elements":[{"from":[6.982813,8.987549,3.0043755],"to":[8.7265625,22.3563,5.0387497],"faces":{"east":{"uv":[5.9375,9.875,6.109375,10.9921875],"tintindex":0,"rotation":0,"texture":"#0"},"south":{"uv":[10.3125,9.9375,10.4609375,11.0546875],"tintindex":0,"rotation":0,"texture":"#0"},"north":{"uv":[10.3125,8.8125,10.4609375,9.9296875],"tintindex":0,"rotation":0,"texture":"#0"},"west":{"uv":[6.125,9.875,6.296875,10.9921875],"tintindex":0,"rotation":0,"texture":"#0"},"up":{"uv":[10.5859375,4.046875,10.4375,3.875],"tintindex":0,"rotation":0,"texture":"#0"},"down":{"uv":[10.5859375,4.0625,10.4375,4.234375],"tintindex":0,"rotation":0,"texture":"#0"}},"rotation":{"origin":[8.0,7.2249985,8.0],"angle":0.0,"axis":"z"}}]}