{"textures":{"0":"modelengine:entity/deer_boss"},"elements":[{"from":[4.5125,-1.7843742,3.3499994],"to":[10.700001,11.003126,13.23125],"faces":{"east":{"uv":[8.125,1.8125,8.9453125,2.875],"tintindex":0,"rotation":0,"texture":"#0"},"south":{"uv":[7.1875,9.375,7.671875,10.4375],"tintindex":0,"rotation":0,"texture":"#0"},"north":{"uv":[9.375,4.9375,9.859375,6.0],"tintindex":0,"rotation":0,"texture":"#0"},"west":{"uv":[8.125,2.875,8.9453125,3.9375],"tintindex":0,"rotation":0,"texture":"#0"},"up":{"uv":[2.234375,10.3203125,1.75,9.5],"tintindex":0,"rotation":0,"texture":"#0"},"down":{"uv":[2.734375,9.625,2.25,10.4453125],"tintindex":0,"rotation":0,"texture":"#0"}}}]}