{"textures":{"0":"modelengine:entity/deer_boss"},"elements":[{"from":[5.529688,-4.545312,6.4015627],"to":[10.470312,10.567187,11.923438],"faces":{"east":{"uv":[4.0,9.0625,4.4609375,10.3203125],"tintindex":0,"rotation":0,"texture":"#0"},"south":{"uv":[9.375,0.0,9.7890625,1.2578125],"tintindex":0,"rotation":0,"texture":"#0"},"north":{"uv":[1.3125,9.3125,1.7265625,10.5703125],"tintindex":0,"rotation":0,"texture":"#0"},"west":{"uv":[4.5,9.0625,4.9609375,10.3203125],"tintindex":0,"rotation":0,"texture":"#0"},"up":{"uv":[8.5390625,4.3984375,8.125,3.9375],"tintindex":0,"rotation":0,"texture":"#0"},"down":{"uv":[10.3515625,1.3125,9.9375,1.7734375],"tintindex":0,"rotation":0,"texture":"#0"}}}]}