{"textures":{"0":"modelengine:entity/deer_boss"},"elements":[{"from":[3.4953127,3.15625,-1.5906258],"to":[12.504687,8.387501,17.590626],"faces":{"east":{"uv":[2.375,5.0,3.9765625,5.4375],"tintindex":0,"rotation":0,"texture":"#0"},"south":{"uv":[9.875,2.375,10.625,2.8125],"tintindex":0,"rotation":0,"texture":"#0"},"north":{"uv":[9.8125,0.875,10.5625,1.3125],"tintindex":0,"rotation":0,"texture":"#0"},"west":{"uv":[8.75,7.25,10.3515625,7.6875],"tintindex":0,"rotation":0,"texture":"#0"},"up":{"uv":[8.25,9.3515625,7.5,7.75],"tintindex":0,"rotation":0,"texture":"#0"},"down":{"uv":[3.125,8.0,2.375,9.6015625],"tintindex":0,"rotation":0,"texture":"#0"}}}]}