{"textures":{"0":"modelengine:entity/deer_boss"},"elements":[{"from":[1.1703124,2.5968752,8.435938],"to":[15.120312,13.860938,20.351562],"faces":{"east":{"uv":[4.25,1.8125,6.234375,3.578125],"tintindex":0,"rotation":0,"texture":"#0"},"south":{"uv":[4.25,0.0,6.578125,1.765625],"tintindex":0,"rotation":0,"texture":"#0"},"north":{"uv":[0.0,4.0,2.328125,5.765625],"tintindex":0,"rotation":0,"texture":"#0"},"west":{"uv":[4.25,3.625,6.234375,5.390625],"tintindex":0,"rotation":0,"texture":"#0"},"up":{"uv":[2.328125,1.984375,0.0,0.0],"tintindex":0,"rotation":0,"texture":"#0"},"down":{"uv":[2.328125,2.0,0.0,3.984375],"tintindex":0,"rotation":0,"texture":"#0"}}}]}