{"textures":{"3":"modelengine:entity/tsunami4f"},"elements":[{"from":[-8.666668,3.0,-8.666668],"to":[24.666668,13.0,24.666668],"faces":{"east":{"uv":[10.9375,3.046875,11.71875,3.28125],"tintindex":0,"rotation":0,"texture":"#3"},"south":{"uv":[3.125,10.9375,3.90625,11.171875],"tintindex":0,"rotation":0,"texture":"#3"},"north":{"uv":[10.9375,2.8125,11.71875,3.046875],"tintindex":0,"rotation":0,"texture":"#3"},"west":{"uv":[10.9375,3.28125,11.71875,3.515625],"tintindex":0,"rotation":0,"texture":"#3"},"up":{"uv":[7.03125,7.03125,6.25,6.25],"tintindex":0,"rotation":0,"texture":"#3"},"down":{"uv":[0.78125,7.03125,0.0,7.8125],"tintindex":0,"rotation":0,"texture":"#3"}}}]}