{"textures":{"2":"modelengine:entity/tsunami3f"},"elements":[{"from":[-8.666668,-2.833334,-8.666668],"to":[24.666668,18.833334,24.666668],"faces":{"east":{"uv":[7.03125,10.390625,7.8125,10.8984375],"tintindex":0,"rotation":0,"texture":"#2"},"south":{"uv":[7.8125,10.390625,8.59375,10.8984375],"tintindex":0,"rotation":0,"texture":"#2"},"north":{"uv":[6.25,10.390625,7.03125,10.8984375],"tintindex":0,"rotation":0,"texture":"#2"},"west":{"uv":[8.59375,10.390625,9.375,10.8984375],"tintindex":0,"rotation":0,"texture":"#2"},"up":{"uv":[4.6875,1.5625,3.90625,0.78125],"tintindex":0,"rotation":0,"texture":"#2"},"down":{"uv":[2.34375,3.90625,1.5625,4.6875],"tintindex":0,"rotation":0,"texture":"#2"}}}]}