{"textures":{"2":"modelengine:entity/tsunami3f"},"elements":[{"from":[-8.666668,-2.833334,-8.666666],"to":[24.666668,18.833334,24.666668],"faces":{"east":{"uv":[11.71875,1.015625,12.5,1.5234375],"tintindex":0,"rotation":0,"texture":"#2"},"south":{"uv":[11.71875,1.5234375,12.5,2.03125],"tintindex":0,"rotation":0,"texture":"#2"},"north":{"uv":[11.71875,0.5078125,12.5,1.015625],"tintindex":0,"rotation":0,"texture":"#2"},"west":{"uv":[11.71875,2.03125,12.5,2.5390625],"tintindex":0,"rotation":0,"texture":"#2"},"up":{"uv":[6.25,4.6875,5.46875,3.90625],"tintindex":0,"rotation":0,"texture":"#2"},"down":{"uv":[5.46875,5.46875,4.6875,6.25],"tintindex":0,"rotation":0,"texture":"#2"}}}]}