{"textures":{"2":"modelengine:entity/tsunami3f"},"elements":[{"from":[-8.666668,-2.833334,-8.666668],"to":[24.666668,18.83334,24.666668],"faces":{"east":{"uv":[12.5,3.5546875,13.28125,4.0625],"tintindex":0,"rotation":0,"texture":"#2"},"south":{"uv":[12.5,4.0625,13.28125,4.5703125],"tintindex":0,"rotation":0,"texture":"#2"},"north":{"uv":[12.5,3.046875,13.28125,3.5546875],"tintindex":0,"rotation":0,"texture":"#2"},"west":{"uv":[12.5,4.5703125,13.28125,5.078125],"tintindex":0,"rotation":0,"texture":"#2"},"up":{"uv":[7.8125,2.34375,7.03125,1.5625],"tintindex":0,"rotation":0,"texture":"#2"},"down":{"uv":[3.125,7.03125,2.34375,7.8125],"tintindex":0,"rotation":0,"texture":"#2"}}}]}