{"textures":{"2":"modelengine:entity/tsunami3f"},"elements":[{"from":[-8.666668,-2.833334,-8.666668],"to":[24.666668,18.83334,24.666668],"faces":{"east":{"uv":[12.5,13.203125,13.28125,13.7109375],"tintindex":0,"rotation":0,"texture":"#2"},"south":{"uv":[13.28125,0.0,14.0625,0.5078125],"tintindex":0,"rotation":0,"texture":"#2"},"north":{"uv":[11.71875,13.203125,12.5,13.7109375],"tintindex":0,"rotation":0,"texture":"#2"},"west":{"uv":[13.28125,0.5078125,14.0625,1.015625],"tintindex":0,"rotation":0,"texture":"#2"},"up":{"uv":[3.90625,8.59375,3.125,7.8125],"tintindex":0,"rotation":0,"texture":"#2"},"down":{"uv":[8.59375,3.125,7.8125,3.90625],"tintindex":0,"rotation":0,"texture":"#2"}}}]}