{"textures":{"0":"modelengine:entity/tsunami1f"},"elements":[{"from":[-8.666668,3.0,-8.666668],"to":[24.666668,13.0,24.666668],"faces":{"east":{"uv":[7.8125,9.296875,8.59375,9.53125],"tintindex":0,"rotation":0,"texture":"#0"},"south":{"uv":[0.0,9.375,0.78125,9.609375],"tintindex":0,"rotation":0,"texture":"#0"},"north":{"uv":[7.03125,9.296875,7.8125,9.53125],"tintindex":0,"rotation":0,"texture":"#0"},"west":{"uv":[9.375,0.0,10.15625,0.234375],"tintindex":0,"rotation":0,"texture":"#0"},"up":{"uv":[4.6875,1.5625,3.90625,0.78125],"tintindex":0,"rotation":0,"texture":"#0"},"down":{"uv":[2.34375,3.90625,1.5625,4.6875],"tintindex":0,"rotation":0,"texture":"#0"}}}]}