{"textures":{"4":"modelengine:entity/tsunami5f"},"elements":[{"from":[-8.666668,3.0,-8.666668],"to":[24.666668,13.0,24.666668],"faces":{"east":{"uv":[10.15625,4.21875,10.9375,4.453125],"tintindex":0,"rotation":0,"texture":"#4"},"south":{"uv":[10.15625,4.453125,10.9375,4.6875],"tintindex":0,"rotation":0,"texture":"#4"},"north":{"uv":[10.15625,3.984375,10.9375,4.21875],"tintindex":0,"rotation":0,"texture":"#4"},"west":{"uv":[10.15625,4.6875,10.9375,4.921875],"tintindex":0,"rotation":0,"texture":"#4"},"up":{"uv":[7.03125,7.03125,6.25,6.25],"tintindex":0,"rotation":0,"texture":"#4"},"down":{"uv":[0.78125,7.03125,0.0,7.8125],"tintindex":0,"rotation":0,"texture":"#4"}}}]}