{"textures":{"2":"modelengine:entity/tsunami3"},"elements":[{"from":[-12.0,-5.0,-12.0],"to":[28.0,21.0,28.0],"rotation":{"angle":0.0,"axis":"y","origin":[-12.0,-5.0,8.0]},"faces":{"east":{"uv":[7.8125,13.1640625,8.59375,13.671875],"rotation":0,"texture":"#2","tintindex":0},"south":{"uv":[9.375,13.203125,10.15625,13.7109375],"rotation":0,"texture":"#2","tintindex":0},"north":{"uv":[7.03125,13.1640625,7.8125,13.671875],"rotation":0,"texture":"#2","tintindex":0},"west":{"uv":[10.15625,13.203125,10.9375,13.7109375],"rotation":0,"texture":"#2","tintindex":0},"up":{"uv":[9.375,2.34375,8.59375,1.5625],"rotation":0,"texture":"#2","tintindex":0},"down":{"uv":[3.125,8.59375,2.34375,9.375],"rotation":0,"texture":"#2","tintindex":0}}}],"display":{"head":{"translation":[0.0,-6.4,0.0],"scale":[4.0,4.0,4.0]}}}