{"textures":{"4":"modelengine:entity/tsunami5f"},"elements":[{"from":[-8.666668,3.0,-8.666668],"to":[24.666668,13.0,24.666668],"faces":{"east":{"uv":[10.15625,2.34375,10.9375,2.578125],"tintindex":0,"rotation":0,"texture":"#4"},"south":{"uv":[10.15625,2.578125,10.9375,2.8125],"tintindex":0,"rotation":0,"texture":"#4"},"north":{"uv":[10.15625,2.109375,10.9375,2.34375],"tintindex":0,"rotation":0,"texture":"#4"},"west":{"uv":[10.15625,2.8125,10.9375,3.046875],"tintindex":0,"rotation":0,"texture":"#4"},"up":{"uv":[5.46875,7.03125,4.6875,6.25],"tintindex":0,"rotation":0,"texture":"#4"},"down":{"uv":[7.03125,4.6875,6.25,5.46875],"tintindex":0,"rotation":0,"texture":"#4"}}}]}