{"textures":{"4":"modelengine:entity/tsunami5f"},"elements":[{"from":[-8.666668,3.0,-8.666668],"to":[24.666668,13.0,24.666668],"faces":{"east":{"uv":[10.15625,7.96875,10.9375,8.203125],"tintindex":0,"rotation":0,"texture":"#4"},"south":{"uv":[10.15625,8.203125,10.9375,8.4375],"tintindex":0,"rotation":0,"texture":"#4"},"north":{"uv":[10.15625,7.734375,10.9375,7.96875],"tintindex":0,"rotation":0,"texture":"#4"},"west":{"uv":[10.15625,8.4375,10.9375,8.671875],"tintindex":0,"rotation":0,"texture":"#4"},"up":{"uv":[7.8125,3.125,7.03125,2.34375],"tintindex":0,"rotation":0,"texture":"#4"},"down":{"uv":[3.90625,7.03125,3.125,7.8125],"tintindex":0,"rotation":0,"texture":"#4"}}}]}