{"textures":{"4":"modelengine:entity/tsunami5"},"elements":[{"from":[-12.0,2.0,-12.0],"to":[28.0,14.0,28.0],"rotation":{"angle":0.0,"axis":"y","origin":[-12.0,2.0,8.0]},"faces":{"east":{"uv":[3.125,10.46875,3.90625,10.703125],"rotation":0,"texture":"#4","tintindex":0},"south":{"uv":[3.90625,10.46875,4.6875,10.703125],"rotation":0,"texture":"#4","tintindex":0},"north":{"uv":[10.15625,10.3125,10.9375,10.546875],"rotation":0,"texture":"#4","tintindex":0},"west":{"uv":[4.6875,10.46875,5.46875,10.703125],"rotation":0,"texture":"#4","tintindex":0},"up":{"uv":[0.78125,8.59375,0.0,7.8125],"rotation":0,"texture":"#4","tintindex":0},"down":{"uv":[8.59375,0.0,7.8125,0.78125],"rotation":0,"texture":"#4","tintindex":0}}}],"display":{"head":{"translation":[0.0,-6.4,0.0],"scale":[4.0,4.0,4.0]}}}