{"textures":{"1":"modelengine:entity/tsunami2"},"elements":[{"from":[-12.0,2.0,-12.0],"to":[28.0,14.0,28.0],"rotation":{"angle":0.0,"axis":"y","origin":[-12.0,2.0,8.0]},"faces":{"east":{"uv":[10.9375,8.203125,11.71875,8.4375],"rotation":0,"texture":"#1","tintindex":0},"south":{"uv":[10.9375,8.4375,11.71875,8.671875],"rotation":0,"texture":"#1","tintindex":0},"north":{"uv":[10.9375,7.96875,11.71875,8.203125],"rotation":0,"texture":"#1","tintindex":0},"west":{"uv":[10.9375,8.671875,11.71875,8.90625],"rotation":0,"texture":"#1","tintindex":0},"up":{"uv":[4.6875,1.5625,3.90625,0.78125],"rotation":0,"texture":"#1","tintindex":0},"down":{"uv":[2.34375,3.90625,1.5625,4.6875],"rotation":0,"texture":"#1","tintindex":0}}}],"display":{"head":{"translation":[0.0,-6.4,0.0],"scale":[4.0,4.0,4.0]}}}