{"textures":{"3":"modelengine:entity/tsunami4f"},"elements":[{"from":[-8.666668,-0.33333397,-8.666668],"to":[24.666668,16.333334,24.666668],"faces":{"east":{"uv":[9.375,3.125,10.15625,3.515625],"tintindex":0,"rotation":0,"texture":"#3"},"south":{"uv":[9.375,3.515625,10.15625,3.90625],"tintindex":0,"rotation":0,"texture":"#3"},"north":{"uv":[3.125,9.375,3.90625,9.765625],"tintindex":0,"rotation":0,"texture":"#3"},"west":{"uv":[3.90625,9.375,4.6875,9.765625],"tintindex":0,"rotation":0,"texture":"#3"},"up":{"uv":[3.125,3.90625,2.34375,3.125],"tintindex":0,"rotation":0,"texture":"#3"},"down":{"uv":[3.90625,2.34375,3.125,3.125],"tintindex":0,"rotation":0,"texture":"#3"}}}]}