{"textures":{"0":"modelengine:entity/tsunami1f"},"elements":[{"from":[-8.666668,3.0,-8.666668],"to":[24.666668,13.0,24.666668],"faces":{"east":{"uv":[9.375,3.515625,10.15625,3.75],"tintindex":0,"rotation":0,"texture":"#0"},"south":{"uv":[9.375,3.75,10.15625,3.984375],"tintindex":0,"rotation":0,"texture":"#0"},"north":{"uv":[9.375,3.28125,10.15625,3.515625],"tintindex":0,"rotation":0,"texture":"#0"},"west":{"uv":[9.375,3.984375,10.15625,4.21875],"tintindex":0,"rotation":0,"texture":"#0"},"up":{"uv":[1.5625,5.46875,0.78125,4.6875],"tintindex":0,"rotation":0,"texture":"#0"},"down":{"uv":[5.46875,0.78125,4.6875,1.5625],"tintindex":0,"rotation":0,"texture":"#0"}}}]}