{"textures":{"4":"modelengine:entity/tsunami5f"},"elements":[{"from":[-8.666668,3.0,-8.666668],"to":[24.666668,13.0,24.666668],"faces":{"east":{"uv":[2.34375,10.3125,3.125,10.546875],"tintindex":0,"rotation":0,"texture":"#4"},"south":{"uv":[8.59375,10.3125,9.375,10.546875],"tintindex":0,"rotation":0,"texture":"#4"},"north":{"uv":[1.5625,10.3125,2.34375,10.546875],"tintindex":0,"rotation":0,"texture":"#4"},"west":{"uv":[9.375,10.3125,10.15625,10.546875],"tintindex":0,"rotation":0,"texture":"#4"},"up":{"uv":[7.8125,7.03125,7.03125,6.25],"tintindex":0,"rotation":0,"texture":"#4"},"down":{"uv":[7.8125,7.03125,7.03125,7.8125],"tintindex":0,"rotation":0,"texture":"#4"}}}]}