{"textures":{"1":"modelengine:entity/tsunami2"},"elements":[{"from":[-12.0,2.0,-12.0],"to":[28.0,14.0,28.0],"rotation":{"angle":0.0,"axis":"y","origin":[-12.0,2.0,8.0]},"faces":{"east":{"uv":[1.5625,10.9375,2.34375,11.171875],"rotation":0,"texture":"#1","tintindex":0},"south":{"uv":[10.9375,1.640625,11.71875,1.875],"rotation":0,"texture":"#1","tintindex":0},"north":{"uv":[10.9375,1.40625,11.71875,1.640625],"rotation":0,"texture":"#1","tintindex":0},"west":{"uv":[10.9375,1.875,11.71875,2.109375],"rotation":0,"texture":"#1","tintindex":0},"up":{"uv":[3.125,1.5625,2.34375,0.78125],"rotation":0,"texture":"#1","tintindex":0},"down":{"uv":[2.34375,2.34375,1.5625,3.125],"rotation":0,"texture":"#1","tintindex":0}}}],"display":{"head":{"translation":[0.0,-6.4,0.0],"scale":[4.0,4.0,4.0]}}}