{"textures":{"1":"modelengine:entity/tsunami2f"},"elements":[{"from":[-8.666668,3.000001,-8.666668],"to":[24.666668,13.0,24.666666],"faces":{"east":{"uv":[6.25,11.484375,7.03125,11.71875],"tintindex":0,"rotation":0,"texture":"#1"},"south":{"uv":[7.03125,11.484375,7.8125,11.71875],"tintindex":0,"rotation":0,"texture":"#1"},"north":{"uv":[5.46875,11.484375,6.25,11.71875],"tintindex":0,"rotation":0,"texture":"#1"},"west":{"uv":[7.8125,11.484375,8.59375,11.71875],"tintindex":0,"rotation":0,"texture":"#1"},"up":{"uv":[6.25,0.78125,5.46875,0.0],"tintindex":0,"rotation":0,"texture":"#1"},"down":{"uv":[1.5625,5.46875,0.78125,6.25],"tintindex":0,"rotation":0,"texture":"#1"}}}]}