{"textures":{"4":"modelengine:entity/tsunami5f"},"elements":[{"from":[-8.666668,3.0,-8.666668],"to":[24.666668,13.0,24.666668],"faces":{"east":{"uv":[10.15625,0.46875,10.9375,0.703125],"tintindex":0,"rotation":0,"texture":"#4"},"south":{"uv":[10.15625,0.703125,10.9375,0.9375],"tintindex":0,"rotation":0,"texture":"#4"},"north":{"uv":[10.15625,0.234375,10.9375,0.46875],"tintindex":0,"rotation":0,"texture":"#4"},"west":{"uv":[10.15625,0.9375,10.9375,1.171875],"tintindex":0,"rotation":0,"texture":"#4"},"up":{"uv":[3.90625,7.03125,3.125,6.25],"tintindex":0,"rotation":0,"texture":"#4"},"down":{"uv":[7.03125,3.125,6.25,3.90625],"tintindex":0,"rotation":0,"texture":"#4"}}}]}