{"textures":{"3":"modelengine:entity/tsunami4f"},"elements":[{"from":[-8.666668,3.0,-8.666668],"to":[24.666668,13.0,24.666668],"faces":{"east":{"uv":[10.9375,4.453125,11.71875,4.6875],"tintindex":0,"rotation":0,"texture":"#3"},"south":{"uv":[10.9375,4.6875,11.71875,4.921875],"tintindex":0,"rotation":0,"texture":"#3"},"north":{"uv":[10.9375,4.21875,11.71875,4.453125],"tintindex":0,"rotation":0,"texture":"#3"},"west":{"uv":[10.9375,4.921875,11.71875,5.15625],"tintindex":0,"rotation":0,"texture":"#3"},"up":{"uv":[7.8125,1.5625,7.03125,0.78125],"tintindex":0,"rotation":0,"texture":"#3"},"down":{"uv":[2.34375,7.03125,1.5625,7.8125],"tintindex":0,"rotation":0,"texture":"#3"}}}]}