{"textures":{"3":"modelengine:entity/tsunami4f"},"elements":[{"from":[-8.666668,3.0,-8.666668],"to":[24.666668,13.0,24.666668],"faces":{"east":{"uv":[4.6875,11.015625,5.46875,11.25],"tintindex":0,"rotation":0,"texture":"#3"},"south":{"uv":[5.46875,11.015625,6.25,11.25],"tintindex":0,"rotation":0,"texture":"#3"},"north":{"uv":[10.9375,10.78125,11.71875,11.015625],"tintindex":0,"rotation":0,"texture":"#3"},"west":{"uv":[6.25,11.015625,7.03125,11.25],"tintindex":0,"rotation":0,"texture":"#3"},"up":{"uv":[7.8125,7.03125,7.03125,6.25],"tintindex":0,"rotation":0,"texture":"#3"},"down":{"uv":[7.8125,7.03125,7.03125,7.8125],"tintindex":0,"rotation":0,"texture":"#3"}}}]}