{"textures":{"2":"modelengine:entity/tsunami3"},"elements":[{"from":[-12.0,-5.0,-12.0],"to":[28.0,21.0,28.0],"rotation":{"angle":0.0,"axis":"y","origin":[-12.0,-5.0,8.0]},"faces":{"east":{"uv":[9.375,12.6953125,10.15625,13.203125],"rotation":0,"texture":"#2","tintindex":0},"south":{"uv":[10.15625,12.6953125,10.9375,13.203125],"rotation":0,"texture":"#2","tintindex":0},"north":{"uv":[7.8125,12.65625,8.59375,13.1640625],"rotation":0,"texture":"#2","tintindex":0},"west":{"uv":[10.9375,12.6953125,11.71875,13.203125],"rotation":0,"texture":"#2","tintindex":0},"up":{"uv":[7.8125,8.59375,7.03125,7.8125],"rotation":0,"texture":"#2","tintindex":0},"down":{"uv":[8.59375,7.03125,7.8125,7.8125],"rotation":0,"texture":"#2","tintindex":0}}}],"display":{"head":{"translation":[0.0,-6.4,0.0],"scale":[4.0,4.0,4.0]}}}