{"textures":{"1":"modelengine:entity/tsunami2f"},"elements":[{"from":[-8.666668,-0.33333397,-8.666668],"to":[24.666668,16.333334,24.666662],"faces":{"east":{"uv":[8.59375,7.8125,9.375,8.203125],"tintindex":0,"rotation":0,"texture":"#1"},"south":{"uv":[8.59375,8.203125,9.375,8.59375],"tintindex":0,"rotation":0,"texture":"#1"},"north":{"uv":[7.8125,8.59375,8.59375,8.984375],"tintindex":0,"rotation":0,"texture":"#1"},"west":{"uv":[8.59375,8.59375,9.375,8.984375],"tintindex":0,"rotation":0,"texture":"#1"},"up":{"uv":[4.6875,7.03125,3.90625,6.25],"tintindex":0,"rotation":0,"texture":"#1"},"down":{"uv":[7.03125,3.90625,6.25,4.6875],"tintindex":0,"rotation":0,"texture":"#1"}}}]}