{"textures":{"2":"modelengine:entity/tsunami3f"},"elements":[{"from":[-8.666668,-2.833334,-8.666668],"to":[24.666668,18.83334,24.666668],"faces":{"east":{"uv":[12.5,1.5234375,13.28125,2.03125],"tintindex":0,"rotation":0,"texture":"#2"},"south":{"uv":[12.5,2.03125,13.28125,2.5390625],"tintindex":0,"rotation":0,"texture":"#2"},"north":{"uv":[12.5,1.015625,13.28125,1.5234375],"tintindex":0,"rotation":0,"texture":"#2"},"west":{"uv":[12.5,2.5390625,13.28125,3.046875],"tintindex":0,"rotation":0,"texture":"#2"},"up":{"uv":[7.8125,1.5625,7.03125,0.78125],"tintindex":0,"rotation":0,"texture":"#2"},"down":{"uv":[2.34375,7.03125,1.5625,7.8125],"tintindex":0,"rotation":0,"texture":"#2"}}}]}