{"textures":{"1":"modelengine:entity/tsunami2f"},"elements":[{"from":[-8.666668,3.000001,-8.666668],"to":[24.666668,13.0,24.666668],"faces":{"east":{"uv":[10.9375,6.328125,11.71875,6.5625],"tintindex":0,"rotation":0,"texture":"#1"},"south":{"uv":[10.9375,6.5625,11.71875,6.796875],"tintindex":0,"rotation":0,"texture":"#1"},"north":{"uv":[10.9375,6.09375,11.71875,6.328125],"tintindex":0,"rotation":0,"texture":"#1"},"west":{"uv":[10.9375,6.796875,11.71875,7.03125],"tintindex":0,"rotation":0,"texture":"#1"},"up":{"uv":[3.90625,3.90625,3.125,3.125],"tintindex":0,"rotation":0,"texture":"#1"},"down":{"uv":[0.78125,3.90625,0.0,4.6875],"tintindex":0,"rotation":0,"texture":"#1"}}}]}