{"textures":{"0":"modelengine:entity/tsunami1"},"elements":[{"from":[-12.0,2.0,-12.0],"to":[28.0,14.0,28.0],"rotation":{"angle":0.0,"axis":"y","origin":[-12.0,2.0,8.0]},"faces":{"east":{"uv":[10.15625,2.34375,10.9375,2.578125],"rotation":0,"texture":"#0","tintindex":0},"south":{"uv":[10.15625,2.578125,10.9375,2.8125],"rotation":0,"texture":"#0","tintindex":0},"north":{"uv":[10.15625,2.109375,10.9375,2.34375],"rotation":0,"texture":"#0","tintindex":0},"west":{"uv":[10.15625,2.8125,10.9375,3.046875],"rotation":0,"texture":"#0","tintindex":0},"up":{"uv":[5.46875,7.03125,4.6875,6.25],"rotation":0,"texture":"#0","tintindex":0},"down":{"uv":[7.03125,4.6875,6.25,5.46875],"rotation":0,"texture":"#0","tintindex":0}}}],"display":{"head":{"translation":[0.0,-6.4,0.0],"scale":[4.0,4.0,4.0]}}}