{"textures":{"0":"modelengine:entity/tsunami1f"},"elements":[{"from":[-8.666668,2.999999,-8.666668],"to":[24.666668,13.0,24.666668],"faces":{"east":{"uv":[10.9375,1.875,11.71875,2.109375],"tintindex":0,"rotation":0,"texture":"#0"},"south":{"uv":[10.9375,2.109375,11.71875,2.34375],"tintindex":0,"rotation":0,"texture":"#0"},"north":{"uv":[10.9375,1.640625,11.71875,1.875],"tintindex":0,"rotation":0,"texture":"#0"},"west":{"uv":[10.9375,2.34375,11.71875,2.578125],"tintindex":0,"rotation":0,"texture":"#0"},"up":{"uv":[7.8125,8.59375,7.03125,7.8125],"tintindex":0,"rotation":0,"texture":"#0"},"down":{"uv":[8.59375,7.03125,7.8125,7.8125],"tintindex":0,"rotation":0,"texture":"#0"}}}]}