{"textures":{"0":"modelengine:entity/tsunami1f"},"elements":[{"from":[-8.666668,3.0,-8.666668],"to":[24.666668,13.0,24.666668],"faces":{"east":{"uv":[9.375,1.875,10.15625,2.109375],"tintindex":0,"rotation":0,"texture":"#0"},"south":{"uv":[9.375,2.109375,10.15625,2.34375],"tintindex":0,"rotation":0,"texture":"#0"},"north":{"uv":[9.375,1.640625,10.15625,1.875],"tintindex":0,"rotation":0,"texture":"#0"},"west":{"uv":[2.34375,9.375,3.125,9.609375],"tintindex":0,"rotation":0,"texture":"#0"},"up":{"uv":[4.6875,3.90625,3.90625,3.125],"tintindex":0,"rotation":0,"texture":"#0"},"down":{"uv":[4.6875,3.90625,3.90625,4.6875],"tintindex":0,"rotation":0,"texture":"#0"}}}]}