{"textures":{"2":"modelengine:entity/tsunami3f"},"elements":[{"from":[-8.666668,-2.833334,-8.666668],"to":[24.666668,18.83334,24.666662],"faces":{"east":{"uv":[1.5625,12.1875,2.34375,12.6953125],"tintindex":0,"rotation":0,"texture":"#2"},"south":{"uv":[2.34375,12.1875,3.125,12.6953125],"tintindex":0,"rotation":0,"texture":"#2"},"north":{"uv":[0.78125,12.1875,1.5625,12.6953125],"tintindex":0,"rotation":0,"texture":"#2"},"west":{"uv":[3.125,12.1875,3.90625,12.6953125],"tintindex":0,"rotation":0,"texture":"#2"},"up":{"uv":[5.46875,7.03125,4.6875,6.25],"tintindex":0,"rotation":0,"texture":"#2"},"down":{"uv":[7.03125,4.6875,6.25,5.46875],"tintindex":0,"rotation":0,"texture":"#2"}}}]}