{"textures":{"5":"modelengine:entity/foam"},"elements":[{"from":[-5.5,-7.666667,-8.5],"to":[21.5,23.666668,24.5],"faces":{"east":{"uv":[0.0,0.0,1.546875,1.46875],"tintindex":0,"rotation":0,"texture":"#5"},"south":{"uv":[6.328125,2.5625,7.59375,4.03125],"tintindex":0,"rotation":0,"texture":"#5"},"north":{"uv":[0.0,6.140625,1.265625,7.609375],"tintindex":0,"rotation":0,"texture":"#5"},"west":{"uv":[0.0,1.46875,1.546875,2.9375],"tintindex":0,"rotation":0,"texture":"#5"},"up":{"uv":[2.609375,6.34375,1.34375,4.796875],"tintindex":0,"rotation":0,"texture":"#5"},"down":{"uv":[3.875,5.046875,2.609375,6.59375],"tintindex":0,"rotation":0,"texture":"#5"}}}]}