{"textures":{"5":"modelengine:entity/foam"},"elements":[{"from":[-8.5,-12.25,-8.25],"to":[24.5,28.25,24.25],"faces":{"east":{"uv":[8.84375,1.171875,9.859375,2.4375],"tintindex":0,"rotation":0,"texture":"#5"},"south":{"uv":[8.8125,2.75,9.84375,4.015625],"tintindex":0,"rotation":0,"texture":"#5"},"north":{"uv":[8.484375,8.359375,9.515625,9.625],"tintindex":0,"rotation":0,"texture":"#5"},"west":{"uv":[0.0,9.046875,1.015625,10.3125],"tintindex":0,"rotation":0,"texture":"#5"},"up":{"uv":[10.78125,7.875,9.75,6.859375],"tintindex":0,"rotation":0,"texture":"#5"},"down":{"uv":[10.875,2.4375,9.84375,3.453125],"tintindex":0,"rotation":0,"texture":"#5"}}}]}