{"textures":{"1":"modelengine:entity/tsunami2f"},"elements":[{"from":[-8.666668,3.000001,-8.666668],"to":[24.666668,13.0,24.666668],"faces":{"east":{"uv":[10.9375,5.390625,11.71875,5.625],"tintindex":0,"rotation":0,"texture":"#1"},"south":{"uv":[10.9375,5.625,11.71875,5.859375],"tintindex":0,"rotation":0,"texture":"#1"},"north":{"uv":[10.9375,5.15625,11.71875,5.390625],"tintindex":0,"rotation":0,"texture":"#1"},"west":{"uv":[10.9375,5.859375,11.71875,6.09375],"tintindex":0,"rotation":0,"texture":"#1"},"up":{"uv":[3.125,3.90625,2.34375,3.125],"tintindex":0,"rotation":0,"texture":"#1"},"down":{"uv":[3.90625,2.34375,3.125,3.125],"tintindex":0,"rotation":0,"texture":"#1"}}}]}