{"textures":{"3":"modelengine:entity/tsunami4f"},"elements":[{"from":[-8.666668,3.0,-8.666668],"to":[24.666668,13.0,24.666668],"faces":{"east":{"uv":[0.0,11.40625,0.78125,11.640625],"tintindex":0,"rotation":0,"texture":"#3"},"south":{"uv":[0.78125,11.40625,1.5625,11.640625],"tintindex":0,"rotation":0,"texture":"#3"},"north":{"uv":[10.9375,11.25,11.71875,11.484375],"tintindex":0,"rotation":0,"texture":"#3"},"west":{"uv":[1.5625,11.40625,2.34375,11.640625],"tintindex":0,"rotation":0,"texture":"#3"},"up":{"uv":[4.6875,8.59375,3.90625,7.8125],"tintindex":0,"rotation":0,"texture":"#3"},"down":{"uv":[8.59375,3.90625,7.8125,4.6875],"tintindex":0,"rotation":0,"texture":"#3"}}}]}