{"textures":{"1":"modelengine:entity/tsunami2f"},"elements":[{"from":[-8.666668,3.000001,-8.666668],"to":[24.666668,13.0,24.666666],"faces":{"east":{"uv":[3.125,11.40625,3.90625,11.640625],"tintindex":0,"rotation":0,"texture":"#1"},"south":{"uv":[3.90625,11.40625,4.6875,11.640625],"tintindex":0,"rotation":0,"texture":"#1"},"north":{"uv":[2.34375,11.40625,3.125,11.640625],"tintindex":0,"rotation":0,"texture":"#1"},"west":{"uv":[4.6875,11.484375,5.46875,11.71875],"tintindex":0,"rotation":0,"texture":"#1"},"up":{"uv":[5.46875,5.46875,4.6875,4.6875],"tintindex":0,"rotation":0,"texture":"#1"},"down":{"uv":[0.78125,5.46875,0.0,6.25],"tintindex":0,"rotation":0,"texture":"#1"}}}]}