{"textures":{"0":"modelengine:entity/tsunami1f"},"elements":[{"from":[-8.666668,2.999999,-8.666668],"to":[24.666668,13.0,24.666668],"faces":{"east":{"uv":[10.15625,5.15625,10.9375,5.390625],"tintindex":0,"rotation":0,"texture":"#0"},"south":{"uv":[10.15625,5.390625,10.9375,5.625],"tintindex":0,"rotation":0,"texture":"#0"},"north":{"uv":[10.15625,4.921875,10.9375,5.15625],"tintindex":0,"rotation":0,"texture":"#0"},"west":{"uv":[10.15625,5.625,10.9375,5.859375],"tintindex":0,"rotation":0,"texture":"#0"},"up":{"uv":[7.8125,0.78125,7.03125,0.0],"tintindex":0,"rotation":0,"texture":"#0"},"down":{"uv":[1.5625,7.03125,0.78125,7.8125],"tintindex":0,"rotation":0,"texture":"#0"}}}]}