{"textures":{"4":"modelengine:entity/tsunami5f"},"elements":[{"from":[-8.666668,3.0,-8.666668],"to":[24.666668,13.0,24.666668],"faces":{"east":{"uv":[1.5625,9.609375,2.34375,9.84375],"tintindex":0,"rotation":0,"texture":"#4"},"south":{"uv":[2.34375,9.609375,3.125,9.84375],"tintindex":0,"rotation":0,"texture":"#4"},"north":{"uv":[0.78125,9.609375,1.5625,9.84375],"tintindex":0,"rotation":0,"texture":"#4"},"west":{"uv":[8.59375,9.609375,9.375,9.84375],"tintindex":0,"rotation":0,"texture":"#4"},"up":{"uv":[6.25,3.125,5.46875,2.34375],"tintindex":0,"rotation":0,"texture":"#4"},"down":{"uv":[3.90625,5.46875,3.125,6.25],"tintindex":0,"rotation":0,"texture":"#4"}}}]}