{"textures":{"2":"modelengine:entity/tsunami3"},"elements":[{"from":[-12.0,-5.0,-12.0],"to":[28.0,21.0,28.0],"rotation":{"angle":0.0,"axis":"y","origin":[-12.0,-5.0,8.0]},"faces":{"east":{"uv":[12.5,10.15625,13.28125,10.6640625],"rotation":0,"texture":"#2","tintindex":0},"south":{"uv":[12.5,10.6640625,13.28125,11.171875],"rotation":0,"texture":"#2","tintindex":0},"north":{"uv":[12.5,9.6484375,13.28125,10.15625],"rotation":0,"texture":"#2","tintindex":0},"west":{"uv":[12.5,11.171875,13.28125,11.6796875],"rotation":0,"texture":"#2","tintindex":0},"up":{"uv":[5.46875,8.59375,4.6875,7.8125],"rotation":0,"texture":"#2","tintindex":0},"down":{"uv":[8.59375,4.6875,7.8125,5.46875],"rotation":0,"texture":"#2","tintindex":0}}}],"display":{"head":{"translation":[0.0,-6.4,0.0],"scale":[4.0,4.0,4.0]}}}