{"textures":{"1":"modelengine:entity/tsunami2"},"elements":[{"from":[-12.0,2.0,-12.0],"to":[28.0,14.0,28.0],"rotation":{"angle":0.0,"axis":"y","origin":[-12.0,2.0,8.0]},"faces":{"east":{"uv":[10.9375,4.453125,11.71875,4.6875],"rotation":0,"texture":"#1","tintindex":0},"south":{"uv":[10.9375,4.6875,11.71875,4.921875],"rotation":0,"texture":"#1","tintindex":0},"north":{"uv":[10.9375,4.21875,11.71875,4.453125],"rotation":0,"texture":"#1","tintindex":0},"west":{"uv":[10.9375,4.921875,11.71875,5.15625],"rotation":0,"texture":"#1","tintindex":0},"up":{"uv":[2.34375,3.90625,1.5625,3.125],"rotation":0,"texture":"#1","tintindex":0},"down":{"uv":[3.90625,1.5625,3.125,2.34375],"rotation":0,"texture":"#1","tintindex":0}}}],"display":{"head":{"translation":[0.0,-6.4,0.0],"scale":[4.0,4.0,4.0]}}}