{"textures":{"1":"modelengine:entity/tsunami2"},"elements":[{"from":[-12.0,2.0,-12.0],"to":[28.0,14.0,28.0],"rotation":{"angle":0.0,"axis":"y","origin":[-12.0,2.0,8.0]},"faces":{"east":{"uv":[10.9375,10.078125,11.71875,10.3125],"rotation":0,"texture":"#1","tintindex":0},"south":{"uv":[10.9375,10.3125,11.71875,10.546875],"rotation":0,"texture":"#1","tintindex":0},"north":{"uv":[10.9375,9.84375,11.71875,10.078125],"rotation":0,"texture":"#1","tintindex":0},"west":{"uv":[10.9375,10.546875,11.71875,10.78125],"rotation":0,"texture":"#1","tintindex":0},"up":{"uv":[4.6875,3.125,3.90625,2.34375],"rotation":0,"texture":"#1","tintindex":0},"down":{"uv":[3.90625,3.90625,3.125,4.6875],"rotation":0,"texture":"#1","tintindex":0}}}],"display":{"head":{"translation":[0.0,-6.4,0.0],"scale":[4.0,4.0,4.0]}}}