{"textures":{"0":"modelengine:entity/tsunami1f"},"elements":[{"from":[-8.666668,2.999999,-8.666668],"to":[24.666668,13.0,24.666668],"faces":{"east":{"uv":[10.9375,4.21875,11.71875,4.453125],"tintindex":0,"rotation":0,"texture":"#0"},"south":{"uv":[10.9375,4.453125,11.71875,4.6875],"tintindex":0,"rotation":0,"texture":"#0"},"north":{"uv":[10.9375,3.984375,11.71875,4.21875],"tintindex":0,"rotation":0,"texture":"#0"},"west":{"uv":[4.6875,10.9375,5.46875,11.171875],"tintindex":0,"rotation":0,"texture":"#0"},"up":{"uv":[9.375,1.5625,8.59375,0.78125],"tintindex":0,"rotation":0,"texture":"#0"},"down":{"uv":[2.34375,8.59375,1.5625,9.375],"tintindex":0,"rotation":0,"texture":"#0"}}}]}