{"textures":{"1":"modelengine:entity/tsunami2"},"elements":[{"from":[-12.0,-2.0,-12.0],"to":[28.0,18.0,28.0],"rotation":{"angle":0.0,"axis":"y","origin":[-12.0,-2.0,8.0]},"faces":{"east":{"uv":[10.15625,7.8125,10.9375,8.203125],"rotation":0,"texture":"#1","tintindex":0},"south":{"uv":[10.15625,8.203125,10.9375,8.59375],"rotation":0,"texture":"#1","tintindex":0},"north":{"uv":[7.8125,10.15625,8.59375,10.546875],"rotation":0,"texture":"#1","tintindex":0},"west":{"uv":[8.59375,10.15625,9.375,10.546875],"rotation":0,"texture":"#1","tintindex":0},"up":{"uv":[8.59375,8.59375,7.8125,7.8125],"rotation":0,"texture":"#1","tintindex":0},"down":{"uv":[0.78125,8.59375,0.0,9.375],"rotation":0,"texture":"#1","tintindex":0}}}],"display":{"head":{"translation":[0.0,-6.4,0.0],"scale":[4.0,4.0,4.0]}}}