{"textures":{"2":"modelengine:entity/tsunami3f"},"elements":[{"from":[-8.666668,-2.833334,-8.666668],"to":[24.666668,18.833334,24.666662],"faces":{"east":{"uv":[5.46875,9.8828125,6.25,10.390625],"tintindex":0,"rotation":0,"texture":"#2"},"south":{"uv":[6.25,9.8828125,7.03125,10.390625],"tintindex":0,"rotation":0,"texture":"#2"},"north":{"uv":[4.6875,9.8828125,5.46875,10.390625],"tintindex":0,"rotation":0,"texture":"#2"},"west":{"uv":[7.03125,9.8828125,7.8125,10.390625],"tintindex":0,"rotation":0,"texture":"#2"},"up":{"uv":[3.125,0.78125,2.34375,0.0],"tintindex":0,"rotation":0,"texture":"#2"},"down":{"uv":[1.5625,2.34375,0.78125,3.125],"tintindex":0,"rotation":0,"texture":"#2"}}}]}