{"textures":{"1":"modelengine:entity/tsunami2f"},"elements":[{"from":[-8.666668,-0.33333397,-8.666668],"to":[24.666668,16.333334,24.666662],"faces":{"east":{"uv":[8.59375,5.859375,9.375,6.25],"tintindex":0,"rotation":0,"texture":"#1"},"south":{"uv":[6.25,8.59375,7.03125,8.984375],"tintindex":0,"rotation":0,"texture":"#1"},"north":{"uv":[8.59375,5.46875,9.375,5.859375],"tintindex":0,"rotation":0,"texture":"#1"},"west":{"uv":[8.59375,6.25,9.375,6.640625],"tintindex":0,"rotation":0,"texture":"#1"},"up":{"uv":[3.125,7.03125,2.34375,6.25],"tintindex":0,"rotation":0,"texture":"#1"},"down":{"uv":[7.03125,2.34375,6.25,3.125],"tintindex":0,"rotation":0,"texture":"#1"}}}]}