{"textures":{"1":"modelengine:entity/tsunami2f"},"elements":[{"from":[-8.666668,3.000001,-8.666668],"to":[24.666668,13.0,24.666666],"faces":{"east":{"uv":[11.71875,2.578125,12.5,2.8125],"tintindex":0,"rotation":0,"texture":"#1"},"south":{"uv":[11.71875,2.8125,12.5,3.046875],"tintindex":0,"rotation":0,"texture":"#1"},"north":{"uv":[11.71875,2.34375,12.5,2.578125],"tintindex":0,"rotation":0,"texture":"#1"},"west":{"uv":[11.71875,3.046875,12.5,3.28125],"tintindex":0,"rotation":0,"texture":"#1"},"up":{"uv":[6.25,5.46875,5.46875,4.6875],"tintindex":0,"rotation":0,"texture":"#1"},"down":{"uv":[6.25,5.46875,5.46875,6.25],"tintindex":0,"rotation":0,"texture":"#1"}}}]}