{"textures":{"0":"modelengine:entity/tsunami1f"},"elements":[{"from":[-8.666668,3.0,-8.666668],"to":[24.666668,13.0,24.666668],"faces":{"east":{"uv":[3.125,9.765625,3.90625,10.0],"tintindex":0,"rotation":0,"texture":"#0"},"south":{"uv":[3.90625,9.765625,4.6875,10.0],"tintindex":0,"rotation":0,"texture":"#0"},"north":{"uv":[9.375,9.609375,10.15625,9.84375],"tintindex":0,"rotation":0,"texture":"#0"},"west":{"uv":[4.6875,9.765625,5.46875,10.0],"tintindex":0,"rotation":0,"texture":"#0"},"up":{"uv":[6.25,3.90625,5.46875,3.125],"tintindex":0,"rotation":0,"texture":"#0"},"down":{"uv":[4.6875,5.46875,3.90625,6.25],"tintindex":0,"rotation":0,"texture":"#0"}}}]}