{"textures":{"3":"modelengine:entity/tsunami4"},"elements":[{"from":[-12.0,2.0,-12.0],"to":[28.0,14.0,28.0],"rotation":{"angle":0.0,"axis":"y","origin":[-12.0,2.0,8.0]},"faces":{"east":{"uv":[9.375,11.484375,10.15625,11.71875],"rotation":0,"texture":"#3","tintindex":0},"south":{"uv":[10.15625,11.484375,10.9375,11.71875],"rotation":0,"texture":"#3","tintindex":0},"north":{"uv":[8.59375,11.484375,9.375,11.71875],"rotation":0,"texture":"#3","tintindex":0},"west":{"uv":[10.9375,11.484375,11.71875,11.71875],"rotation":0,"texture":"#3","tintindex":0},"up":{"uv":[7.03125,8.59375,6.25,7.8125],"rotation":0,"texture":"#3","tintindex":0},"down":{"uv":[8.59375,6.25,7.8125,7.03125],"rotation":0,"texture":"#3","tintindex":0}}}],"display":{"head":{"translation":[0.0,-6.4,0.0],"scale":[4.0,4.0,4.0]}}}