{"textures":{"1":"modelengine:entity/tsunami2f"},"elements":[{"from":[-8.666668,-0.33333397,-8.666668],"to":[24.666668,16.333334,24.666668],"faces":{"east":{"uv":[9.375,7.421875,10.15625,7.8125],"tintindex":0,"rotation":0,"texture":"#1"},"south":{"uv":[7.8125,9.375,8.59375,9.765625],"tintindex":0,"rotation":0,"texture":"#1"},"north":{"uv":[9.375,7.03125,10.15625,7.421875],"tintindex":0,"rotation":0,"texture":"#1"},"west":{"uv":[9.375,7.8125,10.15625,8.203125],"tintindex":0,"rotation":0,"texture":"#1"},"up":{"uv":[7.8125,5.46875,7.03125,4.6875],"tintindex":0,"rotation":0,"texture":"#1"},"down":{"uv":[6.25,7.03125,5.46875,7.8125],"tintindex":0,"rotation":0,"texture":"#1"}}}]}