{"textures":{"3":"modelengine:entity/tsunami4f"},"elements":[{"from":[-8.666668,-0.33333397,-8.666668],"to":[24.666668,16.333334,24.666668],"faces":{"east":{"uv":[9.375,6.25,10.15625,6.640625],"tintindex":0,"rotation":0,"texture":"#3"},"south":{"uv":[9.375,6.640625,10.15625,7.03125],"tintindex":0,"rotation":0,"texture":"#3"},"north":{"uv":[6.25,9.375,7.03125,9.765625],"tintindex":0,"rotation":0,"texture":"#3"},"west":{"uv":[7.03125,9.375,7.8125,9.765625],"tintindex":0,"rotation":0,"texture":"#3"},"up":{"uv":[4.6875,1.5625,3.90625,0.78125],"tintindex":0,"rotation":0,"texture":"#3"},"down":{"uv":[2.34375,3.90625,1.5625,4.6875],"tintindex":0,"rotation":0,"texture":"#3"}}}]}