{"textures":{"6":"modelengine:entity/foam2"},"elements":[{"from":[-10.857143,-15.1428585,-10.57143],"to":[26.857143,31.142859,26.57143],"rotation":{"angle":0.0,"axis":"y","origin":[-26.285717,-22.000002,-2.0]},"faces":{"east":{"uv":[2.4375,5.65625,3.453125,6.921875],"rotation":0,"texture":"#6","tintindex":0},"south":{"uv":[5.09375,0.0,6.125,1.265625],"rotation":0,"texture":"#6","tintindex":0},"north":{"uv":[5.015625,4.578125,6.046875,5.84375],"rotation":0,"texture":"#6","tintindex":0},"west":{"uv":[0.0,5.671875,1.015625,6.9375],"rotation":0,"texture":"#6","tintindex":0},"up":{"uv":[7.3125,4.0625,6.28125,3.046875],"rotation":0,"texture":"#6","tintindex":0},"down":{"uv":[5.5,6.859375,4.46875,7.875],"rotation":0,"texture":"#6","tintindex":0}}}],"display":{"head":{"translation":[0.0,-6.4,0.0],"scale":[4.0,4.0,4.0]}}}