{"textures":{"3":"modelengine:entity/tsunami4f"},"elements":[{"from":[-8.666668,-0.33333397,-8.666668],"to":[24.666668,16.333334,24.666668],"faces":{"east":{"uv":[10.15625,7.8125,10.9375,8.203125],"tintindex":0,"rotation":0,"texture":"#3"},"south":{"uv":[10.15625,8.203125,10.9375,8.59375],"tintindex":0,"rotation":0,"texture":"#3"},"north":{"uv":[7.8125,10.15625,8.59375,10.546875],"tintindex":0,"rotation":0,"texture":"#3"},"west":{"uv":[8.59375,10.15625,9.375,10.546875],"tintindex":0,"rotation":0,"texture":"#3"},"up":{"uv":[6.25,3.125,5.46875,2.34375],"tintindex":0,"rotation":0,"texture":"#3"},"down":{"uv":[3.90625,5.46875,3.125,6.25],"tintindex":0,"rotation":0,"texture":"#3"}}}]}