{"textures":{"4":"modelengine:entity/tsunami5f"},"elements":[{"from":[-8.666668,3.0,-8.666668],"to":[24.666668,13.0,24.666668],"faces":{"east":{"uv":[7.8125,8.828125,8.59375,9.0625],"tintindex":0,"rotation":0,"texture":"#4"},"south":{"uv":[8.59375,8.90625,9.375,9.140625],"tintindex":0,"rotation":0,"texture":"#4"},"north":{"uv":[7.03125,8.828125,7.8125,9.0625],"tintindex":0,"rotation":0,"texture":"#4"},"west":{"uv":[3.125,9.0625,3.90625,9.296875],"tintindex":0,"rotation":0,"texture":"#4"},"up":{"uv":[2.34375,3.90625,1.5625,3.125],"tintindex":0,"rotation":0,"texture":"#4"},"down":{"uv":[3.90625,1.5625,3.125,2.34375],"tintindex":0,"rotation":0,"texture":"#4"}}}]}