{"textures":{"5":"modelengine:entity/foam"},"elements":[{"from":[-5.5,-3.333334,-10.666668],"to":[21.5,19.333334,26.666668],"faces":{"east":{"uv":[5.359375,1.5,7.109375,2.5625],"tintindex":0,"rotation":0,"texture":"#5"},"south":{"uv":[8.234375,6.25,9.5,7.3125],"tintindex":0,"rotation":0,"texture":"#5"},"north":{"uv":[8.234375,5.1875,9.5,6.25],"tintindex":0,"rotation":0,"texture":"#5"},"west":{"uv":[5.140625,5.90625,6.890625,6.96875],"tintindex":0,"rotation":0,"texture":"#5"},"up":{"uv":[2.8125,1.75,1.546875,0.0],"tintindex":0,"rotation":0,"texture":"#5"},"down":{"uv":[2.8125,1.75,1.546875,3.5],"tintindex":0,"rotation":0,"texture":"#5"}}}]}