{"textures":{"2":"modelengine:entity/tsunami3"},"elements":[{"from":[-12.0,-5.0,-12.0],"to":[28.0,21.0,28.0],"rotation":{"angle":0.0,"axis":"y","origin":[-12.0,-5.0,8.0]},"faces":{"east":{"uv":[11.71875,4.5703125,12.5,5.078125],"rotation":0,"texture":"#2","tintindex":0},"south":{"uv":[11.71875,5.078125,12.5,5.5859375],"rotation":0,"texture":"#2","tintindex":0},"north":{"uv":[11.71875,4.0625,12.5,4.5703125],"rotation":0,"texture":"#2","tintindex":0},"west":{"uv":[11.71875,5.5859375,12.5,6.09375],"rotation":0,"texture":"#2","tintindex":0},"up":{"uv":[7.8125,1.5625,7.03125,0.78125],"rotation":0,"texture":"#2","tintindex":0},"down":{"uv":[2.34375,7.03125,1.5625,7.8125],"rotation":0,"texture":"#2","tintindex":0}}}],"display":{"head":{"translation":[0.0,-6.4,0.0],"scale":[4.0,4.0,4.0]}}}