{"textures":{"2":"modelengine:entity/tsunami3"},"elements":[{"from":[-12.0,-5.0,-12.0],"to":[28.0,21.0,28.0],"rotation":{"angle":0.0,"axis":"y","origin":[-12.0,-5.0,8.0]},"faces":{"east":{"uv":[8.59375,11.484375,9.375,11.9921875],"rotation":0,"texture":"#2","tintindex":0},"south":{"uv":[3.125,11.640625,3.90625,12.1484375],"rotation":0,"texture":"#2","tintindex":0},"north":{"uv":[2.34375,11.40625,3.125,11.9140625],"rotation":0,"texture":"#2","tintindex":0},"west":{"uv":[3.90625,11.640625,4.6875,12.1484375],"rotation":0,"texture":"#2","tintindex":0},"up":{"uv":[4.6875,7.03125,3.90625,6.25],"rotation":0,"texture":"#2","tintindex":0},"down":{"uv":[7.03125,3.90625,6.25,4.6875],"rotation":0,"texture":"#2","tintindex":0}}}],"display":{"head":{"translation":[0.0,-6.4,0.0],"scale":[4.0,4.0,4.0]}}}