{"textures":{"1":"modelengine:entity/tsunami2f"},"elements":[{"from":[-8.666668,-0.33333397,-8.666668],"to":[24.666668,16.333334,24.666668],"faces":{"east":{"uv":[3.125,9.765625,3.90625,10.15625],"tintindex":0,"rotation":0,"texture":"#1"},"south":{"uv":[3.90625,9.765625,4.6875,10.15625],"tintindex":0,"rotation":0,"texture":"#1"},"north":{"uv":[2.34375,9.765625,3.125,10.15625],"tintindex":0,"rotation":0,"texture":"#1"},"west":{"uv":[4.6875,9.765625,5.46875,10.15625],"tintindex":0,"rotation":0,"texture":"#1"},"up":{"uv":[0.78125,8.59375,0.0,7.8125],"tintindex":0,"rotation":0,"texture":"#1"},"down":{"uv":[8.59375,0.0,7.8125,0.78125],"tintindex":0,"rotation":0,"texture":"#1"}}}]}