{"textures":{"1":"modelengine:entity/tsunami2f"},"elements":[{"from":[-8.666668,3.000001,-8.666668],"to":[24.666668,13.0,24.666668],"faces":{"east":{"uv":[10.9375,3.046875,11.71875,3.28125],"tintindex":0,"rotation":0,"texture":"#1"},"south":{"uv":[3.125,10.9375,3.90625,11.171875],"tintindex":0,"rotation":0,"texture":"#1"},"north":{"uv":[10.9375,2.8125,11.71875,3.046875],"tintindex":0,"rotation":0,"texture":"#1"},"west":{"uv":[10.9375,3.28125,11.71875,3.515625],"tintindex":0,"rotation":0,"texture":"#1"},"up":{"uv":[0.78125,3.90625,0.0,3.125],"tintindex":0,"rotation":0,"texture":"#1"},"down":{"uv":[3.90625,0.0,3.125,0.78125],"tintindex":0,"rotation":0,"texture":"#1"}}}]}