{"textures":{"5":"modelengine:entity/foam1"},"elements":[{"from":[-8.200001,-10.4,-6.0],"to":[24.2,26.4,22.0],"rotation":{"angle":0.0,"axis":"y","origin":[-11.0,-5.6000004,8.0]},"faces":{"east":{"uv":[5.90625,0.0,7.0,1.4375],"rotation":0,"texture":"#5","tintindex":0},"south":{"uv":[5.34375,3.375,6.609375,4.8125],"rotation":0,"texture":"#5","tintindex":0},"north":{"uv":[1.265625,5.015625,2.53125,6.453125],"rotation":0,"texture":"#5","tintindex":0},"west":{"uv":[3.875,5.921875,4.96875,7.359375],"rotation":0,"texture":"#5","tintindex":0},"up":{"uv":[1.265625,7.046875,0.0,5.953125],"rotation":0,"texture":"#5","tintindex":0},"down":{"uv":[6.234375,6.0625,4.96875,7.15625],"rotation":0,"texture":"#5","tintindex":0}}}],"display":{"head":{"translation":[0.0,-6.4,0.0],"scale":[4.0,4.0,4.0]}}}