{"textures":{"3":"modelengine:entity/tsunami4f"},"elements":[{"from":[-8.666668,3.0,-8.666668],"to":[24.666668,13.0,24.666666],"faces":{"east":{"uv":[11.71875,2.578125,12.5,2.8125],"tintindex":0,"rotation":0,"texture":"#3"},"south":{"uv":[11.71875,2.8125,12.5,3.046875],"tintindex":0,"rotation":0,"texture":"#3"},"north":{"uv":[11.71875,2.34375,12.5,2.578125],"tintindex":0,"rotation":0,"texture":"#3"},"west":{"uv":[11.71875,3.046875,12.5,3.28125],"tintindex":0,"rotation":0,"texture":"#3"},"up":{"uv":[9.375,2.34375,8.59375,1.5625],"tintindex":0,"rotation":0,"texture":"#3"},"down":{"uv":[3.125,8.59375,2.34375,9.375],"tintindex":0,"rotation":0,"texture":"#3"}}}]}