{"textures":{"3":"modelengine:entity/tsunami4f"},"elements":[{"from":[-8.666668,3.0,-8.666668],"to":[24.666668,13.0,24.666666],"faces":{"east":{"uv":[3.90625,11.640625,4.6875,11.875],"tintindex":0,"rotation":0,"texture":"#3"},"south":{"uv":[11.71875,0.0,12.5,0.234375],"tintindex":0,"rotation":0,"texture":"#3"},"north":{"uv":[3.125,11.640625,3.90625,11.875],"tintindex":0,"rotation":0,"texture":"#3"},"west":{"uv":[11.71875,0.234375,12.5,0.46875],"tintindex":0,"rotation":0,"texture":"#3"},"up":{"uv":[8.59375,8.59375,7.8125,7.8125],"tintindex":0,"rotation":0,"texture":"#3"},"down":{"uv":[0.78125,8.59375,0.0,9.375],"tintindex":0,"rotation":0,"texture":"#3"}}}]}