{"textures":{"2":"modelengine:entity/tsunami3f"},"elements":[{"from":[-8.666668,-2.833334,-8.666666],"to":[24.666668,18.83334,24.666668],"faces":{"east":{"uv":[13.28125,11.6796875,14.0625,12.1875],"tintindex":0,"rotation":0,"texture":"#2"},"south":{"uv":[13.28125,12.1875,14.0625,12.6953125],"tintindex":0,"rotation":0,"texture":"#2"},"north":{"uv":[13.28125,11.171875,14.0625,11.6796875],"tintindex":0,"rotation":0,"texture":"#2"},"west":{"uv":[13.28125,12.6953125,14.0625,13.203125],"tintindex":0,"rotation":0,"texture":"#2"},"up":{"uv":[8.59375,8.59375,7.8125,7.8125],"tintindex":0,"rotation":0,"texture":"#2"},"down":{"uv":[0.78125,8.59375,0.0,9.375],"tintindex":0,"rotation":0,"texture":"#2"}}}]}