{"textures":{"4":"modelengine:entity/tsunami5f"},"elements":[{"from":[-8.666668,3.0,-8.666668],"to":[24.666668,13.0,24.666668],"faces":{"east":{"uv":[7.03125,8.59375,7.8125,8.828125],"tintindex":0,"rotation":0,"texture":"#4"},"south":{"uv":[8.59375,7.03125,9.375,7.265625],"tintindex":0,"rotation":0,"texture":"#4"},"north":{"uv":[8.59375,6.796875,9.375,7.03125],"tintindex":0,"rotation":0,"texture":"#4"},"west":{"uv":[8.59375,7.265625,9.375,7.5],"tintindex":0,"rotation":0,"texture":"#4"},"up":{"uv":[3.125,1.5625,2.34375,0.78125],"tintindex":0,"rotation":0,"texture":"#4"},"down":{"uv":[2.34375,2.34375,1.5625,3.125],"tintindex":0,"rotation":0,"texture":"#4"}}}]}