{"textures":{"1":"modelengine:entity/tsunami2f"},"elements":[{"from":[-8.666668,-0.33333397,-8.666668],"to":[24.666668,16.333334,24.666662],"faces":{"east":{"uv":[7.03125,8.59375,7.8125,8.984375],"tintindex":0,"rotation":0,"texture":"#1"},"south":{"uv":[8.59375,7.03125,9.375,7.421875],"tintindex":0,"rotation":0,"texture":"#1"},"north":{"uv":[8.59375,6.640625,9.375,7.03125],"tintindex":0,"rotation":0,"texture":"#1"},"west":{"uv":[8.59375,7.421875,9.375,7.8125],"tintindex":0,"rotation":0,"texture":"#1"},"up":{"uv":[3.90625,7.03125,3.125,6.25],"tintindex":0,"rotation":0,"texture":"#1"},"down":{"uv":[7.03125,3.125,6.25,3.90625],"tintindex":0,"rotation":0,"texture":"#1"}}}]}