{"textures":{"4":"modelengine:entity/tsunami5f"},"elements":[{"from":[-8.666668,3.0,-8.666668],"to":[24.666668,13.0,24.666668],"faces":{"east":{"uv":[6.25,9.765625,7.03125,10.0],"tintindex":0,"rotation":0,"texture":"#4"},"south":{"uv":[7.03125,9.765625,7.8125,10.0],"tintindex":0,"rotation":0,"texture":"#4"},"north":{"uv":[5.46875,9.765625,6.25,10.0],"tintindex":0,"rotation":0,"texture":"#4"},"west":{"uv":[7.8125,9.765625,8.59375,10.0],"tintindex":0,"rotation":0,"texture":"#4"},"up":{"uv":[6.25,4.6875,5.46875,3.90625],"tintindex":0,"rotation":0,"texture":"#4"},"down":{"uv":[5.46875,5.46875,4.6875,6.25],"tintindex":0,"rotation":0,"texture":"#4"}}}]}