{"textures":{"1":"modelengine:entity/tsunami2f"},"elements":[{"from":[-8.666668,3.000001,-8.666668],"to":[24.666668,13.0,24.666666],"faces":{"east":{"uv":[0.78125,11.640625,1.5625,11.875],"tintindex":0,"rotation":0,"texture":"#1"},"south":{"uv":[1.5625,11.640625,2.34375,11.875],"tintindex":0,"rotation":0,"texture":"#1"},"north":{"uv":[0.0,11.640625,0.78125,11.875],"tintindex":0,"rotation":0,"texture":"#1"},"west":{"uv":[2.34375,11.640625,3.125,11.875],"tintindex":0,"rotation":0,"texture":"#1"},"up":{"uv":[6.25,2.34375,5.46875,1.5625],"tintindex":0,"rotation":0,"texture":"#1"},"down":{"uv":[3.125,5.46875,2.34375,6.25],"tintindex":0,"rotation":0,"texture":"#1"}}}]}