{"textures":{"2":"modelengine:entity/tsunami3f"},"elements":[{"from":[-8.666668,-2.833334,-8.666668],"to":[24.666668,18.833334,24.666662],"faces":{"east":{"uv":[9.375,6.4453125,10.15625,6.953125],"tintindex":0,"rotation":0,"texture":"#2"},"south":{"uv":[9.375,6.953125,10.15625,7.4609375],"tintindex":0,"rotation":0,"texture":"#2"},"north":{"uv":[6.25,9.375,7.03125,9.8828125],"tintindex":0,"rotation":0,"texture":"#2"},"west":{"uv":[7.03125,9.375,7.8125,9.8828125],"tintindex":0,"rotation":0,"texture":"#2"},"up":{"uv":[0.78125,2.34375,0.0,1.5625],"tintindex":0,"rotation":0,"texture":"#2"},"down":{"uv":[2.34375,0.0,1.5625,0.78125],"tintindex":0,"rotation":0,"texture":"#2"}}}]}