{"textures":{"3":"modelengine:entity/tsunami4f"},"elements":[{"from":[-8.666668,-0.33333397,-8.666668],"to":[24.666668,16.333334,24.666668],"faces":{"east":{"uv":[9.375,9.765625,10.15625,10.15625],"tintindex":0,"rotation":0,"texture":"#3"},"south":{"uv":[0.0,10.15625,0.78125,10.546875],"tintindex":0,"rotation":0,"texture":"#3"},"north":{"uv":[8.59375,9.765625,9.375,10.15625],"tintindex":0,"rotation":0,"texture":"#3"},"west":{"uv":[10.15625,0.0,10.9375,0.390625],"tintindex":0,"rotation":0,"texture":"#3"},"up":{"uv":[2.34375,5.46875,1.5625,4.6875],"tintindex":0,"rotation":0,"texture":"#3"},"down":{"uv":[5.46875,1.5625,4.6875,2.34375],"tintindex":0,"rotation":0,"texture":"#3"}}}]}