{"textures":{"3":"modelengine:entity/tsunami4f"},"elements":[{"from":[-8.666668,3.0,-8.666668],"to":[24.666668,13.0,24.666668],"faces":{"east":{"uv":[7.8125,11.015625,8.59375,11.25],"tintindex":0,"rotation":0,"texture":"#3"},"south":{"uv":[8.59375,11.015625,9.375,11.25],"tintindex":0,"rotation":0,"texture":"#3"},"north":{"uv":[7.03125,11.015625,7.8125,11.25],"tintindex":0,"rotation":0,"texture":"#3"},"west":{"uv":[9.375,11.015625,10.15625,11.25],"tintindex":0,"rotation":0,"texture":"#3"},"up":{"uv":[0.78125,8.59375,0.0,7.8125],"tintindex":0,"rotation":0,"texture":"#3"},"down":{"uv":[8.59375,0.0,7.8125,0.78125],"tintindex":0,"rotation":0,"texture":"#3"}}}]}