{"textures":{"0":"modelengine:entity/tsunami1"},"elements":[{"from":[-12.0,2.0,-12.0],"to":[28.0,14.0,28.0],"rotation":{"angle":0.0,"axis":"y","origin":[-12.0,2.0,8.0]},"faces":{"east":{"uv":[10.15625,5.15625,10.9375,5.390625],"rotation":0,"texture":"#0","tintindex":0},"south":{"uv":[10.15625,5.390625,10.9375,5.625],"rotation":0,"texture":"#0","tintindex":0},"north":{"uv":[10.15625,4.921875,10.9375,5.15625],"rotation":0,"texture":"#0","tintindex":0},"west":{"uv":[10.15625,5.625,10.9375,5.859375],"rotation":0,"texture":"#0","tintindex":0},"up":{"uv":[7.8125,0.78125,7.03125,0.0],"rotation":0,"texture":"#0","tintindex":0},"down":{"uv":[1.5625,7.03125,0.78125,7.8125],"rotation":0,"texture":"#0","tintindex":0}}}],"display":{"head":{"translation":[0.0,-6.4,0.0],"scale":[4.0,4.0,4.0]}}}