{"textures":{"4":"modelengine:entity/tsunami5"},"elements":[{"from":[-12.0,2.0,-12.0],"to":[28.0,14.0,28.0],"rotation":{"angle":0.0,"axis":"y","origin":[-12.0,2.0,8.0]},"faces":{"east":{"uv":[4.6875,10.234375,5.46875,10.46875],"rotation":0,"texture":"#4","tintindex":0},"south":{"uv":[5.46875,10.234375,6.25,10.46875],"rotation":0,"texture":"#4","tintindex":0},"north":{"uv":[3.90625,10.234375,4.6875,10.46875],"rotation":0,"texture":"#4","tintindex":0},"west":{"uv":[6.25,10.234375,7.03125,10.46875],"rotation":0,"texture":"#4","tintindex":0},"up":{"uv":[7.8125,5.46875,7.03125,4.6875],"rotation":0,"texture":"#4","tintindex":0},"down":{"uv":[6.25,7.03125,5.46875,7.8125],"rotation":0,"texture":"#4","tintindex":0}}}],"display":{"head":{"translation":[0.0,-6.4,0.0],"scale":[4.0,4.0,4.0]}}}