{"textures":{"2":"modelengine:entity/tsunami3f"},"elements":[{"from":[-8.666668,-2.833334,-8.666668],"to":[24.666668,18.833334,24.666662],"faces":{"east":{"uv":[9.375,3.90625,10.15625,4.4140625],"tintindex":0,"rotation":0,"texture":"#2"},"south":{"uv":[9.375,4.4140625,10.15625,4.921875],"tintindex":0,"rotation":0,"texture":"#2"},"north":{"uv":[3.90625,9.375,4.6875,9.8828125],"tintindex":0,"rotation":0,"texture":"#2"},"west":{"uv":[4.6875,9.375,5.46875,9.8828125],"tintindex":0,"rotation":0,"texture":"#2"},"up":{"uv":[0.78125,0.78125,0.0,0.0],"tintindex":0,"rotation":0,"texture":"#2"},"down":{"uv":[0.78125,0.78125,0.0,1.5625],"tintindex":0,"rotation":0,"texture":"#2"}}}]}