{"textures":{"2":"modelengine:entity/tsunami3f"},"elements":[{"from":[-8.666668,-2.833334,-8.666668],"to":[24.666668,18.83334,24.666662],"faces":{"east":{"uv":[11.71875,5.078125,12.5,5.5859375],"tintindex":0,"rotation":0,"texture":"#2"},"south":{"uv":[11.71875,5.5859375,12.5,6.09375],"tintindex":0,"rotation":0,"texture":"#2"},"north":{"uv":[11.71875,4.5703125,12.5,5.078125],"tintindex":0,"rotation":0,"texture":"#2"},"west":{"uv":[11.71875,6.09375,12.5,6.6015625],"tintindex":0,"rotation":0,"texture":"#2"},"up":{"uv":[0.78125,7.03125,0.0,6.25],"tintindex":0,"rotation":0,"texture":"#2"},"down":{"uv":[7.03125,0.0,6.25,0.78125],"tintindex":0,"rotation":0,"texture":"#2"}}}]}