{"textures":{"2":"modelengine:entity/tsunami3"},"elements":[{"from":[-12.0,-5.0,-12.0],"to":[28.0,21.0,28.0],"rotation":{"angle":0.0,"axis":"y","origin":[-12.0,-5.0,8.0]},"faces":{"east":{"uv":[0.0,11.40625,0.78125,11.9140625],"rotation":0,"texture":"#2","tintindex":0},"south":{"uv":[0.78125,11.40625,1.5625,11.9140625],"rotation":0,"texture":"#2","tintindex":0},"north":{"uv":[10.9375,11.171875,11.71875,11.6796875],"rotation":0,"texture":"#2","tintindex":0},"west":{"uv":[1.5625,11.40625,2.34375,11.9140625],"rotation":0,"texture":"#2","tintindex":0},"up":{"uv":[3.90625,7.03125,3.125,6.25],"rotation":0,"texture":"#2","tintindex":0},"down":{"uv":[7.03125,3.125,6.25,3.90625],"rotation":0,"texture":"#2","tintindex":0}}}],"display":{"head":{"translation":[0.0,-6.4,0.0],"scale":[4.0,4.0,4.0]}}}