{"textures":{"1":"modelengine:entity/tsunami2f"},"elements":[{"from":[-8.666668,-0.33333397,-8.666668],"to":[24.666668,16.333334,24.666668],"faces":{"east":{"uv":[10.15625,4.6875,10.9375,5.078125],"tintindex":0,"rotation":0,"texture":"#1"},"south":{"uv":[10.15625,5.078125,10.9375,5.46875],"tintindex":0,"rotation":0,"texture":"#1"},"north":{"uv":[4.6875,10.15625,5.46875,10.546875],"tintindex":0,"rotation":0,"texture":"#1"},"west":{"uv":[5.46875,10.15625,6.25,10.546875],"tintindex":0,"rotation":0,"texture":"#1"},"up":{"uv":[6.25,8.59375,5.46875,7.8125],"tintindex":0,"rotation":0,"texture":"#1"},"down":{"uv":[8.59375,5.46875,7.8125,6.25],"tintindex":0,"rotation":0,"texture":"#1"}}}]}