{"textures":{"0":"modelengine:entity/tsunami1f"},"elements":[{"from":[-8.666668,3.0,-8.666668],"to":[24.666668,13.0,24.666668],"faces":{"east":{"uv":[9.375,1.171875,10.15625,1.40625],"tintindex":0,"rotation":0,"texture":"#0"},"south":{"uv":[9.375,1.40625,10.15625,1.640625],"tintindex":0,"rotation":0,"texture":"#0"},"north":{"uv":[9.375,0.9375,10.15625,1.171875],"tintindex":0,"rotation":0,"texture":"#0"},"west":{"uv":[1.5625,9.375,2.34375,9.609375],"tintindex":0,"rotation":0,"texture":"#0"},"up":{"uv":[4.6875,3.125,3.90625,2.34375],"tintindex":0,"rotation":0,"texture":"#0"},"down":{"uv":[3.90625,3.90625,3.125,4.6875],"tintindex":0,"rotation":0,"texture":"#0"}}}]}