{"textures":{"5":"modelengine:entity/foam"},"elements":[{"from":[1.1666665,-11.5,0.0],"to":[14.833334,18.833334,30.666668],"faces":{"east":{"uv":[3.625,3.625,5.0625,5.046875],"tintindex":0,"rotation":0,"texture":"#5"},"south":{"uv":[6.453125,10.171875,7.09375,11.59375],"tintindex":0,"rotation":0,"texture":"#5"},"north":{"uv":[5.8125,10.171875,6.453125,11.59375],"tintindex":0,"rotation":0,"texture":"#5"},"west":{"uv":[4.015625,0.0,5.453125,1.421875],"tintindex":0,"rotation":0,"texture":"#5"},"up":{"uv":[2.671875,11.578125,2.03125,10.140625],"tintindex":0,"rotation":0,"texture":"#5"},"down":{"uv":[3.3125,10.140625,2.671875,11.578125],"tintindex":0,"rotation":0,"texture":"#5"}}}]}