{"textures":{"2":"modelengine:entity/tsunami3f"},"elements":[{"from":[-8.666668,-2.833334,-8.666668],"to":[24.666668,18.83334,24.666668],"faces":{"east":{"uv":[10.15625,12.6953125,10.9375,13.203125],"tintindex":0,"rotation":0,"texture":"#2"},"south":{"uv":[10.9375,12.6953125,11.71875,13.203125],"tintindex":0,"rotation":0,"texture":"#2"},"north":{"uv":[3.125,12.6953125,3.90625,13.203125],"tintindex":0,"rotation":0,"texture":"#2"},"west":{"uv":[11.71875,12.6953125,12.5,13.203125],"tintindex":0,"rotation":0,"texture":"#2"},"up":{"uv":[7.8125,7.03125,7.03125,6.25],"tintindex":0,"rotation":0,"texture":"#2"},"down":{"uv":[7.8125,7.03125,7.03125,7.8125],"tintindex":0,"rotation":0,"texture":"#2"}}}]}