{"textures":{"1":"modelengine:entity/tsunami2f"},"elements":[{"from":[-8.666668,3.000001,-8.666668],"to":[24.666668,13.0,24.666668],"faces":{"east":{"uv":[8.59375,11.25,9.375,11.484375],"tintindex":0,"rotation":0,"texture":"#1"},"south":{"uv":[9.375,11.25,10.15625,11.484375],"tintindex":0,"rotation":0,"texture":"#1"},"north":{"uv":[7.8125,11.25,8.59375,11.484375],"tintindex":0,"rotation":0,"texture":"#1"},"west":{"uv":[10.15625,11.25,10.9375,11.484375],"tintindex":0,"rotation":0,"texture":"#1"},"up":{"uv":[3.90625,5.46875,3.125,4.6875],"tintindex":0,"rotation":0,"texture":"#1"},"down":{"uv":[5.46875,3.125,4.6875,3.90625],"tintindex":0,"rotation":0,"texture":"#1"}}}]}