{"textures":{"3":"modelengine:entity/tsunami4"},"elements":[{"from":[-12.0,2.0,-12.0],"to":[28.0,14.0,28.0],"rotation":{"angle":0.0,"axis":"y","origin":[-12.0,2.0,8.0]},"faces":{"east":{"uv":[10.9375,10.078125,11.71875,10.3125],"rotation":0,"texture":"#3","tintindex":0},"south":{"uv":[10.9375,10.3125,11.71875,10.546875],"rotation":0,"texture":"#3","tintindex":0},"north":{"uv":[10.9375,9.84375,11.71875,10.078125],"rotation":0,"texture":"#3","tintindex":0},"west":{"uv":[10.9375,10.546875,11.71875,10.78125],"rotation":0,"texture":"#3","tintindex":0},"up":{"uv":[7.8125,6.25,7.03125,5.46875],"rotation":0,"texture":"#3","tintindex":0},"down":{"uv":[7.03125,7.03125,6.25,7.8125],"rotation":0,"texture":"#3","tintindex":0}}}],"display":{"head":{"translation":[0.0,-6.4,0.0],"scale":[4.0,4.0,4.0]}}}