{"textures":{"1":"modelengine:entity/tsunami2f"},"elements":[{"from":[-8.666668,-0.33333397,-8.666668],"to":[24.666668,16.333334,24.666668],"faces":{"east":{"uv":[2.34375,9.375,3.125,9.765625],"tintindex":0,"rotation":0,"texture":"#1"},"south":{"uv":[9.375,2.34375,10.15625,2.734375],"tintindex":0,"rotation":0,"texture":"#1"},"north":{"uv":[9.375,1.953125,10.15625,2.34375],"tintindex":0,"rotation":0,"texture":"#1"},"west":{"uv":[9.375,2.734375,10.15625,3.125],"tintindex":0,"rotation":0,"texture":"#1"},"up":{"uv":[7.8125,1.5625,7.03125,0.78125],"tintindex":0,"rotation":0,"texture":"#1"},"down":{"uv":[2.34375,7.03125,1.5625,7.8125],"tintindex":0,"rotation":0,"texture":"#1"}}}]}