{"textures":{"3":"modelengine:entity/tsunami4f"},"elements":[{"from":[-8.666668,-0.33333397,-8.666668],"to":[24.666668,16.333334,24.666668],"faces":{"east":{"uv":[8.59375,9.375,9.375,9.765625],"tintindex":0,"rotation":0,"texture":"#3"},"south":{"uv":[9.375,8.59375,10.15625,8.984375],"tintindex":0,"rotation":0,"texture":"#3"},"north":{"uv":[9.375,8.203125,10.15625,8.59375],"tintindex":0,"rotation":0,"texture":"#3"},"west":{"uv":[9.375,8.984375,10.15625,9.375],"tintindex":0,"rotation":0,"texture":"#3"},"up":{"uv":[4.6875,3.125,3.90625,2.34375],"tintindex":0,"rotation":0,"texture":"#3"},"down":{"uv":[3.90625,3.90625,3.125,4.6875],"tintindex":0,"rotation":0,"texture":"#3"}}}]}