{"textures":{"4":"modelengine:entity/tsunami5f"},"elements":[{"from":[-8.666668,3.0,-8.666666],"to":[24.666668,13.0,24.666668],"faces":{"east":{"uv":[9.375,1.171875,10.15625,1.40625],"tintindex":0,"rotation":0,"texture":"#4"},"south":{"uv":[9.375,1.40625,10.15625,1.640625],"tintindex":0,"rotation":0,"texture":"#4"},"north":{"uv":[9.375,0.9375,10.15625,1.171875],"tintindex":0,"rotation":0,"texture":"#4"},"west":{"uv":[1.5625,9.375,2.34375,9.609375],"tintindex":0,"rotation":0,"texture":"#4"},"up":{"uv":[4.6875,3.125,3.90625,2.34375],"tintindex":0,"rotation":0,"texture":"#4"},"down":{"uv":[3.90625,3.90625,3.125,4.6875],"tintindex":0,"rotation":0,"texture":"#4"}}}]}