{"textures":{"4":"modelengine:entity/tsunami5f"},"elements":[{"from":[-8.666668,3.0,-8.666668],"to":[24.666668,13.0,24.666668],"faces":{"east":{"uv":[10.15625,9.84375,10.9375,10.078125],"tintindex":0,"rotation":0,"texture":"#4"},"south":{"uv":[10.15625,10.078125,10.9375,10.3125],"tintindex":0,"rotation":0,"texture":"#4"},"north":{"uv":[10.15625,9.609375,10.9375,9.84375],"tintindex":0,"rotation":0,"texture":"#4"},"west":{"uv":[3.125,10.234375,3.90625,10.46875],"tintindex":0,"rotation":0,"texture":"#4"},"up":{"uv":[7.8125,4.6875,7.03125,3.90625],"tintindex":0,"rotation":0,"texture":"#4"},"down":{"uv":[5.46875,7.03125,4.6875,7.8125],"tintindex":0,"rotation":0,"texture":"#4"}}}]}