{"textures":{"2":"modelengine:entity/tsunami3f"},"elements":[{"from":[-8.666668,-2.833334,-8.666668],"to":[24.666668,18.833334,24.666662],"faces":{"east":{"uv":[9.375,5.4296875,10.15625,5.9375],"tintindex":0,"rotation":0,"texture":"#2"},"south":{"uv":[5.46875,9.375,6.25,9.8828125],"tintindex":0,"rotation":0,"texture":"#2"},"north":{"uv":[9.375,4.921875,10.15625,5.4296875],"tintindex":0,"rotation":0,"texture":"#2"},"west":{"uv":[9.375,5.9375,10.15625,6.4453125],"tintindex":0,"rotation":0,"texture":"#2"},"up":{"uv":[1.5625,0.78125,0.78125,0.0],"tintindex":0,"rotation":0,"texture":"#2"},"down":{"uv":[1.5625,0.78125,0.78125,1.5625],"tintindex":0,"rotation":0,"texture":"#2"}}}]}