{"textures":{"4":"modelengine:entity/tsunami5f"},"elements":[{"from":[-8.666668,3.0,-8.666668],"to":[24.666668,13.0,24.666668],"faces":{"east":{"uv":[3.125,10.46875,3.90625,10.703125],"tintindex":0,"rotation":0,"texture":"#4"},"south":{"uv":[3.90625,10.46875,4.6875,10.703125],"tintindex":0,"rotation":0,"texture":"#4"},"north":{"uv":[10.15625,10.3125,10.9375,10.546875],"tintindex":0,"rotation":0,"texture":"#4"},"west":{"uv":[4.6875,10.46875,5.46875,10.703125],"tintindex":0,"rotation":0,"texture":"#4"},"up":{"uv":[0.78125,8.59375,0.0,7.8125],"tintindex":0,"rotation":0,"texture":"#4"},"down":{"uv":[8.59375,0.0,7.8125,0.78125],"tintindex":0,"rotation":0,"texture":"#4"}}}]}