{"textures":{"3":"modelengine:entity/tsunami4f"},"elements":[{"from":[-8.666668,3.0,-8.666668],"to":[24.666668,13.0,24.666666],"faces":{"east":{"uv":[11.71875,0.703125,12.5,0.9375],"tintindex":0,"rotation":0,"texture":"#3"},"south":{"uv":[11.71875,0.9375,12.5,1.171875],"tintindex":0,"rotation":0,"texture":"#3"},"north":{"uv":[11.71875,0.46875,12.5,0.703125],"tintindex":0,"rotation":0,"texture":"#3"},"west":{"uv":[11.71875,1.171875,12.5,1.40625],"tintindex":0,"rotation":0,"texture":"#3"},"up":{"uv":[9.375,0.78125,8.59375,0.0],"tintindex":0,"rotation":0,"texture":"#3"},"down":{"uv":[1.5625,8.59375,0.78125,9.375],"tintindex":0,"rotation":0,"texture":"#3"}}}]}