{"textures":{"2":"modelengine:entity/tsunami3"},"elements":[{"from":[-12.0,-5.0,-12.0],"to":[28.0,21.0,28.0],"rotation":{"angle":0.0,"axis":"y","origin":[-12.0,-5.0,8.0]},"faces":{"east":{"uv":[3.90625,9.609375,4.6875,10.1171875],"rotation":0,"texture":"#2","tintindex":0},"south":{"uv":[4.6875,9.609375,5.46875,10.1171875],"rotation":0,"texture":"#2","tintindex":0},"north":{"uv":[3.125,9.609375,3.90625,10.1171875],"rotation":0,"texture":"#2","tintindex":0},"west":{"uv":[5.46875,9.609375,6.25,10.1171875],"rotation":0,"texture":"#2","tintindex":0},"up":{"uv":[4.6875,0.78125,3.90625,0.0],"rotation":0,"texture":"#2","tintindex":0},"down":{"uv":[1.5625,3.90625,0.78125,4.6875],"rotation":0,"texture":"#2","tintindex":0}}}],"display":{"head":{"translation":[0.0,-6.4,0.0],"scale":[4.0,4.0,4.0]}}}