{"textures":{"2":"modelengine:entity/tsunami3f"},"elements":[{"from":[-8.666668,-2.833334,-8.666666],"to":[24.666668,18.83334,24.666668],"faces":{"east":{"uv":[13.28125,9.6484375,14.0625,10.15625],"tintindex":0,"rotation":0,"texture":"#2"},"south":{"uv":[13.28125,10.15625,14.0625,10.6640625],"tintindex":0,"rotation":0,"texture":"#2"},"north":{"uv":[13.28125,9.140625,14.0625,9.6484375],"tintindex":0,"rotation":0,"texture":"#2"},"west":{"uv":[13.28125,10.6640625,14.0625,11.171875],"tintindex":0,"rotation":0,"texture":"#2"},"up":{"uv":[7.8125,8.59375,7.03125,7.8125],"tintindex":0,"rotation":0,"texture":"#2"},"down":{"uv":[8.59375,7.03125,7.8125,7.8125],"tintindex":0,"rotation":0,"texture":"#2"}}}]}