{"textures":{"0":"modelengine:entity/tsunami1f"},"elements":[{"from":[-8.666668,3.0,-8.666668],"to":[24.666668,13.0,24.666668],"faces":{"east":{"uv":[6.25,8.59375,7.03125,8.828125],"tintindex":0,"rotation":0,"texture":"#0"},"south":{"uv":[8.59375,6.328125,9.375,6.5625],"tintindex":0,"rotation":0,"texture":"#0"},"north":{"uv":[8.59375,6.09375,9.375,6.328125],"tintindex":0,"rotation":0,"texture":"#0"},"west":{"uv":[8.59375,6.5625,9.375,6.796875],"tintindex":0,"rotation":0,"texture":"#0"},"up":{"uv":[3.125,0.78125,2.34375,0.0],"tintindex":0,"rotation":0,"texture":"#0"},"down":{"uv":[1.5625,2.34375,0.78125,3.125],"tintindex":0,"rotation":0,"texture":"#0"}}}]}