{"textures":{"2":"modelengine:entity/tsunami3"},"elements":[{"from":[-12.0,-5.0,-12.0],"to":[28.0,21.0,28.0],"rotation":{"angle":0.0,"axis":"y","origin":[-12.0,-5.0,8.0]},"faces":{"east":{"uv":[10.15625,10.15625,10.9375,10.6640625],"rotation":0,"texture":"#2","tintindex":0},"south":{"uv":[0.0,10.390625,0.78125,10.8984375],"rotation":0,"texture":"#2","tintindex":0},"north":{"uv":[10.15625,9.6484375,10.9375,10.15625],"rotation":0,"texture":"#2","tintindex":0},"west":{"uv":[0.78125,10.390625,1.5625,10.8984375],"rotation":0,"texture":"#2","tintindex":0},"up":{"uv":[4.6875,5.46875,3.90625,4.6875],"rotation":0,"texture":"#2","tintindex":0},"down":{"uv":[5.46875,3.90625,4.6875,4.6875],"rotation":0,"texture":"#2","tintindex":0}}}],"display":{"head":{"translation":[0.0,-6.4,0.0],"scale":[4.0,4.0,4.0]}}}