{"textures":{"3":"modelengine:entity/tsunami4"},"elements":[{"from":[-12.0,2.0,-12.0],"to":[28.0,14.0,28.0],"rotation":{"angle":0.0,"axis":"y","origin":[-12.0,2.0,8.0]},"faces":{"east":{"uv":[5.46875,10.78125,6.25,11.015625],"rotation":0,"texture":"#3","tintindex":0},"south":{"uv":[6.25,10.78125,7.03125,11.015625],"rotation":0,"texture":"#3","tintindex":0},"north":{"uv":[4.6875,10.78125,5.46875,11.015625],"rotation":0,"texture":"#3","tintindex":0},"west":{"uv":[7.03125,10.78125,7.8125,11.015625],"rotation":0,"texture":"#3","tintindex":0},"up":{"uv":[2.34375,7.03125,1.5625,6.25],"rotation":0,"texture":"#3","tintindex":0},"down":{"uv":[7.03125,1.5625,6.25,2.34375],"rotation":0,"texture":"#3","tintindex":0}}}],"display":{"head":{"translation":[0.0,-6.4,0.0],"scale":[4.0,4.0,4.0]}}}