{"textures":{"3":"modelengine:entity/tsunami4f"},"elements":[{"from":[-8.666668,3.0,-8.666668],"to":[24.666668,13.0,24.666668],"faces":{"east":{"uv":[1.5625,10.9375,2.34375,11.171875],"tintindex":0,"rotation":0,"texture":"#3"},"south":{"uv":[10.9375,1.640625,11.71875,1.875],"tintindex":0,"rotation":0,"texture":"#3"},"north":{"uv":[10.9375,1.40625,11.71875,1.640625],"tintindex":0,"rotation":0,"texture":"#3"},"west":{"uv":[10.9375,1.875,11.71875,2.109375],"tintindex":0,"rotation":0,"texture":"#3"},"up":{"uv":[5.46875,7.03125,4.6875,6.25],"tintindex":0,"rotation":0,"texture":"#3"},"down":{"uv":[7.03125,4.6875,6.25,5.46875],"tintindex":0,"rotation":0,"texture":"#3"}}}]}