{"textures":{"3":"modelengine:entity/tsunami4f"},"elements":[{"from":[-8.666668,-0.33333397,-8.666668],"to":[24.666668,16.333334,24.666668],"faces":{"east":{"uv":[0.0,9.765625,0.78125,10.15625],"tintindex":0,"rotation":0,"texture":"#3"},"south":{"uv":[0.78125,9.765625,1.5625,10.15625],"tintindex":0,"rotation":0,"texture":"#3"},"north":{"uv":[9.375,9.375,10.15625,9.765625],"tintindex":0,"rotation":0,"texture":"#3"},"west":{"uv":[1.5625,9.765625,2.34375,10.15625],"tintindex":0,"rotation":0,"texture":"#3"},"up":{"uv":[4.6875,3.90625,3.90625,3.125],"tintindex":0,"rotation":0,"texture":"#3"},"down":{"uv":[4.6875,3.90625,3.90625,4.6875],"tintindex":0,"rotation":0,"texture":"#3"}}}]}