{"textures":{"2":"modelengine:entity/tsunami3f"},"elements":[{"from":[-8.666668,-2.833334,-8.666668],"to":[24.666668,18.83334,24.666662],"faces":{"east":{"uv":[8.59375,11.9140625,9.375,12.421875],"tintindex":0,"rotation":0,"texture":"#2"},"south":{"uv":[9.375,12.03125,10.15625,12.5390625],"tintindex":0,"rotation":0,"texture":"#2"},"north":{"uv":[7.8125,11.9140625,8.59375,12.421875],"tintindex":0,"rotation":0,"texture":"#2"},"west":{"uv":[0.0,12.1875,0.78125,12.6953125],"tintindex":0,"rotation":0,"texture":"#2"},"up":{"uv":[4.6875,7.03125,3.90625,6.25],"tintindex":0,"rotation":0,"texture":"#2"},"down":{"uv":[7.03125,3.90625,6.25,4.6875],"tintindex":0,"rotation":0,"texture":"#2"}}}]}