{"textures":{"1":"modelengine:entity/tsunami2f"},"elements":[{"from":[-8.666668,3.000001,-8.666668],"to":[24.666668,13.0,24.666668],"faces":{"east":{"uv":[10.9375,10.078125,11.71875,10.3125],"tintindex":0,"rotation":0,"texture":"#1"},"south":{"uv":[10.9375,10.3125,11.71875,10.546875],"tintindex":0,"rotation":0,"texture":"#1"},"north":{"uv":[10.9375,9.84375,11.71875,10.078125],"tintindex":0,"rotation":0,"texture":"#1"},"west":{"uv":[10.9375,10.546875,11.71875,10.78125],"tintindex":0,"rotation":0,"texture":"#1"},"up":{"uv":[4.6875,3.125,3.90625,2.34375],"tintindex":0,"rotation":0,"texture":"#1"},"down":{"uv":[3.90625,3.90625,3.125,4.6875],"tintindex":0,"rotation":0,"texture":"#1"}}}]}