{"textures":{"1":"modelengine:entity/tsunami2f"},"elements":[{"from":[-8.666668,-0.33333397,-8.666668],"to":[24.666668,16.333334,24.666668],"faces":{"east":{"uv":[10.15625,2.734375,10.9375,3.125],"tintindex":0,"rotation":0,"texture":"#1"},"south":{"uv":[3.125,10.15625,3.90625,10.546875],"tintindex":0,"rotation":0,"texture":"#1"},"north":{"uv":[10.15625,2.34375,10.9375,2.734375],"tintindex":0,"rotation":0,"texture":"#1"},"west":{"uv":[10.15625,3.125,10.9375,3.515625],"tintindex":0,"rotation":0,"texture":"#1"},"up":{"uv":[4.6875,8.59375,3.90625,7.8125],"tintindex":0,"rotation":0,"texture":"#1"},"down":{"uv":[8.59375,3.90625,7.8125,4.6875],"tintindex":0,"rotation":0,"texture":"#1"}}}]}