{"textures":{"2":"modelengine:entity/tsunami3f"},"elements":[{"from":[-8.666668,-2.833334,-8.666668],"to":[24.666668,18.833334,24.666668],"faces":{"east":{"uv":[10.9375,5.5859375,11.71875,6.09375],"tintindex":0,"rotation":0,"texture":"#2"},"south":{"uv":[10.9375,6.09375,11.71875,6.6015625],"tintindex":0,"rotation":0,"texture":"#2"},"north":{"uv":[10.9375,5.078125,11.71875,5.5859375],"tintindex":0,"rotation":0,"texture":"#2"},"west":{"uv":[10.9375,6.6015625,11.71875,7.109375],"tintindex":0,"rotation":0,"texture":"#2"},"up":{"uv":[3.125,5.46875,2.34375,4.6875],"tintindex":0,"rotation":0,"texture":"#2"},"down":{"uv":[5.46875,2.34375,4.6875,3.125],"tintindex":0,"rotation":0,"texture":"#2"}}}]}