{"textures":{"3":"modelengine:entity/tsunami4f"},"elements":[{"from":[-8.666668,3.0,-8.666668],"to":[24.666668,13.0,24.666666],"faces":{"east":{"uv":[9.375,11.484375,10.15625,11.71875],"tintindex":0,"rotation":0,"texture":"#3"},"south":{"uv":[10.15625,11.484375,10.9375,11.71875],"tintindex":0,"rotation":0,"texture":"#3"},"north":{"uv":[8.59375,11.484375,9.375,11.71875],"tintindex":0,"rotation":0,"texture":"#3"},"west":{"uv":[10.9375,11.484375,11.71875,11.71875],"tintindex":0,"rotation":0,"texture":"#3"},"up":{"uv":[7.03125,8.59375,6.25,7.8125],"tintindex":0,"rotation":0,"texture":"#3"},"down":{"uv":[8.59375,6.25,7.8125,7.03125],"tintindex":0,"rotation":0,"texture":"#3"}}}]}