{"textures":{"4":"modelengine:entity/tsunami5f"},"elements":[{"from":[-8.666668,3.0,-8.666668],"to":[24.666668,13.0,24.666668],"faces":{"east":{"uv":[2.34375,10.78125,3.125,11.015625],"tintindex":0,"rotation":0,"texture":"#4"},"south":{"uv":[8.59375,10.78125,9.375,11.015625],"tintindex":0,"rotation":0,"texture":"#4"},"north":{"uv":[1.5625,10.78125,2.34375,11.015625],"tintindex":0,"rotation":0,"texture":"#4"},"west":{"uv":[9.375,10.78125,10.15625,11.015625],"tintindex":0,"rotation":0,"texture":"#4"},"up":{"uv":[5.46875,8.59375,4.6875,7.8125],"tintindex":0,"rotation":0,"texture":"#4"},"down":{"uv":[8.59375,4.6875,7.8125,5.46875],"tintindex":0,"rotation":0,"texture":"#4"}}}]}