{"textures":{"4":"modelengine:entity/tsunami5"},"elements":[{"from":[-12.0,2.0,-12.0],"to":[28.0,14.0,28.0],"rotation":{"angle":0.0,"axis":"y","origin":[-12.0,2.0,8.0]},"faces":{"east":{"uv":[0.78125,10.546875,1.5625,10.78125],"rotation":0,"texture":"#4","tintindex":0},"south":{"uv":[1.5625,10.546875,2.34375,10.78125],"rotation":0,"texture":"#4","tintindex":0},"north":{"uv":[0.0,10.546875,0.78125,10.78125],"rotation":0,"texture":"#4","tintindex":0},"west":{"uv":[2.34375,10.546875,3.125,10.78125],"rotation":0,"texture":"#4","tintindex":0},"up":{"uv":[2.34375,8.59375,1.5625,7.8125],"rotation":0,"texture":"#4","tintindex":0},"down":{"uv":[8.59375,1.5625,7.8125,2.34375],"rotation":0,"texture":"#4","tintindex":0}}}],"display":{"head":{"translation":[0.0,-6.4,0.0],"scale":[4.0,4.0,4.0]}}}