{"textures":{"2":"modelengine:entity/tsunami3f"},"elements":[{"from":[-8.666668,-2.833334,-8.666668],"to":[24.666668,18.83334,24.666668],"faces":{"east":{"uv":[12.5,9.6484375,13.28125,10.15625],"tintindex":0,"rotation":0,"texture":"#2"},"south":{"uv":[12.5,10.15625,13.28125,10.6640625],"tintindex":0,"rotation":0,"texture":"#2"},"north":{"uv":[12.5,9.140625,13.28125,9.6484375],"tintindex":0,"rotation":0,"texture":"#2"},"west":{"uv":[12.5,10.6640625,13.28125,11.171875],"tintindex":0,"rotation":0,"texture":"#2"},"up":{"uv":[7.8125,4.6875,7.03125,3.90625],"tintindex":0,"rotation":0,"texture":"#2"},"down":{"uv":[5.46875,7.03125,4.6875,7.8125],"tintindex":0,"rotation":0,"texture":"#2"}}}]}