{"textures":{"3":"modelengine:entity/tsunami4f"},"elements":[{"from":[-8.666668,3.0,-8.666668],"to":[24.666668,13.0,24.666668],"faces":{"east":{"uv":[8.59375,10.78125,9.375,11.015625],"tintindex":0,"rotation":0,"texture":"#3"},"south":{"uv":[9.375,10.78125,10.15625,11.015625],"tintindex":0,"rotation":0,"texture":"#3"},"north":{"uv":[7.8125,10.78125,8.59375,11.015625],"tintindex":0,"rotation":0,"texture":"#3"},"west":{"uv":[10.15625,10.78125,10.9375,11.015625],"tintindex":0,"rotation":0,"texture":"#3"},"up":{"uv":[3.125,7.03125,2.34375,6.25],"tintindex":0,"rotation":0,"texture":"#3"},"down":{"uv":[7.03125,2.34375,6.25,3.125],"tintindex":0,"rotation":0,"texture":"#3"}}}]}