{"textures":{"3":"modelengine:entity/tsunami4"},"elements":[{"from":[-12.0,2.0,-12.0],"to":[28.0,14.0,28.0],"rotation":{"angle":0.0,"axis":"y","origin":[-12.0,2.0,8.0]},"faces":{"east":{"uv":[10.9375,11.015625,11.71875,11.25],"rotation":0,"texture":"#3","tintindex":0},"south":{"uv":[0.0,11.171875,0.78125,11.40625],"rotation":0,"texture":"#3","tintindex":0},"north":{"uv":[10.15625,11.015625,10.9375,11.25],"rotation":0,"texture":"#3","tintindex":0},"west":{"uv":[0.78125,11.171875,1.5625,11.40625],"rotation":0,"texture":"#3","tintindex":0},"up":{"uv":[1.5625,8.59375,0.78125,7.8125],"rotation":0,"texture":"#3","tintindex":0},"down":{"uv":[8.59375,0.78125,7.8125,1.5625],"rotation":0,"texture":"#3","tintindex":0}}}],"display":{"head":{"translation":[0.0,-6.4,0.0],"scale":[4.0,4.0,4.0]}}}