{"textures":{"1":"modelengine:entity/tsunami2"},"elements":[{"from":[-12.0,2.0,-12.0],"to":[28.0,14.0,28.0],"rotation":{"angle":0.0,"axis":"y","origin":[-12.0,2.0,8.0]},"faces":{"east":{"uv":[8.59375,10.546875,9.375,10.78125],"rotation":0,"texture":"#1","tintindex":0},"south":{"uv":[9.375,10.546875,10.15625,10.78125],"rotation":0,"texture":"#1","tintindex":0},"north":{"uv":[7.8125,10.546875,8.59375,10.78125],"rotation":0,"texture":"#1","tintindex":0},"west":{"uv":[10.15625,10.546875,10.9375,10.78125],"rotation":0,"texture":"#1","tintindex":0},"up":{"uv":[1.5625,0.78125,0.78125,0.0],"rotation":0,"texture":"#1","tintindex":0},"down":{"uv":[1.5625,0.78125,0.78125,1.5625],"rotation":0,"texture":"#1","tintindex":0}}}],"display":{"head":{"translation":[0.0,-6.4,0.0],"scale":[4.0,4.0,4.0]}}}