{"textures":{"2":"modelengine:entity/tsunami3"},"elements":[{"from":[-12.0,-5.0,-12.0],"to":[28.0,21.0,28.0],"rotation":{"angle":0.0,"axis":"y","origin":[-12.0,-5.0,8.0]},"faces":{"east":{"uv":[5.46875,12.65625,6.25,13.1640625],"rotation":0,"texture":"#2","tintindex":0},"south":{"uv":[6.25,12.65625,7.03125,13.1640625],"rotation":0,"texture":"#2","tintindex":0},"north":{"uv":[4.6875,12.65625,5.46875,13.1640625],"rotation":0,"texture":"#2","tintindex":0},"west":{"uv":[7.03125,12.65625,7.8125,13.1640625],"rotation":0,"texture":"#2","tintindex":0},"up":{"uv":[7.03125,8.59375,6.25,7.8125],"rotation":0,"texture":"#2","tintindex":0},"down":{"uv":[8.59375,6.25,7.8125,7.03125],"rotation":0,"texture":"#2","tintindex":0}}}],"display":{"head":{"translation":[0.0,-6.4,0.0],"scale":[4.0,4.0,4.0]}}}