{"textures":{"0":"modelengine:entity/tsunami1f"},"elements":[{"from":[-8.666668,3.0,-8.666668],"to":[24.666668,13.0,24.666668],"faces":{"east":{"uv":[4.6875,9.296875,5.46875,9.53125],"tintindex":0,"rotation":0,"texture":"#0"},"south":{"uv":[5.46875,9.296875,6.25,9.53125],"tintindex":0,"rotation":0,"texture":"#0"},"north":{"uv":[3.90625,9.296875,4.6875,9.53125],"tintindex":0,"rotation":0,"texture":"#0"},"west":{"uv":[6.25,9.296875,7.03125,9.53125],"tintindex":0,"rotation":0,"texture":"#0"},"up":{"uv":[4.6875,0.78125,3.90625,0.0],"tintindex":0,"rotation":0,"texture":"#0"},"down":{"uv":[1.5625,3.90625,0.78125,4.6875],"tintindex":0,"rotation":0,"texture":"#0"}}}]}