{"textures":{"4":"modelengine:entity/tsunami5f"},"elements":[{"from":[-8.666668,3.0,-8.666668],"to":[24.666668,13.0,24.666668],"faces":{"east":{"uv":[10.9375,3.515625,11.71875,3.75],"tintindex":0,"rotation":0,"texture":"#4"},"south":{"uv":[10.9375,3.75,11.71875,3.984375],"tintindex":0,"rotation":0,"texture":"#4"},"north":{"uv":[10.9375,3.28125,11.71875,3.515625],"tintindex":0,"rotation":0,"texture":"#4"},"west":{"uv":[3.90625,10.9375,4.6875,11.171875],"tintindex":0,"rotation":0,"texture":"#4"},"up":{"uv":[9.375,0.78125,8.59375,0.0],"tintindex":0,"rotation":0,"texture":"#4"},"down":{"uv":[1.5625,8.59375,0.78125,9.375],"tintindex":0,"rotation":0,"texture":"#4"}}}]}