{"textures":{"2":"modelengine:entity/tsunami3f"},"elements":[{"from":[-8.666668,-2.833334,-8.666668],"to":[24.666668,18.833334,24.666668],"faces":{"east":{"uv":[10.15625,6.6015625,10.9375,7.109375],"tintindex":0,"rotation":0,"texture":"#2"},"south":{"uv":[10.15625,7.109375,10.9375,7.6171875],"tintindex":0,"rotation":0,"texture":"#2"},"north":{"uv":[10.15625,6.09375,10.9375,6.6015625],"tintindex":0,"rotation":0,"texture":"#2"},"west":{"uv":[10.15625,7.6171875,10.9375,8.125],"tintindex":0,"rotation":0,"texture":"#2"},"up":{"uv":[3.125,3.90625,2.34375,3.125],"tintindex":0,"rotation":0,"texture":"#2"},"down":{"uv":[3.90625,2.34375,3.125,3.125],"tintindex":0,"rotation":0,"texture":"#2"}}}]}