{"textures":{"4":"modelengine:entity/tsunami5f"},"elements":[{"from":[-8.666668,3.0,-8.666668],"to":[24.666668,13.0,24.666668],"faces":{"east":{"uv":[5.46875,8.59375,6.25,8.828125],"tintindex":0,"rotation":0,"texture":"#4"},"south":{"uv":[8.59375,5.625,9.375,5.859375],"tintindex":0,"rotation":0,"texture":"#4"},"north":{"uv":[8.59375,5.390625,9.375,5.625],"tintindex":0,"rotation":0,"texture":"#4"},"west":{"uv":[8.59375,5.859375,9.375,6.09375],"tintindex":0,"rotation":0,"texture":"#4"},"up":{"uv":[2.34375,2.34375,1.5625,1.5625],"tintindex":0,"rotation":0,"texture":"#4"},"down":{"uv":[0.78125,2.34375,0.0,3.125],"tintindex":0,"rotation":0,"texture":"#4"}}}]}