{"textures":{"1":"modelengine:entity/tsunami2f"},"elements":[{"from":[-8.666668,-0.33333397,-8.666668],"to":[24.666668,16.333334,24.666668],"faces":{"east":{"uv":[10.15625,5.859375,10.9375,6.25],"tintindex":0,"rotation":0,"texture":"#1"},"south":{"uv":[6.25,10.15625,7.03125,10.546875],"tintindex":0,"rotation":0,"texture":"#1"},"north":{"uv":[10.15625,5.46875,10.9375,5.859375],"tintindex":0,"rotation":0,"texture":"#1"},"west":{"uv":[10.15625,6.25,10.9375,6.640625],"tintindex":0,"rotation":0,"texture":"#1"},"up":{"uv":[7.03125,8.59375,6.25,7.8125],"tintindex":0,"rotation":0,"texture":"#1"},"down":{"uv":[8.59375,6.25,7.8125,7.03125],"tintindex":0,"rotation":0,"texture":"#1"}}}]}