{"textures":{"1":"modelengine:entity/tsunami2f"},"elements":[{"from":[-8.666668,3.000001,-8.666668],"to":[24.666668,13.0,24.666668],"faces":{"east":{"uv":[0.0,11.40625,0.78125,11.640625],"tintindex":0,"rotation":0,"texture":"#1"},"south":{"uv":[0.78125,11.40625,1.5625,11.640625],"tintindex":0,"rotation":0,"texture":"#1"},"north":{"uv":[10.9375,11.25,11.71875,11.484375],"tintindex":0,"rotation":0,"texture":"#1"},"west":{"uv":[1.5625,11.40625,2.34375,11.640625],"tintindex":0,"rotation":0,"texture":"#1"},"up":{"uv":[4.6875,5.46875,3.90625,4.6875],"tintindex":0,"rotation":0,"texture":"#1"},"down":{"uv":[5.46875,3.90625,4.6875,4.6875],"tintindex":0,"rotation":0,"texture":"#1"}}}]}