{"textures":{"2":"modelengine:entity/tsunami3"},"elements":[{"from":[-12.0,-5.0,-12.0],"to":[28.0,21.0,28.0],"rotation":{"angle":0.0,"axis":"y","origin":[-12.0,-5.0,8.0]},"faces":{"east":{"uv":[10.9375,6.6015625,11.71875,7.109375],"rotation":0,"texture":"#2","tintindex":0},"south":{"uv":[10.9375,7.109375,11.71875,7.6171875],"rotation":0,"texture":"#2","tintindex":0},"north":{"uv":[10.9375,6.09375,11.71875,6.6015625],"rotation":0,"texture":"#2","tintindex":0},"west":{"uv":[10.9375,7.6171875,11.71875,8.125],"rotation":0,"texture":"#2","tintindex":0},"up":{"uv":[6.25,5.46875,5.46875,4.6875],"rotation":0,"texture":"#2","tintindex":0},"down":{"uv":[6.25,5.46875,5.46875,6.25],"rotation":0,"texture":"#2","tintindex":0}}}],"display":{"head":{"translation":[0.0,-6.4,0.0],"scale":[4.0,4.0,4.0]}}}