{"textures":{"2":"modelengine:entity/tsunami3f"},"elements":[{"from":[-8.666668,-2.833334,-8.666668],"to":[24.666668,18.83334,24.666662],"faces":{"east":{"uv":[11.71875,7.109375,12.5,7.6171875],"tintindex":0,"rotation":0,"texture":"#2"},"south":{"uv":[11.71875,7.6171875,12.5,8.125],"tintindex":0,"rotation":0,"texture":"#2"},"north":{"uv":[11.71875,6.6015625,12.5,7.109375],"tintindex":0,"rotation":0,"texture":"#2"},"west":{"uv":[11.71875,8.125,12.5,8.6328125],"tintindex":0,"rotation":0,"texture":"#2"},"up":{"uv":[1.5625,7.03125,0.78125,6.25],"tintindex":0,"rotation":0,"texture":"#2"},"down":{"uv":[7.03125,0.78125,6.25,1.5625],"tintindex":0,"rotation":0,"texture":"#2"}}}]}