{"textures":{"2":"modelengine:entity/tsunami3"},"elements":[{"from":[-12.0,-5.0,-12.0],"to":[28.0,21.0,28.0],"rotation":{"angle":0.0,"axis":"y","origin":[-12.0,-5.0,8.0]},"faces":{"east":{"uv":[3.125,9.1015625,3.90625,9.609375],"rotation":0,"texture":"#2","tintindex":0},"south":{"uv":[3.90625,9.1015625,4.6875,9.609375],"rotation":0,"texture":"#2","tintindex":0},"north":{"uv":[8.59375,8.9453125,9.375,9.453125],"rotation":0,"texture":"#2","tintindex":0},"west":{"uv":[4.6875,9.1015625,5.46875,9.609375],"rotation":0,"texture":"#2","tintindex":0},"up":{"uv":[3.125,0.78125,2.34375,0.0],"rotation":0,"texture":"#2","tintindex":0},"down":{"uv":[1.5625,2.34375,0.78125,3.125],"rotation":0,"texture":"#2","tintindex":0}}}],"display":{"head":{"translation":[0.0,-6.4,0.0],"scale":[4.0,4.0,4.0]}}}