{"textures":{"2":"modelengine:entity/tsunami3"},"elements":[{"from":[-12.0,-5.0,-12.0],"to":[28.0,21.0,28.0],"rotation":{"angle":0.0,"axis":"y","origin":[-12.0,-5.0,8.0]},"faces":{"east":{"uv":[7.8125,11.1328125,8.59375,11.640625],"rotation":0,"texture":"#2","tintindex":0},"south":{"uv":[9.375,11.171875,10.15625,11.6796875],"rotation":0,"texture":"#2","tintindex":0},"north":{"uv":[7.03125,11.1328125,7.8125,11.640625],"rotation":0,"texture":"#2","tintindex":0},"west":{"uv":[10.15625,11.171875,10.9375,11.6796875],"rotation":0,"texture":"#2","tintindex":0},"up":{"uv":[3.125,7.03125,2.34375,6.25],"rotation":0,"texture":"#2","tintindex":0},"down":{"uv":[7.03125,2.34375,6.25,3.125],"rotation":0,"texture":"#2","tintindex":0}}}],"display":{"head":{"translation":[0.0,-6.4,0.0],"scale":[4.0,4.0,4.0]}}}