{"textures":{"3":"modelengine:entity/tsunami4f"},"elements":[{"from":[-8.666668,-0.33333397,-8.666668],"to":[24.666668,16.333334,24.666662],"faces":{"east":{"uv":[8.59375,2.734375,9.375,3.125],"tintindex":0,"rotation":0,"texture":"#3"},"south":{"uv":[3.125,8.59375,3.90625,8.984375],"tintindex":0,"rotation":0,"texture":"#3"},"north":{"uv":[8.59375,2.34375,9.375,2.734375],"tintindex":0,"rotation":0,"texture":"#3"},"west":{"uv":[8.59375,3.125,9.375,3.515625],"tintindex":0,"rotation":0,"texture":"#3"},"up":{"uv":[0.78125,0.78125,0.0,0.0],"tintindex":0,"rotation":0,"texture":"#3"},"down":{"uv":[0.78125,0.78125,0.0,1.5625],"tintindex":0,"rotation":0,"texture":"#3"}}}]}