{"textures":{"0":"modelengine:entity/tsunami1"},"elements":[{"from":[-12.0,2.0,-12.0],"to":[28.0,14.0,28.0],"rotation":{"angle":0.0,"axis":"y","origin":[-12.0,2.0,8.0]},"faces":{"east":{"uv":[10.15625,7.96875,10.9375,8.203125],"rotation":0,"texture":"#0","tintindex":0},"south":{"uv":[10.15625,8.203125,10.9375,8.4375],"rotation":0,"texture":"#0","tintindex":0},"north":{"uv":[10.15625,7.734375,10.9375,7.96875],"rotation":0,"texture":"#0","tintindex":0},"west":{"uv":[10.15625,8.4375,10.9375,8.671875],"rotation":0,"texture":"#0","tintindex":0},"up":{"uv":[7.8125,3.125,7.03125,2.34375],"rotation":0,"texture":"#0","tintindex":0},"down":{"uv":[3.90625,7.03125,3.125,7.8125],"rotation":0,"texture":"#0","tintindex":0}}}],"display":{"head":{"translation":[0.0,-6.4,0.0],"scale":[4.0,4.0,4.0]}}}