{"textures":{"0":"modelengine:entity/tsunami1f"},"elements":[{"from":[-8.666668,2.999999,-8.666668],"to":[24.666668,13.0,24.666668],"faces":{"east":{"uv":[10.9375,2.8125,11.71875,3.046875],"tintindex":0,"rotation":0,"texture":"#0"},"south":{"uv":[10.9375,3.046875,11.71875,3.28125],"tintindex":0,"rotation":0,"texture":"#0"},"north":{"uv":[10.9375,2.578125,11.71875,2.8125],"tintindex":0,"rotation":0,"texture":"#0"},"west":{"uv":[3.125,10.9375,3.90625,11.171875],"tintindex":0,"rotation":0,"texture":"#0"},"up":{"uv":[8.59375,8.59375,7.8125,7.8125],"tintindex":0,"rotation":0,"texture":"#0"},"down":{"uv":[0.78125,8.59375,0.0,9.375],"tintindex":0,"rotation":0,"texture":"#0"}}}]}