{"textures":{"1":"modelengine:entity/tsunami2f"},"elements":[{"from":[-8.666668,-0.33333397,-8.666668],"to":[24.666668,16.333334,24.666668],"faces":{"east":{"uv":[6.25,9.765625,7.03125,10.15625],"tintindex":0,"rotation":0,"texture":"#1"},"south":{"uv":[7.03125,9.765625,7.8125,10.15625],"tintindex":0,"rotation":0,"texture":"#1"},"north":{"uv":[5.46875,9.765625,6.25,10.15625],"tintindex":0,"rotation":0,"texture":"#1"},"west":{"uv":[7.8125,9.765625,8.59375,10.15625],"tintindex":0,"rotation":0,"texture":"#1"},"up":{"uv":[1.5625,8.59375,0.78125,7.8125],"tintindex":0,"rotation":0,"texture":"#1"},"down":{"uv":[8.59375,0.78125,7.8125,1.5625],"tintindex":0,"rotation":0,"texture":"#1"}}}]}