{"textures":{"4":"modelengine:entity/tsunami5"},"elements":[{"from":[-12.0,2.0,-12.0],"to":[28.0,14.0,28.0],"rotation":{"angle":0.0,"axis":"y","origin":[-12.0,2.0,8.0]},"faces":{"east":{"uv":[6.25,10.46875,7.03125,10.703125],"rotation":0,"texture":"#4","tintindex":0},"south":{"uv":[7.03125,10.46875,7.8125,10.703125],"rotation":0,"texture":"#4","tintindex":0},"north":{"uv":[5.46875,10.46875,6.25,10.703125],"rotation":0,"texture":"#4","tintindex":0},"west":{"uv":[7.8125,10.46875,8.59375,10.703125],"rotation":0,"texture":"#4","tintindex":0},"up":{"uv":[1.5625,8.59375,0.78125,7.8125],"rotation":0,"texture":"#4","tintindex":0},"down":{"uv":[8.59375,0.78125,7.8125,1.5625],"rotation":0,"texture":"#4","tintindex":0}}}],"display":{"head":{"translation":[0.0,-6.4,0.0],"scale":[4.0,4.0,4.0]}}}