{"textures":{"6":"modelengine:entity/foam2"},"elements":[{"from":[-8.200001,-14.4,3.0],"to":[24.2,24.0,29.800001],"rotation":{"angle":0.0,"axis":"y","origin":[-11.800001,-20.4,1.4000001]},"faces":{"east":{"uv":[3.96875,2.734375,5.015625,4.234375],"rotation":0,"texture":"#6","tintindex":0},"south":{"uv":[2.703125,2.984375,3.96875,4.484375],"rotation":0,"texture":"#6","tintindex":0},"north":{"uv":[1.4375,2.984375,2.703125,4.484375],"rotation":0,"texture":"#6","tintindex":0},"west":{"uv":[3.96875,4.234375,5.015625,5.734375],"rotation":0,"texture":"#6","tintindex":0},"up":{"uv":[6.28125,3.53125,5.015625,2.484375],"rotation":0,"texture":"#6","tintindex":0},"down":{"uv":[6.28125,3.53125,5.015625,4.578125],"rotation":0,"texture":"#6","tintindex":0}}}],"display":{"head":{"translation":[0.0,-6.4,0.0],"scale":[4.0,4.0,4.0]}}}