{"textures":{"3":"modelengine:entity/tsunami4f"},"elements":[{"from":[-8.666668,3.0,-8.666668],"to":[24.666668,13.0,24.666668],"faces":{"east":{"uv":[5.46875,10.78125,6.25,11.015625],"tintindex":0,"rotation":0,"texture":"#3"},"south":{"uv":[6.25,10.78125,7.03125,11.015625],"tintindex":0,"rotation":0,"texture":"#3"},"north":{"uv":[4.6875,10.78125,5.46875,11.015625],"tintindex":0,"rotation":0,"texture":"#3"},"west":{"uv":[7.03125,10.78125,7.8125,11.015625],"tintindex":0,"rotation":0,"texture":"#3"},"up":{"uv":[2.34375,7.03125,1.5625,6.25],"tintindex":0,"rotation":0,"texture":"#3"},"down":{"uv":[7.03125,1.5625,6.25,2.34375],"tintindex":0,"rotation":0,"texture":"#3"}}}]}