{"textures":{"2":"modelengine:entity/tsunami3f"},"elements":[{"from":[-8.666668,-2.833334,-8.666668],"to":[24.666668,18.833334,24.666668],"faces":{"east":{"uv":[8.59375,10.8984375,9.375,11.40625],"tintindex":0,"rotation":0,"texture":"#2"},"south":{"uv":[10.9375,0.0,11.71875,0.5078125],"tintindex":0,"rotation":0,"texture":"#2"},"north":{"uv":[7.8125,10.8984375,8.59375,11.40625],"tintindex":0,"rotation":0,"texture":"#2"},"west":{"uv":[10.9375,0.5078125,11.71875,1.015625],"tintindex":0,"rotation":0,"texture":"#2"},"up":{"uv":[0.78125,5.46875,0.0,4.6875],"tintindex":0,"rotation":0,"texture":"#2"},"down":{"uv":[5.46875,0.0,4.6875,0.78125],"tintindex":0,"rotation":0,"texture":"#2"}}}]}