{"textures":{"2":"modelengine:entity/tsunami3f"},"elements":[{"from":[-8.666668,-2.833334,-8.666668],"to":[24.666668,18.83334,24.666668],"faces":{"east":{"uv":[8.59375,12.421875,9.375,12.9296875],"tintindex":0,"rotation":0,"texture":"#2"},"south":{"uv":[12.5,0.0,13.28125,0.5078125],"tintindex":0,"rotation":0,"texture":"#2"},"north":{"uv":[7.8125,12.421875,8.59375,12.9296875],"tintindex":0,"rotation":0,"texture":"#2"},"west":{"uv":[12.5,0.5078125,13.28125,1.015625],"tintindex":0,"rotation":0,"texture":"#2"},"up":{"uv":[7.8125,0.78125,7.03125,0.0],"tintindex":0,"rotation":0,"texture":"#2"},"down":{"uv":[1.5625,7.03125,0.78125,7.8125],"tintindex":0,"rotation":0,"texture":"#2"}}}]}