{"textures":{"2":"modelengine:entity/tsunami3"},"elements":[{"from":[-12.0,-5.0,-12.0],"to":[28.0,21.0,28.0],"rotation":{"angle":0.0,"axis":"y","origin":[-12.0,-5.0,8.0]},"faces":{"east":{"uv":[9.375,2.5390625,10.15625,3.046875],"rotation":0,"texture":"#2","tintindex":0},"south":{"uv":[9.375,3.046875,10.15625,3.5546875],"rotation":0,"texture":"#2","tintindex":0},"north":{"uv":[2.34375,9.375,3.125,9.8828125],"rotation":0,"texture":"#2","tintindex":0},"west":{"uv":[9.375,3.5546875,10.15625,4.0625],"rotation":0,"texture":"#2","tintindex":0},"up":{"uv":[1.5625,3.90625,0.78125,3.125],"rotation":0,"texture":"#2","tintindex":0},"down":{"uv":[3.90625,0.78125,3.125,1.5625],"rotation":0,"texture":"#2","tintindex":0}}}],"display":{"head":{"translation":[0.0,-6.4,0.0],"scale":[4.0,4.0,4.0]}}}