{"textures":{"0":"modelengine:entity/tsunami1f"},"elements":[{"from":[-8.666668,2.999999,-8.666668],"to":[24.666668,13.0,24.666668],"faces":{"east":{"uv":[10.15625,8.90625,10.9375,9.140625],"tintindex":0,"rotation":0,"texture":"#0"},"south":{"uv":[10.15625,9.140625,10.9375,9.375],"tintindex":0,"rotation":0,"texture":"#0"},"north":{"uv":[10.15625,8.671875,10.9375,8.90625],"tintindex":0,"rotation":0,"texture":"#0"},"west":{"uv":[10.15625,9.375,10.9375,9.609375],"tintindex":0,"rotation":0,"texture":"#0"},"up":{"uv":[7.8125,3.90625,7.03125,3.125],"tintindex":0,"rotation":0,"texture":"#0"},"down":{"uv":[4.6875,7.03125,3.90625,7.8125],"tintindex":0,"rotation":0,"texture":"#0"}}}]}