{"textures":{"3":"modelengine:entity/tsunami4f"},"elements":[{"from":[-8.666668,3.0,-8.666668],"to":[24.666668,13.0,24.666668],"faces":{"east":{"uv":[10.9375,6.328125,11.71875,6.5625],"tintindex":0,"rotation":0,"texture":"#3"},"south":{"uv":[10.9375,6.5625,11.71875,6.796875],"tintindex":0,"rotation":0,"texture":"#3"},"north":{"uv":[10.9375,6.09375,11.71875,6.328125],"tintindex":0,"rotation":0,"texture":"#3"},"west":{"uv":[10.9375,6.796875,11.71875,7.03125],"tintindex":0,"rotation":0,"texture":"#3"},"up":{"uv":[7.8125,3.125,7.03125,2.34375],"tintindex":0,"rotation":0,"texture":"#3"},"down":{"uv":[3.90625,7.03125,3.125,7.8125],"tintindex":0,"rotation":0,"texture":"#3"}}}]}