{"textures":{"2":"modelengine:entity/bluejamballs"},"elements":[{"from":[6.3731203,7.671997,-0.56379986],"to":[14.0368805,8.327995,12.8708],"faces":{"east":{"uv":[12.25,3.1875,13.0625,3.234375],"tintindex":0,"rotation":0,"texture":"#2"},"south":{"uv":[13.0,5.25,13.28125,5.296875],"tintindex":0,"rotation":0,"texture":"#2"},"north":{"uv":[13.0,5.1875,13.28125,5.234375],"tintindex":0,"rotation":0,"texture":"#2"},"west":{"uv":[12.25,3.5,13.0625,3.546875],"tintindex":0,"rotation":0,"texture":"#2"},"up":{"uv":[10.65625,11.0625,10.375,10.25],"tintindex":0,"rotation":0,"texture":"#2"},"down":{"uv":[1.15625,10.5,0.875,11.3125],"tintindex":0,"rotation":0,"texture":"#2"}}}]}