{"textures":{"2":"modelengine:entity/bluejamballs"},"elements":[{"from":[7.84256,7.5624466,7.10784],"to":[11.437443,9.257545,8.89216],"faces":{"east":{"uv":[12.75,10.375,12.890625,10.5],"tintindex":0,"rotation":0,"texture":"#2"},"south":{"uv":[12.4375,8.6875,12.71875,8.8125],"tintindex":0,"rotation":0,"texture":"#2"},"north":{"uv":[12.4375,8.5625,12.71875,8.6875],"tintindex":0,"rotation":0,"texture":"#2"},"west":{"uv":[12.75,10.5,12.890625,10.625],"tintindex":0,"rotation":0,"texture":"#2"},"up":{"uv":[12.46875,11.578125,12.1875,11.4375],"tintindex":0,"rotation":0,"texture":"#2"},"down":{"uv":[12.46875,12.0625,12.1875,12.203125],"tintindex":0,"rotation":0,"texture":"#2"}}}]}