{"textures":{"2":"modelengine:entity/bluejamballs"},"elements":[{"from":[6.8034554,7.551296,7.700864],"to":[9.196545,8.448704,8.299136],"faces":{"east":{"uv":[13.375,4.5,13.421875,4.5625],"tintindex":0,"rotation":0,"texture":"#2"},"south":{"uv":[13.0625,7.1875,13.25,7.25],"tintindex":0,"rotation":0,"texture":"#2"},"north":{"uv":[13.0625,7.0,13.25,7.0625],"tintindex":0,"rotation":0,"texture":"#2"},"west":{"uv":[4.5625,13.375,4.609375,13.4375],"tintindex":0,"rotation":0,"texture":"#2"},"up":{"uv":[13.375,4.921875,13.1875,4.875],"tintindex":0,"rotation":0,"texture":"#2"},"down":{"uv":[13.375,4.9375,13.1875,4.984375],"tintindex":0,"rotation":0,"texture":"#2"}}}]}