{"textures":{"2":"modelengine:entity/bluejamballs"},"elements":[{"from":[2.9177856,-8.0956,7.028938],"to":[5.206586,-2.0042667,7.3956046],"faces":{"east":{"uv":[6.5,11.1875,6.578125,12.640625],"tintindex":0,"rotation":0,"texture":"#2"},"south":{"uv":[0.5,5.5625,0.96875,7.015625],"tintindex":0,"rotation":0,"texture":"#2"},"north":{"uv":[5.375,5.5,5.84375,6.953125],"tintindex":0,"rotation":0,"texture":"#2"},"west":{"uv":[5.6875,11.3125,5.765625,12.765625],"tintindex":0,"rotation":0,"texture":"#2"},"up":{"uv":[12.71875,6.390625,12.25,6.3125],"tintindex":0,"rotation":0,"texture":"#2"},"down":{"uv":[12.71875,6.9375,12.25,7.015625],"tintindex":0,"rotation":0,"texture":"#2"}}}]}