{"textures":{"2":"modelengine:entity/bluejamballs"},"elements":[{"from":[7.7116737,11.286907,6.5583744],"to":[8.288322,11.863556,7.3080196],"faces":{"east":{"uv":[13.375,3.3125,13.4375,3.359375],"tintindex":0,"rotation":0,"texture":"#2"},"south":{"uv":[13.4375,1.1875,13.484375,1.234375],"tintindex":0,"rotation":0,"texture":"#2"},"north":{"uv":[13.4375,1.125,13.484375,1.171875],"tintindex":0,"rotation":0,"texture":"#2"},"west":{"uv":[3.375,13.375,3.4375,13.421875],"tintindex":0,"rotation":0,"texture":"#2"},"up":{"uv":[13.421875,3.4375,13.375,3.375],"tintindex":0,"rotation":0,"texture":"#2"},"down":{"uv":[13.421875,3.4375,13.375,3.5],"tintindex":0,"rotation":0,"texture":"#2"}}}]}