{"textures":{"2":"modelengine:entity/bluejamballs"},"elements":[{"from":[1.96312,7.671997,1.1862001],"to":[9.62688,8.327995,13.5268],"faces":{"east":{"uv":[12.125,8.8125,12.984375,8.859375],"tintindex":0,"rotation":0,"texture":"#2"},"south":{"uv":[13.0,6.25,13.28125,6.296875],"tintindex":0,"rotation":0,"texture":"#2"},"north":{"uv":[13.0,6.1875,13.28125,6.234375],"tintindex":0,"rotation":0,"texture":"#2"},"west":{"uv":[12.1875,7.1875,13.046875,7.234375],"tintindex":0,"rotation":0,"texture":"#2"},"up":{"uv":[1.28125,6.421875,1.0,5.5625],"tintindex":0,"rotation":0,"texture":"#2"},"down":{"uv":[0.90625,7.0625,0.625,7.921875],"tintindex":0,"rotation":0,"texture":"#2"}},"rotation":{"origin":[8.0,8.0,8.0],"angle":0.0,"axis":"y"}}]}