{"textures":{"2":"modelengine:entity/bluejamballs"},"elements":[{"from":[6.8034554,7.7008667,7.551296],"to":[9.196545,8.299141,8.448704],"faces":{"east":{"uv":[4.1875,13.375,4.25,13.421875],"tintindex":0,"rotation":0,"texture":"#2"},"south":{"uv":[13.1875,4.3125,13.375,4.359375],"tintindex":0,"rotation":0,"texture":"#2"},"north":{"uv":[4.3125,13.1875,4.5,13.234375],"tintindex":0,"rotation":0,"texture":"#2"},"west":{"uv":[13.375,4.1875,13.4375,4.234375],"tintindex":0,"rotation":0,"texture":"#2"},"up":{"uv":[13.25,6.375,13.0625,6.3125],"tintindex":0,"rotation":0,"texture":"#2"},"down":{"uv":[13.25,6.375,13.0625,6.4375],"tintindex":0,"rotation":0,"texture":"#2"}}}]}