{"textures":{"2":"modelengine:entity/bluejamballs"},"elements":[{"from":[7.535881,6.732773,7.118664],"to":[10.063122,8.427879,8.902984],"faces":{"east":{"uv":[12.75,12.0625,12.890625,12.1875],"tintindex":0,"rotation":0,"texture":"#2"},"south":{"uv":[3.0625,8.5625,3.25,8.6875],"tintindex":0,"rotation":0,"texture":"#2"},"north":{"uv":[5.0625,3.0,5.25,3.125],"tintindex":0,"rotation":0,"texture":"#2"},"west":{"uv":[12.1875,12.75,12.328125,12.875],"tintindex":0,"rotation":0,"texture":"#2"},"up":{"uv":[12.75,1.703125,12.5625,1.5625],"tintindex":0,"rotation":0,"texture":"#2"},"down":{"uv":[12.75,1.9375,12.5625,2.078125],"tintindex":0,"rotation":0,"texture":"#2"}},"rotation":{"origin":[7.59,7.487503,8.010824],"angle":0.0,"axis":"y"}}]}