{"textures":{"2":"modelengine:entity/bluejamballs"},"elements":[{"from":[-1.9974403,2.0959969,3.5391998],"to":[17.15776,13.903999,11.936],"faces":{"east":{"uv":[7.625,8.125,8.265625,9.03125],"tintindex":0,"rotation":0,"texture":"#2"},"south":{"uv":[3.0625,2.75,4.515625,3.65625],"tintindex":0,"rotation":0,"texture":"#2"},"north":{"uv":[1.5625,2.75,3.015625,3.65625],"tintindex":0,"rotation":0,"texture":"#2"},"west":{"uv":[8.1875,0.9375,8.828125,1.84375],"tintindex":0,"rotation":0,"texture":"#2"},"up":{"uv":[5.328125,4.328125,3.875,3.6875],"tintindex":0,"rotation":0,"texture":"#2"},"down":{"uv":[5.828125,0.875,4.375,1.515625],"tintindex":0,"rotation":0,"texture":"#2"}}}]}