{"textures":{"2":"modelengine:entity/bluejamballs"},"elements":[{"from":[4.679,-1.3479996,5.4416],"to":[11.5014,8.360802,12.264],"faces":{"east":{"uv":[2.1875,9.4375,2.703125,10.171875],"tintindex":0,"rotation":0,"texture":"#2"},"south":{"uv":[5.3125,9.5,5.828125,10.234375],"tintindex":0,"rotation":0,"texture":"#2"},"north":{"uv":[9.3125,2.3125,9.828125,3.046875],"tintindex":0,"rotation":0,"texture":"#2"},"west":{"uv":[9.5625,0.0,10.078125,0.734375],"tintindex":0,"rotation":0,"texture":"#2"},"up":{"uv":[10.453125,6.328125,9.9375,5.8125],"tintindex":0,"rotation":0,"texture":"#2"},"down":{"uv":[7.765625,9.9375,7.25,10.453125],"tintindex":0,"rotation":0,"texture":"#2"}}},{"from":[5.335,-3.1847992,5.9664],"to":[11.1078,8.360802,11.739201],"faces":{"east":{"uv":[6.375,9.1875,6.8125,10.0625],"tintindex":0,"rotation":0,"texture":"#2"},"south":{"uv":[6.8125,9.1875,7.25,10.0625],"tintindex":0,"rotation":0,"texture":"#2"},"north":{"uv":[9.125,3.0625,9.5625,3.9375],"tintindex":0,"rotation":0,"texture":"#2"},"west":{"uv":[9.1875,7.75,9.625,8.625],"tintindex":0,"rotation":0,"texture":"#2"},"up":{"uv":[11.125,9.0625,10.6875,8.625],"tintindex":0,"rotation":0,"texture":"#2"},"down":{"uv":[9.375,10.6875,8.9375,11.125],"tintindex":0,"rotation":0,"texture":"#2"}}}]}