{"textures":{"2":"modelengine:entity/bluejamballs"},"elements":[{"from":[-4.9970007,5.4744034,4.9824],"to":[10.878201,10.7224045,11.0176],"faces":{"east":{"uv":[10.8125,2.375,11.265625,2.78125],"tintindex":0,"rotation":0,"texture":"#2"},"south":{"uv":[8.3125,8.8125,9.515625,9.21875],"tintindex":0,"rotation":0,"texture":"#2"},"north":{"uv":[8.6875,1.875,9.890625,2.28125],"tintindex":0,"rotation":0,"texture":"#2"},"west":{"uv":[10.8125,5.3125,11.265625,5.71875],"tintindex":0,"rotation":0,"texture":"#2"},"up":{"uv":[1.203125,9.015625,0.0,8.5625],"tintindex":0,"rotation":0,"texture":"#2"},"down":{"uv":[2.453125,8.5625,1.25,9.015625],"tintindex":0,"rotation":0,"texture":"#2"}}}]}