{"textures":{"2":"modelengine:entity/bluejamballs"},"elements":[{"from":[7.1668816,7.1524506,7.14884],"to":[8.874123,9.831558,8.89216],"faces":{"east":{"uv":[12.8125,7.8125,12.953125,7.9375],"tintindex":0,"rotation":0,"texture":"#2"},"south":{"uv":[12.1875,12.5,12.421875,12.625],"tintindex":0,"rotation":0,"texture":"#2"},"north":{"uv":[12.5,12.0625,12.734375,12.1875],"tintindex":0,"rotation":0,"texture":"#2"},"west":{"uv":[9.1875,12.8125,9.328125,12.9375],"tintindex":0,"rotation":0,"texture":"#2"},"up":{"uv":[12.734375,9.203125,12.5,9.0625],"tintindex":0,"rotation":0,"texture":"#2"},"down":{"uv":[9.421875,12.5,9.1875,12.640625],"tintindex":0,"rotation":0,"texture":"#2"}},"rotation":{"origin":[8.0,8.0,8.0],"angle":0.0,"axis":"y"}}]}