{"textures":{"2":"modelengine:entity/bluejamballs"},"elements":[{"from":[-0.37720013,-12.6558,6.5064],"to":[17.471199,7.8113976,7.6064005],"faces":{"east":{"uv":[9.6875,11.125,9.765625,12.6875],"tintindex":0,"rotation":0,"texture":"#2"},"south":{"uv":[0.0,1.5625,1.5625,3.125],"tintindex":0,"rotation":0,"texture":"#2"},"north":{"uv":[0.0,0.0,1.5625,1.5625],"tintindex":0,"rotation":0,"texture":"#2"},"west":{"uv":[9.8125,11.125,9.890625,12.6875],"tintindex":0,"rotation":0,"texture":"#2"},"up":{"uv":[12.6875,4.015625,11.125,3.9375],"tintindex":0,"rotation":0,"texture":"#2"},"down":{"uv":[12.6875,4.0625,11.125,4.140625],"tintindex":0,"rotation":0,"texture":"#2"}}}]}