{"textures":{"2":"modelengine:entity/bluejamballs"},"elements":[{"from":[8.442425,-10.391197,1.9158254],"to":[8.867186,7.4505997,14.255825],"faces":{"east":{"uv":[10.1875,1.125,10.9375,1.4375],"tintindex":0,"rotation":0,"texture":"#2"},"south":{"uv":[3.5625,13.125,3.59375,13.4375],"tintindex":0,"rotation":0,"texture":"#2"},"north":{"uv":[3.1875,13.125,3.21875,13.4375],"tintindex":0,"rotation":0,"texture":"#2"},"west":{"uv":[10.1875,5.0,10.9375,5.3125],"tintindex":0,"rotation":0,"texture":"#2"},"up":{"uv":[8.09375,13.25,8.0625,12.5],"tintindex":0,"rotation":0,"texture":"#2"},"down":{"uv":[7.46875,12.5625,7.4375,13.3125],"tintindex":0,"rotation":0,"texture":"#2"}}}]}