{"textures":{"2":"modelengine:entity/bluejamballs_final"},"elements":[{"from":[4.562557,7.5624466,7.10784],"to":[8.157436,9.257545,8.89216],"faces":{"east":{"uv":[7.5625,12.8125,7.703125,12.9375],"tintindex":0,"rotation":0,"texture":"#2"},"south":{"uv":[5.125,12.5,5.40625,12.625],"tintindex":0,"rotation":0,"texture":"#2"},"north":{"uv":[4.8125,12.5,5.09375,12.625],"tintindex":0,"rotation":0,"texture":"#2"},"west":{"uv":[7.75,12.8125,7.890625,12.9375],"tintindex":0,"rotation":0,"texture":"#2"},"up":{"uv":[12.53125,2.078125,12.25,1.9375],"tintindex":0,"rotation":0,"texture":"#2"},"down":{"uv":[12.53125,2.125,12.25,2.265625],"tintindex":0,"rotation":0,"texture":"#2"}}}]}