{"textures":{"2":"modelengine:entity/bluejamballs_final"},"elements":[{"from":[4.2263603,7.3574524,7.10784],"to":[8.083641,9.052551,8.89216],"faces":{"east":{"uv":[4.9375,12.8125,5.078125,12.9375],"tintindex":0,"rotation":0,"texture":"#2"},"south":{"uv":[12.25,6.1875,12.546875,6.3125],"tintindex":0,"rotation":0,"texture":"#2"},"north":{"uv":[5.125,12.25,5.421875,12.375],"tintindex":0,"rotation":0,"texture":"#2"},"west":{"uv":[5.5625,12.8125,5.703125,12.9375],"tintindex":0,"rotation":0,"texture":"#2"},"up":{"uv":[2.484375,12.328125,2.1875,12.1875],"tintindex":0,"rotation":0,"texture":"#2"},"down":{"uv":[3.671875,12.1875,3.375,12.328125],"tintindex":0,"rotation":0,"texture":"#2"}}}]}