{"textures":{"0":"modelengine:entity/gattlingturret"},"elements":[{"from":[-0.7108383,13.807228,9.451805],"to":[16.710846,16.71084,26.873486],"faces":{"east":{"uv":[5.5625,4.0625,6.65625,4.25],"tintindex":0,"rotation":0,"texture":"#0"},"south":{"uv":[5.0625,5.5625,6.15625,5.75],"tintindex":0,"rotation":0,"texture":"#0"},"north":{"uv":[5.5625,1.75,6.65625,1.9375],"tintindex":0,"rotation":0,"texture":"#0"},"west":{"uv":[5.625,0.5625,6.71875,0.75],"tintindex":0,"rotation":0,"texture":"#0"},"up":{"uv":[1.09375,1.09375,0.0,0.0],"tintindex":0,"rotation":0,"texture":"#0"},"down":{"uv":[1.09375,1.125,0.0,2.21875],"tintindex":0,"rotation":0,"texture":"#0"}}}]}