{"textures":{"2":"modelengine:entity/bluejamballs_final"},"elements":[{"from":[7.96064,7.5624466,7.1078396],"to":[11.319359,9.257545,8.89216],"faces":{"east":{"uv":[12.75,8.6875,12.890625,8.8125],"tintindex":0,"rotation":0,"texture":"#2"},"south":{"uv":[5.125,6.875,5.375,7.0],"tintindex":0,"rotation":0,"texture":"#2"},"north":{"uv":[5.375,4.25,5.625,4.375],"tintindex":0,"rotation":0,"texture":"#2"},"west":{"uv":[12.75,8.875,12.890625,9.0],"tintindex":0,"rotation":0,"texture":"#2"},"up":{"uv":[12.6875,8.078125,12.4375,7.9375],"tintindex":0,"rotation":0,"texture":"#2"},"down":{"uv":[12.6875,8.125,12.4375,8.265625],"tintindex":0,"rotation":0,"texture":"#2"}}}]}