{"textures":{"2":"modelengine:entity/bluejamballs_final"},"elements":[{"from":[3.69664,7.737602,4.5888],"to":[10.2566395,19.152,11.6736],"faces":{"east":{"uv":[0.5625,9.0625,1.109375,9.9375],"tintindex":0,"rotation":0,"texture":"#2"},"south":{"uv":[4.8125,9.0625,5.3125,9.9375],"tintindex":0,"rotation":0,"texture":"#2"},"north":{"uv":[4.3125,9.0625,4.8125,9.9375],"tintindex":0,"rotation":0,"texture":"#2"},"west":{"uv":[1.125,9.0625,1.671875,9.9375],"tintindex":0,"rotation":0,"texture":"#2"},"up":{"uv":[4.5625,10.484375,4.0625,9.9375],"tintindex":0,"rotation":0,"texture":"#2"},"down":{"uv":[5.0625,9.9375,4.5625,10.484375],"tintindex":0,"rotation":0,"texture":"#2"}}}]}