{"textures":{"2":"modelengine:entity/pillars"},"elements":[{"from":[7.5232143,7.280308,6.582143],"to":[8.4875,8.545933,7.5464287],"rotation":{"angle":0.0,"axis":"y","origin":[8.005357,7.76245,7.0642858]},"faces":{"east":{"uv":[13.6875,2.875,13.792969,3.0117188],"rotation":0,"texture":"#2","tintindex":0},"south":{"uv":[3.0,13.6875,3.1054688,13.824219],"rotation":0,"texture":"#2","tintindex":0},"north":{"uv":[2.875,13.6875,2.9804688,13.824219],"rotation":0,"texture":"#2","tintindex":0},"west":{"uv":[13.6875,3.0625,13.792969,3.1992188],"rotation":0,"texture":"#2","tintindex":0},"up":{"uv":[14.105469,11.417969,14.0,11.3125],"rotation":0,"texture":"#2","tintindex":0},"down":{"uv":[14.105469,11.4375,14.0,11.542969],"rotation":0,"texture":"#2","tintindex":0}}},{"from":[7.3424106,7.280308,6.7026787],"to":[7.5232143,8.063789,7.425893],"rotation":{"angle":0.0,"axis":"y","origin":[7.4629464,7.6720486,7.0642858]},"faces":{"east":{"uv":[14.1875,6.4375,14.265625,6.5234375],"rotation":0,"texture":"#2","tintindex":0},"south":{"uv":[14.875,9.75,14.894531,9.8359375],"rotation":0,"texture":"#2","tintindex":0},"north":{"uv":[9.6875,14.875,9.707031,14.9609375],"rotation":0,"texture":"#2","tintindex":0},"west":{"uv":[14.1875,7.125,14.265625,7.2109375],"rotation":0,"texture":"#2","tintindex":0},"up":{"uv":[5.2070312,15.015625,5.1875,14.9375],"rotation":0,"texture":"#2","tintindex":0},"down":{"uv":[14.957031,5.375,14.9375,5.453125],"rotation":0,"texture":"#2","tintindex":0}}},{"from":[7.3424106,8.063789,6.883482],"to":[7.5232143,8.545933,7.245089],"rotation":{"angle":0.0,"axis":"y","origin":[7.4629464,8.304861,7.0642858]},"faces":{"east":{"uv":[11.875,14.8125,11.9140625,14.8671875],"rotation":0,"texture":"#2","tintindex":0},"south":{"uv":[15.0625,4.625,15.082031,4.6796875],"rotation":0,"texture":"#2","tintindex":0},"north":{"uv":[4.625,15.0625,4.6445312,15.1171875],"rotation":0,"texture":"#2","tintindex":0},"west":{"uv":[14.8125,11.875,14.8515625,11.9296875],"rotation":0,"texture":"#2","tintindex":0},"up":{"uv":[15.144531,11.4140625,15.125,11.375],"rotation":0,"texture":"#2","tintindex":0},"down":{"uv":[11.457031,15.125,11.4375,15.1640625],"rotation":0,"texture":"#2","tintindex":0}}},{"from":[8.4875,7.280308,6.823214],"to":[8.608036,8.063789,7.305357],"rotation":{"angle":0.0,"axis":"y","origin":[8.547768,7.6720486,7.0642858]},"faces":{"east":{"uv":[5.5,14.5625,5.5546875,14.6484375],"rotation":0,"texture":"#2","tintindex":0},"south":{"uv":[15.0625,7.0,15.074219,7.0859375],"rotation":0,"texture":"#2","tintindex":0},"north":{"uv":[15.0625,6.875,15.074219,6.9609375],"rotation":0,"texture":"#2","tintindex":0},"west":{"uv":[5.5625,14.5625,5.6171875,14.6484375],"rotation":0,"texture":"#2","tintindex":0},"up":{"uv":[15.199219,9.4921875,15.1875,9.4375],"rotation":0,"texture":"#2","tintindex":0},"down":{"uv":[9.511719,15.1875,9.5,15.2421875],"rotation":0,"texture":"#2","tintindex":0}}},{"from":[8.4875,8.063789,6.94375],"to":[8.608036,8.545933,7.184821],"rotation":{"angle":0.0,"axis":"y","origin":[8.547768,8.304861,7.0642858]},"faces":{"east":{"uv":[0.75,15.0,0.77734375,15.0546875],"rotation":0,"texture":"#2","tintindex":0},"south":{"uv":[9.5625,15.1875,9.574219,15.2421875],"rotation":0,"texture":"#2","tintindex":0},"north":{"uv":[15.1875,9.5,15.199219,9.5546875],"rotation":0,"texture":"#2","tintindex":0},"west":{"uv":[15.0,0.75,15.027344,0.8046875],"rotation":0,"texture":"#2","tintindex":0},"up":{"uv":[15.324219,8.027344,15.3125,8.0],"rotation":0,"texture":"#2","tintindex":0},"down":{"uv":[8.074219,15.3125,8.0625,15.339844],"rotation":0,"texture":"#2","tintindex":0}}},{"from":[7.64375,7.280308,6.401339],"to":[8.366964,8.063789,6.582143],"rotation":{"angle":0.0,"axis":"y","origin":[8.005357,7.76245,6.883482]},"faces":{"east":{"uv":[14.875,9.875,14.894531,9.9609375],"rotation":0,"texture":"#2","tintindex":0},"south":{"uv":[14.1875,11.0625,14.265625,11.1484375],"rotation":0,"texture":"#2","tintindex":0},"north":{"uv":[14.1875,10.75,14.265625,10.8359375],"rotation":0,"texture":"#2","tintindex":0},"west":{"uv":[14.875,10.0,14.894531,10.0859375],"rotation":0,"texture":"#2","tintindex":0},"up":{"uv":[15.015625,5.5195312,14.9375,5.5],"rotation":0,"texture":"#2","tintindex":0},"down":{"uv":[15.015625,5.5625,14.9375,5.5820312],"rotation":0,"texture":"#2","tintindex":0}}},{"from":[7.83058,8.063789,6.401339],"to":[8.192187,8.545933,6.582143],"rotation":{"angle":0.0,"axis":"y","origin":[8.041518,8.304861,6.491741]},"faces":{"east":{"uv":[4.6875,15.0625,4.7070312,15.1171875],"rotation":0,"texture":"#2","tintindex":0},"south":{"uv":[12.0,14.8125,12.0390625,14.8671875],"rotation":0,"texture":"#2","tintindex":0},"north":{"uv":[11.9375,14.8125,11.9765625,14.8671875],"rotation":0,"texture":"#2","tintindex":0},"west":{"uv":[15.0625,4.6875,15.082031,4.7421875],"rotation":0,"texture":"#2","tintindex":0},"up":{"uv":[15.1640625,11.457031,15.125,11.4375],"rotation":0,"texture":"#2","tintindex":0},"down":{"uv":[11.5390625,15.125,11.5,15.144531],"rotation":0,"texture":"#2","tintindex":0}}},{"from":[7.83058,8.063789,7.5464287],"to":[8.192187,8.545933,7.727232],"rotation":{"angle":0.0,"axis":"y","origin":[8.041518,8.304861,7.6368303]},"faces":{"east":{"uv":[4.75,15.0625,4.7695312,15.1171875],"rotation":0,"texture":"#2","tintindex":0},"south":{"uv":[14.8125,12.0625,14.8515625,12.1171875],"rotation":0,"texture":"#2","tintindex":0},"north":{"uv":[12.0625,14.8125,12.1015625,14.8671875],"rotation":0,"texture":"#2","tintindex":0},"west":{"uv":[15.0625,4.75,15.082031,4.8046875],"rotation":0,"texture":"#2","tintindex":0},"up":{"uv":[15.1640625,11.519531,15.125,11.5],"rotation":0,"texture":"#2","tintindex":0},"down":{"uv":[11.6015625,15.125,11.5625,15.144531],"rotation":0,"texture":"#2","tintindex":0}}},{"from":[7.64375,7.280308,7.5464287],"to":[8.366964,8.063789,7.727232],"rotation":{"angle":0.0,"axis":"y","origin":[8.005357,7.76245,8.028571]},"faces":{"east":{"uv":[14.875,10.125,14.894531,10.2109375],"rotation":0,"texture":"#2","tintindex":0},"south":{"uv":[11.3125,14.1875,11.390625,14.2734375],"rotation":0,"texture":"#2","tintindex":0},"north":{"uv":[11.1875,14.1875,11.265625,14.2734375],"rotation":0,"texture":"#2","tintindex":0},"west":{"uv":[10.25,14.875,10.269531,14.9609375],"rotation":0,"texture":"#2","tintindex":0},"up":{"uv":[15.015625,5.6445312,14.9375,5.625],"rotation":0,"texture":"#2","tintindex":0},"down":{"uv":[15.015625,5.6875,14.9375,5.7070312],"rotation":0,"texture":"#2","tintindex":0}}}],"display":{"head":{"translation":[0.0,-6.4,0.0],"scale":[4.0,4.0,4.0]}}}