{"textures":{"2":"modelengine:entity/pillars"},"elements":[{"from":[7.821205,7.778866,2.2656245],"to":[8.182813,8.253475,2.627232],"rotation":{"angle":0.0,"axis":"y","origin":[8.002009,7.9596696,2.4464283]},"faces":{"east":{"uv":[14.875,1.5625,14.9140625,1.6132812],"rotation":0,"texture":"#2","tintindex":0},"south":{"uv":[14.875,1.625,14.9140625,1.6757812],"rotation":0,"texture":"#2","tintindex":0},"north":{"uv":[14.875,1.5,14.9140625,1.5507812],"rotation":0,"texture":"#2","tintindex":0},"west":{"uv":[1.75,14.875,1.7890625,14.925781],"rotation":0,"texture":"#2","tintindex":0},"up":{"uv":[9.2265625,14.9765625,9.1875,14.9375],"rotation":0,"texture":"#2","tintindex":0},"down":{"uv":[14.9765625,9.1875,14.9375,9.2265625],"rotation":0,"texture":"#2","tintindex":0}}},{"from":[7.753404,7.778866,2.3108258],"to":[7.821205,8.072672,2.5820308],"rotation":{"angle":0.0,"axis":"y","origin":[7.798605,7.925769,2.4464283]},"faces":{"east":{"uv":[10.75,15.0625,10.78125,15.09375],"rotation":0,"texture":"#2","tintindex":0},"south":{"uv":[15.375,10.8125,15.3828125,10.84375],"rotation":0,"texture":"#2","tintindex":0},"north":{"uv":[10.8125,15.375,10.8203125,15.40625],"rotation":0,"texture":"#2","tintindex":0},"west":{"uv":[10.8125,15.0625,10.84375,15.09375],"rotation":0,"texture":"#2","tintindex":0},"up":{"uv":[10.8828125,15.40625,10.875,15.375],"rotation":0,"texture":"#2","tintindex":0},"down":{"uv":[15.3828125,10.875,15.375,10.90625],"rotation":0,"texture":"#2","tintindex":0}}},{"from":[7.753404,8.072672,2.3786268],"to":[7.821205,8.253475,2.5142298],"rotation":{"angle":0.0,"axis":"y","origin":[7.798605,8.163074,2.4464283]},"faces":{"east":{"uv":[2.5625,15.375,2.578125,15.394531],"rotation":0,"texture":"#2","tintindex":0},"south":{"uv":[10.3125,15.4375,10.3203125,15.457031],"rotation":0,"texture":"#2","tintindex":0},"north":{"uv":[15.4375,10.25,15.4453125,10.269531],"rotation":0,"texture":"#2","tintindex":0},"west":{"uv":[15.375,2.5625,15.390625,2.5820312],"rotation":0,"texture":"#2","tintindex":0},"up":{"uv":[15.4453125,15.265625,15.4375,15.25],"rotation":0,"texture":"#2","tintindex":0},"down":{"uv":[15.3203125,15.4375,15.3125,15.453125],"rotation":0,"texture":"#2","tintindex":0}}},{"from":[8.182813,7.778866,2.3560266],"to":[8.228013,8.072672,2.53683],"rotation":{"angle":0.0,"axis":"y","origin":[8.205413,7.925769,2.4464283]},"faces":{"east":{"uv":[0.25,15.25,0.26953125,15.28125],"rotation":0,"texture":"#2","tintindex":0},"south":{"uv":[15.375,15.4375,15.378906,15.46875],"rotation":0,"texture":"#2","tintindex":0},"north":{"uv":[15.4375,15.3125,15.441406,15.34375],"rotation":0,"texture":"#2","tintindex":0},"west":{"uv":[15.25,0.25,15.269531,0.28125],"rotation":0,"texture":"#2","tintindex":0},"up":{"uv":[5.5664062,15.519531,5.5625,15.5],"rotation":0,"texture":"#2","tintindex":0},"down":{"uv":[15.503906,5.5625,15.5,5.5820312],"rotation":0,"texture":"#2","tintindex":0}}},{"from":[8.182813,8.072672,2.4012275],"to":[8.228013,8.253475,2.4916291],"rotation":{"angle":0.0,"axis":"y","origin":[8.205413,8.163074,2.4464283]},"faces":{"east":{"uv":[15.4375,2.75,15.449219,2.7695312],"rotation":0,"texture":"#2","tintindex":0},"south":{"uv":[15.5,5.625,15.503906,5.6445312],"rotation":0,"texture":"#2","tintindex":0},"north":{"uv":[5.625,15.5,5.6289062,15.519531],"rotation":0,"texture":"#2","tintindex":0},"west":{"uv":[2.8125,15.4375,2.8242188,15.457031],"rotation":0,"texture":"#2","tintindex":0},"up":{"uv":[7.8164062,15.511719,7.8125,15.5],"rotation":0,"texture":"#2","tintindex":0},"down":{"uv":[15.503906,7.8125,15.5,7.8242188],"rotation":0,"texture":"#2","tintindex":0}}},{"from":[7.8664064,7.778866,2.1978235],"to":[8.137611,8.072672,2.2656245],"rotation":{"angle":0.0,"axis":"y","origin":[8.002009,7.9596696,2.3786268]},"faces":{"east":{"uv":[10.9375,15.375,10.9453125,15.40625],"rotation":0,"texture":"#2","tintindex":0},"south":{"uv":[11.0,15.0625,11.03125,15.09375],"rotation":0,"texture":"#2","tintindex":0},"north":{"uv":[10.875,15.0625,10.90625,15.09375],"rotation":0,"texture":"#2","tintindex":0},"west":{"uv":[15.375,10.9375,15.3828125,10.96875],"rotation":0,"texture":"#2","tintindex":0},"up":{"uv":[11.03125,15.3828125,11.0,15.375],"rotation":0,"texture":"#2","tintindex":0},"down":{"uv":[15.40625,11.0,15.375,11.0078125],"rotation":0,"texture":"#2","tintindex":0}}},{"from":[7.9364676,8.072672,2.1978235],"to":[8.07207,8.253475,2.2656245],"rotation":{"angle":0.0,"axis":"y","origin":[8.015569,8.163074,2.2317243]},"faces":{"east":{"uv":[15.4375,10.3125,15.4453125,10.332031],"rotation":0,"texture":"#2","tintindex":0},"south":{"uv":[15.375,2.625,15.390625,2.6445312],"rotation":0,"texture":"#2","tintindex":0},"north":{"uv":[2.625,15.375,2.640625,15.394531],"rotation":0,"texture":"#2","tintindex":0},"west":{"uv":[10.375,15.4375,10.3828125,15.457031],"rotation":0,"texture":"#2","tintindex":0},"up":{"uv":[15.453125,15.3828125,15.4375,15.375],"rotation":0,"texture":"#2","tintindex":0},"down":{"uv":[15.453125,15.4375,15.4375,15.4453125],"rotation":0,"texture":"#2","tintindex":0}}},{"from":[7.9364676,8.072672,2.627232],"to":[8.07207,8.253475,2.695033],"rotation":{"angle":0.0,"axis":"y","origin":[8.015569,8.163074,2.6611323]},"faces":{"east":{"uv":[15.4375,10.375,15.4453125,10.394531],"rotation":0,"texture":"#2","tintindex":0},"south":{"uv":[15.375,2.6875,15.390625,2.7070312],"rotation":0,"texture":"#2","tintindex":0},"north":{"uv":[2.6875,15.375,2.703125,15.394531],"rotation":0,"texture":"#2","tintindex":0},"west":{"uv":[10.4375,15.4375,10.4453125,15.457031],"rotation":0,"texture":"#2","tintindex":0},"up":{"uv":[0.015625,15.5078125,0.0,15.5],"rotation":0,"texture":"#2","tintindex":0},"down":{"uv":[15.515625,0.0,15.5,0.0078125],"rotation":0,"texture":"#2","tintindex":0}}},{"from":[7.8664064,7.778866,2.627232],"to":[8.137611,8.072672,2.695033],"rotation":{"angle":0.0,"axis":"y","origin":[8.002009,7.9596696,2.8080354]},"faces":{"east":{"uv":[11.0625,15.375,11.0703125,15.40625],"rotation":0,"texture":"#2","tintindex":0},"south":{"uv":[15.0625,11.125,15.09375,11.15625],"rotation":0,"texture":"#2","tintindex":0},"north":{"uv":[11.0625,15.0625,11.09375,15.09375],"rotation":0,"texture":"#2","tintindex":0},"west":{"uv":[15.375,11.0625,15.3828125,11.09375],"rotation":0,"texture":"#2","tintindex":0},"up":{"uv":[11.15625,15.3828125,11.125,15.375],"rotation":0,"texture":"#2","tintindex":0},"down":{"uv":[15.40625,11.125,15.375,11.1328125],"rotation":0,"texture":"#2","tintindex":0}}}],"display":{"head":{"translation":[0.0,-6.4,0.0],"scale":[4.0,4.0,4.0]}}}