{"textures":{"2":"modelengine:entity/pillars"},"elements":[{"from":[7.821205,7.778866,2.2656245],"to":[8.182813,8.253475,2.627232],"rotation":{"angle":0.0,"axis":"y","origin":[8.002009,7.9596696,2.4464283]},"faces":{"east":{"uv":[14.875,2.6875,14.9140625,2.7382812],"rotation":0,"texture":"#2","tintindex":0},"south":{"uv":[14.875,2.75,14.9140625,2.8007812],"rotation":0,"texture":"#2","tintindex":0},"north":{"uv":[2.6875,14.875,2.7265625,14.925781],"rotation":0,"texture":"#2","tintindex":0},"west":{"uv":[2.8125,14.875,2.8515625,14.925781],"rotation":0,"texture":"#2","tintindex":0},"up":{"uv":[14.9765625,11.7890625,14.9375,11.75],"rotation":0,"texture":"#2","tintindex":0},"down":{"uv":[14.9765625,11.8125,14.9375,11.8515625],"rotation":0,"texture":"#2","tintindex":0}}},{"from":[7.753404,7.778866,2.3108258],"to":[7.821205,8.072672,2.5820308],"rotation":{"angle":0.0,"axis":"y","origin":[7.798605,7.925769,2.4464283]},"faces":{"east":{"uv":[12.625,15.0625,12.65625,15.09375],"rotation":0,"texture":"#2","tintindex":0},"south":{"uv":[15.375,13.0625,15.3828125,13.09375],"rotation":0,"texture":"#2","tintindex":0},"north":{"uv":[13.0625,15.375,13.0703125,15.40625],"rotation":0,"texture":"#2","tintindex":0},"west":{"uv":[12.6875,15.0625,12.71875,15.09375],"rotation":0,"texture":"#2","tintindex":0},"up":{"uv":[13.1328125,15.40625,13.125,15.375],"rotation":0,"texture":"#2","tintindex":0},"down":{"uv":[15.3828125,13.125,15.375,13.15625],"rotation":0,"texture":"#2","tintindex":0}}},{"from":[7.753404,8.072672,2.3786268],"to":[7.821205,8.253475,2.5142298],"rotation":{"angle":0.0,"axis":"y","origin":[7.798605,8.163074,2.4464283]},"faces":{"east":{"uv":[3.6875,15.375,3.703125,15.394531],"rotation":0,"texture":"#2","tintindex":0},"south":{"uv":[11.8125,15.4375,11.8203125,15.457031],"rotation":0,"texture":"#2","tintindex":0},"north":{"uv":[15.4375,11.75,15.4453125,11.769531],"rotation":0,"texture":"#2","tintindex":0},"west":{"uv":[15.375,3.6875,15.390625,3.7070312],"rotation":0,"texture":"#2","tintindex":0},"up":{"uv":[1.3203125,15.515625,1.3125,15.5],"rotation":0,"texture":"#2","tintindex":0},"down":{"uv":[15.5078125,1.3125,15.5,1.328125],"rotation":0,"texture":"#2","tintindex":0}}},{"from":[8.182813,7.778866,2.3560266],"to":[8.228013,8.072672,2.53683],"rotation":{"angle":0.0,"axis":"y","origin":[8.205413,7.925769,2.4464283]},"faces":{"east":{"uv":[0.625,15.25,0.64453125,15.28125],"rotation":0,"texture":"#2","tintindex":0},"south":{"uv":[15.5,1.375,15.503906,1.40625],"rotation":0,"texture":"#2","tintindex":0},"north":{"uv":[1.375,15.5,1.3789062,15.53125],"rotation":0,"texture":"#2","tintindex":0},"west":{"uv":[15.25,0.625,15.269531,0.65625],"rotation":0,"texture":"#2","tintindex":0},"up":{"uv":[6.3164062,15.519531,6.3125,15.5],"rotation":0,"texture":"#2","tintindex":0},"down":{"uv":[15.503906,6.3125,15.5,6.3320312],"rotation":0,"texture":"#2","tintindex":0}}},{"from":[8.182813,8.072672,2.4012275],"to":[8.228013,8.253475,2.4916291],"rotation":{"angle":0.0,"axis":"y","origin":[8.205413,8.163074,2.4464283]},"faces":{"east":{"uv":[15.4375,4.25,15.449219,4.2695312],"rotation":0,"texture":"#2","tintindex":0},"south":{"uv":[15.5,6.375,15.503906,6.3945312],"rotation":0,"texture":"#2","tintindex":0},"north":{"uv":[6.375,15.5,6.3789062,15.519531],"rotation":0,"texture":"#2","tintindex":0},"west":{"uv":[4.3125,15.4375,4.3242188,15.457031],"rotation":0,"texture":"#2","tintindex":0},"up":{"uv":[8.191406,15.511719,8.1875,15.5],"rotation":0,"texture":"#2","tintindex":0},"down":{"uv":[15.503906,8.1875,15.5,8.199219],"rotation":0,"texture":"#2","tintindex":0}}},{"from":[7.8664064,7.778866,2.1978235],"to":[8.137611,8.072672,2.2656245],"rotation":{"angle":0.0,"axis":"y","origin":[8.002009,7.9596696,2.3786268]},"faces":{"east":{"uv":[13.1875,15.375,13.1953125,15.40625],"rotation":0,"texture":"#2","tintindex":0},"south":{"uv":[12.875,15.0625,12.90625,15.09375],"rotation":0,"texture":"#2","tintindex":0},"north":{"uv":[12.75,15.0625,12.78125,15.09375],"rotation":0,"texture":"#2","tintindex":0},"west":{"uv":[15.375,13.1875,15.3828125,13.21875],"rotation":0,"texture":"#2","tintindex":0},"up":{"uv":[13.28125,15.3828125,13.25,15.375],"rotation":0,"texture":"#2","tintindex":0},"down":{"uv":[15.40625,13.25,15.375,13.2578125],"rotation":0,"texture":"#2","tintindex":0}}},{"from":[7.9364676,8.072672,2.1978235],"to":[8.07207,8.253475,2.2656245],"rotation":{"angle":0.0,"axis":"y","origin":[8.015569,8.163074,2.2317243]},"faces":{"east":{"uv":[15.4375,11.8125,15.4453125,11.832031],"rotation":0,"texture":"#2","tintindex":0},"south":{"uv":[15.375,3.75,15.390625,3.7695312],"rotation":0,"texture":"#2","tintindex":0},"north":{"uv":[3.75,15.375,3.765625,15.394531],"rotation":0,"texture":"#2","tintindex":0},"west":{"uv":[11.875,15.4375,11.8828125,15.457031],"rotation":0,"texture":"#2","tintindex":0},"up":{"uv":[1.453125,15.5078125,1.4375,15.5],"rotation":0,"texture":"#2","tintindex":0},"down":{"uv":[15.515625,1.4375,15.5,1.4453125],"rotation":0,"texture":"#2","tintindex":0}}},{"from":[7.9364676,8.072672,2.627232],"to":[8.07207,8.253475,2.695033],"rotation":{"angle":0.0,"axis":"y","origin":[8.015569,8.163074,2.6611323]},"faces":{"east":{"uv":[15.4375,11.875,15.4453125,11.894531],"rotation":0,"texture":"#2","tintindex":0},"south":{"uv":[15.375,3.8125,15.390625,3.8320312],"rotation":0,"texture":"#2","tintindex":0},"north":{"uv":[3.8125,15.375,3.828125,15.394531],"rotation":0,"texture":"#2","tintindex":0},"west":{"uv":[11.9375,15.4375,11.9453125,15.457031],"rotation":0,"texture":"#2","tintindex":0},"up":{"uv":[1.515625,15.5078125,1.5,15.5],"rotation":0,"texture":"#2","tintindex":0},"down":{"uv":[15.515625,1.5,15.5,1.5078125],"rotation":0,"texture":"#2","tintindex":0}}},{"from":[7.8664064,7.778866,2.627232],"to":[8.137611,8.072672,2.695033],"rotation":{"angle":0.0,"axis":"y","origin":[8.002009,7.9596696,2.8080354]},"faces":{"east":{"uv":[13.3125,15.375,13.3203125,15.40625],"rotation":0,"texture":"#2","tintindex":0},"south":{"uv":[13.0,15.0625,13.03125,15.09375],"rotation":0,"texture":"#2","tintindex":0},"north":{"uv":[12.9375,15.0625,12.96875,15.09375],"rotation":0,"texture":"#2","tintindex":0},"west":{"uv":[15.375,13.3125,15.3828125,13.34375],"rotation":0,"texture":"#2","tintindex":0},"up":{"uv":[13.40625,15.3828125,13.375,15.375],"rotation":0,"texture":"#2","tintindex":0},"down":{"uv":[15.40625,13.375,15.375,13.3828125],"rotation":0,"texture":"#2","tintindex":0}}}],"display":{"head":{"translation":[0.0,-6.4,0.0],"scale":[4.0,4.0,4.0]}}}