{"textures":{"2":"modelengine:entity/pillars"},"elements":[{"from":[7.6424108,7.465966,6.7026787],"to":[8.365625,8.415185,7.425893],"rotation":{"angle":0.0,"axis":"y","origin":[8.004018,7.8275733,7.0642858]},"faces":{"east":{"uv":[14.125,6.1875,14.203125,6.2929688],"rotation":0,"texture":"#2","tintindex":0},"south":{"uv":[6.25,14.125,6.328125,14.230469],"rotation":0,"texture":"#2","tintindex":0},"north":{"uv":[14.125,6.0625,14.203125,6.1679688],"rotation":0,"texture":"#2","tintindex":0},"west":{"uv":[14.125,6.3125,14.203125,6.4179688],"rotation":0,"texture":"#2","tintindex":0},"up":{"uv":[14.390625,14.015625,14.3125,13.9375],"rotation":0,"texture":"#2","tintindex":0},"down":{"uv":[14.078125,14.3125,14.0,14.390625],"rotation":0,"texture":"#2","tintindex":0}}},{"from":[7.506808,7.465966,6.7930803],"to":[7.6424108,8.053577,7.335491],"rotation":{"angle":0.0,"axis":"y","origin":[7.59721,7.759772,7.0642858]},"faces":{"east":{"uv":[11.25,5.375,11.308594,5.4375],"rotation":0,"texture":"#2","tintindex":0},"south":{"uv":[8.5,15.0625,8.515625,15.125],"rotation":0,"texture":"#2","tintindex":0},"north":{"uv":[8.4375,15.0625,8.453125,15.125],"rotation":0,"texture":"#2","tintindex":0},"west":{"uv":[11.3125,5.75,11.371094,5.8125],"rotation":0,"texture":"#2","tintindex":0},"up":{"uv":[15.140625,4.1210938,15.125,4.0625],"rotation":0,"texture":"#2","tintindex":0},"down":{"uv":[4.140625,15.125,4.125,15.183594],"rotation":0,"texture":"#2","tintindex":0}}},{"from":[7.506808,8.053577,6.928683],"to":[7.6424108,8.415185,7.199888],"rotation":{"angle":0.0,"axis":"y","origin":[7.59721,8.234382,7.0642858]},"faces":{"east":{"uv":[15.0,14.375,15.03125,14.4140625],"rotation":0,"texture":"#2","tintindex":0},"south":{"uv":[14.5,15.1875,14.515625,15.2265625],"rotation":0,"texture":"#2","tintindex":0},"north":{"uv":[15.1875,14.4375,15.203125,14.4765625],"rotation":0,"texture":"#2","tintindex":0},"west":{"uv":[15.0,14.4375,15.03125,14.4765625],"rotation":0,"texture":"#2","tintindex":0},"up":{"uv":[11.640625,15.28125,11.625,15.25],"rotation":0,"texture":"#2","tintindex":0},"down":{"uv":[15.265625,11.625,15.25,11.65625],"rotation":0,"texture":"#2","tintindex":0}}},{"from":[8.365625,7.465966,6.883482],"to":[8.456027,8.053577,7.245089],"rotation":{"angle":0.0,"axis":"y","origin":[8.410826,7.759772,7.0642858]},"faces":{"east":{"uv":[14.8125,4.625,14.8515625,4.6875],"rotation":0,"texture":"#2","tintindex":0},"south":{"uv":[14.25,15.125,14.261719,15.1875],"rotation":0,"texture":"#2","tintindex":0},"north":{"uv":[15.125,14.1875,15.136719,14.25],"rotation":0,"texture":"#2","tintindex":0},"west":{"uv":[4.6875,14.8125,4.7265625,14.875],"rotation":0,"texture":"#2","tintindex":0},"up":{"uv":[12.636719,15.2890625,12.625,15.25],"rotation":0,"texture":"#2","tintindex":0},"down":{"uv":[15.261719,12.625,15.25,12.6640625],"rotation":0,"texture":"#2","tintindex":0}}},{"from":[8.365625,8.053577,6.9738836],"to":[8.456027,8.415185,7.1546874],"rotation":{"angle":0.0,"axis":"y","origin":[8.410826,8.234382,7.0642858]},"faces":{"east":{"uv":[15.125,11.8125,15.144531,11.8515625],"rotation":0,"texture":"#2","tintindex":0},"south":{"uv":[15.25,12.6875,15.261719,12.7265625],"rotation":0,"texture":"#2","tintindex":0},"north":{"uv":[12.6875,15.25,12.699219,15.2890625],"rotation":0,"texture":"#2","tintindex":0},"west":{"uv":[11.875,15.125,11.894531,15.1640625],"rotation":0,"texture":"#2","tintindex":0},"up":{"uv":[15.449219,1.5195312,15.4375,1.5],"rotation":0,"texture":"#2","tintindex":0},"down":{"uv":[1.5742188,15.4375,1.5625,15.457031],"rotation":0,"texture":"#2","tintindex":0}}},{"from":[7.7328124,7.465966,6.5670757],"to":[8.275223,8.053577,6.7026787],"rotation":{"angle":0.0,"axis":"y","origin":[8.004018,7.8275733,6.928683]},"faces":{"east":{"uv":[8.625,15.0625,8.640625,15.125],"rotation":0,"texture":"#2","tintindex":0},"south":{"uv":[11.375,7.3125,11.433594,7.375],"rotation":0,"texture":"#2","tintindex":0},"north":{"uv":[11.375,6.125,11.433594,6.1875],"rotation":0,"texture":"#2","tintindex":0},"west":{"uv":[15.0625,8.625,15.078125,8.6875],"rotation":0,"texture":"#2","tintindex":0},"up":{"uv":[15.183594,4.140625,15.125,4.125],"rotation":0,"texture":"#2","tintindex":0},"down":{"uv":[4.2460938,15.125,4.1875,15.140625],"rotation":0,"texture":"#2","tintindex":0}}},{"from":[7.8729353,8.053577,6.5670757],"to":[8.14414,8.415185,6.7026787],"rotation":{"angle":0.0,"axis":"y","origin":[8.031138,8.234382,6.634877]},"faces":{"east":{"uv":[15.1875,14.5,15.203125,14.5390625],"rotation":0,"texture":"#2","tintindex":0},"south":{"uv":[15.0,14.5625,15.03125,14.6015625],"rotation":0,"texture":"#2","tintindex":0},"north":{"uv":[15.0,14.5,15.03125,14.5390625],"rotation":0,"texture":"#2","tintindex":0},"west":{"uv":[14.5625,15.1875,14.578125,15.2265625],"rotation":0,"texture":"#2","tintindex":0},"up":{"uv":[11.71875,15.265625,11.6875,15.25],"rotation":0,"texture":"#2","tintindex":0},"down":{"uv":[15.28125,11.6875,15.25,11.703125],"rotation":0,"texture":"#2","tintindex":0}}},{"from":[7.8729353,8.053577,7.425893],"to":[8.14414,8.415185,7.5614953],"rotation":{"angle":0.0,"axis":"y","origin":[8.031138,8.234382,7.4936943]},"faces":{"east":{"uv":[15.1875,14.5625,15.203125,14.6015625],"rotation":0,"texture":"#2","tintindex":0},"south":{"uv":[14.6875,15.0,14.71875,15.0390625],"rotation":0,"texture":"#2","tintindex":0},"north":{"uv":[15.0,14.625,15.03125,14.6640625],"rotation":0,"texture":"#2","tintindex":0},"west":{"uv":[14.625,15.1875,14.640625,15.2265625],"rotation":0,"texture":"#2","tintindex":0},"up":{"uv":[11.78125,15.265625,11.75,15.25],"rotation":0,"texture":"#2","tintindex":0},"down":{"uv":[15.28125,11.75,15.25,11.765625],"rotation":0,"texture":"#2","tintindex":0}}},{"from":[7.7328124,7.465966,7.425893],"to":[8.275223,8.053577,7.5614953],"rotation":{"angle":0.0,"axis":"y","origin":[8.004018,7.8275733,7.7875]},"faces":{"east":{"uv":[8.6875,15.0625,8.703125,15.125],"rotation":0,"texture":"#2","tintindex":0},"south":{"uv":[1.375,11.5625,1.4335938,11.625],"rotation":0,"texture":"#2","tintindex":0},"north":{"uv":[11.4375,7.6875,11.496094,7.75],"rotation":0,"texture":"#2","tintindex":0},"west":{"uv":[15.0625,8.6875,15.078125,8.75],"rotation":0,"texture":"#2","tintindex":0},"up":{"uv":[15.183594,4.203125,15.125,4.1875],"rotation":0,"texture":"#2","tintindex":0},"down":{"uv":[4.3085938,15.125,4.25,15.140625],"rotation":0,"texture":"#2","tintindex":0}}}],"display":{"head":{"translation":[0.0,-6.4,0.0],"scale":[4.0,4.0,4.0]}}}