{"textures":{"2":"modelengine:entity/pillars"},"elements":[{"from":[7.821205,7.778866,2.2656245],"to":[8.182813,8.253475,2.627232],"rotation":{"angle":0.0,"axis":"y","origin":[8.002009,7.9596696,2.4464283]},"faces":{"east":{"uv":[3.375,14.875,3.4140625,14.925781],"rotation":0,"texture":"#2","tintindex":0},"south":{"uv":[14.875,3.375,14.9140625,3.4257812],"rotation":0,"texture":"#2","tintindex":0},"north":{"uv":[14.875,3.3125,14.9140625,3.3632812],"rotation":0,"texture":"#2","tintindex":0},"west":{"uv":[3.4375,14.875,3.4765625,14.925781],"rotation":0,"texture":"#2","tintindex":0},"up":{"uv":[14.9765625,13.1015625,14.9375,13.0625],"rotation":0,"texture":"#2","tintindex":0},"down":{"uv":[13.1640625,14.9375,13.125,14.9765625],"rotation":0,"texture":"#2","tintindex":0}}},{"from":[7.753404,7.778866,2.3108258],"to":[7.821205,8.072672,2.5820308],"rotation":{"angle":0.0,"axis":"y","origin":[7.798605,7.925769,2.4464283]},"faces":{"east":{"uv":[13.9375,15.0625,13.96875,15.09375],"rotation":0,"texture":"#2","tintindex":0},"south":{"uv":[15.375,14.5625,15.3828125,14.59375],"rotation":0,"texture":"#2","tintindex":0},"north":{"uv":[14.5625,15.375,14.5703125,15.40625],"rotation":0,"texture":"#2","tintindex":0},"west":{"uv":[15.0625,13.9375,15.09375,13.96875],"rotation":0,"texture":"#2","tintindex":0},"up":{"uv":[14.6328125,15.40625,14.625,15.375],"rotation":0,"texture":"#2","tintindex":0},"down":{"uv":[15.3828125,14.625,15.375,14.65625],"rotation":0,"texture":"#2","tintindex":0}}},{"from":[7.753404,8.072672,2.3786268],"to":[7.821205,8.253475,2.5142298],"rotation":{"angle":0.0,"axis":"y","origin":[7.798605,8.163074,2.4464283]},"faces":{"east":{"uv":[4.4375,15.375,4.453125,15.394531],"rotation":0,"texture":"#2","tintindex":0},"south":{"uv":[12.8125,15.4375,12.8203125,15.457031],"rotation":0,"texture":"#2","tintindex":0},"north":{"uv":[15.4375,12.75,15.4453125,12.769531],"rotation":0,"texture":"#2","tintindex":0},"west":{"uv":[15.375,4.4375,15.390625,4.4570312],"rotation":0,"texture":"#2","tintindex":0},"up":{"uv":[2.3203125,15.515625,2.3125,15.5],"rotation":0,"texture":"#2","tintindex":0},"down":{"uv":[15.5078125,2.3125,15.5,2.328125],"rotation":0,"texture":"#2","tintindex":0}}},{"from":[8.182813,7.778866,2.3560266],"to":[8.228013,8.072672,2.53683],"rotation":{"angle":0.0,"axis":"y","origin":[8.205413,7.925769,2.4464283]},"faces":{"east":{"uv":[0.875,15.25,0.89453125,15.28125],"rotation":0,"texture":"#2","tintindex":0},"south":{"uv":[15.5,2.375,15.503906,2.40625],"rotation":0,"texture":"#2","tintindex":0},"north":{"uv":[2.375,15.5,2.3789062,15.53125],"rotation":0,"texture":"#2","tintindex":0},"west":{"uv":[15.25,0.875,15.269531,0.90625],"rotation":0,"texture":"#2","tintindex":0},"up":{"uv":[6.8164062,15.519531,6.8125,15.5],"rotation":0,"texture":"#2","tintindex":0},"down":{"uv":[15.503906,6.8125,15.5,6.8320312],"rotation":0,"texture":"#2","tintindex":0}}},{"from":[8.182813,8.072672,2.4012275],"to":[8.228013,8.253475,2.4916291],"rotation":{"angle":0.0,"axis":"y","origin":[8.205413,8.163074,2.4464283]},"faces":{"east":{"uv":[15.4375,5.25,15.449219,5.2695312],"rotation":0,"texture":"#2","tintindex":0},"south":{"uv":[15.5,6.875,15.503906,6.8945312],"rotation":0,"texture":"#2","tintindex":0},"north":{"uv":[6.875,15.5,6.8789062,15.519531],"rotation":0,"texture":"#2","tintindex":0},"west":{"uv":[5.3125,15.4375,5.3242188,15.457031],"rotation":0,"texture":"#2","tintindex":0},"up":{"uv":[8.441406,15.511719,8.4375,15.5],"rotation":0,"texture":"#2","tintindex":0},"down":{"uv":[15.503906,8.4375,15.5,8.449219],"rotation":0,"texture":"#2","tintindex":0}}},{"from":[7.8664064,7.778866,2.1978235],"to":[8.137611,8.072672,2.2656245],"rotation":{"angle":0.0,"axis":"y","origin":[8.002009,7.9596696,2.3786268]},"faces":{"east":{"uv":[14.6875,15.375,14.6953125,15.40625],"rotation":0,"texture":"#2","tintindex":0},"south":{"uv":[15.0625,14.0,15.09375,14.03125],"rotation":0,"texture":"#2","tintindex":0},"north":{"uv":[14.0,15.0625,14.03125,15.09375],"rotation":0,"texture":"#2","tintindex":0},"west":{"uv":[15.375,14.6875,15.3828125,14.71875],"rotation":0,"texture":"#2","tintindex":0},"up":{"uv":[14.78125,15.3828125,14.75,15.375],"rotation":0,"texture":"#2","tintindex":0},"down":{"uv":[15.40625,14.75,15.375,14.7578125],"rotation":0,"texture":"#2","tintindex":0}}},{"from":[7.9364676,8.072672,2.1978235],"to":[8.07207,8.253475,2.2656245],"rotation":{"angle":0.0,"axis":"y","origin":[8.015569,8.163074,2.2317243]},"faces":{"east":{"uv":[15.4375,12.8125,15.4453125,12.832031],"rotation":0,"texture":"#2","tintindex":0},"south":{"uv":[15.375,4.5,15.390625,4.5195312],"rotation":0,"texture":"#2","tintindex":0},"north":{"uv":[4.5,15.375,4.515625,15.394531],"rotation":0,"texture":"#2","tintindex":0},"west":{"uv":[12.875,15.4375,12.8828125,15.457031],"rotation":0,"texture":"#2","tintindex":0},"up":{"uv":[2.453125,15.5078125,2.4375,15.5],"rotation":0,"texture":"#2","tintindex":0},"down":{"uv":[15.515625,2.4375,15.5,2.4453125],"rotation":0,"texture":"#2","tintindex":0}}},{"from":[7.9364676,8.072672,2.627232],"to":[8.07207,8.253475,2.695033],"rotation":{"angle":0.0,"axis":"y","origin":[8.015569,8.163074,2.6611323]},"faces":{"east":{"uv":[15.4375,12.875,15.4453125,12.894531],"rotation":0,"texture":"#2","tintindex":0},"south":{"uv":[15.375,4.5625,15.390625,4.5820312],"rotation":0,"texture":"#2","tintindex":0},"north":{"uv":[4.5625,15.375,4.578125,15.394531],"rotation":0,"texture":"#2","tintindex":0},"west":{"uv":[12.9375,15.4375,12.9453125,15.457031],"rotation":0,"texture":"#2","tintindex":0},"up":{"uv":[2.515625,15.5078125,2.5,15.5],"rotation":0,"texture":"#2","tintindex":0},"down":{"uv":[15.515625,2.5,15.5,2.5078125],"rotation":0,"texture":"#2","tintindex":0}}},{"from":[7.8664064,7.778866,2.627232],"to":[8.137611,8.072672,2.695033],"rotation":{"angle":0.0,"axis":"y","origin":[8.002009,7.9596696,2.8080354]},"faces":{"east":{"uv":[14.8125,15.375,14.8203125,15.40625],"rotation":0,"texture":"#2","tintindex":0},"south":{"uv":[15.0625,14.0625,15.09375,14.09375],"rotation":0,"texture":"#2","tintindex":0},"north":{"uv":[14.0625,15.0625,14.09375,15.09375],"rotation":0,"texture":"#2","tintindex":0},"west":{"uv":[15.375,14.8125,15.3828125,14.84375],"rotation":0,"texture":"#2","tintindex":0},"up":{"uv":[14.90625,15.3828125,14.875,15.375],"rotation":0,"texture":"#2","tintindex":0},"down":{"uv":[15.40625,14.875,15.375,14.8828125],"rotation":0,"texture":"#2","tintindex":0}}}],"display":{"head":{"translation":[0.0,-6.4,0.0],"scale":[4.0,4.0,4.0]}}}