{"textures":{"2":"modelengine:entity/pillars"},"elements":[{"from":[5.357682,1.321722,-14.342499],"to":[14.197683,12.924223,-5.502495],"rotation":{"angle":0.0,"axis":"y","origin":[9.777682,5.741722,-9.922497]},"faces":{"east":{"uv":[2.0,1.3125,2.96875,2.5820312],"rotation":0,"texture":"#2","tintindex":0},"south":{"uv":[0.0,2.625,0.96875,3.8945312],"rotation":0,"texture":"#2","tintindex":0},"north":{"uv":[2.0,0.0,2.96875,1.2695312],"rotation":0,"texture":"#2","tintindex":0},"west":{"uv":[1.0,2.625,1.96875,3.8945312],"rotation":0,"texture":"#2","tintindex":0},"up":{"uv":[2.96875,4.90625,2.0,3.9375],"rotation":0,"texture":"#2","tintindex":0},"down":{"uv":[3.96875,3.9375,3.0,4.90625],"rotation":0,"texture":"#2","tintindex":0}}},{"from":[3.7001824,1.321722,-13.237499],"to":[5.357682,8.504223,-6.607498],"rotation":{"angle":0.0,"axis":"y","origin":[4.8051825,4.9129725,-9.922497]},"faces":{"east":{"uv":[5.5,3.4375,6.2265625,4.2226562],"rotation":0,"texture":"#2","tintindex":0},"south":{"uv":[4.125,9.5625,4.3046875,10.347656],"rotation":0,"texture":"#2","tintindex":0},"north":{"uv":[3.9375,9.5625,4.1171875,10.347656],"rotation":0,"texture":"#2","tintindex":0},"west":{"uv":[5.75,0.0,6.4765625,0.78515625],"rotation":0,"texture":"#2","tintindex":0},"up":{"uv":[1.3046875,10.7265625,1.125,10.0],"rotation":0,"texture":"#2","tintindex":0},"down":{"uv":[10.1796875,7.375,10.0,8.1015625],"rotation":0,"texture":"#2","tintindex":0}}},{"from":[3.7001824,8.504223,-11.579998],"to":[5.357682,12.924223,-8.264996],"rotation":{"angle":0.0,"axis":"y","origin":[4.8051825,10.714223,-9.922497]},"faces":{"east":{"uv":[9.125,4.4375,9.488281,4.921875],"rotation":0,"texture":"#2","tintindex":0},"south":{"uv":[9.8125,10.9375,9.9921875,11.421875],"rotation":0,"texture":"#2","tintindex":0},"north":{"uv":[9.625,10.9375,9.8046875,11.421875],"rotation":0,"texture":"#2","tintindex":0},"west":{"uv":[9.125,4.9375,9.488281,5.421875],"rotation":0,"texture":"#2","tintindex":0},"up":{"uv":[9.3046875,12.113281,9.125,11.75],"rotation":0,"texture":"#2","tintindex":0},"down":{"uv":[11.9296875,9.375,11.75,9.738281],"rotation":0,"texture":"#2","tintindex":0}}},{"from":[14.197683,1.321722,-12.132496],"to":[15.302683,8.504223,-7.7124977],"rotation":{"angle":0.0,"axis":"y","origin":[14.750183,4.9129725,-9.922497]},"faces":{"east":{"uv":[6.75,4.6875,7.234375,5.4726562],"rotation":0,"texture":"#2","tintindex":0},"south":{"uv":[6.6875,10.875,6.8085938,11.660156],"rotation":0,"texture":"#2","tintindex":0},"north":{"uv":[6.5625,10.875,6.6835938,11.660156],"rotation":0,"texture":"#2","tintindex":0},"west":{"uv":[6.75,5.5,7.234375,6.2851562],"rotation":0,"texture":"#2","tintindex":0},"up":{"uv":[5.9335938,12.421875,5.8125,11.9375],"rotation":0,"texture":"#2","tintindex":0},"down":{"uv":[6.0585938,11.9375,5.9375,12.421875],"rotation":0,"texture":"#2","tintindex":0}}},{"from":[14.197683,8.504223,-11.0275],"to":[15.302683,12.924223,-8.817501],"rotation":{"angle":0.0,"axis":"y","origin":[14.750183,10.714223,-9.922497]},"faces":{"east":{"uv":[0.5625,10.125,0.8046875,10.609375],"rotation":0,"texture":"#2","tintindex":0},"south":{"uv":[6.1875,11.9375,6.3085938,12.421875],"rotation":0,"texture":"#2","tintindex":0},"north":{"uv":[6.0625,11.9375,6.1835938,12.421875],"rotation":0,"texture":"#2","tintindex":0},"west":{"uv":[0.8125,10.125,1.0546875,10.609375],"rotation":0,"texture":"#2","tintindex":0},"up":{"uv":[12.933594,12.7421875,12.8125,12.5],"rotation":0,"texture":"#2","tintindex":0},"down":{"uv":[0.12109375,12.875,0.0,13.1171875],"rotation":0,"texture":"#2","tintindex":0}}},{"from":[6.4626827,1.321722,-16.0],"to":[13.092683,8.504223,-14.342499],"rotation":{"angle":0.0,"axis":"y","origin":[9.777682,5.741722,-11.579998]},"faces":{"east":{"uv":[4.3125,9.5625,4.4921875,10.347656],"rotation":0,"texture":"#2","tintindex":0},"south":{"uv":[3.75,5.8125,4.4765625,6.5976562],"rotation":0,"texture":"#2","tintindex":0},"north":{"uv":[5.75,0.8125,6.4765625,1.5976562],"rotation":0,"texture":"#2","tintindex":0},"west":{"uv":[4.5,9.5625,4.6796875,10.347656],"rotation":0,"texture":"#2","tintindex":0},"up":{"uv":[10.7265625,8.3046875,10.0,8.125],"rotation":0,"texture":"#2","tintindex":0},"down":{"uv":[10.7265625,8.3125,10.0,8.4921875],"rotation":0,"texture":"#2","tintindex":0}}},{"from":[8.175432,8.504223,-16.0],"to":[11.490433,12.924223,-14.342499],"rotation":{"angle":0.0,"axis":"y","origin":[10.109182,10.714223,-15.171246]},"faces":{"east":{"uv":[10.0,10.9375,10.1796875,11.421875],"rotation":0,"texture":"#2","tintindex":0},"south":{"uv":[5.5,9.125,5.8632812,9.609375],"rotation":0,"texture":"#2","tintindex":0},"north":{"uv":[9.125,5.4375,9.488281,5.921875],"rotation":0,"texture":"#2","tintindex":0},"west":{"uv":[10.1875,10.9375,10.3671875,11.421875],"rotation":0,"texture":"#2","tintindex":0},"up":{"uv":[12.113281,9.9296875,11.75,9.75],"rotation":0,"texture":"#2","tintindex":0},"down":{"uv":[12.113281,9.9375,11.75,10.1171875],"rotation":0,"texture":"#2","tintindex":0}}},{"from":[8.175432,8.504223,-5.502495],"to":[11.490433,12.924223,-3.8449936],"rotation":{"angle":0.0,"axis":"y","origin":[10.109182,10.714223,-4.673748]},"faces":{"east":{"uv":[10.375,10.9375,10.5546875,11.421875],"rotation":0,"texture":"#2","tintindex":0},"south":{"uv":[0.0,9.1875,0.36328125,9.671875],"rotation":0,"texture":"#2","tintindex":0},"north":{"uv":[5.875,9.125,6.2382812,9.609375],"rotation":0,"texture":"#2","tintindex":0},"west":{"uv":[10.5625,10.9375,10.7421875,11.421875],"rotation":0,"texture":"#2","tintindex":0},"up":{"uv":[12.113281,10.3046875,11.75,10.125],"rotation":0,"texture":"#2","tintindex":0},"down":{"uv":[12.113281,10.3125,11.75,10.4921875],"rotation":0,"texture":"#2","tintindex":0}}},{"from":[6.4626827,1.321722,-5.502495],"to":[13.092683,8.504223,-3.8449936],"rotation":{"angle":0.0,"axis":"y","origin":[9.777682,5.741722,-1.0824966]},"faces":{"east":{"uv":[4.6875,9.5625,4.8671875,10.347656],"rotation":0,"texture":"#2","tintindex":0},"south":{"uv":[5.25,5.8125,5.9765625,6.5976562],"rotation":0,"texture":"#2","tintindex":0},"north":{"uv":[4.5,5.8125,5.2265625,6.5976562],"rotation":0,"texture":"#2","tintindex":0},"west":{"uv":[4.875,9.5625,5.0546875,10.347656],"rotation":0,"texture":"#2","tintindex":0},"up":{"uv":[10.7265625,8.6796875,10.0,8.5],"rotation":0,"texture":"#2","tintindex":0},"down":{"uv":[10.3515625,10.0,9.625,10.1796875],"rotation":0,"texture":"#2","tintindex":0}}}],"display":{"head":{"translation":[0.0,-6.4,-105.04373],"scale":[4.0,4.0,4.0]}}}