{"textures":{"2":"modelengine:entity/pillars"},"elements":[{"from":[6.8875,6.198363,0.78928566],"to":[9.1375,9.151488,3.0392857],"rotation":{"angle":0.0,"axis":"y","origin":[8.0125,7.3233633,1.9142857]},"faces":{"east":{"uv":[11.125,4.25,11.371094,4.5742188],"rotation":0,"texture":"#2","tintindex":0},"south":{"uv":[4.875,11.125,5.1210938,11.449219],"rotation":0,"texture":"#2","tintindex":0},"north":{"uv":[11.0625,5.4375,11.308594,5.7617188],"rotation":0,"texture":"#2","tintindex":0},"west":{"uv":[11.125,5.8125,11.371094,6.1367188],"rotation":0,"texture":"#2","tintindex":0},"up":{"uv":[12.058594,4.6835938,11.8125,4.4375],"rotation":0,"texture":"#2","tintindex":0},"down":{"uv":[5.3710938,11.8125,5.125,12.058594],"rotation":0,"texture":"#2","tintindex":0}}},{"from":[6.465625,6.198363,1.0705357],"to":[6.8875,8.026488,2.7580357],"rotation":{"angle":0.0,"axis":"y","origin":[6.746875,7.112426,1.9142857]},"faces":{"east":{"uv":[12.4375,3.5,12.621094,3.6992188],"rotation":0,"texture":"#2","tintindex":0},"south":{"uv":[6.875,14.0625,6.921875,14.261719],"rotation":0,"texture":"#2","tintindex":0},"north":{"uv":[6.8125,14.0625,6.859375,14.261719],"rotation":0,"texture":"#2","tintindex":0},"west":{"uv":[3.5625,12.4375,3.7460938,12.636719],"rotation":0,"texture":"#2","tintindex":0},"up":{"uv":[11.484375,14.246094,11.4375,14.0625],"rotation":0,"texture":"#2","tintindex":0},"down":{"uv":[0.859375,14.125,0.8125,14.308594],"rotation":0,"texture":"#2","tintindex":0}}},{"from":[6.465625,8.026488,1.4924107],"to":[6.8875,9.151488,2.3361607],"rotation":{"angle":0.0,"axis":"y","origin":[6.746875,8.588988,1.9142857]},"faces":{"east":{"uv":[13.875,12.8125,13.96875,12.9375],"rotation":0,"texture":"#2","tintindex":0},"south":{"uv":[1.3125,14.375,1.359375,14.5],"rotation":0,"texture":"#2","tintindex":0},"north":{"uv":[1.1875,14.375,1.234375,14.5],"rotation":0,"texture":"#2","tintindex":0},"west":{"uv":[12.9375,13.875,13.03125,14.0],"rotation":0,"texture":"#2","tintindex":0},"up":{"uv":[6.234375,14.65625,6.1875,14.5625],"rotation":0,"texture":"#2","tintindex":0},"down":{"uv":[14.609375,6.1875,14.5625,6.28125],"rotation":0,"texture":"#2","tintindex":0}}},{"from":[9.1375,6.198363,1.3517857],"to":[9.41875,8.026488,2.4767857],"rotation":{"angle":0.0,"axis":"y","origin":[9.278125,7.112426,1.9142857]},"faces":{"east":{"uv":[13.1875,2.4375,13.3125,2.6367188],"rotation":0,"texture":"#2","tintindex":0},"south":{"uv":[4.4375,14.3125,4.46875,14.511719],"rotation":0,"texture":"#2","tintindex":0},"north":{"uv":[2.3125,14.3125,2.34375,14.511719],"rotation":0,"texture":"#2","tintindex":0},"west":{"uv":[13.1875,2.6875,13.3125,2.8867188],"rotation":0,"texture":"#2","tintindex":0},"up":{"uv":[3.90625,14.75,3.875,14.625],"rotation":0,"texture":"#2","tintindex":0},"down":{"uv":[3.96875,14.625,3.9375,14.75],"rotation":0,"texture":"#2","tintindex":0}}},{"from":[9.1375,8.026488,1.6330357],"to":[9.41875,9.151488,2.1955357],"rotation":{"angle":0.0,"axis":"y","origin":[9.278125,8.588988,1.9142857]},"faces":{"east":{"uv":[6.9375,1.5,7.0,1.625],"rotation":0,"texture":"#2","tintindex":0},"south":{"uv":[4.0625,14.625,4.09375,14.75],"rotation":0,"texture":"#2","tintindex":0},"north":{"uv":[4.0,14.625,4.03125,14.75],"rotation":0,"texture":"#2","tintindex":0},"west":{"uv":[9.625,9.875,9.6875,10.0],"rotation":0,"texture":"#2","tintindex":0},"up":{"uv":[4.40625,14.9375,4.375,14.875],"rotation":0,"texture":"#2","tintindex":0},"down":{"uv":[4.46875,14.875,4.4375,14.9375],"rotation":0,"texture":"#2","tintindex":0}}},{"from":[7.16875,6.198363,0.36741066],"to":[8.85625,8.026488,0.78928566],"rotation":{"angle":0.0,"axis":"y","origin":[8.0125,7.3233633,1.4924107]},"faces":{"east":{"uv":[14.0625,6.875,14.109375,7.0742188],"rotation":0,"texture":"#2","tintindex":0},"south":{"uv":[3.9375,12.4375,4.1210938,12.636719],"rotation":0,"texture":"#2","tintindex":0},"north":{"uv":[3.75,12.4375,3.9335938,12.636719],"rotation":0,"texture":"#2","tintindex":0},"west":{"uv":[7.1875,14.0625,7.234375,14.261719],"rotation":0,"texture":"#2","tintindex":0},"up":{"uv":[14.246094,10.109375,14.0625,10.0625],"rotation":0,"texture":"#2","tintindex":0},"down":{"uv":[14.246094,11.25,14.0625,11.296875],"rotation":0,"texture":"#2","tintindex":0}}},{"from":[7.6046877,8.026488,0.36741066],"to":[8.448438,9.151488,0.78928566],"rotation":{"angle":0.0,"axis":"y","origin":[8.096875,8.588988,0.57834816]},"faces":{"east":{"uv":[1.375,14.375,1.421875,14.5],"rotation":0,"texture":"#2","tintindex":0},"south":{"uv":[13.375,13.875,13.46875,14.0],"rotation":0,"texture":"#2","tintindex":0},"north":{"uv":[13.25,13.875,13.34375,14.0],"rotation":0,"texture":"#2","tintindex":0},"west":{"uv":[14.375,1.375,14.421875,1.5],"rotation":0,"texture":"#2","tintindex":0},"up":{"uv":[14.28125,3.234375,14.1875,3.1875],"rotation":0,"texture":"#2","tintindex":0},"down":{"uv":[14.28125,3.5,14.1875,3.546875],"rotation":0,"texture":"#2","tintindex":0}}},{"from":[7.6046877,8.026488,3.0392857],"to":[8.448438,9.151488,3.4611607],"rotation":{"angle":0.0,"axis":"y","origin":[8.096875,8.588988,3.2502232]},"faces":{"east":{"uv":[1.4375,14.375,1.484375,14.5],"rotation":0,"texture":"#2","tintindex":0},"south":{"uv":[13.875,13.5,13.96875,13.625],"rotation":0,"texture":"#2","tintindex":0},"north":{"uv":[13.5,13.875,13.59375,14.0],"rotation":0,"texture":"#2","tintindex":0},"west":{"uv":[1.5625,14.375,1.609375,14.5],"rotation":0,"texture":"#2","tintindex":0},"up":{"uv":[14.28125,4.046875,14.1875,4.0],"rotation":0,"texture":"#2","tintindex":0},"down":{"uv":[14.28125,4.25,14.1875,4.296875],"rotation":0,"texture":"#2","tintindex":0}}},{"from":[7.16875,6.198363,3.0392857],"to":[8.85625,8.026488,3.4611607],"rotation":{"angle":0.0,"axis":"y","origin":[8.0125,7.3233633,4.1642857]},"faces":{"east":{"uv":[7.25,14.0625,7.296875,14.261719],"rotation":0,"texture":"#2","tintindex":0},"south":{"uv":[12.4375,4.3125,12.621094,4.5117188],"rotation":0,"texture":"#2","tintindex":0},"north":{"uv":[4.125,12.4375,4.3085938,12.636719],"rotation":0,"texture":"#2","tintindex":0},"west":{"uv":[7.3125,14.0625,7.359375,14.261719],"rotation":0,"texture":"#2","tintindex":0},"up":{"uv":[14.308594,0.921875,14.125,0.875],"rotation":0,"texture":"#2","tintindex":0},"down":{"uv":[14.308594,0.9375,14.125,0.984375],"rotation":0,"texture":"#2","tintindex":0}}}],"display":{"head":{"translation":[0.0,-6.4,0.0],"scale":[4.0,4.0,4.0]}}}