{"textures":{"2":"modelengine:entity/pillars"},"elements":[{"from":[6.5166664,5.754092,0.41428566],"to":[9.516666,9.691592,3.4142857],"rotation":{"angle":0.0,"axis":"y","origin":[8.016666,7.254092,1.9142857]},"faces":{"east":{"uv":[9.6875,5.625,10.015625,6.0546875],"rotation":0,"texture":"#2","tintindex":0},"south":{"uv":[9.6875,6.0625,10.015625,6.4921875],"rotation":0,"texture":"#2","tintindex":0},"north":{"uv":[9.6875,4.375,10.015625,4.8046875],"rotation":0,"texture":"#2","tintindex":0},"west":{"uv":[6.1875,9.6875,6.515625,10.1171875],"rotation":0,"texture":"#2","tintindex":0},"up":{"uv":[0.328125,10.953125,0.0,10.625],"rotation":0,"texture":"#2","tintindex":0},"down":{"uv":[0.703125,10.625,0.375,10.953125],"rotation":0,"texture":"#2","tintindex":0}}},{"from":[5.9541664,5.754092,0.78928566],"to":[6.5166664,8.191592,3.0392857],"rotation":{"angle":0.0,"axis":"y","origin":[6.3291664,6.972842,1.9142857]},"faces":{"east":{"uv":[11.625,6.875,11.871094,7.140625],"rotation":0,"texture":"#2","tintindex":0},"south":{"uv":[13.625,8.6875,13.6875,8.953125],"rotation":0,"texture":"#2","tintindex":0},"north":{"uv":[8.25,13.625,8.3125,13.890625],"rotation":0,"texture":"#2","tintindex":0},"west":{"uv":[7.0,11.625,7.2460938,11.890625],"rotation":0,"texture":"#2","tintindex":0},"up":{"uv":[10.75,12.246094,10.6875,12.0],"rotation":0,"texture":"#2","tintindex":0},"down":{"uv":[12.1875,6.875,12.125,7.1210938],"rotation":0,"texture":"#2","tintindex":0}}},{"from":[5.9541664,8.191592,1.3517857],"to":[6.5166664,9.691592,2.4767857],"rotation":{"angle":0.0,"axis":"y","origin":[6.3291664,8.941592,1.9142857]},"faces":{"east":{"uv":[1.75,13.375,1.875,13.5390625],"rotation":0,"texture":"#2","tintindex":0},"south":{"uv":[12.5625,11.25,12.625,11.4140625],"rotation":0,"texture":"#2","tintindex":0},"north":{"uv":[10.4375,12.5,10.5,12.6640625],"rotation":0,"texture":"#2","tintindex":0},"west":{"uv":[13.375,5.4375,13.5,5.6015625],"rotation":0,"texture":"#2","tintindex":0},"up":{"uv":[12.0,4.8125,11.9375,4.6875],"rotation":0,"texture":"#2","tintindex":0},"down":{"uv":[12.0625,4.3125,12.0,4.4375],"rotation":0,"texture":"#2","tintindex":0}}},{"from":[9.516666,5.754092,1.1642857],"to":[9.891666,8.191592,2.6642857],"rotation":{"angle":0.0,"axis":"y","origin":[9.704166,6.972842,1.9142857]},"faces":{"east":{"uv":[12.3125,0.0,12.4765625,0.265625],"rotation":0,"texture":"#2","tintindex":0},"south":{"uv":[7.5625,14.0,7.6054688,14.265625],"rotation":0,"texture":"#2","tintindex":0},"north":{"uv":[6.5,14.0,6.5429688,14.265625],"rotation":0,"texture":"#2","tintindex":0},"west":{"uv":[12.3125,0.3125,12.4765625,0.578125],"rotation":0,"texture":"#2","tintindex":0},"up":{"uv":[1.3554688,14.3515625,1.3125,14.1875],"rotation":0,"texture":"#2","tintindex":0},"down":{"uv":[1.4179688,14.1875,1.375,14.3515625],"rotation":0,"texture":"#2","tintindex":0}}},{"from":[9.516666,8.191592,1.5392857],"to":[9.891666,9.691592,2.2892857],"rotation":{"angle":0.0,"axis":"y","origin":[9.704166,8.941592,1.9142857]},"faces":{"east":{"uv":[13.8125,2.5,13.894531,2.6640625],"rotation":0,"texture":"#2","tintindex":0},"south":{"uv":[1.4375,14.1875,1.4804688,14.3515625],"rotation":0,"texture":"#2","tintindex":0},"north":{"uv":[14.1875,1.375,14.230469,1.5390625],"rotation":0,"texture":"#2","tintindex":0},"west":{"uv":[13.8125,2.6875,13.894531,2.8515625],"rotation":0,"texture":"#2","tintindex":0},"up":{"uv":[6.0429688,14.769531,6.0,14.6875],"rotation":0,"texture":"#2","tintindex":0},"down":{"uv":[14.730469,6.0,14.6875,6.0820312],"rotation":0,"texture":"#2","tintindex":0}}},{"from":[6.8916664,5.754092,-0.14821434],"to":[9.141666,8.191592,0.41428566],"rotation":{"angle":0.0,"axis":"y","origin":[8.016666,7.254092,1.3517857]},"faces":{"east":{"uv":[8.75,13.625,8.8125,13.890625],"rotation":0,"texture":"#2","tintindex":0},"south":{"uv":[7.5,11.625,7.7460938,11.890625],"rotation":0,"texture":"#2","tintindex":0},"north":{"uv":[7.25,11.625,7.4960938,11.890625],"rotation":0,"texture":"#2","tintindex":0},"west":{"uv":[8.8125,13.625,8.875,13.890625],"rotation":0,"texture":"#2","tintindex":0},"up":{"uv":[13.933594,0.6875,13.6875,0.625],"rotation":0,"texture":"#2","tintindex":0},"down":{"uv":[13.933594,0.6875,13.6875,0.75],"rotation":0,"texture":"#2","tintindex":0}}},{"from":[7.4729166,8.191592,-0.14821434],"to":[8.597917,9.691592,0.41428566],"rotation":{"angle":0.0,"axis":"y","origin":[8.129167,8.941592,0.13303566]},"faces":{"east":{"uv":[12.625,3.75,12.6875,3.9140625],"rotation":0,"texture":"#2","tintindex":0},"south":{"uv":[6.5625,13.375,6.6875,13.5390625],"rotation":0,"texture":"#2","tintindex":0},"north":{"uv":[13.375,5.9375,13.5,6.1015625],"rotation":0,"texture":"#2","tintindex":0},"west":{"uv":[0.875,12.6875,0.9375,12.8515625],"rotation":0,"texture":"#2","tintindex":0},"up":{"uv":[12.4375,1.0,12.3125,0.9375],"rotation":0,"texture":"#2","tintindex":0},"down":{"uv":[12.4375,2.625,12.3125,2.6875],"rotation":0,"texture":"#2","tintindex":0}}},{"from":[7.4729166,8.191592,3.4142857],"to":[8.597917,9.691592,3.9767857],"rotation":{"angle":0.0,"axis":"y","origin":[8.129167,8.941592,3.6955357]},"faces":{"east":{"uv":[3.5,12.75,3.5625,12.9140625],"rotation":0,"texture":"#2","tintindex":0},"south":{"uv":[13.375,6.75,13.5,6.9140625],"rotation":0,"texture":"#2","tintindex":0},"north":{"uv":[13.375,6.5625,13.5,6.7265625],"rotation":0,"texture":"#2","tintindex":0},"west":{"uv":[12.875,0.75,12.9375,0.9140625],"rotation":0,"texture":"#2","tintindex":0},"up":{"uv":[12.4375,5.0625,12.3125,5.0],"rotation":0,"texture":"#2","tintindex":0},"down":{"uv":[6.5,12.5625,6.375,12.625],"rotation":0,"texture":"#2","tintindex":0}}},{"from":[6.8916664,5.754092,3.4142857],"to":[9.141666,8.191592,3.9767857],"rotation":{"angle":0.0,"axis":"y","origin":[8.016666,7.254092,4.9142857]},"faces":{"east":{"uv":[8.875,13.625,8.9375,13.890625],"rotation":0,"texture":"#2","tintindex":0},"south":{"uv":[8.375,11.625,8.621094,11.890625],"rotation":0,"texture":"#2","tintindex":0},"north":{"uv":[8.125,11.625,8.371094,11.890625],"rotation":0,"texture":"#2","tintindex":0},"west":{"uv":[13.625,9.0,13.6875,9.265625],"rotation":0,"texture":"#2","tintindex":0},"up":{"uv":[13.933594,0.8125,13.6875,0.75],"rotation":0,"texture":"#2","tintindex":0},"down":{"uv":[13.933594,0.8125,13.6875,0.875],"rotation":0,"texture":"#2","tintindex":0}}}],"display":{"head":{"translation":[0.0,-6.4,0.0],"scale":[4.0,4.0,4.0]}}}