{"textures":{"2":"modelengine:entity/pillars"},"elements":[{"from":[7.152381,6.7559524,7.142857],"to":[8.866667,9.005953,8.857143],"rotation":{"angle":0.0,"axis":"y","origin":[8.009523,7.6130953,8.0]},"faces":{"east":{"uv":[12.0625,2.8125,12.25,3.0585938],"rotation":0,"texture":"#2","tintindex":0},"south":{"uv":[2.875,12.0625,3.0625,12.308594],"rotation":0,"texture":"#2","tintindex":0},"north":{"uv":[2.1875,12.0625,2.375,12.308594],"rotation":0,"texture":"#2","tintindex":0},"west":{"uv":[3.0625,12.0625,3.25,12.308594],"rotation":0,"texture":"#2","tintindex":0},"up":{"uv":[9.4375,10.625,9.25,10.4375],"rotation":0,"texture":"#2","tintindex":0},"down":{"uv":[12.125,9.5625,11.9375,9.75],"rotation":0,"texture":"#2","tintindex":0}}},{"from":[6.830952,6.7559524,7.357143],"to":[7.152381,8.148809,8.642858],"rotation":{"angle":0.0,"axis":"y","origin":[7.045238,7.452381,8.0]},"faces":{"east":{"uv":[13.25,11.4375,13.390625,11.589844],"rotation":0,"texture":"#2","tintindex":0},"south":{"uv":[7.8125,14.4375,7.8476562,14.589844],"rotation":0,"texture":"#2","tintindex":0},"north":{"uv":[7.75,14.4375,7.7851562,14.589844],"rotation":0,"texture":"#2","tintindex":0},"west":{"uv":[11.5625,13.25,11.703125,13.402344],"rotation":0,"texture":"#2","tintindex":0},"up":{"uv":[14.535156,7.828125,14.5,7.6875],"rotation":0,"texture":"#2","tintindex":0},"down":{"uv":[14.535156,7.875,14.5,8.015625],"rotation":0,"texture":"#2","tintindex":0}}},{"from":[6.830952,8.148809,7.678571],"to":[7.152381,9.005953,8.321428],"rotation":{"angle":0.0,"axis":"y","origin":[7.045238,8.577381,8.0]},"faces":{"east":{"uv":[14.25,9.75,14.3203125,9.84375],"rotation":0,"texture":"#2","tintindex":0},"south":{"uv":[14.75,0.0,14.785156,0.09375],"rotation":0,"texture":"#2","tintindex":0},"north":{"uv":[14.6875,14.6875,14.722656,14.78125],"rotation":0,"texture":"#2","tintindex":0},"west":{"uv":[14.25,9.875,14.3203125,9.96875],"rotation":0,"texture":"#2","tintindex":0},"up":{"uv":[14.847656,1.6328125,14.8125,1.5625],"rotation":0,"texture":"#2","tintindex":0},"down":{"uv":[1.6601562,14.8125,1.625,14.8828125],"rotation":0,"texture":"#2","tintindex":0}}},{"from":[8.866667,6.7559524,7.5714283],"to":[9.080953,8.148809,8.428572],"rotation":{"angle":0.0,"axis":"y","origin":[8.973809,7.452381,8.0]},"faces":{"east":{"uv":[13.6875,7.8125,13.78125,7.9648438],"rotation":0,"texture":"#2","tintindex":0},"south":{"uv":[14.6875,3.8125,14.7109375,3.9648438],"rotation":0,"texture":"#2","tintindex":0},"north":{"uv":[14.6875,3.4375,14.7109375,3.5898438],"rotation":0,"texture":"#2","tintindex":0},"west":{"uv":[13.6875,8.0,13.78125,8.152344],"rotation":0,"texture":"#2","tintindex":0},"up":{"uv":[9.3984375,14.90625,9.375,14.8125],"rotation":0,"texture":"#2","tintindex":0},"down":{"uv":[14.8359375,9.375,14.8125,9.46875],"rotation":0,"texture":"#2","tintindex":0}}},{"from":[8.866667,8.148809,7.785714],"to":[9.080953,9.005953,8.214286],"rotation":{"angle":0.0,"axis":"y","origin":[8.973809,8.577381,8.0]},"faces":{"east":{"uv":[14.625,2.5625,14.671875,2.65625],"rotation":0,"texture":"#2","tintindex":0},"south":{"uv":[9.5,14.8125,9.5234375,14.90625],"rotation":0,"texture":"#2","tintindex":0},"north":{"uv":[9.4375,14.8125,9.4609375,14.90625],"rotation":0,"texture":"#2","tintindex":0},"west":{"uv":[14.625,2.6875,14.671875,2.78125],"rotation":0,"texture":"#2","tintindex":0},"up":{"uv":[2.3984375,15.109375,2.375,15.0625],"rotation":0,"texture":"#2","tintindex":0},"down":{"uv":[15.0859375,2.375,15.0625,2.421875],"rotation":0,"texture":"#2","tintindex":0}}},{"from":[7.366667,6.7559524,6.8214283],"to":[8.652381,8.148809,7.142857],"rotation":{"angle":0.0,"axis":"y","origin":[8.009523,7.6130953,7.678571]},"faces":{"east":{"uv":[14.4375,7.8125,14.472656,7.9648438],"rotation":0,"texture":"#2","tintindex":0},"south":{"uv":[11.75,13.25,11.890625,13.402344],"rotation":0,"texture":"#2","tintindex":0},"north":{"uv":[13.25,11.625,13.390625,11.777344],"rotation":0,"texture":"#2","tintindex":0},"west":{"uv":[7.875,14.4375,7.9101562,14.589844],"rotation":0,"texture":"#2","tintindex":0},"up":{"uv":[14.640625,8.097656,14.5,8.0625],"rotation":0,"texture":"#2","tintindex":0},"down":{"uv":[14.640625,8.125,14.5,8.160156],"rotation":0,"texture":"#2","tintindex":0}}},{"from":[7.6988096,8.148809,6.8214283],"to":[8.341666,9.005953,7.142857],"rotation":{"angle":0.0,"axis":"y","origin":[8.07381,8.577381,6.982143]},"faces":{"east":{"uv":[14.75,0.125,14.785156,0.21875],"rotation":0,"texture":"#2","tintindex":0},"south":{"uv":[14.25,10.125,14.3203125,10.21875],"rotation":0,"texture":"#2","tintindex":0},"north":{"uv":[14.25,10.0,14.3203125,10.09375],"rotation":0,"texture":"#2","tintindex":0},"west":{"uv":[0.25,14.75,0.28515625,14.84375],"rotation":0,"texture":"#2","tintindex":0},"up":{"uv":[14.8828125,1.7226562,14.8125,1.6875],"rotation":0,"texture":"#2","tintindex":0},"down":{"uv":[14.8828125,1.75,14.8125,1.7851562],"rotation":0,"texture":"#2","tintindex":0}}},{"from":[7.6988096,8.148809,8.857143],"to":[8.341666,9.005953,9.178572],"rotation":{"angle":0.0,"axis":"y","origin":[8.07381,8.577381,9.017858]},"faces":{"east":{"uv":[14.75,0.25,14.785156,0.34375],"rotation":0,"texture":"#2","tintindex":0},"south":{"uv":[14.25,10.375,14.3203125,10.46875],"rotation":0,"texture":"#2","tintindex":0},"north":{"uv":[14.25,10.25,14.3203125,10.34375],"rotation":0,"texture":"#2","tintindex":0},"west":{"uv":[14.75,0.375,14.785156,0.46875],"rotation":0,"texture":"#2","tintindex":0},"up":{"uv":[14.8828125,1.8476562,14.8125,1.8125],"rotation":0,"texture":"#2","tintindex":0},"down":{"uv":[1.9453125,14.8125,1.875,14.847656],"rotation":0,"texture":"#2","tintindex":0}}},{"from":[7.366667,6.7559524,8.857143],"to":[8.652381,8.148809,9.178572],"rotation":{"angle":0.0,"axis":"y","origin":[8.009523,7.6130953,9.714286]},"faces":{"east":{"uv":[7.9375,14.4375,7.9726562,14.589844],"rotation":0,"texture":"#2","tintindex":0},"south":{"uv":[11.9375,13.25,12.078125,13.402344],"rotation":0,"texture":"#2","tintindex":0},"north":{"uv":[13.25,11.8125,13.390625,11.964844],"rotation":0,"texture":"#2","tintindex":0},"west":{"uv":[8.0,14.4375,8.035156,14.589844],"rotation":0,"texture":"#2","tintindex":0},"up":{"uv":[14.640625,8.222656,14.5,8.1875],"rotation":0,"texture":"#2","tintindex":0},"down":{"uv":[14.640625,8.25,14.5,8.285156],"rotation":0,"texture":"#2","tintindex":0}}}],"display":{"head":{"translation":[0.0,-6.4,0.0],"scale":[4.0,4.0,4.0]}}}