{"textures":{"2":"modelengine:entity/pillars"},"elements":[{"from":[7.5761905,7.43533,2.017857],"to":[8.433333,8.560329,2.875],"rotation":{"angle":0.0,"axis":"y","origin":[8.004762,7.863901,2.4464283]},"faces":{"east":{"uv":[4.125,14.0,4.21875,14.125],"rotation":0,"texture":"#2","tintindex":0},"south":{"uv":[14.0,4.125,14.09375,4.25],"rotation":0,"texture":"#2","tintindex":0},"north":{"uv":[14.0,4.0,14.09375,4.125],"rotation":0,"texture":"#2","tintindex":0},"west":{"uv":[4.25,14.0,4.34375,14.125],"rotation":0,"texture":"#2","tintindex":0},"up":{"uv":[14.15625,13.40625,14.0625,13.3125],"rotation":0,"texture":"#2","tintindex":0},"down":{"uv":[14.15625,13.6875,14.0625,13.78125],"rotation":0,"texture":"#2","tintindex":0}}},{"from":[7.4154763,7.43533,2.1249995],"to":[7.5761905,8.131759,2.767857],"rotation":{"angle":0.0,"axis":"y","origin":[7.5226192,7.783544,2.4464283]},"faces":{"east":{"uv":[14.4375,4.125,14.5078125,4.203125],"rotation":0,"texture":"#2","tintindex":0},"south":{"uv":[13.1875,14.9375,13.207031,15.015625],"rotation":0,"texture":"#2","tintindex":0},"north":{"uv":[14.9375,13.125,14.957031,13.203125],"rotation":0,"texture":"#2","tintindex":0},"west":{"uv":[4.1875,14.4375,4.2578125,14.515625],"rotation":0,"texture":"#2","tintindex":0},"up":{"uv":[15.019531,11.6953125,15.0,11.625],"rotation":0,"texture":"#2","tintindex":0},"down":{"uv":[11.769531,15.0,11.75,15.0703125],"rotation":0,"texture":"#2","tintindex":0}}},{"from":[7.4154763,8.131759,2.2857141],"to":[7.5761905,8.560329,2.6071424],"rotation":{"angle":0.0,"axis":"y","origin":[7.5226192,8.346045,2.4464283]},"faces":{"east":{"uv":[3.375,14.9375,3.4101562,14.984375],"rotation":0,"texture":"#2","tintindex":0},"south":{"uv":[9.125,15.125,9.144531,15.171875],"rotation":0,"texture":"#2","tintindex":0},"north":{"uv":[15.125,9.0625,15.144531,9.109375],"rotation":0,"texture":"#2","tintindex":0},"west":{"uv":[14.9375,3.375,14.972656,3.421875],"rotation":0,"texture":"#2","tintindex":0},"up":{"uv":[6.4570312,15.222656,6.4375,15.1875],"rotation":0,"texture":"#2","tintindex":0},"down":{"uv":[15.207031,6.4375,15.1875,6.4726562],"rotation":0,"texture":"#2","tintindex":0}}},{"from":[8.433333,7.43533,2.2321424],"to":[8.540476,8.131759,2.6607141],"rotation":{"angle":0.0,"axis":"y","origin":[8.486905,7.783544,2.4464283]},"faces":{"east":{"uv":[2.1875,14.6875,2.234375,14.765625],"rotation":0,"texture":"#2","tintindex":0},"south":{"uv":[9.1875,15.125,9.199219,15.203125],"rotation":0,"texture":"#2","tintindex":0},"north":{"uv":[15.125,9.125,15.136719,9.203125],"rotation":0,"texture":"#2","tintindex":0},"west":{"uv":[2.25,14.6875,2.296875,14.765625],"rotation":0,"texture":"#2","tintindex":0},"up":{"uv":[3.0117188,15.296875,3.0,15.25],"rotation":0,"texture":"#2","tintindex":0},"down":{"uv":[15.261719,3.0,15.25,3.046875],"rotation":0,"texture":"#2","tintindex":0}}},{"from":[8.433333,8.131759,2.3392854],"to":[8.540476,8.560329,2.5535712],"rotation":{"angle":0.0,"axis":"y","origin":[8.486905,8.346045,2.4464283]},"faces":{"east":{"uv":[3.6875,15.0625,3.7109375,15.109375],"rotation":0,"texture":"#2","tintindex":0},"south":{"uv":[15.25,3.0625,15.261719,3.109375],"rotation":0,"texture":"#2","tintindex":0},"north":{"uv":[3.0625,15.25,3.0742188,15.296875],"rotation":0,"texture":"#2","tintindex":0},"west":{"uv":[15.0625,3.6875,15.0859375,3.734375],"rotation":0,"texture":"#2","tintindex":0},"up":{"uv":[8.324219,15.3984375,8.3125,15.375],"rotation":0,"texture":"#2","tintindex":0},"down":{"uv":[15.386719,8.3125,15.375,8.3359375],"rotation":0,"texture":"#2","tintindex":0}}},{"from":[7.6833334,7.43533,1.8571424],"to":[8.326191,8.131759,2.017857],"rotation":{"angle":0.0,"axis":"y","origin":[8.004762,7.863901,2.2857141]},"faces":{"east":{"uv":[13.25,14.9375,13.269531,15.015625],"rotation":0,"texture":"#2","tintindex":0},"south":{"uv":[4.3125,14.4375,4.3828125,14.515625],"rotation":0,"texture":"#2","tintindex":0},"north":{"uv":[14.4375,4.25,14.5078125,4.328125],"rotation":0,"texture":"#2","tintindex":0},"west":{"uv":[14.9375,13.25,14.957031,13.328125],"rotation":0,"texture":"#2","tintindex":0},"up":{"uv":[15.0703125,11.769531,15.0,11.75],"rotation":0,"texture":"#2","tintindex":0},"down":{"uv":[11.8828125,15.0,11.8125,15.019531],"rotation":0,"texture":"#2","tintindex":0}}},{"from":[7.849405,8.131759,1.8571424],"to":[8.170834,8.560329,2.017857],"rotation":{"angle":0.0,"axis":"y","origin":[8.036904,8.346045,1.9374995]},"faces":{"east":{"uv":[9.25,15.125,9.269531,15.171875],"rotation":0,"texture":"#2","tintindex":0},"south":{"uv":[14.9375,3.4375,14.972656,3.484375],"rotation":0,"texture":"#2","tintindex":0},"north":{"uv":[3.4375,14.9375,3.4726562,14.984375],"rotation":0,"texture":"#2","tintindex":0},"west":{"uv":[15.125,9.25,15.144531,9.296875],"rotation":0,"texture":"#2","tintindex":0},"up":{"uv":[6.5351562,15.207031,6.5,15.1875],"rotation":0,"texture":"#2","tintindex":0},"down":{"uv":[15.222656,6.5,15.1875,6.5195312],"rotation":0,"texture":"#2","tintindex":0}}},{"from":[7.849405,8.131759,2.875],"to":[8.170834,8.560329,3.0357141],"rotation":{"angle":0.0,"axis":"y","origin":[8.036904,8.346045,2.955357]},"faces":{"east":{"uv":[9.3125,15.125,9.332031,15.171875],"rotation":0,"texture":"#2","tintindex":0},"south":{"uv":[14.9375,3.5,14.972656,3.546875],"rotation":0,"texture":"#2","tintindex":0},"north":{"uv":[3.5,14.9375,3.5351562,14.984375],"rotation":0,"texture":"#2","tintindex":0},"west":{"uv":[15.125,9.3125,15.144531,9.359375],"rotation":0,"texture":"#2","tintindex":0},"up":{"uv":[6.5976562,15.207031,6.5625,15.1875],"rotation":0,"texture":"#2","tintindex":0},"down":{"uv":[15.222656,6.5625,15.1875,6.5820312],"rotation":0,"texture":"#2","tintindex":0}}},{"from":[7.6833334,7.43533,2.875],"to":[8.326191,8.131759,3.0357141],"rotation":{"angle":0.0,"axis":"y","origin":[8.004762,7.863901,3.3035712]},"faces":{"east":{"uv":[13.3125,14.9375,13.332031,15.015625],"rotation":0,"texture":"#2","tintindex":0},"south":{"uv":[14.4375,4.5,14.5078125,4.578125],"rotation":0,"texture":"#2","tintindex":0},"north":{"uv":[14.4375,4.375,14.5078125,4.453125],"rotation":0,"texture":"#2","tintindex":0},"west":{"uv":[13.375,14.9375,13.394531,15.015625],"rotation":0,"texture":"#2","tintindex":0},"up":{"uv":[15.0703125,11.832031,15.0,11.8125],"rotation":0,"texture":"#2","tintindex":0},"down":{"uv":[15.0703125,11.875,15.0,11.894531],"rotation":0,"texture":"#2","tintindex":0}}}],"display":{"head":{"translation":[0.0,-6.4,0.0],"scale":[4.0,4.0,4.0]}}}