{"textures":{"2":"modelengine:entity/pillars"},"elements":[{"from":[7.8846025,4.864724,-15.300739],"to":[11.613977,9.759529,-11.571365],"rotation":{"angle":0.0,"axis":"y","origin":[9.74929,6.729412,-13.43605]},"faces":{"east":{"uv":[8.4375,8.5,8.84375,9.035156],"rotation":0,"texture":"#2","tintindex":0},"south":{"uv":[8.5625,2.3125,8.96875,2.8476562],"rotation":0,"texture":"#2","tintindex":0},"north":{"uv":[8.5,1.75,8.90625,2.2851562],"rotation":0,"texture":"#2","tintindex":0},"west":{"uv":[5.875,8.5625,6.28125,9.097656],"rotation":0,"texture":"#2","tintindex":0},"up":{"uv":[9.46875,9.65625,9.0625,9.25],"rotation":0,"texture":"#2","tintindex":0},"down":{"uv":[9.71875,6.9375,9.3125,7.34375],"rotation":0,"texture":"#2","tintindex":0}}},{"from":[7.1853447,4.864724,-14.834568],"to":[7.8846025,7.8948417,-12.037537],"rotation":{"angle":0.0,"axis":"y","origin":[7.651517,6.379783,-13.43605]},"faces":{"east":{"uv":[10.75,9.375,11.0546875,9.707031],"rotation":0,"texture":"#2","tintindex":0},"south":{"uv":[6.6875,13.0625,6.765625,13.394531],"rotation":0,"texture":"#2","tintindex":0},"north":{"uv":[6.1875,13.0625,6.265625,13.394531],"rotation":0,"texture":"#2","tintindex":0},"west":{"uv":[10.75,9.75,11.0546875,10.082031],"rotation":0,"texture":"#2","tintindex":0},"up":{"uv":[6.390625,13.5546875,6.3125,13.25],"rotation":0,"texture":"#2","tintindex":0},"down":{"uv":[6.515625,13.25,6.4375,13.5546875],"rotation":0,"texture":"#2","tintindex":0}}},{"from":[7.1853447,7.8948417,-14.135307],"to":[7.8846025,9.759529,-12.7367935],"rotation":{"angle":0.0,"axis":"y","origin":[7.651517,8.827186,-13.43605]},"faces":{"east":{"uv":[12.75,8.75,12.902344,8.953125],"rotation":0,"texture":"#2","tintindex":0},"south":{"uv":[0.0,13.6875,0.078125,13.890625],"rotation":0,"texture":"#2","tintindex":0},"north":{"uv":[13.625,13.625,13.703125,13.828125],"rotation":0,"texture":"#2","tintindex":0},"west":{"uv":[8.9375,12.75,9.089844,12.953125],"rotation":0,"texture":"#2","tintindex":0},"up":{"uv":[12.078125,14.027344,12.0,13.875],"rotation":0,"texture":"#2","tintindex":0},"down":{"uv":[12.453125,13.875,12.375,14.027344],"rotation":0,"texture":"#2","tintindex":0}}},{"from":[11.613977,4.864724,-14.368393],"to":[12.08015,7.8948417,-12.503708],"rotation":{"angle":0.0,"axis":"y","origin":[11.847064,6.379783,-13.43605]},"faces":{"east":{"uv":[11.5,8.0625,11.703125,8.394531],"rotation":0,"texture":"#2","tintindex":0},"south":{"uv":[10.375,13.5625,10.425781,13.894531],"rotation":0,"texture":"#2","tintindex":0},"north":{"uv":[9.3125,13.5625,9.363281,13.894531],"rotation":0,"texture":"#2","tintindex":0},"west":{"uv":[11.5,8.4375,11.703125,8.769531],"rotation":0,"texture":"#2","tintindex":0},"up":{"uv":[0.11328125,14.265625,0.0625,14.0625],"rotation":0,"texture":"#2","tintindex":0},"down":{"uv":[0.17578125,14.0625,0.125,14.265625],"rotation":0,"texture":"#2","tintindex":0}}},{"from":[11.613977,7.8948417,-13.9022255],"to":[12.08015,9.759529,-12.969879],"rotation":{"angle":0.0,"axis":"y","origin":[11.847064,8.827186,-13.43605]},"faces":{"east":{"uv":[13.3125,8.3125,13.4140625,8.515625],"rotation":0,"texture":"#2","tintindex":0},"south":{"uv":[0.25,14.0625,0.30078125,14.265625],"rotation":0,"texture":"#2","tintindex":0},"north":{"uv":[0.1875,14.0625,0.23828125,14.265625],"rotation":0,"texture":"#2","tintindex":0},"west":{"uv":[8.375,13.3125,8.4765625,13.515625],"rotation":0,"texture":"#2","tintindex":0},"up":{"uv":[4.6132812,14.6015625,4.5625,14.5],"rotation":0,"texture":"#2","tintindex":0},"down":{"uv":[4.6757812,14.5,4.625,14.6015625],"rotation":0,"texture":"#2","tintindex":0}}},{"from":[8.350775,4.864724,-16.0],"to":[11.147806,7.8948417,-15.300739],"rotation":{"angle":0.0,"axis":"y","origin":[9.74929,6.729412,-14.135307]},"faces":{"east":{"uv":[13.0625,7.0625,13.140625,7.3945312],"rotation":0,"texture":"#2","tintindex":0},"south":{"uv":[10.75,10.5,11.0546875,10.832031],"rotation":0,"texture":"#2","tintindex":0},"north":{"uv":[10.75,10.125,11.0546875,10.457031],"rotation":0,"texture":"#2","tintindex":0},"west":{"uv":[13.0625,7.4375,13.140625,7.7695312],"rotation":0,"texture":"#2","tintindex":0},"up":{"uv":[7.4296875,13.328125,7.125,13.25],"rotation":0,"texture":"#2","tintindex":0},"down":{"uv":[7.8671875,13.25,7.5625,13.328125],"rotation":0,"texture":"#2","tintindex":0}}},{"from":[9.073341,7.8948417,-16.0],"to":[10.471857,9.759529,-15.300739],"rotation":{"angle":0.0,"axis":"y","origin":[9.889142,8.827186,-15.650368]},"faces":{"east":{"uv":[13.6875,0.0,13.765625,0.203125],"rotation":0,"texture":"#2","tintindex":0},"south":{"uv":[9.875,12.75,10.027344,12.953125],"rotation":0,"texture":"#2","tintindex":0},"north":{"uv":[9.25,12.75,9.402344,12.953125],"rotation":0,"texture":"#2","tintindex":0},"west":{"uv":[13.6875,0.25,13.765625,0.453125],"rotation":0,"texture":"#2","tintindex":0},"up":{"uv":[14.027344,12.140625,13.875,12.0625],"rotation":0,"texture":"#2","tintindex":0},"down":{"uv":[14.027344,12.4375,13.875,12.515625],"rotation":0,"texture":"#2","tintindex":0}}},{"from":[9.073341,7.8948417,-11.571365],"to":[10.471857,9.759529,-10.872108],"rotation":{"angle":0.0,"axis":"y","origin":[9.889142,8.827186,-11.221733]},"faces":{"east":{"uv":[0.3125,13.6875,0.390625,13.890625],"rotation":0,"texture":"#2","tintindex":0},"south":{"uv":[10.25,12.75,10.402344,12.953125],"rotation":0,"texture":"#2","tintindex":0},"north":{"uv":[10.0625,12.75,10.214844,12.953125],"rotation":0,"texture":"#2","tintindex":0},"west":{"uv":[0.4375,13.6875,0.515625,13.890625],"rotation":0,"texture":"#2","tintindex":0},"up":{"uv":[14.027344,12.640625,13.875,12.5625],"rotation":0,"texture":"#2","tintindex":0},"down":{"uv":[14.027344,12.6875,13.875,12.765625],"rotation":0,"texture":"#2","tintindex":0}}},{"from":[8.350775,4.864724,-11.571365],"to":[11.147806,7.8948417,-10.872108],"rotation":{"angle":0.0,"axis":"y","origin":[9.74929,6.729412,-9.7066765]},"faces":{"east":{"uv":[13.0625,7.8125,13.140625,8.144531],"rotation":0,"texture":"#2","tintindex":0},"south":{"uv":[10.8125,4.3125,11.1171875,4.6445312],"rotation":0,"texture":"#2","tintindex":0},"north":{"uv":[1.125,10.8125,1.4296875,11.144531],"rotation":0,"texture":"#2","tintindex":0},"west":{"uv":[13.0625,8.1875,13.140625,8.519531],"rotation":0,"texture":"#2","tintindex":0},"up":{"uv":[13.5546875,8.640625,13.25,8.5625],"rotation":0,"texture":"#2","tintindex":0},"down":{"uv":[13.5546875,8.6875,13.25,8.765625],"rotation":0,"texture":"#2","tintindex":0}}}],"display":{"head":{"translation":[0.0,-6.4,-90.98952],"scale":[4.0,4.0,4.0]}}}