{"textures":{"2":"modelengine:entity/pillars"},"elements":[{"from":[7.6821427,7.5908356,2.1249995],"to":[8.325,8.434586,2.767857],"rotation":{"angle":0.0,"axis":"y","origin":[8.0035715,7.9122643,2.4464283]},"faces":{"east":{"uv":[14.3125,4.25,14.3828125,4.34375],"rotation":0,"texture":"#2","tintindex":0},"south":{"uv":[4.3125,14.3125,4.3828125,14.40625],"rotation":0,"texture":"#2","tintindex":0},"north":{"uv":[4.1875,14.3125,4.2578125,14.40625],"rotation":0,"texture":"#2","tintindex":0},"west":{"uv":[14.3125,4.375,14.3828125,4.46875],"rotation":0,"texture":"#2","tintindex":0},"up":{"uv":[14.5703125,12.4453125,14.5,12.375],"rotation":0,"texture":"#2","tintindex":0},"down":{"uv":[14.5703125,12.5625,14.5,12.6328125],"rotation":0,"texture":"#2","tintindex":0}}},{"from":[7.5616074,7.5908356,2.205357],"to":[7.6821427,8.113157,2.6875],"rotation":{"angle":0.0,"axis":"y","origin":[7.6419644,7.8519964,2.4464283]},"faces":{"east":{"uv":[9.0625,13.5,9.1171875,13.558594],"rotation":0,"texture":"#2","tintindex":0},"south":{"uv":[15.1875,1.1875,15.199219,1.2460938],"rotation":0,"texture":"#2","tintindex":0},"north":{"uv":[1.1875,15.1875,1.1992188,15.246094],"rotation":0,"texture":"#2","tintindex":0},"west":{"uv":[9.875,13.5,9.9296875,13.558594],"rotation":0,"texture":"#2","tintindex":0},"up":{"uv":[15.199219,10.9296875,15.1875,10.875],"rotation":0,"texture":"#2","tintindex":0},"down":{"uv":[10.949219,15.1875,10.9375,15.2421875],"rotation":0,"texture":"#2","tintindex":0}}},{"from":[7.5616074,8.113157,2.3258924],"to":[7.6821427,8.434586,2.5669641],"rotation":{"angle":0.0,"axis":"y","origin":[7.6419644,8.273871,2.4464283]},"faces":{"east":{"uv":[15.125,0.5,15.152344,0.53515625],"rotation":0,"texture":"#2","tintindex":0},"south":{"uv":[3.4375,15.3125,3.4492188,15.347656],"rotation":0,"texture":"#2","tintindex":0},"north":{"uv":[15.3125,3.375,15.324219,3.4101562],"rotation":0,"texture":"#2","tintindex":0},"west":{"uv":[0.5625,15.125,0.58984375,15.160156],"rotation":0,"texture":"#2","tintindex":0},"up":{"uv":[15.324219,9.964844,15.3125,9.9375],"rotation":0,"texture":"#2","tintindex":0},"down":{"uv":[10.011719,15.3125,10.0,15.339844],"rotation":0,"texture":"#2","tintindex":0}}},{"from":[8.325,7.5908356,2.2857141],"to":[8.405357,8.113157,2.6071424],"rotation":{"angle":0.0,"axis":"y","origin":[8.365179,7.8519964,2.4464283]},"faces":{"east":{"uv":[14.8125,13.6875,14.847656,13.746094],"rotation":0,"texture":"#2","tintindex":0},"south":{"uv":[15.25,14.0625,15.2578125,14.121094],"rotation":0,"texture":"#2","tintindex":0},"north":{"uv":[14.0625,15.25,14.0703125,15.308594],"rotation":0,"texture":"#2","tintindex":0},"west":{"uv":[13.75,14.8125,13.785156,14.871094],"rotation":0,"texture":"#2","tintindex":0},"up":{"uv":[6.1328125,15.410156,6.125,15.375],"rotation":0,"texture":"#2","tintindex":0},"down":{"uv":[15.3828125,6.125,15.375,6.1601562],"rotation":0,"texture":"#2","tintindex":0}}},{"from":[8.325,8.113157,2.3660712],"to":[8.405357,8.434586,2.5267854],"rotation":{"angle":0.0,"axis":"y","origin":[8.365179,8.273871,2.4464283]},"faces":{"east":{"uv":[1.25,15.1875,1.2695312,15.222656],"rotation":0,"texture":"#2","tintindex":0},"south":{"uv":[15.375,6.1875,15.3828125,6.2226562],"rotation":0,"texture":"#2","tintindex":0},"north":{"uv":[6.1875,15.375,6.1953125,15.410156],"rotation":0,"texture":"#2","tintindex":0},"west":{"uv":[15.1875,1.25,15.207031,1.2851562],"rotation":0,"texture":"#2","tintindex":0},"up":{"uv":[15.4453125,10.207031,15.4375,10.1875],"rotation":0,"texture":"#2","tintindex":0},"down":{"uv":[10.2578125,15.4375,10.25,15.457031],"rotation":0,"texture":"#2","tintindex":0}}},{"from":[7.7625,7.5908356,2.0044641],"to":[8.244643,8.113157,2.1249995],"rotation":{"angle":0.0,"axis":"y","origin":[8.0035715,7.9122643,2.3258924]},"faces":{"east":{"uv":[1.3125,15.1875,1.3242188,15.246094],"rotation":0,"texture":"#2","tintindex":0},"south":{"uv":[13.75,5.3125,13.8046875,5.3710938],"rotation":0,"texture":"#2","tintindex":0},"north":{"uv":[13.6875,11.625,13.7421875,11.683594],"rotation":0,"texture":"#2","tintindex":0},"west":{"uv":[15.1875,1.3125,15.199219,1.3710938],"rotation":0,"texture":"#2","tintindex":0},"up":{"uv":[15.2421875,10.949219,15.1875,10.9375],"rotation":0,"texture":"#2","tintindex":0},"down":{"uv":[11.0546875,15.1875,11.0,15.199219],"rotation":0,"texture":"#2","tintindex":0}}},{"from":[7.8870535,8.113157,2.0044641],"to":[8.128125,8.434586,2.1249995],"rotation":{"angle":0.0,"axis":"y","origin":[8.0276785,8.273871,2.064732]},"faces":{"east":{"uv":[15.3125,3.4375,15.324219,3.4726562],"rotation":0,"texture":"#2","tintindex":0},"south":{"uv":[0.625,15.125,0.65234375,15.160156],"rotation":0,"texture":"#2","tintindex":0},"north":{"uv":[15.125,0.5625,15.152344,0.59765625],"rotation":0,"texture":"#2","tintindex":0},"west":{"uv":[3.5,15.3125,3.5117188,15.347656],"rotation":0,"texture":"#2","tintindex":0},"up":{"uv":[15.339844,10.011719,15.3125,10.0],"rotation":0,"texture":"#2","tintindex":0},"down":{"uv":[10.089844,15.3125,10.0625,15.324219],"rotation":0,"texture":"#2","tintindex":0}}},{"from":[7.8870535,8.113157,2.767857],"to":[8.128125,8.434586,2.8883924],"rotation":{"angle":0.0,"axis":"y","origin":[8.0276785,8.273871,2.828125]},"faces":{"east":{"uv":[15.3125,3.5,15.324219,3.5351562],"rotation":0,"texture":"#2","tintindex":0},"south":{"uv":[0.6875,15.125,0.71484375,15.160156],"rotation":0,"texture":"#2","tintindex":0},"north":{"uv":[15.125,0.625,15.152344,0.66015625],"rotation":0,"texture":"#2","tintindex":0},"west":{"uv":[3.5625,15.3125,3.5742188,15.347656],"rotation":0,"texture":"#2","tintindex":0},"up":{"uv":[15.339844,10.074219,15.3125,10.0625],"rotation":0,"texture":"#2","tintindex":0},"down":{"uv":[10.152344,15.3125,10.125,15.324219],"rotation":0,"texture":"#2","tintindex":0}}},{"from":[7.7625,7.5908356,2.767857],"to":[8.244643,8.113157,2.8883924],"rotation":{"angle":0.0,"axis":"y","origin":[8.0035715,7.9122643,3.0892854]},"faces":{"east":{"uv":[1.375,15.1875,1.3867188,15.246094],"rotation":0,"texture":"#2","tintindex":0},"south":{"uv":[13.8125,3.9375,13.8671875,3.9960938],"rotation":0,"texture":"#2","tintindex":0},"north":{"uv":[7.9375,13.75,7.9921875,13.808594],"rotation":0,"texture":"#2","tintindex":0},"west":{"uv":[15.1875,1.375,15.199219,1.4335938],"rotation":0,"texture":"#2","tintindex":0},"up":{"uv":[15.2421875,11.011719,15.1875,11.0],"rotation":0,"texture":"#2","tintindex":0},"down":{"uv":[11.1171875,15.1875,11.0625,15.199219],"rotation":0,"texture":"#2","tintindex":0}}}],"display":{"head":{"translation":[0.0,-6.4,0.0],"scale":[4.0,4.0,4.0]}}}