{"textures":{"2":"modelengine:entity/pillars"},"elements":[{"from":[6.5166664,5.754092,0.41428566],"to":[9.516666,9.691592,3.4142857],"rotation":{"angle":0.0,"axis":"y","origin":[8.016666,7.254092,1.9142857]},"faces":{"east":{"uv":[9.5,5.1875,9.828125,5.6171875],"rotation":0,"texture":"#2","tintindex":0},"south":{"uv":[9.5625,0.0,9.890625,0.4296875],"rotation":0,"texture":"#2","tintindex":0},"north":{"uv":[9.375,6.5,9.703125,6.9296875],"rotation":0,"texture":"#2","tintindex":0},"west":{"uv":[1.6875,9.625,2.015625,10.0546875],"rotation":0,"texture":"#2","tintindex":0},"up":{"uv":[10.890625,4.265625,10.5625,3.9375],"rotation":0,"texture":"#2","tintindex":0},"down":{"uv":[5.515625,10.5625,5.1875,10.890625],"rotation":0,"texture":"#2","tintindex":0}}},{"from":[5.9541664,5.754092,0.78928566],"to":[6.5166664,8.191592,3.0392857],"rotation":{"angle":0.0,"axis":"y","origin":[6.3291664,6.972842,1.9142857]},"faces":{"east":{"uv":[8.1875,8.75,8.433594,9.015625],"rotation":0,"texture":"#2","tintindex":0},"south":{"uv":[9.4375,2.125,9.5,2.390625],"rotation":0,"texture":"#2","tintindex":0},"north":{"uv":[9.25,6.9375,9.3125,7.203125],"rotation":0,"texture":"#2","tintindex":0},"west":{"uv":[11.5,8.8125,11.746094,9.078125],"rotation":0,"texture":"#2","tintindex":0},"up":{"uv":[9.75,1.5585938,9.6875,1.3125],"rotation":0,"texture":"#2","tintindex":0},"down":{"uv":[7.375,9.875,7.3125,10.121094],"rotation":0,"texture":"#2","tintindex":0}}},{"from":[5.9541664,8.191592,1.3517857],"to":[6.5166664,9.691592,2.4767857],"rotation":{"angle":0.0,"axis":"y","origin":[6.3291664,8.941592,1.9142857]},"faces":{"east":{"uv":[5.375,1.8125,5.5,1.9765625],"rotation":0,"texture":"#2","tintindex":0},"south":{"uv":[8.5,2.3125,8.5625,2.4765625],"rotation":0,"texture":"#2","tintindex":0},"north":{"uv":[8.0625,2.875,8.125,3.0390625],"rotation":0,"texture":"#2","tintindex":0},"west":{"uv":[6.125,1.625,6.25,1.7890625],"rotation":0,"texture":"#2","tintindex":0},"up":{"uv":[10.1875,7.375,10.125,7.25],"rotation":0,"texture":"#2","tintindex":0},"down":{"uv":[10.4375,6.0,10.375,6.125],"rotation":0,"texture":"#2","tintindex":0}}},{"from":[9.516666,5.754092,1.1642857],"to":[9.891666,8.191592,2.6642857],"rotation":{"angle":0.0,"axis":"y","origin":[9.704166,6.972842,1.9142857]},"faces":{"east":{"uv":[10.6875,12.25,10.8515625,12.515625],"rotation":0,"texture":"#2","tintindex":0},"south":{"uv":[8.25,13.9375,8.292969,14.203125],"rotation":0,"texture":"#2","tintindex":0},"north":{"uv":[12.5,13.875,12.542969,14.140625],"rotation":0,"texture":"#2","tintindex":0},"west":{"uv":[10.875,12.25,11.0390625,12.515625],"rotation":0,"texture":"#2","tintindex":0},"up":{"uv":[14.167969,11.4765625,14.125,11.3125],"rotation":0,"texture":"#2","tintindex":0},"down":{"uv":[14.167969,11.5,14.125,11.6640625],"rotation":0,"texture":"#2","tintindex":0}}},{"from":[9.516666,8.191592,1.5392857],"to":[9.891666,9.691592,2.2892857],"rotation":{"angle":0.0,"axis":"y","origin":[9.704166,8.941592,1.9142857]},"faces":{"east":{"uv":[9.75,13.75,9.832031,13.9140625],"rotation":0,"texture":"#2","tintindex":0},"south":{"uv":[11.875,14.125,11.917969,14.2890625],"rotation":0,"texture":"#2","tintindex":0},"north":{"uv":[11.8125,14.125,11.855469,14.2890625],"rotation":0,"texture":"#2","tintindex":0},"west":{"uv":[13.75,11.625,13.832031,11.7890625],"rotation":0,"texture":"#2","tintindex":0},"up":{"uv":[14.730469,3.2695312,14.6875,3.1875],"rotation":0,"texture":"#2","tintindex":0},"down":{"uv":[14.730469,5.625,14.6875,5.7070312],"rotation":0,"texture":"#2","tintindex":0}}},{"from":[6.8916664,5.754092,-0.14821434],"to":[9.141666,8.191592,0.41428566],"rotation":{"angle":0.0,"axis":"y","origin":[8.016666,7.254092,1.3517857]},"faces":{"east":{"uv":[3.6875,10.0625,3.75,10.328125],"rotation":0,"texture":"#2","tintindex":0},"south":{"uv":[11.5,9.4375,11.746094,9.703125],"rotation":0,"texture":"#2","tintindex":0},"north":{"uv":[11.5,9.125,11.746094,9.390625],"rotation":0,"texture":"#2","tintindex":0},"west":{"uv":[5.875,10.9375,5.9375,11.203125],"rotation":0,"texture":"#2","tintindex":0},"up":{"uv":[3.9960938,5.0,3.75,4.9375],"rotation":0,"texture":"#2","tintindex":0},"down":{"uv":[6.9960938,6.5,6.75,6.5625],"rotation":0,"texture":"#2","tintindex":0}}},{"from":[7.4729166,8.191592,-0.14821434],"to":[8.597917,9.691592,0.41428566],"rotation":{"angle":0.0,"axis":"y","origin":[8.129167,8.941592,0.13303566]},"faces":{"east":{"uv":[8.875,0.4375,8.9375,0.6015625],"rotation":0,"texture":"#2","tintindex":0},"south":{"uv":[6.8125,10.125,6.9375,10.2890625],"rotation":0,"texture":"#2","tintindex":0},"north":{"uv":[6.9375,9.6875,7.0625,9.8515625],"rotation":0,"texture":"#2","tintindex":0},"west":{"uv":[8.8125,9.0625,8.875,9.2265625],"rotation":0,"texture":"#2","tintindex":0},"up":{"uv":[7.125,6.5625,7.0,6.5],"rotation":0,"texture":"#2","tintindex":0},"down":{"uv":[6.0,8.5,5.875,8.5625],"rotation":0,"texture":"#2","tintindex":0}}},{"from":[7.4729166,8.191592,3.4142857],"to":[8.597917,9.691592,3.9767857],"rotation":{"angle":0.0,"axis":"y","origin":[8.129167,8.941592,3.6955357]},"faces":{"east":{"uv":[9.4375,9.6875,9.5,9.8515625],"rotation":0,"texture":"#2","tintindex":0},"south":{"uv":[7.0,11.0625,7.125,11.2265625],"rotation":0,"texture":"#2","tintindex":0},"north":{"uv":[7.1875,10.3125,7.3125,10.4765625],"rotation":0,"texture":"#2","tintindex":0},"west":{"uv":[5.375,10.375,5.4375,10.5390625],"rotation":0,"texture":"#2","tintindex":0},"up":{"uv":[10.0625,0.4375,9.9375,0.375],"rotation":0,"texture":"#2","tintindex":0},"down":{"uv":[6.1875,10.0625,6.0625,10.125],"rotation":0,"texture":"#2","tintindex":0}}},{"from":[6.8916664,5.754092,3.4142857],"to":[9.141666,8.191592,3.9767857],"rotation":{"angle":0.0,"axis":"y","origin":[8.016666,7.254092,4.9142857]},"faces":{"east":{"uv":[6.5,12.0625,6.5625,12.328125],"rotation":0,"texture":"#2","tintindex":0},"south":{"uv":[11.5,10.0625,11.746094,10.328125],"rotation":0,"texture":"#2","tintindex":0},"north":{"uv":[11.5,9.75,11.746094,10.015625],"rotation":0,"texture":"#2","tintindex":0},"west":{"uv":[12.125,5.8125,12.1875,6.078125],"rotation":0,"texture":"#2","tintindex":0},"up":{"uv":[7.4960938,6.3125,7.25,6.25],"rotation":0,"texture":"#2","tintindex":0},"down":{"uv":[7.9335938,7.5,7.6875,7.5625],"rotation":0,"texture":"#2","tintindex":0}}}],"display":{"head":{"translation":[0.0,-6.4,0.0],"scale":[4.0,4.0,4.0]}}}