{"textures":{"2":"modelengine:entity/pillars"},"elements":[{"from":[7.5761905,7.43533,2.017857],"to":[8.433333,8.560329,2.875],"rotation":{"angle":0.0,"axis":"y","origin":[8.004762,7.863901,2.4464283]},"faces":{"east":{"uv":[14.0,4.75,14.09375,4.875],"rotation":0,"texture":"#2","tintindex":0},"south":{"uv":[14.0,4.875,14.09375,5.0],"rotation":0,"texture":"#2","tintindex":0},"north":{"uv":[14.0,4.625,14.09375,4.75],"rotation":0,"texture":"#2","tintindex":0},"west":{"uv":[14.0,5.0,14.09375,5.125],"rotation":0,"texture":"#2","tintindex":0},"up":{"uv":[14.15625,14.15625,14.0625,14.0625],"rotation":0,"texture":"#2","tintindex":0},"down":{"uv":[14.21875,0.125,14.125,0.21875],"rotation":0,"texture":"#2","tintindex":0}}},{"from":[7.4154763,7.43533,2.1249995],"to":[7.5761905,8.131759,2.767857],"rotation":{"angle":0.0,"axis":"y","origin":[7.5226192,7.783544,2.4464283]},"faces":{"east":{"uv":[5.375,14.4375,5.4453125,14.515625],"rotation":0,"texture":"#2","tintindex":0},"south":{"uv":[13.8125,14.9375,13.832031,15.015625],"rotation":0,"texture":"#2","tintindex":0},"north":{"uv":[14.9375,13.75,14.957031,13.828125],"rotation":0,"texture":"#2","tintindex":0},"west":{"uv":[14.4375,5.375,14.5078125,5.453125],"rotation":0,"texture":"#2","tintindex":0},"up":{"uv":[12.207031,15.0703125,12.1875,15.0],"rotation":0,"texture":"#2","tintindex":0},"down":{"uv":[15.019531,12.4375,15.0,12.5078125],"rotation":0,"texture":"#2","tintindex":0}}},{"from":[7.4154763,8.131759,2.2857141],"to":[7.5761905,8.560329,2.6071424],"rotation":{"angle":0.0,"axis":"y","origin":[7.5226192,8.346045,2.4464283]},"faces":{"east":{"uv":[3.75,14.9375,3.7851562,14.984375],"rotation":0,"texture":"#2","tintindex":0},"south":{"uv":[9.6875,15.125,9.707031,15.171875],"rotation":0,"texture":"#2","tintindex":0},"north":{"uv":[15.125,9.625,15.144531,9.671875],"rotation":0,"texture":"#2","tintindex":0},"west":{"uv":[14.9375,3.75,14.972656,3.796875],"rotation":0,"texture":"#2","tintindex":0},"up":{"uv":[7.3945312,15.222656,7.375,15.1875],"rotation":0,"texture":"#2","tintindex":0},"down":{"uv":[15.207031,7.375,15.1875,7.4101562],"rotation":0,"texture":"#2","tintindex":0}}},{"from":[8.433333,7.43533,2.2321424],"to":[8.540476,8.131759,2.6607141],"rotation":{"angle":0.0,"axis":"y","origin":[8.486905,7.783544,2.4464283]},"faces":{"east":{"uv":[2.5,14.6875,2.546875,14.765625],"rotation":0,"texture":"#2","tintindex":0},"south":{"uv":[9.75,15.125,9.761719,15.203125],"rotation":0,"texture":"#2","tintindex":0},"north":{"uv":[15.125,9.6875,15.136719,9.765625],"rotation":0,"texture":"#2","tintindex":0},"west":{"uv":[2.5625,14.6875,2.609375,14.765625],"rotation":0,"texture":"#2","tintindex":0},"up":{"uv":[3.2617188,15.296875,3.25,15.25],"rotation":0,"texture":"#2","tintindex":0},"down":{"uv":[15.261719,3.25,15.25,3.296875],"rotation":0,"texture":"#2","tintindex":0}}},{"from":[8.433333,8.131759,2.3392854],"to":[8.540476,8.560329,2.5535712],"rotation":{"angle":0.0,"axis":"y","origin":[8.486905,8.346045,2.4464283]},"faces":{"east":{"uv":[3.8125,15.0625,3.8359375,15.109375],"rotation":0,"texture":"#2","tintindex":0},"south":{"uv":[15.25,3.3125,15.261719,3.359375],"rotation":0,"texture":"#2","tintindex":0},"north":{"uv":[3.3125,15.25,3.3242188,15.296875],"rotation":0,"texture":"#2","tintindex":0},"west":{"uv":[15.0625,3.8125,15.0859375,3.859375],"rotation":0,"texture":"#2","tintindex":0},"up":{"uv":[8.699219,15.3984375,8.6875,15.375],"rotation":0,"texture":"#2","tintindex":0},"down":{"uv":[15.386719,8.6875,15.375,8.7109375],"rotation":0,"texture":"#2","tintindex":0}}},{"from":[7.6833334,7.43533,1.8571424],"to":[8.326191,8.131759,2.017857],"rotation":{"angle":0.0,"axis":"y","origin":[8.004762,7.863901,2.2857141]},"faces":{"east":{"uv":[13.875,14.9375,13.894531,15.015625],"rotation":0,"texture":"#2","tintindex":0},"south":{"uv":[14.4375,5.5,14.5078125,5.578125],"rotation":0,"texture":"#2","tintindex":0},"north":{"uv":[5.5,14.4375,5.5703125,14.515625],"rotation":0,"texture":"#2","tintindex":0},"west":{"uv":[14.9375,13.875,14.957031,13.953125],"rotation":0,"texture":"#2","tintindex":0},"up":{"uv":[15.0703125,12.582031,15.0,12.5625],"rotation":0,"texture":"#2","tintindex":0},"down":{"uv":[15.0703125,12.625,15.0,12.644531],"rotation":0,"texture":"#2","tintindex":0}}},{"from":[7.849405,8.131759,1.8571424],"to":[8.170834,8.560329,2.017857],"rotation":{"angle":0.0,"axis":"y","origin":[8.036904,8.346045,1.9374995]},"faces":{"east":{"uv":[9.8125,15.125,9.832031,15.171875],"rotation":0,"texture":"#2","tintindex":0},"south":{"uv":[14.9375,3.8125,14.972656,3.859375],"rotation":0,"texture":"#2","tintindex":0},"north":{"uv":[3.8125,14.9375,3.8476562,14.984375],"rotation":0,"texture":"#2","tintindex":0},"west":{"uv":[15.125,9.8125,15.144531,9.859375],"rotation":0,"texture":"#2","tintindex":0},"up":{"uv":[7.4726562,15.207031,7.4375,15.1875],"rotation":0,"texture":"#2","tintindex":0},"down":{"uv":[15.222656,7.4375,15.1875,7.4570312],"rotation":0,"texture":"#2","tintindex":0}}},{"from":[7.849405,8.131759,2.875],"to":[8.170834,8.560329,3.0357141],"rotation":{"angle":0.0,"axis":"y","origin":[8.036904,8.346045,2.955357]},"faces":{"east":{"uv":[9.875,15.125,9.894531,15.171875],"rotation":0,"texture":"#2","tintindex":0},"south":{"uv":[14.9375,3.875,14.972656,3.921875],"rotation":0,"texture":"#2","tintindex":0},"north":{"uv":[3.875,14.9375,3.9101562,14.984375],"rotation":0,"texture":"#2","tintindex":0},"west":{"uv":[15.125,9.875,15.144531,9.921875],"rotation":0,"texture":"#2","tintindex":0},"up":{"uv":[7.5351562,15.207031,7.5,15.1875],"rotation":0,"texture":"#2","tintindex":0},"down":{"uv":[15.222656,7.5,15.1875,7.5195312],"rotation":0,"texture":"#2","tintindex":0}}},{"from":[7.6833334,7.43533,2.875],"to":[8.326191,8.131759,3.0357141],"rotation":{"angle":0.0,"axis":"y","origin":[8.004762,7.863901,3.3035712]},"faces":{"east":{"uv":[13.9375,14.9375,13.957031,15.015625],"rotation":0,"texture":"#2","tintindex":0},"south":{"uv":[5.75,14.4375,5.8203125,14.515625],"rotation":0,"texture":"#2","tintindex":0},"north":{"uv":[14.4375,5.625,14.5078125,5.703125],"rotation":0,"texture":"#2","tintindex":0},"west":{"uv":[14.0,14.9375,14.019531,15.015625],"rotation":0,"texture":"#2","tintindex":0},"up":{"uv":[15.0703125,12.707031,15.0,12.6875],"rotation":0,"texture":"#2","tintindex":0},"down":{"uv":[15.0703125,12.75,15.0,12.769531],"rotation":0,"texture":"#2","tintindex":0}}}],"display":{"head":{"translation":[0.0,-6.4,0.0],"scale":[4.0,4.0,4.0]}}}