{"textures":{"2":"modelengine:entity/pillars"},"elements":[{"from":[7.761607,7.6860366,2.205357],"to":[8.24375,8.31885,2.6875],"rotation":{"angle":0.0,"axis":"y","origin":[8.002679,7.9271083,2.4464283]},"faces":{"east":{"uv":[0.4375,14.6875,0.4921875,14.7578125],"rotation":0,"texture":"#2","tintindex":0},"south":{"uv":[0.5,14.6875,0.5546875,14.7578125],"rotation":0,"texture":"#2","tintindex":0},"north":{"uv":[14.6875,0.375,14.7421875,0.4453125],"rotation":0,"texture":"#2","tintindex":0},"west":{"uv":[14.6875,0.5,14.7421875,0.5703125],"rotation":0,"texture":"#2","tintindex":0},"up":{"uv":[14.8046875,9.5546875,14.75,9.5],"rotation":0,"texture":"#2","tintindex":0},"down":{"uv":[9.6171875,14.75,9.5625,14.8046875],"rotation":0,"texture":"#2","tintindex":0}}},{"from":[7.6712055,7.6860366,2.2656245],"to":[7.761607,8.077778,2.627232],"rotation":{"angle":0.0,"axis":"y","origin":[7.731473,7.8819075,2.4464283]},"faces":{"east":{"uv":[0.5625,14.9375,0.6015625,14.980469],"rotation":0,"texture":"#2","tintindex":0},"south":{"uv":[15.25,11.0625,15.261719,11.105469],"rotation":0,"texture":"#2","tintindex":0},"north":{"uv":[11.0625,15.25,11.074219,15.292969],"rotation":0,"texture":"#2","tintindex":0},"west":{"uv":[14.9375,0.5625,14.9765625,0.60546875],"rotation":0,"texture":"#2","tintindex":0},"up":{"uv":[15.324219,2.6015625,15.3125,2.5625],"rotation":0,"texture":"#2","tintindex":0},"down":{"uv":[2.6367188,15.3125,2.625,15.3515625],"rotation":0,"texture":"#2","tintindex":0}}},{"from":[7.6712055,8.077778,2.3560266],"to":[7.761607,8.31885,2.53683],"rotation":{"angle":0.0,"axis":"y","origin":[7.731473,8.198314,2.4464283]},"faces":{"east":{"uv":[7.3125,15.25,7.3320312,15.277344],"rotation":0,"texture":"#2","tintindex":0},"south":{"uv":[15.375,1.375,15.386719,1.4023438],"rotation":0,"texture":"#2","tintindex":0},"north":{"uv":[1.375,15.375,1.3867188,15.402344],"rotation":0,"texture":"#2","tintindex":0},"west":{"uv":[15.25,7.3125,15.269531,7.3398438],"rotation":0,"texture":"#2","tintindex":0},"up":{"uv":[15.449219,6.5820312,15.4375,6.5625],"rotation":0,"texture":"#2","tintindex":0},"down":{"uv":[6.6367188,15.4375,6.625,15.457031],"rotation":0,"texture":"#2","tintindex":0}}},{"from":[8.24375,7.6860366,2.3258924],"to":[8.304018,8.077778,2.5669641],"rotation":{"angle":0.0,"axis":"y","origin":[8.273884,7.8819075,2.4464283]},"faces":{"east":{"uv":[1.5625,15.0625,1.5898438,15.105469],"rotation":0,"texture":"#2","tintindex":0},"south":{"uv":[7.8125,15.3125,7.8203125,15.355469],"rotation":0,"texture":"#2","tintindex":0},"north":{"uv":[15.3125,7.75,15.3203125,7.7929688],"rotation":0,"texture":"#2","tintindex":0},"west":{"uv":[15.0625,1.5625,15.089844,1.6054688],"rotation":0,"texture":"#2","tintindex":0},"up":{"uv":[15.4453125,9.152344,15.4375,9.125],"rotation":0,"texture":"#2","tintindex":0},"down":{"uv":[9.1953125,15.4375,9.1875,15.464844],"rotation":0,"texture":"#2","tintindex":0}}},{"from":[8.24375,8.077778,2.3861604],"to":[8.304018,8.31885,2.5066962],"rotation":{"angle":0.0,"axis":"y","origin":[8.273884,8.198314,2.4464283]},"faces":{"east":{"uv":[1.4375,15.375,1.4492188,15.402344],"rotation":0,"texture":"#2","tintindex":0},"south":{"uv":[9.25,15.4375,9.2578125,15.464844],"rotation":0,"texture":"#2","tintindex":0},"north":{"uv":[15.4375,9.1875,15.4453125,9.214844],"rotation":0,"texture":"#2","tintindex":0},"west":{"uv":[15.375,1.4375,15.386719,1.4648438],"rotation":0,"texture":"#2","tintindex":0},"up":{"uv":[5.0078125,15.511719,5.0,15.5],"rotation":0,"texture":"#2","tintindex":0},"down":{"uv":[15.5078125,5.0,15.5,5.0117188],"rotation":0,"texture":"#2","tintindex":0}}},{"from":[7.821875,7.6860366,2.114955],"to":[8.183482,8.077778,2.205357],"rotation":{"angle":0.0,"axis":"y","origin":[8.002679,7.9271083,2.3560266]},"faces":{"east":{"uv":[11.125,15.25,11.136719,15.292969],"rotation":0,"texture":"#2","tintindex":0},"south":{"uv":[14.9375,0.625,14.9765625,0.66796875],"rotation":0,"texture":"#2","tintindex":0},"north":{"uv":[0.625,14.9375,0.6640625,14.980469],"rotation":0,"texture":"#2","tintindex":0},"west":{"uv":[15.25,11.125,15.261719,11.167969],"rotation":0,"texture":"#2","tintindex":0},"up":{"uv":[15.3515625,2.6367188,15.3125,2.625],"rotation":0,"texture":"#2","tintindex":0},"down":{"uv":[2.7265625,15.3125,2.6875,15.324219],"rotation":0,"texture":"#2","tintindex":0}}},{"from":[7.9152904,8.077778,2.114955],"to":[8.096094,8.31885,2.205357],"rotation":{"angle":0.0,"axis":"y","origin":[8.020759,8.198314,2.1601558]},"faces":{"east":{"uv":[1.5,15.375,1.5117188,15.402344],"rotation":0,"texture":"#2","tintindex":0},"south":{"uv":[15.25,7.375,15.269531,7.4023438],"rotation":0,"texture":"#2","tintindex":0},"north":{"uv":[7.375,15.25,7.3945312,15.277344],"rotation":0,"texture":"#2","tintindex":0},"west":{"uv":[15.375,1.5,15.386719,1.5273438],"rotation":0,"texture":"#2","tintindex":0},"up":{"uv":[15.457031,6.6367188,15.4375,6.625],"rotation":0,"texture":"#2","tintindex":0},"down":{"uv":[6.7070312,15.4375,6.6875,15.449219],"rotation":0,"texture":"#2","tintindex":0}}},{"from":[7.9152904,8.077778,2.6875],"to":[8.096094,8.31885,2.7779016],"rotation":{"angle":0.0,"axis":"y","origin":[8.020759,8.198314,2.7327008]},"faces":{"east":{"uv":[1.5625,15.375,1.5742188,15.402344],"rotation":0,"texture":"#2","tintindex":0},"south":{"uv":[15.25,7.4375,15.269531,7.4648438],"rotation":0,"texture":"#2","tintindex":0},"north":{"uv":[7.4375,15.25,7.4570312,15.277344],"rotation":0,"texture":"#2","tintindex":0},"west":{"uv":[15.375,1.5625,15.386719,1.5898438],"rotation":0,"texture":"#2","tintindex":0},"up":{"uv":[15.457031,6.6992188,15.4375,6.6875],"rotation":0,"texture":"#2","tintindex":0},"down":{"uv":[6.7695312,15.4375,6.75,15.449219],"rotation":0,"texture":"#2","tintindex":0}}},{"from":[7.821875,7.6860366,2.6875],"to":[8.183482,8.077778,2.7779016],"rotation":{"angle":0.0,"axis":"y","origin":[8.002679,7.9271083,2.9285712]},"faces":{"east":{"uv":[11.1875,15.25,11.199219,15.292969],"rotation":0,"texture":"#2","tintindex":0},"south":{"uv":[14.9375,0.6875,14.9765625,0.73046875],"rotation":0,"texture":"#2","tintindex":0},"north":{"uv":[0.6875,14.9375,0.7265625,14.980469],"rotation":0,"texture":"#2","tintindex":0},"west":{"uv":[15.25,11.1875,15.261719,11.230469],"rotation":0,"texture":"#2","tintindex":0},"up":{"uv":[15.3515625,2.6992188,15.3125,2.6875],"rotation":0,"texture":"#2","tintindex":0},"down":{"uv":[2.7890625,15.3125,2.75,15.324219],"rotation":0,"texture":"#2","tintindex":0}}}],"display":{"head":{"translation":[0.0,-6.4,0.0],"scale":[4.0,4.0,4.0]}}}