{"textures":{"2":"modelengine:entity/pillars"},"elements":[{"from":[7.5761905,7.43533,2.017857],"to":[8.433333,8.560329,2.875],"rotation":{"angle":0.0,"axis":"y","origin":[8.004762,7.863901,2.4464283]},"faces":{"east":{"uv":[3.875,14.0,3.96875,14.125],"rotation":0,"texture":"#2","tintindex":0},"south":{"uv":[14.0,3.875,14.09375,4.0],"rotation":0,"texture":"#2","tintindex":0},"north":{"uv":[3.75,14.0,3.84375,14.125],"rotation":0,"texture":"#2","tintindex":0},"west":{"uv":[4.0,14.0,4.09375,14.125],"rotation":0,"texture":"#2","tintindex":0},"up":{"uv":[14.15625,13.15625,14.0625,13.0625],"rotation":0,"texture":"#2","tintindex":0},"down":{"uv":[14.15625,13.1875,14.0625,13.28125],"rotation":0,"texture":"#2","tintindex":0}}},{"from":[7.4154763,7.43533,2.1249995],"to":[7.5761905,8.131759,2.767857],"rotation":{"angle":0.0,"axis":"y","origin":[7.5226192,7.783544,2.4464283]},"faces":{"east":{"uv":[14.4375,3.75,14.5078125,3.828125],"rotation":0,"texture":"#2","tintindex":0},"south":{"uv":[12.875,14.9375,12.894531,15.015625],"rotation":0,"texture":"#2","tintindex":0},"north":{"uv":[14.9375,12.8125,14.957031,12.890625],"rotation":0,"texture":"#2","tintindex":0},"west":{"uv":[3.8125,14.4375,3.8828125,14.515625],"rotation":0,"texture":"#2","tintindex":0},"up":{"uv":[15.019531,11.4453125,15.0,11.375],"rotation":0,"texture":"#2","tintindex":0},"down":{"uv":[11.457031,15.0,11.4375,15.0703125],"rotation":0,"texture":"#2","tintindex":0}}},{"from":[7.4154763,8.131759,2.2857141],"to":[7.5761905,8.560329,2.6071424],"rotation":{"angle":0.0,"axis":"y","origin":[7.5226192,8.346045,2.4464283]},"faces":{"east":{"uv":[3.1875,14.9375,3.2226562,14.984375],"rotation":0,"texture":"#2","tintindex":0},"south":{"uv":[15.125,8.8125,15.144531,8.859375],"rotation":0,"texture":"#2","tintindex":0},"north":{"uv":[8.8125,15.125,8.832031,15.171875],"rotation":0,"texture":"#2","tintindex":0},"west":{"uv":[14.9375,3.1875,14.972656,3.234375],"rotation":0,"texture":"#2","tintindex":0},"up":{"uv":[5.9570312,15.222656,5.9375,15.1875],"rotation":0,"texture":"#2","tintindex":0},"down":{"uv":[15.207031,5.9375,15.1875,5.9726562],"rotation":0,"texture":"#2","tintindex":0}}},{"from":[8.433333,7.43533,2.2321424],"to":[8.540476,8.131759,2.6607141],"rotation":{"angle":0.0,"axis":"y","origin":[8.486905,7.783544,2.4464283]},"faces":{"east":{"uv":[2.0625,14.6875,2.109375,14.765625],"rotation":0,"texture":"#2","tintindex":0},"south":{"uv":[15.125,8.875,15.136719,8.953125],"rotation":0,"texture":"#2","tintindex":0},"north":{"uv":[8.875,15.125,8.886719,15.203125],"rotation":0,"texture":"#2","tintindex":0},"west":{"uv":[2.125,14.6875,2.171875,14.765625],"rotation":0,"texture":"#2","tintindex":0},"up":{"uv":[2.8867188,15.296875,2.875,15.25],"rotation":0,"texture":"#2","tintindex":0},"down":{"uv":[15.261719,2.875,15.25,2.921875],"rotation":0,"texture":"#2","tintindex":0}}},{"from":[8.433333,8.131759,2.3392854],"to":[8.540476,8.560329,2.5535712],"rotation":{"angle":0.0,"axis":"y","origin":[8.486905,8.346045,2.4464283]},"faces":{"east":{"uv":[3.625,15.0625,3.6484375,15.109375],"rotation":0,"texture":"#2","tintindex":0},"south":{"uv":[15.25,2.9375,15.261719,2.984375],"rotation":0,"texture":"#2","tintindex":0},"north":{"uv":[2.9375,15.25,2.9492188,15.296875],"rotation":0,"texture":"#2","tintindex":0},"west":{"uv":[15.0625,3.625,15.0859375,3.671875],"rotation":0,"texture":"#2","tintindex":0},"up":{"uv":[8.136719,15.3984375,8.125,15.375],"rotation":0,"texture":"#2","tintindex":0},"down":{"uv":[15.386719,8.125,15.375,8.1484375],"rotation":0,"texture":"#2","tintindex":0}}},{"from":[7.6833334,7.43533,1.8571424],"to":[8.326191,8.131759,2.017857],"rotation":{"angle":0.0,"axis":"y","origin":[8.004762,7.863901,2.2857141]},"faces":{"east":{"uv":[12.9375,14.9375,12.957031,15.015625],"rotation":0,"texture":"#2","tintindex":0},"south":{"uv":[3.9375,14.4375,4.0078125,14.515625],"rotation":0,"texture":"#2","tintindex":0},"north":{"uv":[14.4375,3.875,14.5078125,3.953125],"rotation":0,"texture":"#2","tintindex":0},"west":{"uv":[14.9375,12.9375,14.957031,13.015625],"rotation":0,"texture":"#2","tintindex":0},"up":{"uv":[11.5703125,15.019531,11.5,15.0],"rotation":0,"texture":"#2","tintindex":0},"down":{"uv":[15.0703125,11.5,15.0,11.519531],"rotation":0,"texture":"#2","tintindex":0}}},{"from":[7.849405,8.131759,1.8571424],"to":[8.170834,8.560329,2.017857],"rotation":{"angle":0.0,"axis":"y","origin":[8.036904,8.346045,1.9374995]},"faces":{"east":{"uv":[8.9375,15.125,8.957031,15.171875],"rotation":0,"texture":"#2","tintindex":0},"south":{"uv":[14.9375,3.25,14.972656,3.296875],"rotation":0,"texture":"#2","tintindex":0},"north":{"uv":[3.25,14.9375,3.2851562,14.984375],"rotation":0,"texture":"#2","tintindex":0},"west":{"uv":[9.0,15.125,9.019531,15.171875],"rotation":0,"texture":"#2","tintindex":0},"up":{"uv":[6.0351562,15.207031,6.0,15.1875],"rotation":0,"texture":"#2","tintindex":0},"down":{"uv":[15.222656,6.0,15.1875,6.0195312],"rotation":0,"texture":"#2","tintindex":0}}},{"from":[7.849405,8.131759,2.875],"to":[8.170834,8.560329,3.0357141],"rotation":{"angle":0.0,"axis":"y","origin":[8.036904,8.346045,2.955357]},"faces":{"east":{"uv":[15.125,9.0,15.144531,9.046875],"rotation":0,"texture":"#2","tintindex":0},"south":{"uv":[14.9375,3.3125,14.972656,3.359375],"rotation":0,"texture":"#2","tintindex":0},"north":{"uv":[3.3125,14.9375,3.3476562,14.984375],"rotation":0,"texture":"#2","tintindex":0},"west":{"uv":[9.0625,15.125,9.082031,15.171875],"rotation":0,"texture":"#2","tintindex":0},"up":{"uv":[15.222656,6.0820312,15.1875,6.0625],"rotation":0,"texture":"#2","tintindex":0},"down":{"uv":[6.1601562,15.1875,6.125,15.207031],"rotation":0,"texture":"#2","tintindex":0}}},{"from":[7.6833334,7.43533,2.875],"to":[8.326191,8.131759,3.0357141],"rotation":{"angle":0.0,"axis":"y","origin":[8.004762,7.863901,3.3035712]},"faces":{"east":{"uv":[13.0,14.9375,13.019531,15.015625],"rotation":0,"texture":"#2","tintindex":0},"south":{"uv":[4.0625,14.4375,4.1328125,14.515625],"rotation":0,"texture":"#2","tintindex":0},"north":{"uv":[14.4375,4.0,14.5078125,4.078125],"rotation":0,"texture":"#2","tintindex":0},"west":{"uv":[13.0625,14.9375,13.082031,15.015625],"rotation":0,"texture":"#2","tintindex":0},"up":{"uv":[15.0703125,11.582031,15.0,11.5625],"rotation":0,"texture":"#2","tintindex":0},"down":{"uv":[11.6953125,15.0,11.625,15.019531],"rotation":0,"texture":"#2","tintindex":0}}}],"display":{"head":{"translation":[0.0,-6.4,0.0],"scale":[4.0,4.0,4.0]}}}