{"textures":{"2":"modelengine:entity/pillars"},"elements":[{"from":[7.821205,7.778866,2.2656245],"to":[8.182813,8.253475,2.627232],"rotation":{"angle":0.0,"axis":"y","origin":[8.002009,7.9596696,2.4464283]},"faces":{"east":{"uv":[2.1875,14.875,2.2265625,14.925781],"rotation":0,"texture":"#2","tintindex":0},"south":{"uv":[2.25,14.875,2.2890625,14.925781],"rotation":0,"texture":"#2","tintindex":0},"north":{"uv":[2.125,14.875,2.1640625,14.925781],"rotation":0,"texture":"#2","tintindex":0},"west":{"uv":[14.875,2.25,14.9140625,2.3007812],"rotation":0,"texture":"#2","tintindex":0},"up":{"uv":[14.9765625,10.2265625,14.9375,10.1875],"rotation":0,"texture":"#2","tintindex":0},"down":{"uv":[14.9765625,10.25,14.9375,10.2890625],"rotation":0,"texture":"#2","tintindex":0}}},{"from":[7.753404,7.778866,2.3108258],"to":[7.821205,8.072672,2.5820308],"rotation":{"angle":0.0,"axis":"y","origin":[7.798605,7.925769,2.4464283]},"faces":{"east":{"uv":[15.0625,11.6875,15.09375,11.71875],"rotation":0,"texture":"#2","tintindex":0},"south":{"uv":[15.375,11.9375,15.3828125,11.96875],"rotation":0,"texture":"#2","tintindex":0},"north":{"uv":[11.9375,15.375,11.9453125,15.40625],"rotation":0,"texture":"#2","tintindex":0},"west":{"uv":[11.8125,15.0625,11.84375,15.09375],"rotation":0,"texture":"#2","tintindex":0},"up":{"uv":[12.0078125,15.40625,12.0,15.375],"rotation":0,"texture":"#2","tintindex":0},"down":{"uv":[15.3828125,12.0,15.375,12.03125],"rotation":0,"texture":"#2","tintindex":0}}},{"from":[7.753404,8.072672,2.3786268],"to":[7.821205,8.253475,2.5142298],"rotation":{"angle":0.0,"axis":"y","origin":[7.798605,8.163074,2.4464283]},"faces":{"east":{"uv":[3.125,15.375,3.140625,15.394531],"rotation":0,"texture":"#2","tintindex":0},"south":{"uv":[11.0625,15.4375,11.0703125,15.457031],"rotation":0,"texture":"#2","tintindex":0},"north":{"uv":[15.4375,11.0,15.4453125,11.019531],"rotation":0,"texture":"#2","tintindex":0},"west":{"uv":[15.375,3.125,15.390625,3.1445312],"rotation":0,"texture":"#2","tintindex":0},"up":{"uv":[0.5703125,15.515625,0.5625,15.5],"rotation":0,"texture":"#2","tintindex":0},"down":{"uv":[15.5078125,0.5625,15.5,0.578125],"rotation":0,"texture":"#2","tintindex":0}}},{"from":[8.182813,7.778866,2.3560266],"to":[8.228013,8.072672,2.53683],"rotation":{"angle":0.0,"axis":"y","origin":[8.205413,7.925769,2.4464283]},"faces":{"east":{"uv":[0.4375,15.25,0.45703125,15.28125],"rotation":0,"texture":"#2","tintindex":0},"south":{"uv":[15.5,0.625,15.503906,0.65625],"rotation":0,"texture":"#2","tintindex":0},"north":{"uv":[0.625,15.5,0.62890625,15.53125],"rotation":0,"texture":"#2","tintindex":0},"west":{"uv":[15.25,0.4375,15.269531,0.46875],"rotation":0,"texture":"#2","tintindex":0},"up":{"uv":[5.9414062,15.519531,5.9375,15.5],"rotation":0,"texture":"#2","tintindex":0},"down":{"uv":[15.503906,5.9375,15.5,5.9570312],"rotation":0,"texture":"#2","tintindex":0}}},{"from":[8.182813,8.072672,2.4012275],"to":[8.228013,8.253475,2.4916291],"rotation":{"angle":0.0,"axis":"y","origin":[8.205413,8.163074,2.4464283]},"faces":{"east":{"uv":[15.4375,3.5,15.449219,3.5195312],"rotation":0,"texture":"#2","tintindex":0},"south":{"uv":[15.5,6.0,15.503906,6.0195312],"rotation":0,"texture":"#2","tintindex":0},"north":{"uv":[6.0,15.5,6.0039062,15.519531],"rotation":0,"texture":"#2","tintindex":0},"west":{"uv":[3.5625,15.4375,3.5742188,15.457031],"rotation":0,"texture":"#2","tintindex":0},"up":{"uv":[8.003906,15.511719,8.0,15.5],"rotation":0,"texture":"#2","tintindex":0},"down":{"uv":[15.503906,8.0,15.5,8.011719],"rotation":0,"texture":"#2","tintindex":0}}},{"from":[7.8664064,7.778866,2.1978235],"to":[8.137611,8.072672,2.2656245],"rotation":{"angle":0.0,"axis":"y","origin":[8.002009,7.9596696,2.3786268]},"faces":{"east":{"uv":[12.0625,15.375,12.0703125,15.40625],"rotation":0,"texture":"#2","tintindex":0},"south":{"uv":[11.9375,15.0625,11.96875,15.09375],"rotation":0,"texture":"#2","tintindex":0},"north":{"uv":[11.875,15.0625,11.90625,15.09375],"rotation":0,"texture":"#2","tintindex":0},"west":{"uv":[15.375,12.0625,15.3828125,12.09375],"rotation":0,"texture":"#2","tintindex":0},"up":{"uv":[12.15625,15.3828125,12.125,15.375],"rotation":0,"texture":"#2","tintindex":0},"down":{"uv":[15.40625,12.125,15.375,12.1328125],"rotation":0,"texture":"#2","tintindex":0}}},{"from":[7.9364676,8.072672,2.1978235],"to":[8.07207,8.253475,2.2656245],"rotation":{"angle":0.0,"axis":"y","origin":[8.015569,8.163074,2.2317243]},"faces":{"east":{"uv":[15.4375,11.0625,15.4453125,11.082031],"rotation":0,"texture":"#2","tintindex":0},"south":{"uv":[15.375,3.1875,15.390625,3.2070312],"rotation":0,"texture":"#2","tintindex":0},"north":{"uv":[3.1875,15.375,3.203125,15.394531],"rotation":0,"texture":"#2","tintindex":0},"west":{"uv":[11.125,15.4375,11.1328125,15.457031],"rotation":0,"texture":"#2","tintindex":0},"up":{"uv":[0.703125,15.5078125,0.6875,15.5],"rotation":0,"texture":"#2","tintindex":0},"down":{"uv":[15.515625,0.6875,15.5,0.6953125],"rotation":0,"texture":"#2","tintindex":0}}},{"from":[7.9364676,8.072672,2.627232],"to":[8.07207,8.253475,2.695033],"rotation":{"angle":0.0,"axis":"y","origin":[8.015569,8.163074,2.6611323]},"faces":{"east":{"uv":[15.4375,11.125,15.4453125,11.144531],"rotation":0,"texture":"#2","tintindex":0},"south":{"uv":[15.375,3.25,15.390625,3.2695312],"rotation":0,"texture":"#2","tintindex":0},"north":{"uv":[3.25,15.375,3.265625,15.394531],"rotation":0,"texture":"#2","tintindex":0},"west":{"uv":[11.1875,15.4375,11.1953125,15.457031],"rotation":0,"texture":"#2","tintindex":0},"up":{"uv":[0.765625,15.5078125,0.75,15.5],"rotation":0,"texture":"#2","tintindex":0},"down":{"uv":[15.515625,0.75,15.5,0.7578125],"rotation":0,"texture":"#2","tintindex":0}}},{"from":[7.8664064,7.778866,2.627232],"to":[8.137611,8.072672,2.695033],"rotation":{"angle":0.0,"axis":"y","origin":[8.002009,7.9596696,2.8080354]},"faces":{"east":{"uv":[12.1875,15.375,12.1953125,15.40625],"rotation":0,"texture":"#2","tintindex":0},"south":{"uv":[12.0,15.0625,12.03125,15.09375],"rotation":0,"texture":"#2","tintindex":0},"north":{"uv":[15.0625,11.9375,15.09375,11.96875],"rotation":0,"texture":"#2","tintindex":0},"west":{"uv":[15.375,12.1875,15.3828125,12.21875],"rotation":0,"texture":"#2","tintindex":0},"up":{"uv":[12.28125,15.3828125,12.25,15.375],"rotation":0,"texture":"#2","tintindex":0},"down":{"uv":[15.40625,12.25,15.375,12.2578125],"rotation":0,"texture":"#2","tintindex":0}}}],"display":{"head":{"translation":[0.0,-6.4,0.0],"scale":[4.0,4.0,4.0]}}}