{"textures":{"2":"modelengine:entity/pillars"},"elements":[{"from":[7.3642855,7.0899057,6.4214287],"to":[8.65,8.777406,7.707143],"rotation":{"angle":0.0,"axis":"y","origin":[8.007143,7.732763,7.0642858]},"faces":{"east":{"uv":[13.0625,11.8125,13.203125,11.996094],"rotation":0,"texture":"#2","tintindex":0},"south":{"uv":[11.875,13.0625,12.015625,13.246094],"rotation":0,"texture":"#2","tintindex":0},"north":{"uv":[11.6875,13.0625,11.828125,13.246094],"rotation":0,"texture":"#2","tintindex":0},"west":{"uv":[13.0625,12.0,13.203125,12.183594],"rotation":0,"texture":"#2","tintindex":0},"up":{"uv":[3.328125,13.640625,3.1875,13.5],"rotation":0,"texture":"#2","tintindex":0},"down":{"uv":[13.640625,3.1875,13.5,3.328125],"rotation":0,"texture":"#2","tintindex":0}}},{"from":[7.1232142,7.0899057,6.582143],"to":[7.3642855,8.134548,7.5464287],"rotation":{"angle":0.0,"axis":"y","origin":[7.2839284,7.612227,7.0642858]},"faces":{"east":{"uv":[13.875,3.9375,13.980469,4.0507812],"rotation":0,"texture":"#2","tintindex":0},"south":{"uv":[6.5625,14.75,6.5898438,14.863281],"rotation":0,"texture":"#2","tintindex":0},"north":{"uv":[14.75,6.5,14.777344,6.6132812],"rotation":0,"texture":"#2","tintindex":0},"west":{"uv":[4.0,13.875,4.1054688,13.988281],"rotation":0,"texture":"#2","tintindex":0},"up":{"uv":[14.777344,10.855469,14.75,10.75],"rotation":0,"texture":"#2","tintindex":0},"down":{"uv":[14.777344,10.875,14.75,10.980469],"rotation":0,"texture":"#2","tintindex":0}}},{"from":[7.1232142,8.134548,6.823214],"to":[7.3642855,8.777406,7.305357],"rotation":{"angle":0.0,"axis":"y","origin":[7.2839284,8.455977,7.0642858]},"faces":{"east":{"uv":[9.3125,14.625,9.3671875,14.6953125],"rotation":0,"texture":"#2","tintindex":0},"south":{"uv":[14.875,6.75,14.902344,6.8203125],"rotation":0,"texture":"#2","tintindex":0},"north":{"uv":[6.75,14.875,6.7773438,14.9453125],"rotation":0,"texture":"#2","tintindex":0},"west":{"uv":[9.375,14.625,9.4296875,14.6953125],"rotation":0,"texture":"#2","tintindex":0},"up":{"uv":[1.0898438,15.0546875,1.0625,15.0],"rotation":0,"texture":"#2","tintindex":0},"down":{"uv":[15.027344,1.0625,15.0,1.1171875],"rotation":0,"texture":"#2","tintindex":0}}},{"from":[8.65,7.0899057,6.742857],"to":[8.810715,8.134548,7.385714],"rotation":{"angle":0.0,"axis":"y","origin":[8.730357,7.612227,7.0642858]},"faces":{"east":{"uv":[14.125,8.9375,14.1953125,9.050781],"rotation":0,"texture":"#2","tintindex":0},"south":{"uv":[5.875,14.8125,5.8945312,14.925781],"rotation":0,"texture":"#2","tintindex":0},"north":{"uv":[5.8125,14.8125,5.8320312,14.925781],"rotation":0,"texture":"#2","tintindex":0},"west":{"uv":[14.125,9.0625,14.1953125,9.175781],"rotation":0,"texture":"#2","tintindex":0},"up":{"uv":[5.8945312,15.0703125,5.875,15.0],"rotation":0,"texture":"#2","tintindex":0},"down":{"uv":[5.9570312,15.0,5.9375,15.0703125],"rotation":0,"texture":"#2","tintindex":0}}},{"from":[8.65,8.134548,6.903571],"to":[8.810715,8.777406,7.225],"rotation":{"angle":0.0,"axis":"y","origin":[8.730357,8.455977,7.0642858]},"faces":{"east":{"uv":[14.8125,2.25,14.847656,2.3203125],"rotation":0,"texture":"#2","tintindex":0},"south":{"uv":[15.0,6.0,15.019531,6.0703125],"rotation":0,"texture":"#2","tintindex":0},"north":{"uv":[6.0,15.0,6.0195312,15.0703125],"rotation":0,"texture":"#2","tintindex":0},"west":{"uv":[2.375,14.8125,2.4101562,14.8828125],"rotation":0,"texture":"#2","tintindex":0},"up":{"uv":[15.144531,14.722656,15.125,14.6875],"rotation":0,"texture":"#2","tintindex":0},"down":{"uv":[14.769531,15.125,14.75,15.160156],"rotation":0,"texture":"#2","tintindex":0}}},{"from":[7.525,7.0899057,6.180357],"to":[8.489285,8.134548,6.4214287],"rotation":{"angle":0.0,"axis":"y","origin":[8.007143,7.732763,6.823214]},"faces":{"east":{"uv":[14.75,6.625,14.777344,6.7382812],"rotation":0,"texture":"#2","tintindex":0},"south":{"uv":[13.875,4.1875,13.980469,4.3007812],"rotation":0,"texture":"#2","tintindex":0},"north":{"uv":[13.875,4.0625,13.980469,4.1757812],"rotation":0,"texture":"#2","tintindex":0},"west":{"uv":[14.75,6.75,14.777344,6.8632812],"rotation":0,"texture":"#2","tintindex":0},"up":{"uv":[14.855469,11.027344,14.75,11.0],"rotation":0,"texture":"#2","tintindex":0},"down":{"uv":[11.167969,14.75,11.0625,14.777344],"rotation":0,"texture":"#2","tintindex":0}}},{"from":[7.774107,8.134548,6.180357],"to":[8.25625,8.777406,6.4214287],"rotation":{"angle":0.0,"axis":"y","origin":[8.055357,8.455977,6.300893]},"faces":{"east":{"uv":[6.8125,14.875,6.8398438,14.9453125],"rotation":0,"texture":"#2","tintindex":0},"south":{"uv":[9.5,14.625,9.5546875,14.6953125],"rotation":0,"texture":"#2","tintindex":0},"north":{"uv":[9.4375,14.625,9.4921875,14.6953125],"rotation":0,"texture":"#2","tintindex":0},"west":{"uv":[6.875,14.875,6.9023438,14.9453125],"rotation":0,"texture":"#2","tintindex":0},"up":{"uv":[1.1796875,15.027344,1.125,15.0],"rotation":0,"texture":"#2","tintindex":0},"down":{"uv":[15.0546875,1.125,15.0,1.1523438],"rotation":0,"texture":"#2","tintindex":0}}},{"from":[7.774107,8.134548,7.707143],"to":[8.25625,8.777406,7.948214],"rotation":{"angle":0.0,"axis":"y","origin":[8.055357,8.455977,7.8276787]},"faces":{"east":{"uv":[14.875,6.875,14.902344,6.9453125],"rotation":0,"texture":"#2","tintindex":0},"south":{"uv":[9.625,14.625,9.6796875,14.6953125],"rotation":0,"texture":"#2","tintindex":0},"north":{"uv":[9.5625,14.625,9.6171875,14.6953125],"rotation":0,"texture":"#2","tintindex":0},"west":{"uv":[6.9375,14.875,6.9648438,14.9453125],"rotation":0,"texture":"#2","tintindex":0},"up":{"uv":[1.2421875,15.027344,1.1875,15.0],"rotation":0,"texture":"#2","tintindex":0},"down":{"uv":[15.0546875,1.1875,15.0,1.2148438],"rotation":0,"texture":"#2","tintindex":0}}},{"from":[7.525,7.0899057,7.707143],"to":[8.489285,8.134548,7.948214],"rotation":{"angle":0.0,"axis":"y","origin":[8.007143,7.732763,8.35]},"faces":{"east":{"uv":[6.8125,14.75,6.8398438,14.863281],"rotation":0,"texture":"#2","tintindex":0},"south":{"uv":[13.875,4.4375,13.980469,4.5507812],"rotation":0,"texture":"#2","tintindex":0},"north":{"uv":[13.875,4.3125,13.980469,4.4257812],"rotation":0,"texture":"#2","tintindex":0},"west":{"uv":[6.875,14.75,6.9023438,14.863281],"rotation":0,"texture":"#2","tintindex":0},"up":{"uv":[14.855469,11.089844,14.75,11.0625],"rotation":0,"texture":"#2","tintindex":0},"down":{"uv":[14.855469,11.125,14.75,11.152344],"rotation":0,"texture":"#2","tintindex":0}}}],"display":{"head":{"translation":[0.0,-6.4,0.0],"scale":[4.0,4.0,4.0]}}}