{"textures":{"2":"modelengine:entity/pillars"},"elements":[{"from":[6.5166664,5.754092,0.41428566],"to":[9.516666,9.691592,3.4142857],"rotation":{"angle":0.0,"axis":"y","origin":[8.016666,7.254092,1.9142857]},"faces":{"east":{"uv":[9.625,8.25,9.953125,8.6796875],"rotation":0,"texture":"#2","tintindex":0},"south":{"uv":[0.0,9.6875,0.328125,10.1171875],"rotation":0,"texture":"#2","tintindex":0},"north":{"uv":[9.625,7.8125,9.953125,8.2421875],"rotation":0,"texture":"#2","tintindex":0},"west":{"uv":[0.375,9.6875,0.703125,10.1171875],"rotation":0,"texture":"#2","tintindex":0},"up":{"uv":[10.890625,7.828125,10.5625,7.5],"rotation":0,"texture":"#2","tintindex":0},"down":{"uv":[9.953125,10.5625,9.625,10.890625],"rotation":0,"texture":"#2","tintindex":0}}},{"from":[5.9541664,5.754092,0.78928566],"to":[6.5166664,8.191592,3.0392857],"rotation":{"angle":0.0,"axis":"y","origin":[6.3291664,6.972842,1.9142857]},"faces":{"east":{"uv":[1.125,11.5625,1.3710938,11.828125],"rotation":0,"texture":"#2","tintindex":0},"south":{"uv":[6.125,13.625,6.1875,13.890625],"rotation":0,"texture":"#2","tintindex":0},"north":{"uv":[13.625,5.9375,13.6875,6.203125],"rotation":0,"texture":"#2","tintindex":0},"west":{"uv":[11.5625,3.1875,11.808594,3.453125],"rotation":0,"texture":"#2","tintindex":0},"up":{"uv":[9.4375,11.621094,9.375,11.375],"rotation":0,"texture":"#2","tintindex":0},"down":{"uv":[11.625,5.5,11.5625,5.7460938],"rotation":0,"texture":"#2","tintindex":0}}},{"from":[5.9541664,8.191592,1.3517857],"to":[6.5166664,9.691592,2.4767857],"rotation":{"angle":0.0,"axis":"y","origin":[6.3291664,8.941592,1.9142857]},"faces":{"east":{"uv":[13.1875,13.3125,13.3125,13.4765625],"rotation":0,"texture":"#2","tintindex":0},"south":{"uv":[11.5,5.1875,11.5625,5.3515625],"rotation":0,"texture":"#2","tintindex":0},"north":{"uv":[11.5,3.1875,11.5625,3.3515625],"rotation":0,"texture":"#2","tintindex":0},"west":{"uv":[13.3125,13.25,13.4375,13.4140625],"rotation":0,"texture":"#2","tintindex":0},"up":{"uv":[9.25,11.0,9.1875,10.875],"rotation":0,"texture":"#2","tintindex":0},"down":{"uv":[11.1875,7.375,11.125,7.5],"rotation":0,"texture":"#2","tintindex":0}}},{"from":[9.516666,5.754092,1.1642857],"to":[9.891666,8.191592,2.6642857],"rotation":{"angle":0.0,"axis":"y","origin":[9.704166,6.972842,1.9142857]},"faces":{"east":{"uv":[12.25,11.5625,12.4140625,11.828125],"rotation":0,"texture":"#2","tintindex":0},"south":{"uv":[0.625,14.0,0.66796875,14.265625],"rotation":0,"texture":"#2","tintindex":0},"north":{"uv":[13.1875,13.9375,13.230469,14.203125],"rotation":0,"texture":"#2","tintindex":0},"west":{"uv":[12.25,11.875,12.4140625,12.140625],"rotation":0,"texture":"#2","tintindex":0},"up":{"uv":[13.417969,14.2890625,13.375,14.125],"rotation":0,"texture":"#2","tintindex":0},"down":{"uv":[13.480469,14.125,13.4375,14.2890625],"rotation":0,"texture":"#2","tintindex":0}}},{"from":[9.516666,8.191592,1.5392857],"to":[9.891666,9.691592,2.2892857],"rotation":{"angle":0.0,"axis":"y","origin":[9.704166,8.941592,1.9142857]},"faces":{"east":{"uv":[13.125,13.75,13.207031,13.9140625],"rotation":0,"texture":"#2","tintindex":0},"south":{"uv":[13.5,14.125,13.542969,14.2890625],"rotation":0,"texture":"#2","tintindex":0},"north":{"uv":[14.125,13.4375,14.167969,13.6015625],"rotation":0,"texture":"#2","tintindex":0},"west":{"uv":[13.75,13.5,13.832031,13.6640625],"rotation":0,"texture":"#2","tintindex":0},"up":{"uv":[5.8554688,14.769531,5.8125,14.6875],"rotation":0,"texture":"#2","tintindex":0},"down":{"uv":[5.9179688,14.6875,5.875,14.769531],"rotation":0,"texture":"#2","tintindex":0}}},{"from":[6.8916664,5.754092,-0.14821434],"to":[9.141666,8.191592,0.41428566],"rotation":{"angle":0.0,"axis":"y","origin":[8.016666,7.254092,1.3517857]},"faces":{"east":{"uv":[6.1875,13.625,6.25,13.890625],"rotation":0,"texture":"#2","tintindex":0},"south":{"uv":[11.5625,3.8125,11.808594,4.078125],"rotation":0,"texture":"#2","tintindex":0},"north":{"uv":[11.5625,3.5,11.808594,3.765625],"rotation":0,"texture":"#2","tintindex":0},"west":{"uv":[6.25,13.625,6.3125,13.890625],"rotation":0,"texture":"#2","tintindex":0},"up":{"uv":[10.683594,4.375,10.4375,4.3125],"rotation":0,"texture":"#2","tintindex":0},"down":{"uv":[11.933594,1.4375,11.6875,1.5],"rotation":0,"texture":"#2","tintindex":0}}},{"from":[7.4729166,8.191592,-0.14821434],"to":[8.597917,9.691592,0.41428566],"rotation":{"angle":0.0,"axis":"y","origin":[8.129167,8.941592,0.13303566]},"faces":{"east":{"uv":[6.3125,11.625,6.375,11.7890625],"rotation":0,"texture":"#2","tintindex":0},"south":{"uv":[0.1875,13.375,0.3125,13.5390625],"rotation":0,"texture":"#2","tintindex":0},"north":{"uv":[13.375,0.0,13.5,0.1640625],"rotation":0,"texture":"#2","tintindex":0},"west":{"uv":[9.3125,11.75,9.375,11.9140625],"rotation":0,"texture":"#2","tintindex":0},"up":{"uv":[3.0625,11.375,2.9375,11.3125],"rotation":0,"texture":"#2","tintindex":0},"down":{"uv":[11.6875,0.3125,11.5625,0.375],"rotation":0,"texture":"#2","tintindex":0}}},{"from":[7.4729166,8.191592,3.4142857],"to":[8.597917,9.691592,3.9767857],"rotation":{"angle":0.0,"axis":"y","origin":[8.129167,8.941592,3.6955357]},"faces":{"east":{"uv":[11.4375,12.0625,11.5,12.2265625],"rotation":0,"texture":"#2","tintindex":0},"south":{"uv":[13.375,0.375,13.5,0.5390625],"rotation":0,"texture":"#2","tintindex":0},"north":{"uv":[13.375,0.1875,13.5,0.3515625],"rotation":0,"texture":"#2","tintindex":0},"west":{"uv":[5.0625,12.125,5.125,12.2890625],"rotation":0,"texture":"#2","tintindex":0},"up":{"uv":[1.375,11.9375,1.25,11.875],"rotation":0,"texture":"#2","tintindex":0},"down":{"uv":[12.0,7.125,11.875,7.1875],"rotation":0,"texture":"#2","tintindex":0}}},{"from":[6.8916664,5.754092,3.4142857],"to":[9.141666,8.191592,3.9767857],"rotation":{"angle":0.0,"axis":"y","origin":[8.016666,7.254092,4.9142857]},"faces":{"east":{"uv":[13.625,6.5625,13.6875,6.828125],"rotation":0,"texture":"#2","tintindex":0},"south":{"uv":[0.75,11.625,0.99609375,11.890625],"rotation":0,"texture":"#2","tintindex":0},"north":{"uv":[11.5625,5.1875,11.808594,5.453125],"rotation":0,"texture":"#2","tintindex":0},"west":{"uv":[13.625,6.875,13.6875,7.140625],"rotation":0,"texture":"#2","tintindex":0},"up":{"uv":[13.808594,1.0625,13.5625,1.0],"rotation":0,"texture":"#2","tintindex":0},"down":{"uv":[13.808594,1.0625,13.5625,1.125],"rotation":0,"texture":"#2","tintindex":0}}}],"display":{"head":{"translation":[0.0,-6.4,0.0],"scale":[4.0,4.0,4.0]}}}