{"textures":{"2":"modelengine:entity/pillars"},"elements":[{"from":[7.821205,7.778866,2.2656245],"to":[8.182813,8.253475,2.627232],"rotation":{"angle":0.0,"axis":"y","origin":[8.002009,7.9596696,2.4464283]},"faces":{"east":{"uv":[1.875,14.875,1.9140625,14.925781],"rotation":0,"texture":"#2","tintindex":0},"south":{"uv":[14.875,1.875,14.9140625,1.9257812],"rotation":0,"texture":"#2","tintindex":0},"north":{"uv":[1.8125,14.875,1.8515625,14.925781],"rotation":0,"texture":"#2","tintindex":0},"west":{"uv":[1.9375,14.875,1.9765625,14.925781],"rotation":0,"texture":"#2","tintindex":0},"up":{"uv":[9.5390625,14.9765625,9.5,14.9375],"rotation":0,"texture":"#2","tintindex":0},"down":{"uv":[14.9765625,9.5,14.9375,9.5390625],"rotation":0,"texture":"#2","tintindex":0}}},{"from":[7.753404,7.778866,2.3108258],"to":[7.821205,8.072672,2.5820308],"rotation":{"angle":0.0,"axis":"y","origin":[7.798605,7.925769,2.4464283]},"faces":{"east":{"uv":[11.1875,15.0625,11.21875,15.09375],"rotation":0,"texture":"#2","tintindex":0},"south":{"uv":[15.375,11.1875,15.3828125,11.21875],"rotation":0,"texture":"#2","tintindex":0},"north":{"uv":[11.1875,15.375,11.1953125,15.40625],"rotation":0,"texture":"#2","tintindex":0},"west":{"uv":[15.0625,11.1875,15.09375,11.21875],"rotation":0,"texture":"#2","tintindex":0},"up":{"uv":[11.2578125,15.40625,11.25,15.375],"rotation":0,"texture":"#2","tintindex":0},"down":{"uv":[15.3828125,11.25,15.375,11.28125],"rotation":0,"texture":"#2","tintindex":0}}},{"from":[7.753404,8.072672,2.3786268],"to":[7.821205,8.253475,2.5142298],"rotation":{"angle":0.0,"axis":"y","origin":[7.798605,8.163074,2.4464283]},"faces":{"east":{"uv":[2.75,15.375,2.765625,15.394531],"rotation":0,"texture":"#2","tintindex":0},"south":{"uv":[10.5625,15.4375,10.5703125,15.457031],"rotation":0,"texture":"#2","tintindex":0},"north":{"uv":[15.4375,10.5,15.4453125,10.519531],"rotation":0,"texture":"#2","tintindex":0},"west":{"uv":[15.375,2.75,15.390625,2.7695312],"rotation":0,"texture":"#2","tintindex":0},"up":{"uv":[0.0703125,15.515625,0.0625,15.5],"rotation":0,"texture":"#2","tintindex":0},"down":{"uv":[15.5078125,0.0625,15.5,0.078125],"rotation":0,"texture":"#2","tintindex":0}}},{"from":[8.182813,7.778866,2.3560266],"to":[8.228013,8.072672,2.53683],"rotation":{"angle":0.0,"axis":"y","origin":[8.205413,7.925769,2.4464283]},"faces":{"east":{"uv":[0.3125,15.25,0.33203125,15.28125],"rotation":0,"texture":"#2","tintindex":0},"south":{"uv":[15.5,0.125,15.503906,0.15625],"rotation":0,"texture":"#2","tintindex":0},"north":{"uv":[0.125,15.5,0.12890625,15.53125],"rotation":0,"texture":"#2","tintindex":0},"west":{"uv":[15.25,0.3125,15.269531,0.34375],"rotation":0,"texture":"#2","tintindex":0},"up":{"uv":[5.6914062,15.519531,5.6875,15.5],"rotation":0,"texture":"#2","tintindex":0},"down":{"uv":[15.503906,5.6875,15.5,5.7070312],"rotation":0,"texture":"#2","tintindex":0}}},{"from":[8.182813,8.072672,2.4012275],"to":[8.228013,8.253475,2.4916291],"rotation":{"angle":0.0,"axis":"y","origin":[8.205413,8.163074,2.4464283]},"faces":{"east":{"uv":[15.4375,3.0,15.449219,3.0195312],"rotation":0,"texture":"#2","tintindex":0},"south":{"uv":[15.5,5.75,15.503906,5.7695312],"rotation":0,"texture":"#2","tintindex":0},"north":{"uv":[5.75,15.5,5.7539062,15.519531],"rotation":0,"texture":"#2","tintindex":0},"west":{"uv":[3.0625,15.4375,3.0742188,15.457031],"rotation":0,"texture":"#2","tintindex":0},"up":{"uv":[7.8789062,15.511719,7.875,15.5],"rotation":0,"texture":"#2","tintindex":0},"down":{"uv":[15.503906,7.875,15.5,7.8867188],"rotation":0,"texture":"#2","tintindex":0}}},{"from":[7.8664064,7.778866,2.1978235],"to":[8.137611,8.072672,2.2656245],"rotation":{"angle":0.0,"axis":"y","origin":[8.002009,7.9596696,2.3786268]},"faces":{"east":{"uv":[11.3125,15.375,11.3203125,15.40625],"rotation":0,"texture":"#2","tintindex":0},"south":{"uv":[11.3125,15.0625,11.34375,15.09375],"rotation":0,"texture":"#2","tintindex":0},"north":{"uv":[11.25,15.0625,11.28125,15.09375],"rotation":0,"texture":"#2","tintindex":0},"west":{"uv":[15.375,11.3125,15.3828125,11.34375],"rotation":0,"texture":"#2","tintindex":0},"up":{"uv":[11.40625,15.3828125,11.375,15.375],"rotation":0,"texture":"#2","tintindex":0},"down":{"uv":[15.40625,11.375,15.375,11.3828125],"rotation":0,"texture":"#2","tintindex":0}}},{"from":[7.9364676,8.072672,2.1978235],"to":[8.07207,8.253475,2.2656245],"rotation":{"angle":0.0,"axis":"y","origin":[8.015569,8.163074,2.2317243]},"faces":{"east":{"uv":[15.4375,10.5625,15.4453125,10.582031],"rotation":0,"texture":"#2","tintindex":0},"south":{"uv":[15.375,2.8125,15.390625,2.8320312],"rotation":0,"texture":"#2","tintindex":0},"north":{"uv":[2.8125,15.375,2.828125,15.394531],"rotation":0,"texture":"#2","tintindex":0},"west":{"uv":[10.625,15.4375,10.6328125,15.457031],"rotation":0,"texture":"#2","tintindex":0},"up":{"uv":[0.203125,15.5078125,0.1875,15.5],"rotation":0,"texture":"#2","tintindex":0},"down":{"uv":[15.515625,0.1875,15.5,0.1953125],"rotation":0,"texture":"#2","tintindex":0}}},{"from":[7.9364676,8.072672,2.627232],"to":[8.07207,8.253475,2.695033],"rotation":{"angle":0.0,"axis":"y","origin":[8.015569,8.163074,2.6611323]},"faces":{"east":{"uv":[15.4375,10.625,15.4453125,10.644531],"rotation":0,"texture":"#2","tintindex":0},"south":{"uv":[15.375,2.875,15.390625,2.8945312],"rotation":0,"texture":"#2","tintindex":0},"north":{"uv":[2.875,15.375,2.890625,15.394531],"rotation":0,"texture":"#2","tintindex":0},"west":{"uv":[10.6875,15.4375,10.6953125,15.457031],"rotation":0,"texture":"#2","tintindex":0},"up":{"uv":[0.265625,15.5078125,0.25,15.5],"rotation":0,"texture":"#2","tintindex":0},"down":{"uv":[15.515625,0.25,15.5,0.2578125],"rotation":0,"texture":"#2","tintindex":0}}},{"from":[7.8664064,7.778866,2.627232],"to":[8.137611,8.072672,2.695033],"rotation":{"angle":0.0,"axis":"y","origin":[8.002009,7.9596696,2.8080354]},"faces":{"east":{"uv":[11.4375,15.375,11.4453125,15.40625],"rotation":0,"texture":"#2","tintindex":0},"south":{"uv":[15.0625,11.375,15.09375,11.40625],"rotation":0,"texture":"#2","tintindex":0},"north":{"uv":[11.375,15.0625,11.40625,15.09375],"rotation":0,"texture":"#2","tintindex":0},"west":{"uv":[15.375,11.4375,15.3828125,11.46875],"rotation":0,"texture":"#2","tintindex":0},"up":{"uv":[11.53125,15.3828125,11.5,15.375],"rotation":0,"texture":"#2","tintindex":0},"down":{"uv":[15.40625,11.5,15.375,11.5078125],"rotation":0,"texture":"#2","tintindex":0}}}],"display":{"head":{"translation":[0.0,-6.4,0.0],"scale":[4.0,4.0,4.0]}}}