{"textures":{"2":"modelengine:entity/pillars"},"elements":[{"from":[7.821205,7.778866,2.2656245],"to":[8.182813,8.253475,2.627232],"rotation":{"angle":0.0,"axis":"y","origin":[8.002009,7.9596696,2.4464283]},"faces":{"east":{"uv":[14.875,2.3125,14.9140625,2.3632812],"rotation":0,"texture":"#2","tintindex":0},"south":{"uv":[14.875,2.375,14.9140625,2.4257812],"rotation":0,"texture":"#2","tintindex":0},"north":{"uv":[2.3125,14.875,2.3515625,14.925781],"rotation":0,"texture":"#2","tintindex":0},"west":{"uv":[14.875,2.4375,14.9140625,2.4882812],"rotation":0,"texture":"#2","tintindex":0},"up":{"uv":[14.9765625,10.6015625,14.9375,10.5625],"rotation":0,"texture":"#2","tintindex":0},"down":{"uv":[10.6640625,14.9375,10.625,14.9765625],"rotation":0,"texture":"#2","tintindex":0}}},{"from":[7.753404,7.778866,2.3108258],"to":[7.821205,8.072672,2.5820308],"rotation":{"angle":0.0,"axis":"y","origin":[7.798605,7.925769,2.4464283]},"faces":{"east":{"uv":[15.0625,12.0,15.09375,12.03125],"rotation":0,"texture":"#2","tintindex":0},"south":{"uv":[15.375,12.3125,15.3828125,12.34375],"rotation":0,"texture":"#2","tintindex":0},"north":{"uv":[12.3125,15.375,12.3203125,15.40625],"rotation":0,"texture":"#2","tintindex":0},"west":{"uv":[12.0625,15.0625,12.09375,15.09375],"rotation":0,"texture":"#2","tintindex":0},"up":{"uv":[12.3828125,15.40625,12.375,15.375],"rotation":0,"texture":"#2","tintindex":0},"down":{"uv":[15.3828125,12.375,15.375,12.40625],"rotation":0,"texture":"#2","tintindex":0}}},{"from":[7.753404,8.072672,2.3786268],"to":[7.821205,8.253475,2.5142298],"rotation":{"angle":0.0,"axis":"y","origin":[7.798605,8.163074,2.4464283]},"faces":{"east":{"uv":[3.3125,15.375,3.328125,15.394531],"rotation":0,"texture":"#2","tintindex":0},"south":{"uv":[11.3125,15.4375,11.3203125,15.457031],"rotation":0,"texture":"#2","tintindex":0},"north":{"uv":[15.4375,11.25,15.4453125,11.269531],"rotation":0,"texture":"#2","tintindex":0},"west":{"uv":[15.375,3.3125,15.390625,3.3320312],"rotation":0,"texture":"#2","tintindex":0},"up":{"uv":[0.8203125,15.515625,0.8125,15.5],"rotation":0,"texture":"#2","tintindex":0},"down":{"uv":[15.5078125,0.8125,15.5,0.828125],"rotation":0,"texture":"#2","tintindex":0}}},{"from":[8.182813,7.778866,2.3560266],"to":[8.228013,8.072672,2.53683],"rotation":{"angle":0.0,"axis":"y","origin":[8.205413,7.925769,2.4464283]},"faces":{"east":{"uv":[0.5,15.25,0.51953125,15.28125],"rotation":0,"texture":"#2","tintindex":0},"south":{"uv":[15.5,0.875,15.503906,0.90625],"rotation":0,"texture":"#2","tintindex":0},"north":{"uv":[0.875,15.5,0.87890625,15.53125],"rotation":0,"texture":"#2","tintindex":0},"west":{"uv":[15.25,0.5,15.269531,0.53125],"rotation":0,"texture":"#2","tintindex":0},"up":{"uv":[6.0664062,15.519531,6.0625,15.5],"rotation":0,"texture":"#2","tintindex":0},"down":{"uv":[15.503906,6.0625,15.5,6.0820312],"rotation":0,"texture":"#2","tintindex":0}}},{"from":[8.182813,8.072672,2.4012275],"to":[8.228013,8.253475,2.4916291],"rotation":{"angle":0.0,"axis":"y","origin":[8.205413,8.163074,2.4464283]},"faces":{"east":{"uv":[15.4375,3.75,15.449219,3.7695312],"rotation":0,"texture":"#2","tintindex":0},"south":{"uv":[15.5,6.125,15.503906,6.1445312],"rotation":0,"texture":"#2","tintindex":0},"north":{"uv":[6.125,15.5,6.1289062,15.519531],"rotation":0,"texture":"#2","tintindex":0},"west":{"uv":[3.8125,15.4375,3.8242188,15.457031],"rotation":0,"texture":"#2","tintindex":0},"up":{"uv":[8.066406,15.511719,8.0625,15.5],"rotation":0,"texture":"#2","tintindex":0},"down":{"uv":[15.503906,8.0625,15.5,8.074219],"rotation":0,"texture":"#2","tintindex":0}}},{"from":[7.8664064,7.778866,2.1978235],"to":[8.137611,8.072672,2.2656245],"rotation":{"angle":0.0,"axis":"y","origin":[8.002009,7.9596696,2.3786268]},"faces":{"east":{"uv":[12.4375,15.375,12.4453125,15.40625],"rotation":0,"texture":"#2","tintindex":0},"south":{"uv":[12.125,15.0625,12.15625,15.09375],"rotation":0,"texture":"#2","tintindex":0},"north":{"uv":[15.0625,12.0625,15.09375,12.09375],"rotation":0,"texture":"#2","tintindex":0},"west":{"uv":[15.375,12.4375,15.3828125,12.46875],"rotation":0,"texture":"#2","tintindex":0},"up":{"uv":[12.53125,15.3828125,12.5,15.375],"rotation":0,"texture":"#2","tintindex":0},"down":{"uv":[15.40625,12.5,15.375,12.5078125],"rotation":0,"texture":"#2","tintindex":0}}},{"from":[7.9364676,8.072672,2.1978235],"to":[8.07207,8.253475,2.2656245],"rotation":{"angle":0.0,"axis":"y","origin":[8.015569,8.163074,2.2317243]},"faces":{"east":{"uv":[15.4375,11.3125,15.4453125,11.332031],"rotation":0,"texture":"#2","tintindex":0},"south":{"uv":[15.375,3.375,15.390625,3.3945312],"rotation":0,"texture":"#2","tintindex":0},"north":{"uv":[3.375,15.375,3.390625,15.394531],"rotation":0,"texture":"#2","tintindex":0},"west":{"uv":[11.375,15.4375,11.3828125,15.457031],"rotation":0,"texture":"#2","tintindex":0},"up":{"uv":[0.953125,15.5078125,0.9375,15.5],"rotation":0,"texture":"#2","tintindex":0},"down":{"uv":[15.515625,0.9375,15.5,0.9453125],"rotation":0,"texture":"#2","tintindex":0}}},{"from":[7.9364676,8.072672,2.627232],"to":[8.07207,8.253475,2.695033],"rotation":{"angle":0.0,"axis":"y","origin":[8.015569,8.163074,2.6611323]},"faces":{"east":{"uv":[15.4375,11.375,15.4453125,11.394531],"rotation":0,"texture":"#2","tintindex":0},"south":{"uv":[15.375,3.4375,15.390625,3.4570312],"rotation":0,"texture":"#2","tintindex":0},"north":{"uv":[3.4375,15.375,3.453125,15.394531],"rotation":0,"texture":"#2","tintindex":0},"west":{"uv":[11.4375,15.4375,11.4453125,15.457031],"rotation":0,"texture":"#2","tintindex":0},"up":{"uv":[1.015625,15.5078125,1.0,15.5],"rotation":0,"texture":"#2","tintindex":0},"down":{"uv":[15.515625,1.0,15.5,1.0078125],"rotation":0,"texture":"#2","tintindex":0}}},{"from":[7.8664064,7.778866,2.627232],"to":[8.137611,8.072672,2.695033],"rotation":{"angle":0.0,"axis":"y","origin":[8.002009,7.9596696,2.8080354]},"faces":{"east":{"uv":[12.5625,15.375,12.5703125,15.40625],"rotation":0,"texture":"#2","tintindex":0},"south":{"uv":[12.25,15.0625,12.28125,15.09375],"rotation":0,"texture":"#2","tintindex":0},"north":{"uv":[15.0625,12.125,15.09375,12.15625],"rotation":0,"texture":"#2","tintindex":0},"west":{"uv":[15.375,12.5625,15.3828125,12.59375],"rotation":0,"texture":"#2","tintindex":0},"up":{"uv":[12.65625,15.3828125,12.625,15.375],"rotation":0,"texture":"#2","tintindex":0},"down":{"uv":[15.40625,12.625,15.375,12.6328125],"rotation":0,"texture":"#2","tintindex":0}}}],"display":{"head":{"translation":[0.0,-6.4,0.0],"scale":[4.0,4.0,4.0]}}}