{"textures":{"2":"modelengine:entity/pillars"},"elements":[{"from":[5.357682,1.321722,-14.342499],"to":[14.197683,12.924223,-5.502495],"rotation":{"angle":0.0,"axis":"y","origin":[9.777682,5.741722,-9.922497]},"faces":{"east":{"uv":[3.0,0.0,3.96875,1.2695312],"rotation":0,"texture":"#2","tintindex":0},"south":{"uv":[3.0,1.3125,3.96875,2.5820312],"rotation":0,"texture":"#2","tintindex":0},"north":{"uv":[2.0,2.625,2.96875,3.8945312],"rotation":0,"texture":"#2","tintindex":0},"west":{"uv":[3.0,2.625,3.96875,3.8945312],"rotation":0,"texture":"#2","tintindex":0},"up":{"uv":[4.96875,0.96875,4.0,0.0],"rotation":0,"texture":"#2","tintindex":0},"down":{"uv":[4.96875,1.0,4.0,1.96875],"rotation":0,"texture":"#2","tintindex":0}}},{"from":[3.7001824,1.321722,-13.237499],"to":[5.357682,8.504223,-6.607498],"rotation":{"angle":0.0,"axis":"y","origin":[4.8051825,4.9129725,-9.922497]},"faces":{"east":{"uv":[0.0,5.9375,0.7265625,6.7226562],"rotation":0,"texture":"#2","tintindex":0},"south":{"uv":[5.25,9.5625,5.4296875,10.347656],"rotation":0,"texture":"#2","tintindex":0},"north":{"uv":[5.0625,9.5625,5.2421875,10.347656],"rotation":0,"texture":"#2","tintindex":0},"west":{"uv":[0.75,5.9375,1.4765625,6.7226562],"rotation":0,"texture":"#2","tintindex":0},"up":{"uv":[8.1171875,10.7265625,7.9375,10.0],"rotation":0,"texture":"#2","tintindex":0},"down":{"uv":[10.2421875,0.375,10.0625,1.1015625],"rotation":0,"texture":"#2","tintindex":0}}},{"from":[3.7001824,8.504223,-11.579998],"to":[5.357682,12.924223,-8.264996],"rotation":{"angle":0.0,"axis":"y","origin":[4.8051825,10.714223,-9.922497]},"faces":{"east":{"uv":[0.375,9.1875,0.73828125,9.671875],"rotation":0,"texture":"#2","tintindex":0},"south":{"uv":[0.1875,11.0,0.3671875,11.484375],"rotation":0,"texture":"#2","tintindex":0},"north":{"uv":[0.0,11.0,0.1796875,11.484375],"rotation":0,"texture":"#2","tintindex":0},"west":{"uv":[0.75,9.1875,1.1132812,9.671875],"rotation":0,"texture":"#2","tintindex":0},"up":{"uv":[11.9296875,11.613281,11.75,11.25],"rotation":0,"texture":"#2","tintindex":0},"down":{"uv":[11.9296875,11.625,11.75,11.988281],"rotation":0,"texture":"#2","tintindex":0}}},{"from":[14.197683,1.321722,-12.132496],"to":[15.302683,8.504223,-7.7124977],"rotation":{"angle":0.0,"axis":"y","origin":[14.750183,4.9129725,-9.922497]},"faces":{"east":{"uv":[7.0,1.5,7.484375,2.2851562],"rotation":0,"texture":"#2","tintindex":0},"south":{"uv":[10.9375,3.0,11.058594,3.7851562],"rotation":0,"texture":"#2","tintindex":0},"north":{"uv":[7.75,10.875,7.8710938,11.660156],"rotation":0,"texture":"#2","tintindex":0},"west":{"uv":[7.0,2.3125,7.484375,3.0976562],"rotation":0,"texture":"#2","tintindex":0},"up":{"uv":[7.1210938,12.421875,7.0,11.9375],"rotation":0,"texture":"#2","tintindex":0},"down":{"uv":[7.2460938,11.9375,7.125,12.421875],"rotation":0,"texture":"#2","tintindex":0}}},{"from":[14.197683,8.504223,-11.0275],"to":[15.302683,12.924223,-8.817501],"rotation":{"angle":0.0,"axis":"y","origin":[14.750183,10.714223,-9.922497]},"faces":{"east":{"uv":[3.1875,10.125,3.4296875,10.609375],"rotation":0,"texture":"#2","tintindex":0},"south":{"uv":[7.375,11.9375,7.4960938,12.421875],"rotation":0,"texture":"#2","tintindex":0},"north":{"uv":[7.25,11.9375,7.3710938,12.421875],"rotation":0,"texture":"#2","tintindex":0},"west":{"uv":[3.4375,10.125,3.6796875,10.609375],"rotation":0,"texture":"#2","tintindex":0},"up":{"uv":[12.996094,0.2421875,12.875,0.0],"rotation":0,"texture":"#2","tintindex":0},"down":{"uv":[0.24609375,12.875,0.125,13.1171875],"rotation":0,"texture":"#2","tintindex":0}}},{"from":[6.4626827,1.321722,-16.0],"to":[13.092683,8.504223,-14.342499],"rotation":{"angle":0.0,"axis":"y","origin":[9.777682,5.741722,-11.579998]},"faces":{"east":{"uv":[8.125,9.5625,8.3046875,10.347656],"rotation":0,"texture":"#2","tintindex":0},"south":{"uv":[2.25,5.9375,2.9765625,6.7226562],"rotation":0,"texture":"#2","tintindex":0},"north":{"uv":[1.5,5.9375,2.2265625,6.7226562],"rotation":0,"texture":"#2","tintindex":0},"west":{"uv":[8.3125,9.5625,8.4921875,10.347656],"rotation":0,"texture":"#2","tintindex":0},"up":{"uv":[10.7890625,1.3046875,10.0625,1.125],"rotation":0,"texture":"#2","tintindex":0},"down":{"uv":[2.4140625,10.0625,1.6875,10.2421875],"rotation":0,"texture":"#2","tintindex":0}}},{"from":[8.175432,8.504223,-16.0],"to":[11.490433,12.924223,-14.342499],"rotation":{"angle":0.0,"axis":"y","origin":[10.109182,10.714223,-15.171246]},"faces":{"east":{"uv":[0.375,11.0,0.5546875,11.484375],"rotation":0,"texture":"#2","tintindex":0},"south":{"uv":[7.5625,9.1875,7.9257812,9.671875],"rotation":0,"texture":"#2","tintindex":0},"north":{"uv":[6.25,9.1875,6.6132812,9.671875],"rotation":0,"texture":"#2","tintindex":0},"west":{"uv":[11.0,0.375,11.1796875,0.859375],"rotation":0,"texture":"#2","tintindex":0},"up":{"uv":[12.175781,0.1796875,11.8125,0.0],"rotation":0,"texture":"#2","tintindex":0},"down":{"uv":[12.175781,2.25,11.8125,2.4296875],"rotation":0,"texture":"#2","tintindex":0}}},{"from":[8.175432,8.504223,-5.502495],"to":[11.490433,12.924223,-3.8449936],"rotation":{"angle":0.0,"axis":"y","origin":[10.109182,10.714223,-4.673748]},"faces":{"east":{"uv":[0.5625,11.0,0.7421875,11.484375],"rotation":0,"texture":"#2","tintindex":0},"south":{"uv":[2.9375,9.25,3.3007812,9.734375],"rotation":0,"texture":"#2","tintindex":0},"north":{"uv":[2.5625,9.25,2.9257812,9.734375],"rotation":0,"texture":"#2","tintindex":0},"west":{"uv":[0.75,11.0,0.9296875,11.484375],"rotation":0,"texture":"#2","tintindex":0},"up":{"uv":[12.175781,2.6171875,11.8125,2.4375],"rotation":0,"texture":"#2","tintindex":0},"down":{"uv":[12.175781,2.625,11.8125,2.8046875],"rotation":0,"texture":"#2","tintindex":0}}},{"from":[6.4626827,1.321722,-5.502495],"to":[13.092683,8.504223,-3.8449936],"rotation":{"angle":0.0,"axis":"y","origin":[9.777682,5.741722,-1.0824966]},"faces":{"east":{"uv":[1.3125,9.625,1.4921875,10.410156],"rotation":0,"texture":"#2","tintindex":0},"south":{"uv":[6.0,4.25,6.7265625,5.0351562],"rotation":0,"texture":"#2","tintindex":0},"north":{"uv":[3.0,5.9375,3.7265625,6.7226562],"rotation":0,"texture":"#2","tintindex":0},"west":{"uv":[1.5,9.625,1.6796875,10.410156],"rotation":0,"texture":"#2","tintindex":0},"up":{"uv":[10.7890625,4.5546875,10.0625,4.375],"rotation":0,"texture":"#2","tintindex":0},"down":{"uv":[10.7890625,4.5625,10.0625,4.7421875],"rotation":0,"texture":"#2","tintindex":0}}}],"display":{"head":{"translation":[0.0,-6.4,-105.04373],"scale":[4.0,4.0,4.0]}}}