{"textures":{"2":"modelengine:entity/pillars"},"elements":[{"from":[7.5761905,7.43533,2.017857],"to":[8.433333,8.560329,2.875],"rotation":{"angle":0.0,"axis":"y","origin":[8.004762,7.863901,2.4464283]},"faces":{"east":{"uv":[14.0,3.5,14.09375,3.625],"rotation":0,"texture":"#2","tintindex":0},"south":{"uv":[3.625,14.0,3.71875,14.125],"rotation":0,"texture":"#2","tintindex":0},"north":{"uv":[3.5,14.0,3.59375,14.125],"rotation":0,"texture":"#2","tintindex":0},"west":{"uv":[14.0,3.625,14.09375,3.75],"rotation":0,"texture":"#2","tintindex":0},"up":{"uv":[14.15625,13.03125,14.0625,12.9375],"rotation":0,"texture":"#2","tintindex":0},"down":{"uv":[13.15625,14.0625,13.0625,14.15625],"rotation":0,"texture":"#2","tintindex":0}}},{"from":[7.4154763,7.43533,2.1249995],"to":[7.5761905,8.131759,2.767857],"rotation":{"angle":0.0,"axis":"y","origin":[7.5226192,7.783544,2.4464283]},"faces":{"east":{"uv":[14.4375,3.375,14.5078125,3.453125],"rotation":0,"texture":"#2","tintindex":0},"south":{"uv":[12.5625,14.9375,12.582031,15.015625],"rotation":0,"texture":"#2","tintindex":0},"north":{"uv":[14.9375,12.5,14.957031,12.578125],"rotation":0,"texture":"#2","tintindex":0},"west":{"uv":[3.4375,14.4375,3.5078125,14.515625],"rotation":0,"texture":"#2","tintindex":0},"up":{"uv":[11.144531,15.0703125,11.125,15.0],"rotation":0,"texture":"#2","tintindex":0},"down":{"uv":[15.019531,11.125,15.0,11.1953125],"rotation":0,"texture":"#2","tintindex":0}}},{"from":[7.4154763,8.131759,2.2857141],"to":[7.5761905,8.560329,2.6071424],"rotation":{"angle":0.0,"axis":"y","origin":[7.5226192,8.346045,2.4464283]},"faces":{"east":{"uv":[3.0,14.9375,3.0351562,14.984375],"rotation":0,"texture":"#2","tintindex":0},"south":{"uv":[8.5625,15.125,8.582031,15.171875],"rotation":0,"texture":"#2","tintindex":0},"north":{"uv":[15.125,8.5,15.144531,8.546875],"rotation":0,"texture":"#2","tintindex":0},"west":{"uv":[14.9375,3.0,14.972656,3.046875],"rotation":0,"texture":"#2","tintindex":0},"up":{"uv":[5.4570312,15.222656,5.4375,15.1875],"rotation":0,"texture":"#2","tintindex":0},"down":{"uv":[15.207031,5.4375,15.1875,5.4726562],"rotation":0,"texture":"#2","tintindex":0}}},{"from":[8.433333,7.43533,2.2321424],"to":[8.540476,8.131759,2.6607141],"rotation":{"angle":0.0,"axis":"y","origin":[8.486905,7.783544,2.4464283]},"faces":{"east":{"uv":[1.9375,14.6875,1.984375,14.765625],"rotation":0,"texture":"#2","tintindex":0},"south":{"uv":[8.625,15.125,8.636719,15.203125],"rotation":0,"texture":"#2","tintindex":0},"north":{"uv":[15.125,8.5625,15.136719,8.640625],"rotation":0,"texture":"#2","tintindex":0},"west":{"uv":[2.0,14.6875,2.046875,14.765625],"rotation":0,"texture":"#2","tintindex":0},"up":{"uv":[2.7617188,15.296875,2.75,15.25],"rotation":0,"texture":"#2","tintindex":0},"down":{"uv":[15.261719,2.75,15.25,2.796875],"rotation":0,"texture":"#2","tintindex":0}}},{"from":[8.433333,8.131759,2.3392854],"to":[8.540476,8.560329,2.5535712],"rotation":{"angle":0.0,"axis":"y","origin":[8.486905,8.346045,2.4464283]},"faces":{"east":{"uv":[3.5625,15.0625,3.5859375,15.109375],"rotation":0,"texture":"#2","tintindex":0},"south":{"uv":[15.25,2.8125,15.261719,2.859375],"rotation":0,"texture":"#2","tintindex":0},"north":{"uv":[2.8125,15.25,2.8242188,15.296875],"rotation":0,"texture":"#2","tintindex":0},"west":{"uv":[15.0625,3.5625,15.0859375,3.609375],"rotation":0,"texture":"#2","tintindex":0},"up":{"uv":[7.9492188,15.3984375,7.9375,15.375],"rotation":0,"texture":"#2","tintindex":0},"down":{"uv":[15.386719,7.9375,15.375,7.9609375],"rotation":0,"texture":"#2","tintindex":0}}},{"from":[7.6833334,7.43533,1.8571424],"to":[8.326191,8.131759,2.017857],"rotation":{"angle":0.0,"axis":"y","origin":[8.004762,7.863901,2.2857141]},"faces":{"east":{"uv":[12.625,14.9375,12.644531,15.015625],"rotation":0,"texture":"#2","tintindex":0},"south":{"uv":[3.5625,14.4375,3.6328125,14.515625],"rotation":0,"texture":"#2","tintindex":0},"north":{"uv":[14.4375,3.5,14.5078125,3.578125],"rotation":0,"texture":"#2","tintindex":0},"west":{"uv":[14.9375,12.625,14.957031,12.703125],"rotation":0,"texture":"#2","tintindex":0},"up":{"uv":[11.2578125,15.019531,11.1875,15.0],"rotation":0,"texture":"#2","tintindex":0},"down":{"uv":[15.0703125,11.25,15.0,11.269531],"rotation":0,"texture":"#2","tintindex":0}}},{"from":[7.849405,8.131759,1.8571424],"to":[8.170834,8.560329,2.017857],"rotation":{"angle":0.0,"axis":"y","origin":[8.036904,8.346045,1.9374995]},"faces":{"east":{"uv":[8.6875,15.125,8.707031,15.171875],"rotation":0,"texture":"#2","tintindex":0},"south":{"uv":[14.9375,3.0625,14.972656,3.109375],"rotation":0,"texture":"#2","tintindex":0},"north":{"uv":[3.0625,14.9375,3.0976562,14.984375],"rotation":0,"texture":"#2","tintindex":0},"west":{"uv":[15.125,8.6875,15.144531,8.734375],"rotation":0,"texture":"#2","tintindex":0},"up":{"uv":[15.222656,5.5195312,15.1875,5.5],"rotation":0,"texture":"#2","tintindex":0},"down":{"uv":[5.5976562,15.1875,5.5625,15.207031],"rotation":0,"texture":"#2","tintindex":0}}},{"from":[7.849405,8.131759,2.875],"to":[8.170834,8.560329,3.0357141],"rotation":{"angle":0.0,"axis":"y","origin":[8.036904,8.346045,2.955357]},"faces":{"east":{"uv":[8.75,15.125,8.769531,15.171875],"rotation":0,"texture":"#2","tintindex":0},"south":{"uv":[14.9375,3.125,14.972656,3.171875],"rotation":0,"texture":"#2","tintindex":0},"north":{"uv":[3.125,14.9375,3.1601562,14.984375],"rotation":0,"texture":"#2","tintindex":0},"west":{"uv":[15.125,8.75,15.144531,8.796875],"rotation":0,"texture":"#2","tintindex":0},"up":{"uv":[15.222656,5.5820312,15.1875,5.5625],"rotation":0,"texture":"#2","tintindex":0},"down":{"uv":[5.6601562,15.1875,5.625,15.207031],"rotation":0,"texture":"#2","tintindex":0}}},{"from":[7.6833334,7.43533,2.875],"to":[8.326191,8.131759,3.0357141],"rotation":{"angle":0.0,"axis":"y","origin":[8.004762,7.863901,3.3035712]},"faces":{"east":{"uv":[12.6875,14.9375,12.707031,15.015625],"rotation":0,"texture":"#2","tintindex":0},"south":{"uv":[3.6875,14.4375,3.7578125,14.515625],"rotation":0,"texture":"#2","tintindex":0},"north":{"uv":[14.4375,3.625,14.5078125,3.703125],"rotation":0,"texture":"#2","tintindex":0},"west":{"uv":[12.75,14.9375,12.769531,15.015625],"rotation":0,"texture":"#2","tintindex":0},"up":{"uv":[11.3828125,15.019531,11.3125,15.0],"rotation":0,"texture":"#2","tintindex":0},"down":{"uv":[15.0703125,11.3125,15.0,11.332031],"rotation":0,"texture":"#2","tintindex":0}}}],"display":{"head":{"translation":[0.0,-6.4,0.0],"scale":[4.0,4.0,4.0]}}}