{"textures":{"2":"modelengine:entity/pillars"},"elements":[{"from":[7.6821427,7.5908356,2.1249995],"to":[8.325,8.434586,2.767857],"rotation":{"angle":0.0,"axis":"y","origin":[8.0035715,7.9122643,2.4464283]},"faces":{"east":{"uv":[9.4375,14.3125,9.5078125,14.40625],"rotation":0,"texture":"#2","tintindex":0},"south":{"uv":[9.5625,14.3125,9.6328125,14.40625],"rotation":0,"texture":"#2","tintindex":0},"north":{"uv":[9.3125,14.3125,9.3828125,14.40625],"rotation":0,"texture":"#2","tintindex":0},"west":{"uv":[9.6875,14.3125,9.7578125,14.40625],"rotation":0,"texture":"#2","tintindex":0},"up":{"uv":[14.5703125,14.5078125,14.5,14.4375],"rotation":0,"texture":"#2","tintindex":0},"down":{"uv":[0.0703125,14.5625,0.0,14.6328125],"rotation":0,"texture":"#2","tintindex":0}}},{"from":[7.5616074,7.5908356,2.205357],"to":[7.6821427,8.113157,2.6875],"rotation":{"angle":0.0,"axis":"y","origin":[7.6419644,7.8519964,2.4464283]},"faces":{"east":{"uv":[14.375,6.375,14.4296875,6.4335938],"rotation":0,"texture":"#2","tintindex":0},"south":{"uv":[15.1875,5.1875,15.199219,5.2460938],"rotation":0,"texture":"#2","tintindex":0},"north":{"uv":[15.1875,5.125,15.199219,5.1835938],"rotation":0,"texture":"#2","tintindex":0},"west":{"uv":[14.375,10.6875,14.4296875,10.746094],"rotation":0,"texture":"#2","tintindex":0},"up":{"uv":[15.199219,12.6171875,15.1875,12.5625],"rotation":0,"texture":"#2","tintindex":0},"down":{"uv":[12.636719,15.1875,12.625,15.2421875],"rotation":0,"texture":"#2","tintindex":0}}},{"from":[7.5616074,8.113157,2.3258924],"to":[7.6821427,8.434586,2.5669641],"rotation":{"angle":0.0,"axis":"y","origin":[7.6419644,8.273871,2.4464283]},"faces":{"east":{"uv":[15.125,2.1875,15.152344,2.2226562],"rotation":0,"texture":"#2","tintindex":0},"south":{"uv":[5.125,15.3125,5.1367188,15.347656],"rotation":0,"texture":"#2","tintindex":0},"north":{"uv":[15.3125,5.0625,15.324219,5.0976562],"rotation":0,"texture":"#2","tintindex":0},"west":{"uv":[2.25,15.125,2.2773438,15.160156],"rotation":0,"texture":"#2","tintindex":0},"up":{"uv":[15.324219,13.902344,15.3125,13.875],"rotation":0,"texture":"#2","tintindex":0},"down":{"uv":[13.949219,15.3125,13.9375,15.339844],"rotation":0,"texture":"#2","tintindex":0}}},{"from":[8.325,7.5908356,2.2857141],"to":[8.405357,8.113157,2.6071424],"rotation":{"angle":0.0,"axis":"y","origin":[8.365179,7.8519964,2.4464283]},"faces":{"east":{"uv":[14.625,14.8125,14.660156,14.871094],"rotation":0,"texture":"#2","tintindex":0},"south":{"uv":[1.0625,15.3125,1.0703125,15.371094],"rotation":0,"texture":"#2","tintindex":0},"north":{"uv":[15.3125,1.0,15.3203125,1.0585938],"rotation":0,"texture":"#2","tintindex":0},"west":{"uv":[14.6875,14.8125,14.722656,14.871094],"rotation":0,"texture":"#2","tintindex":0},"up":{"uv":[7.8203125,15.410156,7.8125,15.375],"rotation":0,"texture":"#2","tintindex":0},"down":{"uv":[15.3828125,7.8125,15.375,7.8476562],"rotation":0,"texture":"#2","tintindex":0}}},{"from":[8.325,8.113157,2.3660712],"to":[8.405357,8.434586,2.5267854],"rotation":{"angle":0.0,"axis":"y","origin":[8.365179,8.273871,2.4464283]},"faces":{"east":{"uv":[5.25,15.1875,5.2695312,15.222656],"rotation":0,"texture":"#2","tintindex":0},"south":{"uv":[15.375,7.875,15.3828125,7.9101562],"rotation":0,"texture":"#2","tintindex":0},"north":{"uv":[7.875,15.375,7.8828125,15.410156],"rotation":0,"texture":"#2","tintindex":0},"west":{"uv":[15.1875,5.25,15.207031,5.2851562],"rotation":0,"texture":"#2","tintindex":0},"up":{"uv":[15.4453125,12.457031,15.4375,12.4375],"rotation":0,"texture":"#2","tintindex":0},"down":{"uv":[12.5078125,15.4375,12.5,15.457031],"rotation":0,"texture":"#2","tintindex":0}}},{"from":[7.7625,7.5908356,2.0044641],"to":[8.244643,8.113157,2.1249995],"rotation":{"angle":0.0,"axis":"y","origin":[8.0035715,7.9122643,2.3258924]},"faces":{"east":{"uv":[5.3125,15.1875,5.3242188,15.246094],"rotation":0,"texture":"#2","tintindex":0},"south":{"uv":[14.625,3.5625,14.6796875,3.6210938],"rotation":0,"texture":"#2","tintindex":0},"north":{"uv":[14.375,11.25,14.4296875,11.308594],"rotation":0,"texture":"#2","tintindex":0},"west":{"uv":[15.1875,5.3125,15.199219,5.3710938],"rotation":0,"texture":"#2","tintindex":0},"up":{"uv":[15.2421875,12.636719,15.1875,12.625],"rotation":0,"texture":"#2","tintindex":0},"down":{"uv":[12.7421875,15.1875,12.6875,15.199219],"rotation":0,"texture":"#2","tintindex":0}}},{"from":[7.8870535,8.113157,2.0044641],"to":[8.128125,8.434586,2.1249995],"rotation":{"angle":0.0,"axis":"y","origin":[8.0276785,8.273871,2.064732]},"faces":{"east":{"uv":[15.3125,5.125,15.324219,5.1601562],"rotation":0,"texture":"#2","tintindex":0},"south":{"uv":[2.3125,15.125,2.3398438,15.160156],"rotation":0,"texture":"#2","tintindex":0},"north":{"uv":[15.125,2.25,15.152344,2.2851562],"rotation":0,"texture":"#2","tintindex":0},"west":{"uv":[5.1875,15.3125,5.1992188,15.347656],"rotation":0,"texture":"#2","tintindex":0},"up":{"uv":[15.339844,13.949219,15.3125,13.9375],"rotation":0,"texture":"#2","tintindex":0},"down":{"uv":[14.027344,15.3125,14.0,15.324219],"rotation":0,"texture":"#2","tintindex":0}}},{"from":[7.8870535,8.113157,2.767857],"to":[8.128125,8.434586,2.8883924],"rotation":{"angle":0.0,"axis":"y","origin":[8.0276785,8.273871,2.828125]},"faces":{"east":{"uv":[15.3125,5.1875,15.324219,5.2226562],"rotation":0,"texture":"#2","tintindex":0},"south":{"uv":[2.375,15.125,2.4023438,15.160156],"rotation":0,"texture":"#2","tintindex":0},"north":{"uv":[15.125,2.3125,15.152344,2.3476562],"rotation":0,"texture":"#2","tintindex":0},"west":{"uv":[5.25,15.3125,5.2617188,15.347656],"rotation":0,"texture":"#2","tintindex":0},"up":{"uv":[15.339844,14.011719,15.3125,14.0],"rotation":0,"texture":"#2","tintindex":0},"down":{"uv":[14.089844,15.3125,14.0625,15.324219],"rotation":0,"texture":"#2","tintindex":0}}},{"from":[7.7625,7.5908356,2.767857],"to":[8.244643,8.113157,2.8883924],"rotation":{"angle":0.0,"axis":"y","origin":[8.0035715,7.9122643,3.0892854]},"faces":{"east":{"uv":[5.375,15.1875,5.3867188,15.246094],"rotation":0,"texture":"#2","tintindex":0},"south":{"uv":[14.625,4.25,14.6796875,4.3085938],"rotation":0,"texture":"#2","tintindex":0},"north":{"uv":[14.625,3.9375,14.6796875,3.9960938],"rotation":0,"texture":"#2","tintindex":0},"west":{"uv":[15.1875,5.375,15.199219,5.4335938],"rotation":0,"texture":"#2","tintindex":0},"up":{"uv":[15.2421875,12.699219,15.1875,12.6875],"rotation":0,"texture":"#2","tintindex":0},"down":{"uv":[12.8046875,15.1875,12.75,15.199219],"rotation":0,"texture":"#2","tintindex":0}}}],"display":{"head":{"translation":[0.0,-6.4,0.0],"scale":[4.0,4.0,4.0]}}}