{"textures":{"2":"modelengine:entity/pillars"},"elements":[{"from":[7.3642855,7.0899057,6.4214287],"to":[8.65,8.777406,7.707143],"rotation":{"angle":0.0,"axis":"y","origin":[8.007143,7.732763,7.0642858]},"faces":{"east":{"uv":[13.0625,12.5,13.203125,12.683594],"rotation":0,"texture":"#2","tintindex":0},"south":{"uv":[13.0,13.0625,13.140625,13.246094],"rotation":0,"texture":"#2","tintindex":0},"north":{"uv":[13.0625,12.3125,13.203125,12.496094],"rotation":0,"texture":"#2","tintindex":0},"west":{"uv":[0.0,13.125,0.140625,13.308594],"rotation":0,"texture":"#2","tintindex":0},"up":{"uv":[3.515625,13.640625,3.375,13.5],"rotation":0,"texture":"#2","tintindex":0},"down":{"uv":[13.640625,3.375,13.5,3.515625],"rotation":0,"texture":"#2","tintindex":0}}},{"from":[7.1232142,7.0899057,6.582143],"to":[7.3642855,8.134548,7.5464287],"rotation":{"angle":0.0,"axis":"y","origin":[7.2839284,7.612227,7.0642858]},"faces":{"east":{"uv":[13.875,4.5625,13.980469,4.6757812],"rotation":0,"texture":"#2","tintindex":0},"south":{"uv":[14.75,7.0,14.777344,7.1132812],"rotation":0,"texture":"#2","tintindex":0},"north":{"uv":[14.75,6.875,14.777344,6.9882812],"rotation":0,"texture":"#2","tintindex":0},"west":{"uv":[13.875,4.6875,13.980469,4.8007812],"rotation":0,"texture":"#2","tintindex":0},"up":{"uv":[11.214844,14.855469,11.1875,14.75],"rotation":0,"texture":"#2","tintindex":0},"down":{"uv":[14.777344,11.1875,14.75,11.292969],"rotation":0,"texture":"#2","tintindex":0}}},{"from":[7.1232142,8.134548,6.823214],"to":[7.3642855,8.777406,7.305357],"rotation":{"angle":0.0,"axis":"y","origin":[7.2839284,8.455977,7.0642858]},"faces":{"east":{"uv":[9.6875,14.625,9.7421875,14.6953125],"rotation":0,"texture":"#2","tintindex":0},"south":{"uv":[14.875,7.0,14.902344,7.0703125],"rotation":0,"texture":"#2","tintindex":0},"north":{"uv":[7.0,14.875,7.0273438,14.9453125],"rotation":0,"texture":"#2","tintindex":0},"west":{"uv":[14.625,9.6875,14.6796875,9.7578125],"rotation":0,"texture":"#2","tintindex":0},"up":{"uv":[1.3398438,15.0546875,1.3125,15.0],"rotation":0,"texture":"#2","tintindex":0},"down":{"uv":[15.027344,1.3125,15.0,1.3671875],"rotation":0,"texture":"#2","tintindex":0}}},{"from":[8.65,7.0899057,6.742857],"to":[8.810715,8.134548,7.385714],"rotation":{"angle":0.0,"axis":"y","origin":[8.730357,7.612227,7.0642858]},"faces":{"east":{"uv":[14.125,9.1875,14.1953125,9.300781],"rotation":0,"texture":"#2","tintindex":0},"south":{"uv":[5.9375,14.8125,5.9570312,14.925781],"rotation":0,"texture":"#2","tintindex":0},"north":{"uv":[14.8125,5.875,14.832031,5.9882812],"rotation":0,"texture":"#2","tintindex":0},"west":{"uv":[14.125,9.3125,14.1953125,9.425781],"rotation":0,"texture":"#2","tintindex":0},"up":{"uv":[6.1445312,15.0703125,6.125,15.0],"rotation":0,"texture":"#2","tintindex":0},"down":{"uv":[6.2070312,15.0,6.1875,15.0703125],"rotation":0,"texture":"#2","tintindex":0}}},{"from":[8.65,8.134548,6.903571],"to":[8.810715,8.777406,7.225],"rotation":{"angle":0.0,"axis":"y","origin":[8.730357,8.455977,7.0642858]},"faces":{"east":{"uv":[14.8125,2.625,14.847656,2.6953125],"rotation":0,"texture":"#2","tintindex":0},"south":{"uv":[15.0,6.25,15.019531,6.3203125],"rotation":0,"texture":"#2","tintindex":0},"north":{"uv":[6.25,15.0,6.2695312,15.0703125],"rotation":0,"texture":"#2","tintindex":0},"west":{"uv":[2.75,14.8125,2.7851562,14.8828125],"rotation":0,"texture":"#2","tintindex":0},"up":{"uv":[15.144531,14.785156,15.125,14.75],"rotation":0,"texture":"#2","tintindex":0},"down":{"uv":[14.832031,15.125,14.8125,15.160156],"rotation":0,"texture":"#2","tintindex":0}}},{"from":[7.525,7.0899057,6.180357],"to":[8.489285,8.134548,6.4214287],"rotation":{"angle":0.0,"axis":"y","origin":[8.007143,7.732763,6.823214]},"faces":{"east":{"uv":[14.75,7.125,14.777344,7.2382812],"rotation":0,"texture":"#2","tintindex":0},"south":{"uv":[13.875,4.9375,13.980469,5.0507812],"rotation":0,"texture":"#2","tintindex":0},"north":{"uv":[13.875,4.8125,13.980469,4.9257812],"rotation":0,"texture":"#2","tintindex":0},"west":{"uv":[7.1875,14.75,7.2148438,14.863281],"rotation":0,"texture":"#2","tintindex":0},"up":{"uv":[11.355469,14.777344,11.25,14.75],"rotation":0,"texture":"#2","tintindex":0},"down":{"uv":[14.855469,11.3125,14.75,11.339844],"rotation":0,"texture":"#2","tintindex":0}}},{"from":[7.774107,8.134548,6.180357],"to":[8.25625,8.777406,6.4214287],"rotation":{"angle":0.0,"axis":"y","origin":[8.055357,8.455977,6.300893]},"faces":{"east":{"uv":[7.0625,14.875,7.0898438,14.9453125],"rotation":0,"texture":"#2","tintindex":0},"south":{"uv":[9.875,14.625,9.9296875,14.6953125],"rotation":0,"texture":"#2","tintindex":0},"north":{"uv":[14.625,9.8125,14.6796875,9.8828125],"rotation":0,"texture":"#2","tintindex":0},"west":{"uv":[7.125,14.875,7.1523438,14.9453125],"rotation":0,"texture":"#2","tintindex":0},"up":{"uv":[1.4296875,15.027344,1.375,15.0],"rotation":0,"texture":"#2","tintindex":0},"down":{"uv":[15.0546875,1.375,15.0,1.4023438],"rotation":0,"texture":"#2","tintindex":0}}},{"from":[7.774107,8.134548,7.707143],"to":[8.25625,8.777406,7.948214],"rotation":{"angle":0.0,"axis":"y","origin":[8.055357,8.455977,7.8276787]},"faces":{"east":{"uv":[14.875,7.125,14.902344,7.1953125],"rotation":0,"texture":"#2","tintindex":0},"south":{"uv":[10.0,14.625,10.0546875,14.6953125],"rotation":0,"texture":"#2","tintindex":0},"north":{"uv":[9.9375,14.625,9.9921875,14.6953125],"rotation":0,"texture":"#2","tintindex":0},"west":{"uv":[7.1875,14.875,7.2148438,14.9453125],"rotation":0,"texture":"#2","tintindex":0},"up":{"uv":[1.4921875,15.027344,1.4375,15.0],"rotation":0,"texture":"#2","tintindex":0},"down":{"uv":[15.0546875,1.4375,15.0,1.4648438],"rotation":0,"texture":"#2","tintindex":0}}},{"from":[7.525,7.0899057,7.707143],"to":[8.489285,8.134548,7.948214],"rotation":{"angle":0.0,"axis":"y","origin":[8.007143,7.732763,8.35]},"faces":{"east":{"uv":[7.25,14.75,7.2773438,14.863281],"rotation":0,"texture":"#2","tintindex":0},"south":{"uv":[13.875,5.1875,13.980469,5.3007812],"rotation":0,"texture":"#2","tintindex":0},"north":{"uv":[13.875,5.0625,13.980469,5.1757812],"rotation":0,"texture":"#2","tintindex":0},"west":{"uv":[14.75,7.25,14.777344,7.3632812],"rotation":0,"texture":"#2","tintindex":0},"up":{"uv":[14.855469,11.402344,14.75,11.375],"rotation":0,"texture":"#2","tintindex":0},"down":{"uv":[11.542969,14.75,11.4375,14.777344],"rotation":0,"texture":"#2","tintindex":0}}}],"display":{"head":{"translation":[0.0,-6.4,0.0],"scale":[4.0,4.0,4.0]}}}