{"textures":{"2":"modelengine:entity/pillars"},"elements":[{"from":[7.5232143,7.280308,6.582143],"to":[8.4875,8.545933,7.5464287],"rotation":{"angle":0.0,"axis":"y","origin":[8.005357,7.76245,7.0642858]},"faces":{"east":{"uv":[13.6875,3.8125,13.792969,3.9492188],"rotation":0,"texture":"#2","tintindex":0},"south":{"uv":[3.875,13.6875,3.9804688,13.824219],"rotation":0,"texture":"#2","tintindex":0},"north":{"uv":[3.75,13.6875,3.8554688,13.824219],"rotation":0,"texture":"#2","tintindex":0},"west":{"uv":[4.0,13.6875,4.1054688,13.824219],"rotation":0,"texture":"#2","tintindex":0},"up":{"uv":[13.355469,14.105469,13.25,14.0],"rotation":0,"texture":"#2","tintindex":0},"down":{"uv":[13.480469,14.0,13.375,14.105469],"rotation":0,"texture":"#2","tintindex":0}}},{"from":[7.3424106,7.280308,6.7026787],"to":[7.5232143,8.063789,7.425893],"rotation":{"angle":0.0,"axis":"y","origin":[7.4629464,7.6720486,7.0642858]},"faces":{"east":{"uv":[12.25,14.1875,12.328125,14.2734375],"rotation":0,"texture":"#2","tintindex":0},"south":{"uv":[11.1875,14.875,11.207031,14.9609375],"rotation":0,"texture":"#2","tintindex":0},"north":{"uv":[14.875,11.125,14.894531,11.2109375],"rotation":0,"texture":"#2","tintindex":0},"west":{"uv":[14.1875,12.3125,14.265625,12.3984375],"rotation":0,"texture":"#2","tintindex":0},"up":{"uv":[14.957031,6.328125,14.9375,6.25],"rotation":0,"texture":"#2","tintindex":0},"down":{"uv":[6.3945312,14.9375,6.375,15.015625],"rotation":0,"texture":"#2","tintindex":0}}},{"from":[7.3424106,8.063789,6.883482],"to":[7.5232143,8.545933,7.245089],"rotation":{"angle":0.0,"axis":"y","origin":[7.4629464,8.304861,7.0642858]},"faces":{"east":{"uv":[14.8125,12.5625,14.8515625,12.6171875],"rotation":0,"texture":"#2","tintindex":0},"south":{"uv":[15.0625,5.4375,15.082031,5.4921875],"rotation":0,"texture":"#2","tintindex":0},"north":{"uv":[15.0625,5.375,15.082031,5.4296875],"rotation":0,"texture":"#2","tintindex":0},"west":{"uv":[12.625,14.8125,12.6640625,14.8671875],"rotation":0,"texture":"#2","tintindex":0},"up":{"uv":[15.144531,12.1640625,15.125,12.125],"rotation":0,"texture":"#2","tintindex":0},"down":{"uv":[12.207031,15.125,12.1875,15.1640625],"rotation":0,"texture":"#2","tintindex":0}}},{"from":[8.4875,7.280308,6.823214],"to":[8.608036,8.063789,7.305357],"rotation":{"angle":0.0,"axis":"y","origin":[8.547768,7.6720486,7.0642858]},"faces":{"east":{"uv":[14.5625,5.8125,14.6171875,5.8984375],"rotation":0,"texture":"#2","tintindex":0},"south":{"uv":[15.0625,7.375,15.074219,7.4609375],"rotation":0,"texture":"#2","tintindex":0},"north":{"uv":[7.375,15.0625,7.3867188,15.1484375],"rotation":0,"texture":"#2","tintindex":0},"west":{"uv":[5.875,14.5625,5.9296875,14.6484375],"rotation":0,"texture":"#2","tintindex":0},"up":{"uv":[9.886719,15.2421875,9.875,15.1875],"rotation":0,"texture":"#2","tintindex":0},"down":{"uv":[15.199219,9.875,15.1875,9.9296875],"rotation":0,"texture":"#2","tintindex":0}}},{"from":[8.4875,8.063789,6.94375],"to":[8.608036,8.545933,7.184821],"rotation":{"angle":0.0,"axis":"y","origin":[8.547768,8.304861,7.0642858]},"faces":{"east":{"uv":[1.5,15.0,1.5273438,15.0546875],"rotation":0,"texture":"#2","tintindex":0},"south":{"uv":[15.1875,9.9375,15.199219,9.9921875],"rotation":0,"texture":"#2","tintindex":0},"north":{"uv":[9.9375,15.1875,9.949219,15.2421875],"rotation":0,"texture":"#2","tintindex":0},"west":{"uv":[15.0,1.5,15.027344,1.5546875],"rotation":0,"texture":"#2","tintindex":0},"up":{"uv":[15.324219,8.214844,15.3125,8.1875],"rotation":0,"texture":"#2","tintindex":0},"down":{"uv":[8.261719,15.3125,8.25,15.339844],"rotation":0,"texture":"#2","tintindex":0}}},{"from":[7.64375,7.280308,6.401339],"to":[8.366964,8.063789,6.582143],"rotation":{"angle":0.0,"axis":"y","origin":[8.005357,7.76245,6.883482]},"faces":{"east":{"uv":[11.25,14.875,11.269531,14.9609375],"rotation":0,"texture":"#2","tintindex":0},"south":{"uv":[14.1875,12.4375,14.265625,12.5234375],"rotation":0,"texture":"#2","tintindex":0},"north":{"uv":[12.375,14.1875,12.453125,14.2734375],"rotation":0,"texture":"#2","tintindex":0},"west":{"uv":[14.875,11.25,14.894531,11.3359375],"rotation":0,"texture":"#2","tintindex":0},"up":{"uv":[15.015625,6.3945312,14.9375,6.375],"rotation":0,"texture":"#2","tintindex":0},"down":{"uv":[15.015625,6.4375,14.9375,6.4570312],"rotation":0,"texture":"#2","tintindex":0}}},{"from":[7.83058,8.063789,6.401339],"to":[8.192187,8.545933,6.582143],"rotation":{"angle":0.0,"axis":"y","origin":[8.041518,8.304861,6.491741]},"faces":{"east":{"uv":[15.0625,5.5,15.082031,5.5546875],"rotation":0,"texture":"#2","tintindex":0},"south":{"uv":[12.6875,14.8125,12.7265625,14.8671875],"rotation":0,"texture":"#2","tintindex":0},"north":{"uv":[14.8125,12.625,14.8515625,12.6796875],"rotation":0,"texture":"#2","tintindex":0},"west":{"uv":[15.0625,5.5625,15.082031,5.6171875],"rotation":0,"texture":"#2","tintindex":0},"up":{"uv":[15.1640625,12.207031,15.125,12.1875],"rotation":0,"texture":"#2","tintindex":0},"down":{"uv":[12.2890625,15.125,12.25,15.144531],"rotation":0,"texture":"#2","tintindex":0}}},{"from":[7.83058,8.063789,7.5464287],"to":[8.192187,8.545933,7.727232],"rotation":{"angle":0.0,"axis":"y","origin":[8.041518,8.304861,7.6368303]},"faces":{"east":{"uv":[15.0625,5.625,15.082031,5.6796875],"rotation":0,"texture":"#2","tintindex":0},"south":{"uv":[14.8125,12.75,14.8515625,12.8046875],"rotation":0,"texture":"#2","tintindex":0},"north":{"uv":[14.8125,12.6875,14.8515625,12.7421875],"rotation":0,"texture":"#2","tintindex":0},"west":{"uv":[15.0625,5.6875,15.082031,5.7421875],"rotation":0,"texture":"#2","tintindex":0},"up":{"uv":[15.1640625,12.269531,15.125,12.25],"rotation":0,"texture":"#2","tintindex":0},"down":{"uv":[12.3515625,15.125,12.3125,15.144531],"rotation":0,"texture":"#2","tintindex":0}}},{"from":[7.64375,7.280308,7.5464287],"to":[8.366964,8.063789,7.727232],"rotation":{"angle":0.0,"axis":"y","origin":[8.005357,7.76245,8.028571]},"faces":{"east":{"uv":[11.3125,14.875,11.332031,14.9609375],"rotation":0,"texture":"#2","tintindex":0},"south":{"uv":[14.1875,12.5625,14.265625,12.6484375],"rotation":0,"texture":"#2","tintindex":0},"north":{"uv":[12.5,14.1875,12.578125,14.2734375],"rotation":0,"texture":"#2","tintindex":0},"west":{"uv":[11.375,14.875,11.394531,14.9609375],"rotation":0,"texture":"#2","tintindex":0},"up":{"uv":[15.015625,6.5195312,14.9375,6.5],"rotation":0,"texture":"#2","tintindex":0},"down":{"uv":[15.015625,6.5625,14.9375,6.5820312],"rotation":0,"texture":"#2","tintindex":0}}}],"display":{"head":{"translation":[0.0,-6.4,0.0],"scale":[4.0,4.0,4.0]}}}