{"textures":{"2":"modelengine:entity/pillars"},"elements":[{"from":[6.5166664,5.754092,0.41428566],"to":[9.516666,9.691592,3.4142857],"rotation":{"angle":0.0,"axis":"y","origin":[8.016666,7.254092,1.9142857]},"faces":{"east":{"uv":[9.8125,3.9375,10.140625,4.3671875],"rotation":0,"texture":"#2","tintindex":0},"south":{"uv":[9.875,4.8125,10.203125,5.2421875],"rotation":0,"texture":"#2","tintindex":0},"north":{"uv":[9.8125,3.5,10.140625,3.9296875],"rotation":0,"texture":"#2","tintindex":0},"west":{"uv":[6.9375,9.875,7.265625,10.3046875],"rotation":0,"texture":"#2","tintindex":0},"up":{"uv":[9.578125,10.953125,9.25,10.625],"rotation":0,"texture":"#2","tintindex":0},"down":{"uv":[11.015625,0.0,10.6875,0.328125],"rotation":0,"texture":"#2","tintindex":0}}},{"from":[5.9541664,5.754092,0.78928566],"to":[6.5166664,8.191592,3.0392857],"rotation":{"angle":0.0,"axis":"y","origin":[6.3291664,6.972842,1.9142857]},"faces":{"east":{"uv":[4.1875,11.75,4.4335938,12.015625],"rotation":0,"texture":"#2","tintindex":0},"south":{"uv":[11.3125,13.625,11.375,13.890625],"rotation":0,"texture":"#2","tintindex":0},"north":{"uv":[11.25,13.625,11.3125,13.890625],"rotation":0,"texture":"#2","tintindex":0},"west":{"uv":[4.4375,11.75,4.6835938,12.015625],"rotation":0,"texture":"#2","tintindex":0},"up":{"uv":[13.125,13.871094,13.0625,13.625],"rotation":0,"texture":"#2","tintindex":0},"down":{"uv":[13.5,13.625,13.4375,13.871094],"rotation":0,"texture":"#2","tintindex":0}}},{"from":[5.9541664,8.191592,1.3517857],"to":[6.5166664,9.691592,2.4767857],"rotation":{"angle":0.0,"axis":"y","origin":[6.3291664,8.941592,1.9142857]},"faces":{"east":{"uv":[12.8125,13.375,12.9375,13.5390625],"rotation":0,"texture":"#2","tintindex":0},"south":{"uv":[14.0625,1.8125,14.125,1.9765625],"rotation":0,"texture":"#2","tintindex":0},"north":{"uv":[14.0625,1.625,14.125,1.7890625],"rotation":0,"texture":"#2","tintindex":0},"west":{"uv":[13.375,12.875,13.5,13.0390625],"rotation":0,"texture":"#2","tintindex":0},"up":{"uv":[13.25,1.625,13.1875,1.5],"rotation":0,"texture":"#2","tintindex":0},"down":{"uv":[12.625,13.25,12.5625,13.375],"rotation":0,"texture":"#2","tintindex":0}}},{"from":[9.516666,5.754092,1.1642857],"to":[9.891666,8.191592,2.6642857],"rotation":{"angle":0.0,"axis":"y","origin":[9.704166,6.972842,1.9142857]},"faces":{"east":{"uv":[3.0625,12.3125,3.2265625,12.578125],"rotation":0,"texture":"#2","tintindex":0},"south":{"uv":[14.0,9.8125,14.042969,10.078125],"rotation":0,"texture":"#2","tintindex":0},"north":{"uv":[14.0,9.5,14.042969,9.765625],"rotation":0,"texture":"#2","tintindex":0},"west":{"uv":[3.25,12.3125,3.4140625,12.578125],"rotation":0,"texture":"#2","tintindex":0},"up":{"uv":[2.7929688,14.3515625,2.75,14.1875],"rotation":0,"texture":"#2","tintindex":0},"down":{"uv":[2.8554688,14.1875,2.8125,14.3515625],"rotation":0,"texture":"#2","tintindex":0}}},{"from":[9.516666,8.191592,1.5392857],"to":[9.891666,9.691592,2.2892857],"rotation":{"angle":0.0,"axis":"y","origin":[9.704166,8.941592,1.9142857]},"faces":{"east":{"uv":[7.5625,13.8125,7.6445312,13.9765625],"rotation":0,"texture":"#2","tintindex":0},"south":{"uv":[14.1875,2.875,14.230469,3.0390625],"rotation":0,"texture":"#2","tintindex":0},"north":{"uv":[2.875,14.1875,2.9179688,14.3515625],"rotation":0,"texture":"#2","tintindex":0},"west":{"uv":[13.8125,7.5625,13.894531,7.7265625],"rotation":0,"texture":"#2","tintindex":0},"up":{"uv":[14.730469,6.4570312,14.6875,6.375],"rotation":0,"texture":"#2","tintindex":0},"down":{"uv":[6.4804688,14.6875,6.4375,14.769531],"rotation":0,"texture":"#2","tintindex":0}}},{"from":[6.8916664,5.754092,-0.14821434],"to":[9.141666,8.191592,0.41428566],"rotation":{"angle":0.0,"axis":"y","origin":[8.016666,7.254092,1.3517857]},"faces":{"east":{"uv":[11.375,13.625,11.4375,13.890625],"rotation":0,"texture":"#2","tintindex":0},"south":{"uv":[11.75,7.6875,11.996094,7.953125],"rotation":0,"texture":"#2","tintindex":0},"north":{"uv":[11.75,4.8125,11.996094,5.078125],"rotation":0,"texture":"#2","tintindex":0},"west":{"uv":[13.625,11.375,13.6875,11.640625],"rotation":0,"texture":"#2","tintindex":0},"up":{"uv":[13.933594,1.9375,13.6875,1.875],"rotation":0,"texture":"#2","tintindex":0},"down":{"uv":[13.933594,1.9375,13.6875,2.0],"rotation":0,"texture":"#2","tintindex":0}}},{"from":[7.4729166,8.191592,-0.14821434],"to":[8.597917,9.691592,0.41428566],"rotation":{"angle":0.0,"axis":"y","origin":[8.129167,8.941592,0.13303566]},"faces":{"east":{"uv":[1.875,14.0625,1.9375,14.2265625],"rotation":0,"texture":"#2","tintindex":0},"south":{"uv":[13.4375,0.9375,13.5625,1.1015625],"rotation":0,"texture":"#2","tintindex":0},"north":{"uv":[13.4375,0.75,13.5625,0.9140625],"rotation":0,"texture":"#2","tintindex":0},"west":{"uv":[1.9375,14.0625,2.0,14.2265625],"rotation":0,"texture":"#2","tintindex":0},"up":{"uv":[14.25,10.6875,14.125,10.625],"rotation":0,"texture":"#2","tintindex":0},"down":{"uv":[14.25,10.6875,14.125,10.75],"rotation":0,"texture":"#2","tintindex":0}}},{"from":[7.4729166,8.191592,3.4142857],"to":[8.597917,9.691592,3.9767857],"rotation":{"angle":0.0,"axis":"y","origin":[8.129167,8.941592,3.6955357]},"faces":{"east":{"uv":[2.0,14.0625,2.0625,14.2265625],"rotation":0,"texture":"#2","tintindex":0},"south":{"uv":[5.375,13.4375,5.5,13.6015625],"rotation":0,"texture":"#2","tintindex":0},"north":{"uv":[5.25,13.4375,5.375,13.6015625],"rotation":0,"texture":"#2","tintindex":0},"west":{"uv":[2.0625,14.0625,2.125,14.2265625],"rotation":0,"texture":"#2","tintindex":0},"up":{"uv":[14.25,11.0,14.125,10.9375],"rotation":0,"texture":"#2","tintindex":0},"down":{"uv":[14.25,11.0,14.125,11.0625],"rotation":0,"texture":"#2","tintindex":0}}},{"from":[6.8916664,5.754092,3.4142857],"to":[9.141666,8.191592,3.9767857],"rotation":{"angle":0.0,"axis":"y","origin":[8.016666,7.254092,4.9142857]},"faces":{"east":{"uv":[11.4375,13.625,11.5,13.890625],"rotation":0,"texture":"#2","tintindex":0},"south":{"uv":[11.75,8.3125,11.996094,8.578125],"rotation":0,"texture":"#2","tintindex":0},"north":{"uv":[11.75,8.0,11.996094,8.265625],"rotation":0,"texture":"#2","tintindex":0},"west":{"uv":[11.5,13.625,11.5625,13.890625],"rotation":0,"texture":"#2","tintindex":0},"up":{"uv":[13.933594,2.0625,13.6875,2.0],"rotation":0,"texture":"#2","tintindex":0},"down":{"uv":[13.933594,2.0625,13.6875,2.125],"rotation":0,"texture":"#2","tintindex":0}}}],"display":{"head":{"translation":[0.0,-6.4,0.0],"scale":[4.0,4.0,4.0]}}}