{"textures":{"2":"modelengine:entity/pillars"},"elements":[{"from":[7.152381,6.778894,6.207143],"to":[8.866667,9.028894,7.9214287],"rotation":{"angle":0.0,"axis":"y","origin":[8.009523,7.636037,7.0642858]},"faces":{"east":{"uv":[3.625,12.0625,3.8125,12.308594],"rotation":0,"texture":"#2","tintindex":0},"south":{"uv":[3.8125,12.0625,4.0,12.308594],"rotation":0,"texture":"#2","tintindex":0},"north":{"uv":[12.0625,3.5625,12.25,3.8085938],"rotation":0,"texture":"#2","tintindex":0},"west":{"uv":[12.0625,3.8125,12.25,4.0585938],"rotation":0,"texture":"#2","tintindex":0},"up":{"uv":[12.8125,2.9375,12.625,2.75],"rotation":0,"texture":"#2","tintindex":0},"down":{"uv":[12.875,0.75,12.6875,0.9375],"rotation":0,"texture":"#2","tintindex":0}}},{"from":[6.830952,6.778894,6.4214287],"to":[7.152381,8.171751,7.707143],"rotation":{"angle":0.0,"axis":"y","origin":[7.045238,7.4753222,7.0642858]},"faces":{"east":{"uv":[0.375,13.3125,0.515625,13.464844],"rotation":0,"texture":"#2","tintindex":0},"south":{"uv":[8.8125,14.4375,8.847656,14.589844],"rotation":0,"texture":"#2","tintindex":0},"north":{"uv":[8.75,14.4375,8.785156,14.589844],"rotation":0,"texture":"#2","tintindex":0},"west":{"uv":[0.5625,13.3125,0.703125,13.464844],"rotation":0,"texture":"#2","tintindex":0},"up":{"uv":[14.535156,9.078125,14.5,8.9375],"rotation":0,"texture":"#2","tintindex":0},"down":{"uv":[14.535156,9.125,14.5,9.265625],"rotation":0,"texture":"#2","tintindex":0}}},{"from":[6.830952,8.171751,6.742857],"to":[7.152381,9.028894,7.385714],"rotation":{"angle":0.0,"axis":"y","origin":[7.045238,8.600323,7.0642858]},"faces":{"east":{"uv":[14.25,10.875,14.3203125,10.96875],"rotation":0,"texture":"#2","tintindex":0},"south":{"uv":[14.75,1.25,14.785156,1.34375],"rotation":0,"texture":"#2","tintindex":0},"north":{"uv":[14.75,1.125,14.785156,1.21875],"rotation":0,"texture":"#2","tintindex":0},"west":{"uv":[11.0,14.25,11.0703125,14.34375],"rotation":0,"texture":"#2","tintindex":0},"up":{"uv":[14.847656,2.4453125,14.8125,2.375],"rotation":0,"texture":"#2","tintindex":0},"down":{"uv":[2.4726562,14.8125,2.4375,14.8828125],"rotation":0,"texture":"#2","tintindex":0}}},{"from":[8.866667,6.778894,6.635714],"to":[9.080953,8.171751,7.492857],"rotation":{"angle":0.0,"axis":"y","origin":[8.973809,7.4753222,7.0642858]},"faces":{"east":{"uv":[13.6875,8.5625,13.78125,8.714844],"rotation":0,"texture":"#2","tintindex":0},"south":{"uv":[4.9375,14.6875,4.9609375,14.839844],"rotation":0,"texture":"#2","tintindex":0},"north":{"uv":[14.6875,4.6875,14.7109375,4.8398438],"rotation":0,"texture":"#2","tintindex":0},"west":{"uv":[13.6875,8.75,13.78125,8.902344],"rotation":0,"texture":"#2","tintindex":0},"up":{"uv":[9.8984375,14.90625,9.875,14.8125],"rotation":0,"texture":"#2","tintindex":0},"down":{"uv":[14.8359375,9.875,14.8125,9.96875],"rotation":0,"texture":"#2","tintindex":0}}},{"from":[8.866667,8.171751,6.85],"to":[9.080953,9.028894,7.278571],"rotation":{"angle":0.0,"axis":"y","origin":[8.973809,8.600323,7.0642858]},"faces":{"east":{"uv":[3.25,14.625,3.296875,14.71875],"rotation":0,"texture":"#2","tintindex":0},"south":{"uv":[10.0,14.8125,10.0234375,14.90625],"rotation":0,"texture":"#2","tintindex":0},"north":{"uv":[9.9375,14.8125,9.9609375,14.90625],"rotation":0,"texture":"#2","tintindex":0},"west":{"uv":[3.3125,14.625,3.359375,14.71875],"rotation":0,"texture":"#2","tintindex":0},"up":{"uv":[2.5234375,15.109375,2.5,15.0625],"rotation":0,"texture":"#2","tintindex":0},"down":{"uv":[15.0859375,2.5,15.0625,2.546875],"rotation":0,"texture":"#2","tintindex":0}}},{"from":[7.366667,6.778894,5.885714],"to":[8.652381,8.171751,6.207143],"rotation":{"angle":0.0,"axis":"y","origin":[8.009523,7.636037,6.742857]},"faces":{"east":{"uv":[8.875,14.4375,8.910156,14.589844],"rotation":0,"texture":"#2","tintindex":0},"south":{"uv":[13.3125,1.25,13.453125,1.4023438],"rotation":0,"texture":"#2","tintindex":0},"north":{"uv":[1.125,13.3125,1.265625,13.464844],"rotation":0,"texture":"#2","tintindex":0},"west":{"uv":[8.9375,14.4375,8.972656,14.589844],"rotation":0,"texture":"#2","tintindex":0},"up":{"uv":[14.640625,9.347656,14.5,9.3125],"rotation":0,"texture":"#2","tintindex":0},"down":{"uv":[14.640625,9.375,14.5,9.410156],"rotation":0,"texture":"#2","tintindex":0}}},{"from":[7.6988096,8.171751,5.885714],"to":[8.341666,9.028894,6.207143],"rotation":{"angle":0.0,"axis":"y","origin":[8.07381,8.600323,6.0464287]},"faces":{"east":{"uv":[14.75,1.375,14.785156,1.46875],"rotation":0,"texture":"#2","tintindex":0},"south":{"uv":[11.4375,14.25,11.5078125,14.34375],"rotation":0,"texture":"#2","tintindex":0},"north":{"uv":[14.25,11.1875,14.3203125,11.28125],"rotation":0,"texture":"#2","tintindex":0},"west":{"uv":[1.5,14.75,1.5351562,14.84375],"rotation":0,"texture":"#2","tintindex":0},"up":{"uv":[2.5703125,14.847656,2.5,14.8125],"rotation":0,"texture":"#2","tintindex":0},"down":{"uv":[14.8828125,2.5,14.8125,2.5351562],"rotation":0,"texture":"#2","tintindex":0}}},{"from":[7.6988096,8.171751,7.9214287],"to":[8.341666,9.028894,8.242857],"rotation":{"angle":0.0,"axis":"y","origin":[8.07381,8.600323,8.082143]},"faces":{"east":{"uv":[14.75,1.5,14.785156,1.59375],"rotation":0,"texture":"#2","tintindex":0},"south":{"uv":[13.75,14.25,13.8203125,14.34375],"rotation":0,"texture":"#2","tintindex":0},"north":{"uv":[14.25,12.8125,14.3203125,12.90625],"rotation":0,"texture":"#2","tintindex":0},"west":{"uv":[14.75,1.625,14.785156,1.71875],"rotation":0,"texture":"#2","tintindex":0},"up":{"uv":[14.8828125,2.5976562,14.8125,2.5625],"rotation":0,"texture":"#2","tintindex":0},"down":{"uv":[2.6953125,14.8125,2.625,14.847656],"rotation":0,"texture":"#2","tintindex":0}}},{"from":[7.366667,6.778894,7.9214287],"to":[8.652381,8.171751,8.242857],"rotation":{"angle":0.0,"axis":"y","origin":[8.009523,7.636037,8.778571]},"faces":{"east":{"uv":[9.0,14.4375,9.035156,14.589844],"rotation":0,"texture":"#2","tintindex":0},"south":{"uv":[13.3125,1.75,13.453125,1.9023438],"rotation":0,"texture":"#2","tintindex":0},"north":{"uv":[1.3125,13.3125,1.453125,13.464844],"rotation":0,"texture":"#2","tintindex":0},"west":{"uv":[9.0625,14.4375,9.097656,14.589844],"rotation":0,"texture":"#2","tintindex":0},"up":{"uv":[14.640625,9.472656,14.5,9.4375],"rotation":0,"texture":"#2","tintindex":0},"down":{"uv":[14.640625,9.5,14.5,9.535156],"rotation":0,"texture":"#2","tintindex":0}}}],"display":{"head":{"translation":[0.0,-6.4,0.0],"scale":[4.0,4.0,4.0]}}}