{"textures":{"2":"modelengine:entity/pillars"},"elements":[{"from":[6.022222,5.0283976,-0.08571434],"to":[10.0222225,10.2783985,3.9142857],"rotation":{"angle":0.0,"axis":"y","origin":[8.0222225,7.0283976,1.9142857]},"faces":{"east":{"uv":[7.8125,0.0,8.25,0.57421875],"rotation":0,"texture":"#2","tintindex":0},"south":{"uv":[7.8125,3.625,8.25,4.1992188],"rotation":0,"texture":"#2","tintindex":0},"north":{"uv":[7.6875,6.875,8.125,7.4492188],"rotation":0,"texture":"#2","tintindex":0},"west":{"uv":[7.8125,4.25,8.25,4.8242188],"rotation":0,"texture":"#2","tintindex":0},"up":{"uv":[9.125,0.4375,8.6875,0.0],"rotation":0,"texture":"#2","tintindex":0},"down":{"uv":[2.125,8.6875,1.6875,9.125],"rotation":0,"texture":"#2","tintindex":0}}},{"from":[5.272222,5.0283976,0.41428566],"to":[6.022222,8.278398,3.4142857],"rotation":{"angle":0.0,"axis":"y","origin":[5.772222,6.6533976,1.9142857]},"faces":{"east":{"uv":[10.1875,2.0625,10.515625,2.4179688],"rotation":0,"texture":"#2","tintindex":0},"south":{"uv":[4.625,12.875,4.7070312,13.230469],"rotation":0,"texture":"#2","tintindex":0},"north":{"uv":[4.5,12.875,4.5820312,13.230469],"rotation":0,"texture":"#2","tintindex":0},"west":{"uv":[2.4375,10.1875,2.765625,10.542969],"rotation":0,"texture":"#2","tintindex":0},"up":{"uv":[12.207031,13.265625,12.125,12.9375],"rotation":0,"texture":"#2","tintindex":0},"down":{"uv":[13.019531,12.3125,12.9375,12.640625],"rotation":0,"texture":"#2","tintindex":0}}},{"from":[5.272222,8.278398,1.1642857],"to":[6.022222,10.2783985,2.6642857],"rotation":{"angle":0.0,"axis":"y","origin":[5.772222,9.278398,1.9142857]},"faces":{"east":{"uv":[12.625,1.5,12.7890625,1.71875],"rotation":0,"texture":"#2","tintindex":0},"south":{"uv":[0.1875,13.5625,0.26953125,13.78125],"rotation":0,"texture":"#2","tintindex":0},"north":{"uv":[13.5,13.4375,13.582031,13.65625],"rotation":0,"texture":"#2","tintindex":0},"west":{"uv":[1.625,12.625,1.7890625,12.84375],"rotation":0,"texture":"#2","tintindex":0},"up":{"uv":[13.832031,13.8515625,13.75,13.6875],"rotation":0,"texture":"#2","tintindex":0},"down":{"uv":[13.894531,0.0,13.8125,0.1640625],"rotation":0,"texture":"#2","tintindex":0}}},{"from":[10.0222225,5.0283976,0.91428566],"to":[10.5222225,8.278398,2.9142857],"rotation":{"angle":0.0,"axis":"y","origin":[10.2722225,6.6533976,1.9142857]},"faces":{"east":{"uv":[11.3125,3.75,11.53125,4.1054688],"rotation":0,"texture":"#2","tintindex":0},"south":{"uv":[8.125,9.1875,8.1796875,9.542969],"rotation":0,"texture":"#2","tintindex":0},"north":{"uv":[8.9375,1.9375,8.9921875,2.2929688],"rotation":0,"texture":"#2","tintindex":0},"west":{"uv":[11.3125,5.375,11.53125,5.7304688],"rotation":0,"texture":"#2","tintindex":0},"up":{"uv":[13.8671875,8.78125,13.8125,8.5625],"rotation":0,"texture":"#2","tintindex":0},"down":{"uv":[8.6796875,13.8125,8.625,14.03125],"rotation":0,"texture":"#2","tintindex":0}}},{"from":[10.0222225,8.278398,1.4142857],"to":[10.5222225,10.2783985,2.4142857],"rotation":{"angle":0.0,"axis":"y","origin":[10.2722225,9.278398,1.9142857]},"faces":{"east":{"uv":[2.375,13.25,2.484375,13.46875],"rotation":0,"texture":"#2","tintindex":0},"south":{"uv":[9.0625,13.8125,9.1171875,14.03125],"rotation":0,"texture":"#2","tintindex":0},"north":{"uv":[13.8125,8.8125,13.8671875,9.03125],"rotation":0,"texture":"#2","tintindex":0},"west":{"uv":[2.5,13.25,2.609375,13.46875],"rotation":0,"texture":"#2","tintindex":0},"up":{"uv":[0.1796875,13.796875,0.125,13.6875],"rotation":0,"texture":"#2","tintindex":0},"down":{"uv":[13.7421875,4.0,13.6875,4.109375],"rotation":0,"texture":"#2","tintindex":0}}},{"from":[6.522222,5.0283976,-0.83571434],"to":[9.5222225,8.278398,-0.08571434],"rotation":{"angle":0.0,"axis":"y","origin":[8.0222225,7.0283976,1.1642857]},"faces":{"east":{"uv":[4.75,12.875,4.8320312,13.230469],"rotation":0,"texture":"#2","tintindex":0},"south":{"uv":[2.8125,10.1875,3.140625,10.542969],"rotation":0,"texture":"#2","tintindex":0},"north":{"uv":[10.1875,2.4375,10.515625,2.7929688],"rotation":0,"texture":"#2","tintindex":0},"west":{"uv":[5.5625,12.875,5.6445312,13.230469],"rotation":0,"texture":"#2","tintindex":0},"up":{"uv":[13.328125,0.08203125,13.0,0.0],"rotation":0,"texture":"#2","tintindex":0},"down":{"uv":[13.328125,0.125,13.0,0.20703125],"rotation":0,"texture":"#2","tintindex":0}}},{"from":[7.297222,8.278398,-0.83571434],"to":[8.797222,10.2783985,-0.08571434],"rotation":{"angle":0.0,"axis":"y","origin":[8.172222,9.278398,-0.46071434]},"faces":{"east":{"uv":[0.6875,13.5625,0.76953125,13.78125],"rotation":0,"texture":"#2","tintindex":0},"south":{"uv":[2.0,12.625,2.1640625,12.84375],"rotation":0,"texture":"#2","tintindex":0},"north":{"uv":[1.8125,12.625,1.9765625,12.84375],"rotation":0,"texture":"#2","tintindex":0},"west":{"uv":[13.5625,0.75,13.644531,0.96875],"rotation":0,"texture":"#2","tintindex":0},"up":{"uv":[0.2890625,13.894531,0.125,13.8125],"rotation":0,"texture":"#2","tintindex":0},"down":{"uv":[13.9765625,0.1875,13.8125,0.26953125],"rotation":0,"texture":"#2","tintindex":0}}},{"from":[7.297222,8.278398,3.9142857],"to":[8.797222,10.2783985,4.6642857],"rotation":{"angle":0.0,"axis":"y","origin":[8.172222,9.278398,4.2892857]},"faces":{"east":{"uv":[0.8125,13.5625,0.89453125,13.78125],"rotation":0,"texture":"#2","tintindex":0},"south":{"uv":[2.375,12.625,2.5390625,12.84375],"rotation":0,"texture":"#2","tintindex":0},"north":{"uv":[2.1875,12.625,2.3515625,12.84375],"rotation":0,"texture":"#2","tintindex":0},"west":{"uv":[0.9375,13.5625,1.0195312,13.78125],"rotation":0,"texture":"#2","tintindex":0},"up":{"uv":[13.9765625,0.39453125,13.8125,0.3125],"rotation":0,"texture":"#2","tintindex":0},"down":{"uv":[0.8515625,13.8125,0.6875,13.894531],"rotation":0,"texture":"#2","tintindex":0}}},{"from":[6.522222,5.0283976,3.9142857],"to":[9.5222225,8.278398,4.6642857],"rotation":{"angle":0.0,"axis":"y","origin":[8.0222225,7.0283976,5.9142857]},"faces":{"east":{"uv":[5.6875,12.875,5.7695312,13.230469],"rotation":0,"texture":"#2","tintindex":0},"south":{"uv":[10.1875,3.1875,10.515625,3.5429688],"rotation":0,"texture":"#2","tintindex":0},"north":{"uv":[10.1875,2.8125,10.515625,3.1679688],"rotation":0,"texture":"#2","tintindex":0},"west":{"uv":[12.875,6.0,12.957031,6.3554688],"rotation":0,"texture":"#2","tintindex":0},"up":{"uv":[13.328125,0.33203125,13.0,0.25],"rotation":0,"texture":"#2","tintindex":0},"down":{"uv":[13.328125,0.375,13.0,0.45703125],"rotation":0,"texture":"#2","tintindex":0}}}],"display":{"head":{"translation":[0.0,-6.4,0.0],"scale":[4.0,4.0,4.0]}}}