{"textures":{"2":"modelengine:entity/pillars"},"elements":[{"from":[7.5761905,7.43533,2.017857],"to":[8.433333,8.560329,2.875],"rotation":{"angle":0.0,"axis":"y","origin":[8.004762,7.863901,2.4464283]},"faces":{"east":{"uv":[0.5,14.0,0.59375,14.125],"rotation":0,"texture":"#2","tintindex":0},"south":{"uv":[0.8125,14.0,0.90625,14.125],"rotation":0,"texture":"#2","tintindex":0},"north":{"uv":[14.0,0.25,14.09375,0.375],"rotation":0,"texture":"#2","tintindex":0},"west":{"uv":[14.0,0.9375,14.09375,1.0625],"rotation":0,"texture":"#2","tintindex":0},"up":{"uv":[14.15625,12.15625,14.0625,12.0625],"rotation":0,"texture":"#2","tintindex":0},"down":{"uv":[12.21875,14.0625,12.125,14.15625],"rotation":0,"texture":"#2","tintindex":0}}},{"from":[7.4154763,7.43533,2.1249995],"to":[7.5761905,8.131759,2.767857],"rotation":{"angle":0.0,"axis":"y","origin":[7.5226192,7.783544,2.4464283]},"faces":{"east":{"uv":[13.875,14.375,13.9453125,14.453125],"rotation":0,"texture":"#2","tintindex":0},"south":{"uv":[10.0,14.9375,10.019531,15.015625],"rotation":0,"texture":"#2","tintindex":0},"north":{"uv":[14.9375,9.9375,14.957031,10.015625],"rotation":0,"texture":"#2","tintindex":0},"west":{"uv":[14.375,14.1875,14.4453125,14.265625],"rotation":0,"texture":"#2","tintindex":0},"up":{"uv":[8.894531,15.0703125,8.875,15.0],"rotation":0,"texture":"#2","tintindex":0},"down":{"uv":[15.019531,9.0,15.0,9.0703125],"rotation":0,"texture":"#2","tintindex":0}}},{"from":[7.4154763,8.131759,2.2857141],"to":[7.5761905,8.560329,2.6071424],"rotation":{"angle":0.0,"axis":"y","origin":[7.5226192,8.346045,2.4464283]},"faces":{"east":{"uv":[1.875,14.9375,1.9101562,14.984375],"rotation":0,"texture":"#2","tintindex":0},"south":{"uv":[6.625,15.125,6.6445312,15.171875],"rotation":0,"texture":"#2","tintindex":0},"north":{"uv":[15.125,6.5625,15.144531,6.609375],"rotation":0,"texture":"#2","tintindex":0},"west":{"uv":[14.9375,1.875,14.972656,1.921875],"rotation":0,"texture":"#2","tintindex":0},"up":{"uv":[2.7695312,15.222656,2.75,15.1875],"rotation":0,"texture":"#2","tintindex":0},"down":{"uv":[15.207031,2.75,15.1875,2.7851562],"rotation":0,"texture":"#2","tintindex":0}}},{"from":[8.433333,7.43533,2.2321424],"to":[8.540476,8.131759,2.6607141],"rotation":{"angle":0.0,"axis":"y","origin":[8.486905,7.783544,2.4464283]},"faces":{"east":{"uv":[1.125,14.6875,1.171875,14.765625],"rotation":0,"texture":"#2","tintindex":0},"south":{"uv":[6.6875,15.125,6.6992188,15.203125],"rotation":0,"texture":"#2","tintindex":0},"north":{"uv":[15.125,6.625,15.136719,6.703125],"rotation":0,"texture":"#2","tintindex":0},"west":{"uv":[14.6875,1.125,14.734375,1.203125],"rotation":0,"texture":"#2","tintindex":0},"up":{"uv":[2.0117188,15.296875,2.0,15.25],"rotation":0,"texture":"#2","tintindex":0},"down":{"uv":[15.261719,2.0,15.25,2.046875],"rotation":0,"texture":"#2","tintindex":0}}},{"from":[8.433333,8.131759,2.3392854],"to":[8.540476,8.560329,2.5535712],"rotation":{"angle":0.0,"axis":"y","origin":[8.486905,8.346045,2.4464283]},"faces":{"east":{"uv":[3.1875,15.0625,3.2109375,15.109375],"rotation":0,"texture":"#2","tintindex":0},"south":{"uv":[15.25,2.0625,15.261719,2.109375],"rotation":0,"texture":"#2","tintindex":0},"north":{"uv":[2.0625,15.25,2.0742188,15.296875],"rotation":0,"texture":"#2","tintindex":0},"west":{"uv":[15.0625,3.1875,15.0859375,3.234375],"rotation":0,"texture":"#2","tintindex":0},"up":{"uv":[6.8242188,15.3984375,6.8125,15.375],"rotation":0,"texture":"#2","tintindex":0},"down":{"uv":[15.386719,6.8125,15.375,6.8359375],"rotation":0,"texture":"#2","tintindex":0}}},{"from":[7.6833334,7.43533,1.8571424],"to":[8.326191,8.131759,2.017857],"rotation":{"angle":0.0,"axis":"y","origin":[8.004762,7.863901,2.2857141]},"faces":{"east":{"uv":[10.0625,14.9375,10.082031,15.015625],"rotation":0,"texture":"#2","tintindex":0},"south":{"uv":[0.0,14.4375,0.0703125,14.515625],"rotation":0,"texture":"#2","tintindex":0},"north":{"uv":[14.375,14.3125,14.4453125,14.390625],"rotation":0,"texture":"#2","tintindex":0},"west":{"uv":[14.9375,10.0625,14.957031,10.140625],"rotation":0,"texture":"#2","tintindex":0},"up":{"uv":[15.0703125,9.144531,15.0,9.125],"rotation":0,"texture":"#2","tintindex":0},"down":{"uv":[15.0703125,9.1875,15.0,9.207031],"rotation":0,"texture":"#2","tintindex":0}}},{"from":[7.849405,8.131759,1.8571424],"to":[8.170834,8.560329,2.017857],"rotation":{"angle":0.0,"axis":"y","origin":[8.036904,8.346045,1.9374995]},"faces":{"east":{"uv":[6.75,15.125,6.7695312,15.171875],"rotation":0,"texture":"#2","tintindex":0},"south":{"uv":[14.9375,1.9375,14.972656,1.984375],"rotation":0,"texture":"#2","tintindex":0},"north":{"uv":[1.9375,14.9375,1.9726562,14.984375],"rotation":0,"texture":"#2","tintindex":0},"west":{"uv":[15.125,6.75,15.144531,6.796875],"rotation":0,"texture":"#2","tintindex":0},"up":{"uv":[2.8476562,15.207031,2.8125,15.1875],"rotation":0,"texture":"#2","tintindex":0},"down":{"uv":[15.222656,2.8125,15.1875,2.8320312],"rotation":0,"texture":"#2","tintindex":0}}},{"from":[7.849405,8.131759,2.875],"to":[8.170834,8.560329,3.0357141],"rotation":{"angle":0.0,"axis":"y","origin":[8.036904,8.346045,2.955357]},"faces":{"east":{"uv":[6.8125,15.125,6.8320312,15.171875],"rotation":0,"texture":"#2","tintindex":0},"south":{"uv":[14.9375,2.0,14.972656,2.046875],"rotation":0,"texture":"#2","tintindex":0},"north":{"uv":[2.0,14.9375,2.0351562,14.984375],"rotation":0,"texture":"#2","tintindex":0},"west":{"uv":[15.125,6.8125,15.144531,6.859375],"rotation":0,"texture":"#2","tintindex":0},"up":{"uv":[2.9101562,15.207031,2.875,15.1875],"rotation":0,"texture":"#2","tintindex":0},"down":{"uv":[15.222656,2.875,15.1875,2.8945312],"rotation":0,"texture":"#2","tintindex":0}}},{"from":[7.6833334,7.43533,2.875],"to":[8.326191,8.131759,3.0357141],"rotation":{"angle":0.0,"axis":"y","origin":[8.004762,7.863901,3.3035712]},"faces":{"east":{"uv":[10.125,14.9375,10.144531,15.015625],"rotation":0,"texture":"#2","tintindex":0},"south":{"uv":[14.4375,0.375,14.5078125,0.453125],"rotation":0,"texture":"#2","tintindex":0},"north":{"uv":[0.125,14.4375,0.1953125,14.515625],"rotation":0,"texture":"#2","tintindex":0},"west":{"uv":[10.1875,14.9375,10.207031,15.015625],"rotation":0,"texture":"#2","tintindex":0},"up":{"uv":[15.0703125,9.269531,15.0,9.25],"rotation":0,"texture":"#2","tintindex":0},"down":{"uv":[15.0703125,9.3125,15.0,9.332031],"rotation":0,"texture":"#2","tintindex":0}}}],"display":{"head":{"translation":[0.0,-6.4,0.0],"scale":[4.0,4.0,4.0]}}}