{"textures":{"2":"modelengine:entity/pillars"},"elements":[{"from":[6.022222,5.0283976,-0.08571434],"to":[10.0222225,10.2783985,3.9142857],"rotation":{"angle":0.0,"axis":"y","origin":[8.0222225,7.0283976,1.9142857]},"faces":{"east":{"uv":[5.4375,8.0,5.875,8.574219],"rotation":0,"texture":"#2","tintindex":0},"south":{"uv":[8.0,7.5,8.4375,8.074219],"rotation":0,"texture":"#2","tintindex":0},"north":{"uv":[5.0,8.0,5.4375,8.574219],"rotation":0,"texture":"#2","tintindex":0},"west":{"uv":[8.0625,0.625,8.5,1.1992188],"rotation":0,"texture":"#2","tintindex":0},"up":{"uv":[9.125,4.625,8.6875,4.1875],"rotation":0,"texture":"#2","tintindex":0},"down":{"uv":[9.125,4.625,8.6875,5.0625],"rotation":0,"texture":"#2","tintindex":0}}},{"from":[5.272222,5.0283976,0.41428566],"to":[6.022222,8.278398,3.4142857],"rotation":{"angle":0.0,"axis":"y","origin":[5.772222,6.6533976,1.9142857]},"faces":{"east":{"uv":[3.6875,10.375,4.015625,10.730469],"rotation":0,"texture":"#2","tintindex":0},"south":{"uv":[12.875,10.3125,12.957031,10.667969],"rotation":0,"texture":"#2","tintindex":0},"north":{"uv":[12.875,9.9375,12.957031,10.292969],"rotation":0,"texture":"#2","tintindex":0},"west":{"uv":[4.0625,10.375,4.390625,10.730469],"rotation":0,"texture":"#2","tintindex":0},"up":{"uv":[7.5195312,13.328125,7.4375,13.0],"rotation":0,"texture":"#2","tintindex":0},"down":{"uv":[7.9570312,13.0,7.875,13.328125],"rotation":0,"texture":"#2","tintindex":0}}},{"from":[5.272222,8.278398,1.1642857],"to":[6.022222,10.2783985,2.6642857],"rotation":{"angle":0.0,"axis":"y","origin":[5.772222,9.278398,1.9142857]},"faces":{"east":{"uv":[12.625,5.3125,12.7890625,5.53125],"rotation":0,"texture":"#2","tintindex":0},"south":{"uv":[6.875,13.5625,6.9570312,13.78125],"rotation":0,"texture":"#2","tintindex":0},"north":{"uv":[6.75,13.5625,6.8320312,13.78125],"rotation":0,"texture":"#2","tintindex":0},"west":{"uv":[12.625,5.5625,12.7890625,5.78125],"rotation":0,"texture":"#2","tintindex":0},"up":{"uv":[4.3320312,13.9765625,4.25,13.8125],"rotation":0,"texture":"#2","tintindex":0},"down":{"uv":[4.4570312,13.8125,4.375,13.9765625],"rotation":0,"texture":"#2","tintindex":0}}},{"from":[10.0222225,5.0283976,0.91428566],"to":[10.5222225,8.278398,2.9142857],"rotation":{"angle":0.0,"axis":"y","origin":[10.2722225,6.6533976,1.9142857]},"faces":{"east":{"uv":[3.1875,11.375,3.40625,11.730469],"rotation":0,"texture":"#2","tintindex":0},"south":{"uv":[1.375,11.1875,1.4296875,11.542969],"rotation":0,"texture":"#2","tintindex":0},"north":{"uv":[1.0625,10.125,1.1171875,10.480469],"rotation":0,"texture":"#2","tintindex":0},"west":{"uv":[11.375,4.125,11.59375,4.4804688],"rotation":0,"texture":"#2","tintindex":0},"up":{"uv":[10.0546875,14.03125,10.0,13.8125],"rotation":0,"texture":"#2","tintindex":0},"down":{"uv":[10.1171875,13.8125,10.0625,14.03125],"rotation":0,"texture":"#2","tintindex":0}}},{"from":[10.0222225,8.278398,1.4142857],"to":[10.5222225,10.2783985,2.4142857],"rotation":{"angle":0.0,"axis":"y","origin":[10.2722225,9.278398,1.9142857]},"faces":{"east":{"uv":[3.125,13.25,3.234375,13.46875],"rotation":0,"texture":"#2","tintindex":0},"south":{"uv":[10.125,13.8125,10.1796875,14.03125],"rotation":0,"texture":"#2","tintindex":0},"north":{"uv":[13.8125,10.0625,13.8671875,10.28125],"rotation":0,"texture":"#2","tintindex":0},"west":{"uv":[4.375,13.25,4.484375,13.46875],"rotation":0,"texture":"#2","tintindex":0},"up":{"uv":[0.5546875,14.484375,0.5,14.375],"rotation":0,"texture":"#2","tintindex":0},"down":{"uv":[14.4296875,0.5,14.375,0.609375],"rotation":0,"texture":"#2","tintindex":0}}},{"from":[6.522222,5.0283976,-0.83571434],"to":[9.5222225,8.278398,-0.08571434],"rotation":{"angle":0.0,"axis":"y","origin":[8.0222225,7.0283976,1.1642857]},"faces":{"east":{"uv":[10.4375,12.875,10.519531,13.230469],"rotation":0,"texture":"#2","tintindex":0},"south":{"uv":[4.8125,10.375,5.140625,10.730469],"rotation":0,"texture":"#2","tintindex":0},"north":{"uv":[4.4375,10.375,4.765625,10.730469],"rotation":0,"texture":"#2","tintindex":0},"west":{"uv":[12.875,10.6875,12.957031,11.042969],"rotation":0,"texture":"#2","tintindex":0},"up":{"uv":[8.328125,13.082031,8.0,13.0],"rotation":0,"texture":"#2","tintindex":0},"down":{"uv":[8.703125,13.0,8.375,13.082031],"rotation":0,"texture":"#2","tintindex":0}}},{"from":[7.297222,8.278398,-0.83571434],"to":[8.797222,10.2783985,-0.08571434],"rotation":{"angle":0.0,"axis":"y","origin":[8.172222,9.278398,-0.46071434]},"faces":{"east":{"uv":[7.0,13.5625,7.0820312,13.78125],"rotation":0,"texture":"#2","tintindex":0},"south":{"uv":[6.375,12.625,6.5390625,12.84375],"rotation":0,"texture":"#2","tintindex":0},"north":{"uv":[5.625,12.625,5.7890625,12.84375],"rotation":0,"texture":"#2","tintindex":0},"west":{"uv":[7.125,13.5625,7.2070312,13.78125],"rotation":0,"texture":"#2","tintindex":0},"up":{"uv":[4.6640625,13.894531,4.5,13.8125],"rotation":0,"texture":"#2","tintindex":0},"down":{"uv":[4.8515625,13.8125,4.6875,13.894531],"rotation":0,"texture":"#2","tintindex":0}}},{"from":[7.297222,8.278398,3.9142857],"to":[8.797222,10.2783985,4.6642857],"rotation":{"angle":0.0,"axis":"y","origin":[8.172222,9.278398,4.2892857]},"faces":{"east":{"uv":[7.25,13.5625,7.3320312,13.78125],"rotation":0,"texture":"#2","tintindex":0},"south":{"uv":[12.625,9.4375,12.7890625,9.65625],"rotation":0,"texture":"#2","tintindex":0},"north":{"uv":[7.6875,12.625,7.8515625,12.84375],"rotation":0,"texture":"#2","tintindex":0},"west":{"uv":[7.375,13.5625,7.4570312,13.78125],"rotation":0,"texture":"#2","tintindex":0},"up":{"uv":[5.0390625,13.894531,4.875,13.8125],"rotation":0,"texture":"#2","tintindex":0},"down":{"uv":[5.2265625,13.8125,5.0625,13.894531],"rotation":0,"texture":"#2","tintindex":0}}},{"from":[6.522222,5.0283976,3.9142857],"to":[9.5222225,8.278398,4.6642857],"rotation":{"angle":0.0,"axis":"y","origin":[8.0222225,7.0283976,5.9142857]},"faces":{"east":{"uv":[12.375,12.875,12.457031,13.230469],"rotation":0,"texture":"#2","tintindex":0},"south":{"uv":[8.125,10.375,8.453125,10.730469],"rotation":0,"texture":"#2","tintindex":0},"north":{"uv":[10.375,5.625,10.703125,5.9804688],"rotation":0,"texture":"#2","tintindex":0},"west":{"uv":[12.5,12.875,12.582031,13.230469],"rotation":0,"texture":"#2","tintindex":0},"up":{"uv":[9.078125,13.082031,8.75,13.0],"rotation":0,"texture":"#2","tintindex":0},"down":{"uv":[13.328125,9.0,13.0,9.082031],"rotation":0,"texture":"#2","tintindex":0}}}],"display":{"head":{"translation":[0.0,-6.4,0.0],"scale":[4.0,4.0,4.0]}}}