{"textures":{"2":"modelengine:entity/pillars"},"elements":[{"from":[7.761607,7.6860366,2.205357],"to":[8.24375,8.31885,2.6875],"rotation":{"angle":0.0,"axis":"y","origin":[8.002679,7.9271083,2.4464283]},"faces":{"east":{"uv":[12.25,14.625,12.3046875,14.6953125],"rotation":0,"texture":"#2","tintindex":0},"south":{"uv":[14.625,12.25,14.6796875,12.3203125],"rotation":0,"texture":"#2","tintindex":0},"north":{"uv":[12.1875,14.625,12.2421875,14.6953125],"rotation":0,"texture":"#2","tintindex":0},"west":{"uv":[12.3125,14.625,12.3671875,14.6953125],"rotation":0,"texture":"#2","tintindex":0},"up":{"uv":[14.8046875,8.3671875,14.75,8.3125],"rotation":0,"texture":"#2","tintindex":0},"down":{"uv":[8.4296875,14.75,8.375,14.8046875],"rotation":0,"texture":"#2","tintindex":0}}},{"from":[7.6712055,7.6860366,2.2656245],"to":[7.761607,8.077778,2.627232],"rotation":{"angle":0.0,"axis":"y","origin":[7.731473,7.8819075,2.4464283]},"faces":{"east":{"uv":[14.875,12.4375,14.9140625,12.480469],"rotation":0,"texture":"#2","tintindex":0},"south":{"uv":[15.25,8.0625,15.261719,8.105469],"rotation":0,"texture":"#2","tintindex":0},"north":{"uv":[8.0625,15.25,8.074219,15.292969],"rotation":0,"texture":"#2","tintindex":0},"west":{"uv":[12.5,14.875,12.5390625,14.917969],"rotation":0,"texture":"#2","tintindex":0},"up":{"uv":[13.886719,15.2890625,13.875,15.25],"rotation":0,"texture":"#2","tintindex":0},"down":{"uv":[15.261719,13.875,15.25,13.9140625],"rotation":0,"texture":"#2","tintindex":0}}},{"from":[7.6712055,8.077778,2.3560266],"to":[7.761607,8.31885,2.53683],"rotation":{"angle":0.0,"axis":"y","origin":[7.731473,8.198314,2.4464283]},"faces":{"east":{"uv":[4.3125,15.25,4.3320312,15.277344],"rotation":0,"texture":"#2","tintindex":0},"south":{"uv":[9.75,15.3125,9.761719,15.339844],"rotation":0,"texture":"#2","tintindex":0},"north":{"uv":[15.3125,9.6875,15.324219,9.714844],"rotation":0,"texture":"#2","tintindex":0},"west":{"uv":[15.25,4.3125,15.269531,4.3398438],"rotation":0,"texture":"#2","tintindex":0},"up":{"uv":[15.449219,2.5820312,15.4375,2.5625],"rotation":0,"texture":"#2","tintindex":0},"down":{"uv":[2.6367188,15.4375,2.625,15.457031],"rotation":0,"texture":"#2","tintindex":0}}},{"from":[8.24375,7.6860366,2.3258924],"to":[8.304018,8.077778,2.5669641],"rotation":{"angle":0.0,"axis":"y","origin":[8.273884,7.8819075,2.4464283]},"faces":{"east":{"uv":[0.5625,15.0625,0.58984375,15.105469],"rotation":0,"texture":"#2","tintindex":0},"south":{"uv":[6.8125,15.3125,6.8203125,15.355469],"rotation":0,"texture":"#2","tintindex":0},"north":{"uv":[15.3125,6.75,15.3203125,6.7929688],"rotation":0,"texture":"#2","tintindex":0},"west":{"uv":[15.0625,0.5625,15.089844,0.60546875],"rotation":0,"texture":"#2","tintindex":0},"up":{"uv":[15.4453125,7.1523438,15.4375,7.125],"rotation":0,"texture":"#2","tintindex":0},"down":{"uv":[7.1953125,15.4375,7.1875,15.464844],"rotation":0,"texture":"#2","tintindex":0}}},{"from":[8.24375,8.077778,2.3861604],"to":[8.304018,8.31885,2.5066962],"rotation":{"angle":0.0,"axis":"y","origin":[8.273884,8.198314,2.4464283]},"faces":{"east":{"uv":[15.3125,9.75,15.324219,9.777344],"rotation":0,"texture":"#2","tintindex":0},"south":{"uv":[7.25,15.4375,7.2578125,15.464844],"rotation":0,"texture":"#2","tintindex":0},"north":{"uv":[15.4375,7.1875,15.4453125,7.2148438],"rotation":0,"texture":"#2","tintindex":0},"west":{"uv":[9.8125,15.3125,9.824219,15.339844],"rotation":0,"texture":"#2","tintindex":0},"up":{"uv":[4.0078125,15.511719,4.0,15.5],"rotation":0,"texture":"#2","tintindex":0},"down":{"uv":[15.5078125,4.0,15.5,4.0117188],"rotation":0,"texture":"#2","tintindex":0}}},{"from":[7.821875,7.6860366,2.114955],"to":[8.183482,8.077778,2.205357],"rotation":{"angle":0.0,"axis":"y","origin":[8.002679,7.9271083,2.3560266]},"faces":{"east":{"uv":[8.125,15.25,8.136719,15.292969],"rotation":0,"texture":"#2","tintindex":0},"south":{"uv":[12.5625,14.875,12.6015625,14.917969],"rotation":0,"texture":"#2","tintindex":0},"north":{"uv":[14.875,12.5,14.9140625,12.542969],"rotation":0,"texture":"#2","tintindex":0},"west":{"uv":[15.25,8.125,15.261719,8.167969],"rotation":0,"texture":"#2","tintindex":0},"up":{"uv":[13.9765625,15.261719,13.9375,15.25],"rotation":0,"texture":"#2","tintindex":0},"down":{"uv":[15.2890625,13.9375,15.25,13.949219],"rotation":0,"texture":"#2","tintindex":0}}},{"from":[7.9152904,8.077778,2.114955],"to":[8.096094,8.31885,2.205357],"rotation":{"angle":0.0,"axis":"y","origin":[8.020759,8.198314,2.1601558]},"faces":{"east":{"uv":[15.3125,9.8125,15.324219,9.839844],"rotation":0,"texture":"#2","tintindex":0},"south":{"uv":[15.25,4.375,15.269531,4.4023438],"rotation":0,"texture":"#2","tintindex":0},"north":{"uv":[4.375,15.25,4.3945312,15.277344],"rotation":0,"texture":"#2","tintindex":0},"west":{"uv":[9.875,15.3125,9.886719,15.339844],"rotation":0,"texture":"#2","tintindex":0},"up":{"uv":[15.457031,2.6367188,15.4375,2.625],"rotation":0,"texture":"#2","tintindex":0},"down":{"uv":[2.7070312,15.4375,2.6875,15.449219],"rotation":0,"texture":"#2","tintindex":0}}},{"from":[7.9152904,8.077778,2.6875],"to":[8.096094,8.31885,2.7779016],"rotation":{"angle":0.0,"axis":"y","origin":[8.020759,8.198314,2.7327008]},"faces":{"east":{"uv":[15.3125,9.875,15.324219,9.902344],"rotation":0,"texture":"#2","tintindex":0},"south":{"uv":[15.25,4.4375,15.269531,4.4648438],"rotation":0,"texture":"#2","tintindex":0},"north":{"uv":[4.4375,15.25,4.4570312,15.277344],"rotation":0,"texture":"#2","tintindex":0},"west":{"uv":[9.9375,15.3125,9.949219,15.339844],"rotation":0,"texture":"#2","tintindex":0},"up":{"uv":[15.457031,2.6992188,15.4375,2.6875],"rotation":0,"texture":"#2","tintindex":0},"down":{"uv":[2.7695312,15.4375,2.75,15.449219],"rotation":0,"texture":"#2","tintindex":0}}},{"from":[7.821875,7.6860366,2.6875],"to":[8.183482,8.077778,2.7779016],"rotation":{"angle":0.0,"axis":"y","origin":[8.002679,7.9271083,2.9285712]},"faces":{"east":{"uv":[8.1875,15.25,8.199219,15.292969],"rotation":0,"texture":"#2","tintindex":0},"south":{"uv":[12.625,14.875,12.6640625,14.917969],"rotation":0,"texture":"#2","tintindex":0},"north":{"uv":[14.875,12.5625,14.9140625,12.605469],"rotation":0,"texture":"#2","tintindex":0},"west":{"uv":[15.25,8.1875,15.261719,8.230469],"rotation":0,"texture":"#2","tintindex":0},"up":{"uv":[14.0390625,15.261719,14.0,15.25],"rotation":0,"texture":"#2","tintindex":0},"down":{"uv":[15.2890625,14.0,15.25,14.011719],"rotation":0,"texture":"#2","tintindex":0}}}],"display":{"head":{"translation":[0.0,-6.4,0.0],"scale":[4.0,4.0,4.0]}}}