{"textures":{"2":"modelengine:entity/pillars"},"elements":[{"from":[7.165625,6.631566,1.0705357],"to":[8.853125,8.84641,2.7580357],"rotation":{"angle":0.0,"axis":"y","origin":[8.009375,7.475316,1.9142857]},"faces":{"east":{"uv":[8.875,12.25,9.058594,12.4921875],"rotation":0,"texture":"#2","tintindex":0},"south":{"uv":[9.25,12.25,9.433594,12.4921875],"rotation":0,"texture":"#2","tintindex":0},"north":{"uv":[8.6875,12.25,8.871094,12.4921875],"rotation":0,"texture":"#2","tintindex":0},"west":{"uv":[12.25,9.5625,12.433594,9.8046875],"rotation":0,"texture":"#2","tintindex":0},"up":{"uv":[12.933594,3.4960938,12.75,3.3125],"rotation":0,"texture":"#2","tintindex":0},"down":{"uv":[12.933594,4.0,12.75,4.1835938],"rotation":0,"texture":"#2","tintindex":0}}},{"from":[6.849219,6.631566,1.2814732],"to":[7.165625,8.00266,2.5470982],"rotation":{"angle":0.0,"axis":"y","origin":[7.0601563,7.317113,1.9142857]},"faces":{"east":{"uv":[1.125,13.5,1.2617188,13.6484375],"rotation":0,"texture":"#2","tintindex":0},"south":{"uv":[2.0625,14.5,2.0976562,14.6484375],"rotation":0,"texture":"#2","tintindex":0},"north":{"uv":[2.0,14.5,2.0351562,14.6484375],"rotation":0,"texture":"#2","tintindex":0},"west":{"uv":[13.5,1.125,13.636719,1.2734375],"rotation":0,"texture":"#2","tintindex":0},"up":{"uv":[14.597656,4.2617188,14.5625,4.125],"rotation":0,"texture":"#2","tintindex":0},"down":{"uv":[4.2851562,14.5625,4.25,14.699219],"rotation":0,"texture":"#2","tintindex":0}}},{"from":[6.849219,8.00266,1.5978794],"to":[7.165625,8.84641,2.230692],"rotation":{"angle":0.0,"axis":"y","origin":[7.0601563,8.424535,1.9142857]},"faces":{"east":{"uv":[14.25,6.8125,14.3203125,6.90625],"rotation":0,"texture":"#2","tintindex":0},"south":{"uv":[14.6875,12.3125,14.722656,12.40625],"rotation":0,"texture":"#2","tintindex":0},"north":{"uv":[14.6875,12.1875,14.722656,12.28125],"rotation":0,"texture":"#2","tintindex":0},"west":{"uv":[6.9375,14.25,7.0078125,14.34375],"rotation":0,"texture":"#2","tintindex":0},"up":{"uv":[0.22265625,14.8828125,0.1875,14.8125],"rotation":0,"texture":"#2","tintindex":0},"down":{"uv":[14.847656,0.1875,14.8125,0.2578125],"rotation":0,"texture":"#2","tintindex":0}}},{"from":[8.853125,6.631566,1.4924107],"to":[9.064062,8.00266,2.3361607],"rotation":{"angle":0.0,"axis":"y","origin":[8.958593,7.317113,1.9142857]},"faces":{"east":{"uv":[13.75,5.125,13.84375,5.2734375],"rotation":0,"texture":"#2","tintindex":0},"south":{"uv":[8.125,14.6875,8.1484375,14.8359375],"rotation":0,"texture":"#2","tintindex":0},"north":{"uv":[8.0625,14.6875,8.0859375,14.8359375],"rotation":0,"texture":"#2","tintindex":0},"west":{"uv":[5.5,13.75,5.59375,13.8984375],"rotation":0,"texture":"#2","tintindex":0},"up":{"uv":[8.7109375,14.90625,8.6875,14.8125],"rotation":0,"texture":"#2","tintindex":0},"down":{"uv":[8.7734375,14.8125,8.75,14.90625],"rotation":0,"texture":"#2","tintindex":0}}},{"from":[8.853125,8.00266,1.7033482],"to":[9.064062,8.84641,2.1252232],"rotation":{"angle":0.0,"axis":"y","origin":[8.958593,8.424535,1.9142857]},"faces":{"east":{"uv":[10.375,14.5625,10.421875,14.65625],"rotation":0,"texture":"#2","tintindex":0},"south":{"uv":[8.8125,14.8125,8.8359375,14.90625],"rotation":0,"texture":"#2","tintindex":0},"north":{"uv":[14.8125,8.75,14.8359375,8.84375],"rotation":0,"texture":"#2","tintindex":0},"west":{"uv":[14.5625,10.375,14.609375,10.46875],"rotation":0,"texture":"#2","tintindex":0},"up":{"uv":[2.1484375,15.109375,2.125,15.0625],"rotation":0,"texture":"#2","tintindex":0},"down":{"uv":[15.0859375,2.125,15.0625,2.171875],"rotation":0,"texture":"#2","tintindex":0}}},{"from":[7.3765626,6.631566,0.7541294],"to":[8.642187,8.00266,1.0705357],"rotation":{"angle":0.0,"axis":"y","origin":[8.009375,7.475316,1.5978794]},"faces":{"east":{"uv":[2.125,14.5,2.1601562,14.6484375],"rotation":0,"texture":"#2","tintindex":0},"south":{"uv":[13.5,1.3125,13.636719,1.4609375],"rotation":0,"texture":"#2","tintindex":0},"north":{"uv":[1.3125,13.5,1.4492188,13.6484375],"rotation":0,"texture":"#2","tintindex":0},"west":{"uv":[2.1875,14.5,2.2226562,14.6484375],"rotation":0,"texture":"#2","tintindex":0},"up":{"uv":[4.4492188,14.597656,4.3125,14.5625],"rotation":0,"texture":"#2","tintindex":0},"down":{"uv":[14.699219,4.3125,14.5625,4.3476562],"rotation":0,"texture":"#2","tintindex":0}}},{"from":[7.7035155,8.00266,0.7541294],"to":[8.3363285,8.84641,1.0705357],"rotation":{"angle":0.0,"axis":"y","origin":[8.072657,8.424535,0.91233253]},"faces":{"east":{"uv":[14.6875,12.4375,14.722656,12.53125],"rotation":0,"texture":"#2","tintindex":0},"south":{"uv":[7.0625,14.25,7.1328125,14.34375],"rotation":0,"texture":"#2","tintindex":0},"north":{"uv":[14.25,6.9375,14.3203125,7.03125],"rotation":0,"texture":"#2","tintindex":0},"west":{"uv":[14.6875,12.5625,14.722656,12.65625],"rotation":0,"texture":"#2","tintindex":0},"up":{"uv":[0.3828125,14.847656,0.3125,14.8125],"rotation":0,"texture":"#2","tintindex":0},"down":{"uv":[14.8828125,0.3125,14.8125,0.34765625],"rotation":0,"texture":"#2","tintindex":0}}},{"from":[7.7035155,8.00266,2.7580357],"to":[8.3363285,8.84641,3.074442],"rotation":{"angle":0.0,"axis":"y","origin":[8.072657,8.424535,2.9162388]},"faces":{"east":{"uv":[14.6875,12.6875,14.722656,12.78125],"rotation":0,"texture":"#2","tintindex":0},"south":{"uv":[14.25,7.375,14.3203125,7.46875],"rotation":0,"texture":"#2","tintindex":0},"north":{"uv":[14.25,7.25,14.3203125,7.34375],"rotation":0,"texture":"#2","tintindex":0},"west":{"uv":[12.8125,14.6875,12.847656,14.78125],"rotation":0,"texture":"#2","tintindex":0},"up":{"uv":[14.8828125,0.41015625,14.8125,0.375],"rotation":0,"texture":"#2","tintindex":0},"down":{"uv":[0.5078125,14.8125,0.4375,14.847656],"rotation":0,"texture":"#2","tintindex":0}}},{"from":[7.3765626,6.631566,2.7580357],"to":[8.642187,8.00266,3.074442],"rotation":{"angle":0.0,"axis":"y","origin":[8.009375,7.475316,3.6017857]},"faces":{"east":{"uv":[2.25,14.5,2.2851562,14.6484375],"rotation":0,"texture":"#2","tintindex":0},"south":{"uv":[13.5,1.6875,13.636719,1.8359375],"rotation":0,"texture":"#2","tintindex":0},"north":{"uv":[13.5,1.5,13.636719,1.6484375],"rotation":0,"texture":"#2","tintindex":0},"west":{"uv":[2.375,14.5,2.4101562,14.6484375],"rotation":0,"texture":"#2","tintindex":0},"up":{"uv":[14.699219,4.4101562,14.5625,4.375],"rotation":0,"texture":"#2","tintindex":0},"down":{"uv":[14.699219,4.4375,14.5625,4.4726562],"rotation":0,"texture":"#2","tintindex":0}}}],"display":{"head":{"translation":[0.0,-6.4,0.0],"scale":[4.0,4.0,4.0]}}}