{"textures":{"2":"modelengine:entity/pillars"},"elements":[{"from":[7.5761905,7.43533,2.017857],"to":[8.433333,8.560329,2.875],"rotation":{"angle":0.0,"axis":"y","origin":[8.004762,7.863901,2.4464283]},"faces":{"east":{"uv":[6.25,14.0,6.34375,14.125],"rotation":0,"texture":"#2","tintindex":0},"south":{"uv":[6.375,14.0,6.46875,14.125],"rotation":0,"texture":"#2","tintindex":0},"north":{"uv":[14.0,6.0625,14.09375,6.1875],"rotation":0,"texture":"#2","tintindex":0},"west":{"uv":[14.0,6.625,14.09375,6.75],"rotation":0,"texture":"#2","tintindex":0},"up":{"uv":[0.59375,14.21875,0.5,14.125],"rotation":0,"texture":"#2","tintindex":0},"down":{"uv":[14.21875,0.5,14.125,0.59375],"rotation":0,"texture":"#2","tintindex":0}}},{"from":[7.4154763,7.43533,2.1249995],"to":[7.5761905,8.131759,2.767857],"rotation":{"angle":0.0,"axis":"y","origin":[7.5226192,7.783544,2.4464283]},"faces":{"east":{"uv":[14.4375,6.125,14.5078125,6.203125],"rotation":0,"texture":"#2","tintindex":0},"south":{"uv":[14.4375,14.9375,14.457031,15.015625],"rotation":0,"texture":"#2","tintindex":0},"north":{"uv":[14.9375,14.375,14.957031,14.453125],"rotation":0,"texture":"#2","tintindex":0},"west":{"uv":[14.4375,6.25,14.5078125,6.328125],"rotation":0,"texture":"#2","tintindex":0},"up":{"uv":[15.019531,13.1328125,15.0,13.0625],"rotation":0,"texture":"#2","tintindex":0},"down":{"uv":[13.144531,15.0,13.125,15.0703125],"rotation":0,"texture":"#2","tintindex":0}}},{"from":[7.4154763,8.131759,2.2857141],"to":[7.5761905,8.560329,2.6071424],"rotation":{"angle":0.0,"axis":"y","origin":[7.5226192,8.346045,2.4464283]},"faces":{"east":{"uv":[4.125,14.9375,4.1601562,14.984375],"rotation":0,"texture":"#2","tintindex":0},"south":{"uv":[10.25,15.125,10.269531,15.171875],"rotation":0,"texture":"#2","tintindex":0},"north":{"uv":[15.125,10.1875,15.144531,10.234375],"rotation":0,"texture":"#2","tintindex":0},"west":{"uv":[14.9375,4.125,14.972656,4.171875],"rotation":0,"texture":"#2","tintindex":0},"up":{"uv":[15.207031,8.347656,15.1875,8.3125],"rotation":0,"texture":"#2","tintindex":0},"down":{"uv":[8.394531,15.1875,8.375,15.222656],"rotation":0,"texture":"#2","tintindex":0}}},{"from":[8.433333,7.43533,2.2321424],"to":[8.540476,8.131759,2.6607141],"rotation":{"angle":0.0,"axis":"y","origin":[8.486905,7.783544,2.4464283]},"faces":{"east":{"uv":[2.6875,14.6875,2.734375,14.765625],"rotation":0,"texture":"#2","tintindex":0},"south":{"uv":[10.3125,15.125,10.324219,15.203125],"rotation":0,"texture":"#2","tintindex":0},"north":{"uv":[15.125,10.25,15.136719,10.328125],"rotation":0,"texture":"#2","tintindex":0},"west":{"uv":[14.6875,2.6875,14.734375,2.765625],"rotation":0,"texture":"#2","tintindex":0},"up":{"uv":[3.5117188,15.296875,3.5,15.25],"rotation":0,"texture":"#2","tintindex":0},"down":{"uv":[15.261719,3.5,15.25,3.546875],"rotation":0,"texture":"#2","tintindex":0}}},{"from":[8.433333,8.131759,2.3392854],"to":[8.540476,8.560329,2.5535712],"rotation":{"angle":0.0,"axis":"y","origin":[8.486905,8.346045,2.4464283]},"faces":{"east":{"uv":[3.9375,15.0625,3.9609375,15.109375],"rotation":0,"texture":"#2","tintindex":0},"south":{"uv":[15.25,3.5625,15.261719,3.609375],"rotation":0,"texture":"#2","tintindex":0},"north":{"uv":[3.5625,15.25,3.5742188,15.296875],"rotation":0,"texture":"#2","tintindex":0},"west":{"uv":[15.0625,3.9375,15.0859375,3.984375],"rotation":0,"texture":"#2","tintindex":0},"up":{"uv":[9.074219,15.3984375,9.0625,15.375],"rotation":0,"texture":"#2","tintindex":0},"down":{"uv":[15.386719,9.0625,15.375,9.0859375],"rotation":0,"texture":"#2","tintindex":0}}},{"from":[7.6833334,7.43533,1.8571424],"to":[8.326191,8.131759,2.017857],"rotation":{"angle":0.0,"axis":"y","origin":[8.004762,7.863901,2.2857141]},"faces":{"east":{"uv":[14.5,14.9375,14.519531,15.015625],"rotation":0,"texture":"#2","tintindex":0},"south":{"uv":[6.5,14.4375,6.5703125,14.515625],"rotation":0,"texture":"#2","tintindex":0},"north":{"uv":[14.4375,6.375,14.5078125,6.453125],"rotation":0,"texture":"#2","tintindex":0},"west":{"uv":[14.9375,14.5,14.957031,14.578125],"rotation":0,"texture":"#2","tintindex":0},"up":{"uv":[15.0703125,13.207031,15.0,13.1875],"rotation":0,"texture":"#2","tintindex":0},"down":{"uv":[15.0703125,13.25,15.0,13.269531],"rotation":0,"texture":"#2","tintindex":0}}},{"from":[7.849405,8.131759,1.8571424],"to":[8.170834,8.560329,2.017857],"rotation":{"angle":0.0,"axis":"y","origin":[8.036904,8.346045,1.9374995]},"faces":{"east":{"uv":[10.375,15.125,10.394531,15.171875],"rotation":0,"texture":"#2","tintindex":0},"south":{"uv":[14.9375,4.1875,14.972656,4.234375],"rotation":0,"texture":"#2","tintindex":0},"north":{"uv":[4.1875,14.9375,4.2226562,14.984375],"rotation":0,"texture":"#2","tintindex":0},"west":{"uv":[15.125,10.375,15.144531,10.421875],"rotation":0,"texture":"#2","tintindex":0},"up":{"uv":[15.222656,8.394531,15.1875,8.375],"rotation":0,"texture":"#2","tintindex":0},"down":{"uv":[8.472656,15.1875,8.4375,15.207031],"rotation":0,"texture":"#2","tintindex":0}}},{"from":[7.849405,8.131759,2.875],"to":[8.170834,8.560329,3.0357141],"rotation":{"angle":0.0,"axis":"y","origin":[8.036904,8.346045,2.955357]},"faces":{"east":{"uv":[10.4375,15.125,10.457031,15.171875],"rotation":0,"texture":"#2","tintindex":0},"south":{"uv":[14.9375,4.25,14.972656,4.296875],"rotation":0,"texture":"#2","tintindex":0},"north":{"uv":[4.25,14.9375,4.2851562,14.984375],"rotation":0,"texture":"#2","tintindex":0},"west":{"uv":[15.125,10.4375,15.144531,10.484375],"rotation":0,"texture":"#2","tintindex":0},"up":{"uv":[15.222656,8.457031,15.1875,8.4375],"rotation":0,"texture":"#2","tintindex":0},"down":{"uv":[8.535156,15.1875,8.5,15.207031],"rotation":0,"texture":"#2","tintindex":0}}},{"from":[7.6833334,7.43533,2.875],"to":[8.326191,8.131759,3.0357141],"rotation":{"angle":0.0,"axis":"y","origin":[8.004762,7.863901,3.3035712]},"faces":{"east":{"uv":[14.5625,14.9375,14.582031,15.015625],"rotation":0,"texture":"#2","tintindex":0},"south":{"uv":[6.625,14.4375,6.6953125,14.515625],"rotation":0,"texture":"#2","tintindex":0},"north":{"uv":[14.4375,6.5,14.5078125,6.578125],"rotation":0,"texture":"#2","tintindex":0},"west":{"uv":[14.625,14.9375,14.644531,15.015625],"rotation":0,"texture":"#2","tintindex":0},"up":{"uv":[15.0703125,13.332031,15.0,13.3125],"rotation":0,"texture":"#2","tintindex":0},"down":{"uv":[15.0703125,13.375,15.0,13.394531],"rotation":0,"texture":"#2","tintindex":0}}}],"display":{"head":{"translation":[0.0,-6.4,0.0],"scale":[4.0,4.0,4.0]}}}