{"textures":{"2":"modelengine:entity/pillars"},"elements":[{"from":[7.3642855,7.0098214,7.357143],"to":[8.65,8.697322,8.642858],"rotation":{"angle":0.0,"axis":"y","origin":[8.007143,7.6526785,8.0]},"faces":{"east":{"uv":[13.0625,9.375,13.203125,9.558594],"rotation":0,"texture":"#2","tintindex":0},"south":{"uv":[10.5625,13.0625,10.703125,13.246094],"rotation":0,"texture":"#2","tintindex":0},"north":{"uv":[9.375,13.0625,9.515625,13.246094],"rotation":0,"texture":"#2","tintindex":0},"west":{"uv":[10.75,13.0625,10.890625,13.246094],"rotation":0,"texture":"#2","tintindex":0},"up":{"uv":[2.765625,13.640625,2.625,13.5],"rotation":0,"texture":"#2","tintindex":0},"down":{"uv":[13.640625,2.625,13.5,2.765625],"rotation":0,"texture":"#2","tintindex":0}}},{"from":[7.1232142,7.0098214,7.517857],"to":[7.3642855,8.054464,8.482142],"rotation":{"angle":0.0,"axis":"y","origin":[7.2839284,7.5321426,8.0]},"faces":{"east":{"uv":[12.8125,13.8125,12.917969,13.925781],"rotation":0,"texture":"#2","tintindex":0},"south":{"uv":[14.75,5.125,14.777344,5.2382812],"rotation":0,"texture":"#2","tintindex":0},"north":{"uv":[5.125,14.75,5.1523438,14.863281],"rotation":0,"texture":"#2","tintindex":0},"west":{"uv":[0.5625,13.875,0.66796875,13.988281],"rotation":0,"texture":"#2","tintindex":0},"up":{"uv":[9.714844,14.855469,9.6875,14.75],"rotation":0,"texture":"#2","tintindex":0},"down":{"uv":[14.777344,9.875,14.75,9.980469],"rotation":0,"texture":"#2","tintindex":0}}},{"from":[7.1232142,8.054464,7.758929],"to":[7.3642855,8.697322,8.241072],"rotation":{"angle":0.0,"axis":"y","origin":[7.2839284,8.375893,8.0]},"faces":{"east":{"uv":[7.875,14.625,7.9296875,14.6953125],"rotation":0,"texture":"#2","tintindex":0},"south":{"uv":[14.875,5.5,14.902344,5.5703125],"rotation":0,"texture":"#2","tintindex":0},"north":{"uv":[5.5,14.875,5.5273438,14.9453125],"rotation":0,"texture":"#2","tintindex":0},"west":{"uv":[14.625,7.875,14.6796875,7.9453125],"rotation":0,"texture":"#2","tintindex":0},"up":{"uv":[0.33984375,15.0546875,0.3125,15.0],"rotation":0,"texture":"#2","tintindex":0},"down":{"uv":[15.027344,0.3125,15.0,0.3671875],"rotation":0,"texture":"#2","tintindex":0}}},{"from":[8.65,7.0098214,7.678571],"to":[8.810715,8.054464,8.321428],"rotation":{"angle":0.0,"axis":"y","origin":[8.730357,7.5321426,8.0]},"faces":{"east":{"uv":[14.125,8.1875,14.1953125,8.300781],"rotation":0,"texture":"#2","tintindex":0},"south":{"uv":[14.8125,5.375,14.832031,5.4882812],"rotation":0,"texture":"#2","tintindex":0},"north":{"uv":[14.8125,5.25,14.832031,5.3632812],"rotation":0,"texture":"#2","tintindex":0},"west":{"uv":[14.125,8.3125,14.1953125,8.425781],"rotation":0,"texture":"#2","tintindex":0},"up":{"uv":[5.0820312,15.0703125,5.0625,15.0],"rotation":0,"texture":"#2","tintindex":0},"down":{"uv":[5.2695312,15.0,5.25,15.0703125],"rotation":0,"texture":"#2","tintindex":0}}},{"from":[8.65,8.054464,7.839286],"to":[8.810715,8.697322,8.160714],"rotation":{"angle":0.0,"axis":"y","origin":[8.730357,8.375893,8.0]},"faces":{"east":{"uv":[14.8125,1.0625,14.847656,1.1328125],"rotation":0,"texture":"#2","tintindex":0},"south":{"uv":[5.375,15.0,5.3945312,15.0703125],"rotation":0,"texture":"#2","tintindex":0},"north":{"uv":[5.3125,15.0,5.3320312,15.0703125],"rotation":0,"texture":"#2","tintindex":0},"west":{"uv":[1.125,14.8125,1.1601562,14.8828125],"rotation":0,"texture":"#2","tintindex":0},"up":{"uv":[15.144531,14.535156,15.125,14.5],"rotation":0,"texture":"#2","tintindex":0},"down":{"uv":[14.582031,15.125,14.5625,15.160156],"rotation":0,"texture":"#2","tintindex":0}}},{"from":[7.525,7.0098214,7.116071],"to":[8.489285,8.054464,7.357143],"rotation":{"angle":0.0,"axis":"y","origin":[8.007143,7.6526785,7.758929]},"faces":{"east":{"uv":[5.1875,14.75,5.2148438,14.863281],"rotation":0,"texture":"#2","tintindex":0},"south":{"uv":[2.125,13.875,2.2304688,13.988281],"rotation":0,"texture":"#2","tintindex":0},"north":{"uv":[1.375,13.875,1.4804688,13.988281],"rotation":0,"texture":"#2","tintindex":0},"west":{"uv":[5.25,14.75,5.2773438,14.863281],"rotation":0,"texture":"#2","tintindex":0},"up":{"uv":[10.105469,14.777344,10.0,14.75],"rotation":0,"texture":"#2","tintindex":0},"down":{"uv":[14.855469,10.0,14.75,10.027344],"rotation":0,"texture":"#2","tintindex":0}}},{"from":[7.774107,8.054464,7.116071],"to":[8.25625,8.697322,7.357143],"rotation":{"angle":0.0,"axis":"y","origin":[8.055357,8.375893,7.236607]},"faces":{"east":{"uv":[5.5625,14.875,5.5898438,14.9453125],"rotation":0,"texture":"#2","tintindex":0},"south":{"uv":[8.0,14.625,8.0546875,14.6953125],"rotation":0,"texture":"#2","tintindex":0},"north":{"uv":[7.9375,14.625,7.9921875,14.6953125],"rotation":0,"texture":"#2","tintindex":0},"west":{"uv":[5.625,14.875,5.6523438,14.9453125],"rotation":0,"texture":"#2","tintindex":0},"up":{"uv":[0.4296875,15.027344,0.375,15.0],"rotation":0,"texture":"#2","tintindex":0},"down":{"uv":[15.0546875,0.375,15.0,0.40234375],"rotation":0,"texture":"#2","tintindex":0}}},{"from":[7.774107,8.054464,8.642858],"to":[8.25625,8.697322,8.883928],"rotation":{"angle":0.0,"axis":"y","origin":[8.055357,8.375893,8.763392]},"faces":{"east":{"uv":[14.875,5.625,14.902344,5.6953125],"rotation":0,"texture":"#2","tintindex":0},"south":{"uv":[8.25,14.625,8.3046875,14.6953125],"rotation":0,"texture":"#2","tintindex":0},"north":{"uv":[8.1875,14.625,8.2421875,14.6953125],"rotation":0,"texture":"#2","tintindex":0},"west":{"uv":[5.6875,14.875,5.7148438,14.9453125],"rotation":0,"texture":"#2","tintindex":0},"up":{"uv":[0.4921875,15.027344,0.4375,15.0],"rotation":0,"texture":"#2","tintindex":0},"down":{"uv":[15.0546875,0.4375,15.0,0.46484375],"rotation":0,"texture":"#2","tintindex":0}}},{"from":[7.525,7.0098214,8.642858],"to":[8.489285,8.054464,8.883928],"rotation":{"angle":0.0,"axis":"y","origin":[8.007143,7.6526785,9.285714]},"faces":{"east":{"uv":[14.75,5.25,14.777344,5.3632812],"rotation":0,"texture":"#2","tintindex":0},"south":{"uv":[2.375,13.875,2.4804688,13.988281],"rotation":0,"texture":"#2","tintindex":0},"north":{"uv":[2.25,13.875,2.3554688,13.988281],"rotation":0,"texture":"#2","tintindex":0},"west":{"uv":[5.3125,14.75,5.3398438,14.863281],"rotation":0,"texture":"#2","tintindex":0},"up":{"uv":[14.855469,10.089844,14.75,10.0625],"rotation":0,"texture":"#2","tintindex":0},"down":{"uv":[10.230469,14.75,10.125,14.777344],"rotation":0,"texture":"#2","tintindex":0}}}],"display":{"head":{"translation":[0.0,-6.4,0.0],"scale":[4.0,4.0,4.0]}}}