{"textures":{"2":"modelengine:entity/pillars"},"elements":[{"from":[7.152381,6.7559524,7.142857],"to":[8.866667,9.005953,8.857143],"rotation":{"angle":0.0,"axis":"y","origin":[8.009523,7.6130953,8.0]},"faces":{"east":{"uv":[9.5,5.625,9.6875,5.8710938],"rotation":0,"texture":"#2","tintindex":0},"south":{"uv":[10.5625,7.875,10.75,8.121094],"rotation":0,"texture":"#2","tintindex":0},"north":{"uv":[6.6875,8.5625,6.875,8.808594],"rotation":0,"texture":"#2","tintindex":0},"west":{"uv":[11.0,0.875,11.1875,1.1210938],"rotation":0,"texture":"#2","tintindex":0},"up":{"uv":[8.875,0.625,8.6875,0.4375],"rotation":0,"texture":"#2","tintindex":0},"down":{"uv":[8.8125,9.0625,8.625,9.25],"rotation":0,"texture":"#2","tintindex":0}}},{"from":[6.830952,6.7559524,7.357143],"to":[7.152381,8.148809,8.642858],"rotation":{"angle":0.0,"axis":"y","origin":[7.045238,7.452381,8.0]},"faces":{"east":{"uv":[13.25,8.8125,13.390625,8.964844],"rotation":0,"texture":"#2","tintindex":0},"south":{"uv":[7.25,14.4375,7.2851562,14.589844],"rotation":0,"texture":"#2","tintindex":0},"north":{"uv":[7.1875,14.4375,7.2226562,14.589844],"rotation":0,"texture":"#2","tintindex":0},"west":{"uv":[9.375,13.25,9.515625,13.402344],"rotation":0,"texture":"#2","tintindex":0},"up":{"uv":[4.9726562,14.640625,4.9375,14.5],"rotation":0,"texture":"#2","tintindex":0},"down":{"uv":[5.0351562,14.5,5.0,14.640625],"rotation":0,"texture":"#2","tintindex":0}}},{"from":[6.830952,8.148809,7.678571],"to":[7.152381,9.005953,8.321428],"rotation":{"angle":0.0,"axis":"y","origin":[7.045238,8.577381,8.0]},"faces":{"east":{"uv":[14.25,8.25,14.3203125,8.34375],"rotation":0,"texture":"#2","tintindex":0},"south":{"uv":[14.6875,13.3125,14.722656,13.40625],"rotation":0,"texture":"#2","tintindex":0},"north":{"uv":[13.3125,14.6875,13.347656,14.78125],"rotation":0,"texture":"#2","tintindex":0},"west":{"uv":[14.25,8.375,14.3203125,8.46875],"rotation":0,"texture":"#2","tintindex":0},"up":{"uv":[0.84765625,14.8828125,0.8125,14.8125],"rotation":0,"texture":"#2","tintindex":0},"down":{"uv":[0.91015625,14.8125,0.875,14.8828125],"rotation":0,"texture":"#2","tintindex":0}}},{"from":[8.866667,6.7559524,7.5714283],"to":[9.080953,8.148809,8.428572],"rotation":{"angle":0.0,"axis":"y","origin":[8.973809,7.452381,8.0]},"faces":{"east":{"uv":[13.6875,7.0625,13.78125,7.2148438],"rotation":0,"texture":"#2","tintindex":0},"south":{"uv":[2.9375,14.6875,2.9609375,14.839844],"rotation":0,"texture":"#2","tintindex":0},"north":{"uv":[2.875,14.6875,2.8984375,14.839844],"rotation":0,"texture":"#2","tintindex":0},"west":{"uv":[13.6875,7.25,13.78125,7.4023438],"rotation":0,"texture":"#2","tintindex":0},"up":{"uv":[14.8359375,9.09375,14.8125,9.0],"rotation":0,"texture":"#2","tintindex":0},"down":{"uv":[9.0859375,14.8125,9.0625,14.90625],"rotation":0,"texture":"#2","tintindex":0}}},{"from":[8.866667,8.148809,7.785714],"to":[9.080953,9.005953,8.214286],"rotation":{"angle":0.0,"axis":"y","origin":[8.973809,8.577381,8.0]},"faces":{"east":{"uv":[14.5625,11.3125,14.609375,11.40625],"rotation":0,"texture":"#2","tintindex":0},"south":{"uv":[14.8125,9.125,14.8359375,9.21875],"rotation":0,"texture":"#2","tintindex":0},"north":{"uv":[9.125,14.8125,9.1484375,14.90625],"rotation":0,"texture":"#2","tintindex":0},"west":{"uv":[11.375,14.5625,11.421875,14.65625],"rotation":0,"texture":"#2","tintindex":0},"up":{"uv":[2.2734375,15.109375,2.25,15.0625],"rotation":0,"texture":"#2","tintindex":0},"down":{"uv":[15.0859375,2.25,15.0625,2.296875],"rotation":0,"texture":"#2","tintindex":0}}},{"from":[7.366667,6.7559524,6.8214283],"to":[8.652381,8.148809,7.142857],"rotation":{"angle":0.0,"axis":"y","origin":[8.009523,7.6130953,7.678571]},"faces":{"east":{"uv":[14.4375,7.25,14.472656,7.4023438],"rotation":0,"texture":"#2","tintindex":0},"south":{"uv":[13.25,10.0625,13.390625,10.214844],"rotation":0,"texture":"#2","tintindex":0},"north":{"uv":[13.25,9.375,13.390625,9.527344],"rotation":0,"texture":"#2","tintindex":0},"west":{"uv":[7.3125,14.4375,7.3476562,14.589844],"rotation":0,"texture":"#2","tintindex":0},"up":{"uv":[14.578125,10.847656,14.4375,10.8125],"rotation":0,"texture":"#2","tintindex":0},"down":{"uv":[14.578125,12.5,14.4375,12.535156],"rotation":0,"texture":"#2","tintindex":0}}},{"from":[7.6988096,8.148809,6.8214283],"to":[8.341666,9.005953,7.142857],"rotation":{"angle":0.0,"axis":"y","origin":[8.07381,8.577381,6.982143]},"faces":{"east":{"uv":[14.6875,13.4375,14.722656,13.53125],"rotation":0,"texture":"#2","tintindex":0},"south":{"uv":[14.25,8.625,14.3203125,8.71875],"rotation":0,"texture":"#2","tintindex":0},"north":{"uv":[14.25,8.5,14.3203125,8.59375],"rotation":0,"texture":"#2","tintindex":0},"west":{"uv":[14.6875,13.5625,14.722656,13.65625],"rotation":0,"texture":"#2","tintindex":0},"up":{"uv":[14.8828125,0.91015625,14.8125,0.875],"rotation":0,"texture":"#2","tintindex":0},"down":{"uv":[14.8828125,0.9375,14.8125,0.97265625],"rotation":0,"texture":"#2","tintindex":0}}},{"from":[7.6988096,8.148809,8.857143],"to":[8.341666,9.005953,9.178572],"rotation":{"angle":0.0,"axis":"y","origin":[8.07381,8.577381,9.017858]},"faces":{"east":{"uv":[14.6875,13.6875,14.722656,13.78125],"rotation":0,"texture":"#2","tintindex":0},"south":{"uv":[14.25,8.875,14.3203125,8.96875],"rotation":0,"texture":"#2","tintindex":0},"north":{"uv":[14.25,8.75,14.3203125,8.84375],"rotation":0,"texture":"#2","tintindex":0},"west":{"uv":[14.6875,13.8125,14.722656,13.90625],"rotation":0,"texture":"#2","tintindex":0},"up":{"uv":[1.0703125,14.847656,1.0,14.8125],"rotation":0,"texture":"#2","tintindex":0},"down":{"uv":[14.8828125,1.0,14.8125,1.0351562],"rotation":0,"texture":"#2","tintindex":0}}},{"from":[7.366667,6.7559524,8.857143],"to":[8.652381,8.148809,9.178572],"rotation":{"angle":0.0,"axis":"y","origin":[8.009523,7.6130953,9.714286]},"faces":{"east":{"uv":[7.375,14.4375,7.4101562,14.589844],"rotation":0,"texture":"#2","tintindex":0},"south":{"uv":[10.625,13.25,10.765625,13.402344],"rotation":0,"texture":"#2","tintindex":0},"north":{"uv":[10.4375,13.25,10.578125,13.402344],"rotation":0,"texture":"#2","tintindex":0},"west":{"uv":[7.4375,14.4375,7.4726562,14.589844],"rotation":0,"texture":"#2","tintindex":0},"up":{"uv":[5.203125,14.535156,5.0625,14.5],"rotation":0,"texture":"#2","tintindex":0},"down":{"uv":[6.390625,14.5,6.25,14.535156],"rotation":0,"texture":"#2","tintindex":0}}}],"display":{"head":{"translation":[0.0,-6.4,0.0],"scale":[4.0,4.0,4.0]}}}