{"textures":{"2":"modelengine:entity/pillars"},"elements":[{"from":[7.761607,7.6860366,2.205357],"to":[8.24375,8.31885,2.6875],"rotation":{"angle":0.0,"axis":"y","origin":[8.002679,7.9271083,2.4464283]},"faces":{"east":{"uv":[12.75,14.625,12.8046875,14.6953125],"rotation":0,"texture":"#2","tintindex":0},"south":{"uv":[14.625,12.75,14.6796875,12.8203125],"rotation":0,"texture":"#2","tintindex":0},"north":{"uv":[12.6875,14.625,12.7421875,14.6953125],"rotation":0,"texture":"#2","tintindex":0},"west":{"uv":[12.875,14.625,12.9296875,14.6953125],"rotation":0,"texture":"#2","tintindex":0},"up":{"uv":[14.8046875,8.6171875,14.75,8.5625],"rotation":0,"texture":"#2","tintindex":0},"down":{"uv":[14.8046875,8.625,14.75,8.6796875],"rotation":0,"texture":"#2","tintindex":0}}},{"from":[7.6712055,7.6860366,2.2656245],"to":[7.761607,8.077778,2.627232],"rotation":{"angle":0.0,"axis":"y","origin":[7.731473,7.8819075,2.4464283]},"faces":{"east":{"uv":[14.875,13.0,14.9140625,13.042969],"rotation":0,"texture":"#2","tintindex":0},"south":{"uv":[15.25,8.625,15.261719,8.667969],"rotation":0,"texture":"#2","tintindex":0},"north":{"uv":[8.625,15.25,8.636719,15.292969],"rotation":0,"texture":"#2","tintindex":0},"west":{"uv":[13.0625,14.875,13.1015625,14.917969],"rotation":0,"texture":"#2","tintindex":0},"up":{"uv":[14.636719,15.2890625,14.625,15.25],"rotation":0,"texture":"#2","tintindex":0},"down":{"uv":[15.261719,14.625,15.25,14.6640625],"rotation":0,"texture":"#2","tintindex":0}}},{"from":[7.6712055,8.077778,2.3560266],"to":[7.761607,8.31885,2.53683],"rotation":{"angle":0.0,"axis":"y","origin":[7.731473,8.198314,2.4464283]},"faces":{"east":{"uv":[4.875,15.25,4.8945312,15.277344],"rotation":0,"texture":"#2","tintindex":0},"south":{"uv":[11.0625,15.3125,11.074219,15.339844],"rotation":0,"texture":"#2","tintindex":0},"north":{"uv":[15.3125,11.0,15.324219,11.027344],"rotation":0,"texture":"#2","tintindex":0},"west":{"uv":[15.25,4.875,15.269531,4.9023438],"rotation":0,"texture":"#2","tintindex":0},"up":{"uv":[15.449219,3.3320312,15.4375,3.3125],"rotation":0,"texture":"#2","tintindex":0},"down":{"uv":[3.3867188,15.4375,3.375,15.457031],"rotation":0,"texture":"#2","tintindex":0}}},{"from":[8.24375,7.6860366,2.3258924],"to":[8.304018,8.077778,2.5669641],"rotation":{"angle":0.0,"axis":"y","origin":[8.273884,7.8819075,2.4464283]},"faces":{"east":{"uv":[0.75,15.0625,0.77734375,15.105469],"rotation":0,"texture":"#2","tintindex":0},"south":{"uv":[7.0,15.3125,7.0078125,15.355469],"rotation":0,"texture":"#2","tintindex":0},"north":{"uv":[15.3125,6.9375,15.3203125,6.9804688],"rotation":0,"texture":"#2","tintindex":0},"west":{"uv":[15.0625,0.75,15.089844,0.79296875],"rotation":0,"texture":"#2","tintindex":0},"up":{"uv":[15.4453125,7.5273438,15.4375,7.5],"rotation":0,"texture":"#2","tintindex":0},"down":{"uv":[7.5703125,15.4375,7.5625,15.464844],"rotation":0,"texture":"#2","tintindex":0}}},{"from":[8.24375,8.077778,2.3861604],"to":[8.304018,8.31885,2.5066962],"rotation":{"angle":0.0,"axis":"y","origin":[8.273884,8.198314,2.4464283]},"faces":{"east":{"uv":[15.3125,11.0625,15.324219,11.089844],"rotation":0,"texture":"#2","tintindex":0},"south":{"uv":[7.625,15.4375,7.6328125,15.464844],"rotation":0,"texture":"#2","tintindex":0},"north":{"uv":[15.4375,7.5625,15.4453125,7.5898438],"rotation":0,"texture":"#2","tintindex":0},"west":{"uv":[11.125,15.3125,11.136719,15.339844],"rotation":0,"texture":"#2","tintindex":0},"up":{"uv":[4.1953125,15.511719,4.1875,15.5],"rotation":0,"texture":"#2","tintindex":0},"down":{"uv":[15.5078125,4.1875,15.5,4.1992188],"rotation":0,"texture":"#2","tintindex":0}}},{"from":[7.821875,7.6860366,2.114955],"to":[8.183482,8.077778,2.205357],"rotation":{"angle":0.0,"axis":"y","origin":[8.002679,7.9271083,2.3560266]},"faces":{"east":{"uv":[8.6875,15.25,8.699219,15.292969],"rotation":0,"texture":"#2","tintindex":0},"south":{"uv":[13.125,14.875,13.1640625,14.917969],"rotation":0,"texture":"#2","tintindex":0},"north":{"uv":[14.875,13.0625,14.9140625,13.105469],"rotation":0,"texture":"#2","tintindex":0},"west":{"uv":[15.25,8.6875,15.261719,8.730469],"rotation":0,"texture":"#2","tintindex":0},"up":{"uv":[14.7265625,15.261719,14.6875,15.25],"rotation":0,"texture":"#2","tintindex":0},"down":{"uv":[15.2890625,14.6875,15.25,14.699219],"rotation":0,"texture":"#2","tintindex":0}}},{"from":[7.9152904,8.077778,2.114955],"to":[8.096094,8.31885,2.205357],"rotation":{"angle":0.0,"axis":"y","origin":[8.020759,8.198314,2.1601558]},"faces":{"east":{"uv":[15.3125,11.125,15.324219,11.152344],"rotation":0,"texture":"#2","tintindex":0},"south":{"uv":[15.25,4.9375,15.269531,4.9648438],"rotation":0,"texture":"#2","tintindex":0},"north":{"uv":[4.9375,15.25,4.9570312,15.277344],"rotation":0,"texture":"#2","tintindex":0},"west":{"uv":[11.1875,15.3125,11.199219,15.339844],"rotation":0,"texture":"#2","tintindex":0},"up":{"uv":[15.457031,3.3867188,15.4375,3.375],"rotation":0,"texture":"#2","tintindex":0},"down":{"uv":[3.4570312,15.4375,3.4375,15.449219],"rotation":0,"texture":"#2","tintindex":0}}},{"from":[7.9152904,8.077778,2.6875],"to":[8.096094,8.31885,2.7779016],"rotation":{"angle":0.0,"axis":"y","origin":[8.020759,8.198314,2.7327008]},"faces":{"east":{"uv":[15.3125,11.1875,15.324219,11.214844],"rotation":0,"texture":"#2","tintindex":0},"south":{"uv":[15.25,5.0,15.269531,5.0273438],"rotation":0,"texture":"#2","tintindex":0},"north":{"uv":[5.0,15.25,5.0195312,15.277344],"rotation":0,"texture":"#2","tintindex":0},"west":{"uv":[11.25,15.3125,11.261719,15.339844],"rotation":0,"texture":"#2","tintindex":0},"up":{"uv":[15.457031,3.4492188,15.4375,3.4375],"rotation":0,"texture":"#2","tintindex":0},"down":{"uv":[3.5195312,15.4375,3.5,15.449219],"rotation":0,"texture":"#2","tintindex":0}}},{"from":[7.821875,7.6860366,2.6875],"to":[8.183482,8.077778,2.7779016],"rotation":{"angle":0.0,"axis":"y","origin":[8.002679,7.9271083,2.9285712]},"faces":{"east":{"uv":[8.75,15.25,8.761719,15.292969],"rotation":0,"texture":"#2","tintindex":0},"south":{"uv":[13.1875,14.875,13.2265625,14.917969],"rotation":0,"texture":"#2","tintindex":0},"north":{"uv":[14.875,13.125,14.9140625,13.167969],"rotation":0,"texture":"#2","tintindex":0},"west":{"uv":[15.25,8.75,15.261719,8.792969],"rotation":0,"texture":"#2","tintindex":0},"up":{"uv":[14.7890625,15.261719,14.75,15.25],"rotation":0,"texture":"#2","tintindex":0},"down":{"uv":[15.2890625,14.75,15.25,14.761719],"rotation":0,"texture":"#2","tintindex":0}}}],"display":{"head":{"translation":[0.0,-6.4,0.0],"scale":[4.0,4.0,4.0]}}}