{"textures":{"2":"modelengine:entity/pillars"},"elements":[{"from":[7.152381,6.7559524,7.142857],"to":[8.866667,9.005953,8.857143],"rotation":{"angle":0.0,"axis":"y","origin":[8.009523,7.6130953,8.0]},"faces":{"east":{"uv":[1.8125,12.0625,2.0,12.308594],"rotation":0,"texture":"#2","tintindex":0},"south":{"uv":[12.0625,1.9375,12.25,2.1835938],"rotation":0,"texture":"#2","tintindex":0},"north":{"uv":[1.625,12.0625,1.8125,12.308594],"rotation":0,"texture":"#2","tintindex":0},"west":{"uv":[2.0,12.0625,2.1875,12.308594],"rotation":0,"texture":"#2","tintindex":0},"up":{"uv":[9.5,9.25,9.3125,9.0625],"rotation":0,"texture":"#2","tintindex":0},"down":{"uv":[5.375,10.375,5.1875,10.5625],"rotation":0,"texture":"#2","tintindex":0}}},{"from":[6.830952,6.7559524,7.357143],"to":[7.152381,8.148809,8.642858],"rotation":{"angle":0.0,"axis":"y","origin":[7.045238,7.452381,8.0]},"faces":{"east":{"uv":[10.8125,13.25,10.953125,13.402344],"rotation":0,"texture":"#2","tintindex":0},"south":{"uv":[7.5,14.4375,7.5351562,14.589844],"rotation":0,"texture":"#2","tintindex":0},"north":{"uv":[14.4375,7.4375,14.472656,7.5898438],"rotation":0,"texture":"#2","tintindex":0},"west":{"uv":[11.0,13.25,11.140625,13.402344],"rotation":0,"texture":"#2","tintindex":0},"up":{"uv":[6.4726562,14.640625,6.4375,14.5],"rotation":0,"texture":"#2","tintindex":0},"down":{"uv":[6.9726562,14.5,6.9375,14.640625],"rotation":0,"texture":"#2","tintindex":0}}},{"from":[6.830952,8.148809,7.678571],"to":[7.152381,9.005953,8.321428],"rotation":{"angle":0.0,"axis":"y","origin":[7.045238,8.577381,8.0]},"faces":{"east":{"uv":[14.25,9.0,14.3203125,9.09375],"rotation":0,"texture":"#2","tintindex":0},"south":{"uv":[14.6875,14.0625,14.722656,14.15625],"rotation":0,"texture":"#2","tintindex":0},"north":{"uv":[14.6875,13.9375,14.722656,14.03125],"rotation":0,"texture":"#2","tintindex":0},"west":{"uv":[14.25,9.125,14.3203125,9.21875],"rotation":0,"texture":"#2","tintindex":0},"up":{"uv":[1.2226562,14.8828125,1.1875,14.8125],"rotation":0,"texture":"#2","tintindex":0},"down":{"uv":[14.847656,1.1875,14.8125,1.2578125],"rotation":0,"texture":"#2","tintindex":0}}},{"from":[8.866667,6.7559524,7.5714283],"to":[9.080953,8.148809,8.428572],"rotation":{"angle":0.0,"axis":"y","origin":[8.973809,7.452381,8.0]},"faces":{"east":{"uv":[13.6875,7.4375,13.78125,7.5898438],"rotation":0,"texture":"#2","tintindex":0},"south":{"uv":[3.0625,14.6875,3.0859375,14.839844],"rotation":0,"texture":"#2","tintindex":0},"north":{"uv":[3.0,14.6875,3.0234375,14.839844],"rotation":0,"texture":"#2","tintindex":0},"west":{"uv":[13.6875,7.625,13.78125,7.7773438],"rotation":0,"texture":"#2","tintindex":0},"up":{"uv":[9.2109375,14.90625,9.1875,14.8125],"rotation":0,"texture":"#2","tintindex":0},"down":{"uv":[9.2734375,14.8125,9.25,14.90625],"rotation":0,"texture":"#2","tintindex":0}}},{"from":[8.866667,8.148809,7.785714],"to":[9.080953,9.005953,8.214286],"rotation":{"angle":0.0,"axis":"y","origin":[8.973809,8.577381,8.0]},"faces":{"east":{"uv":[11.75,14.5625,11.796875,14.65625],"rotation":0,"texture":"#2","tintindex":0},"south":{"uv":[9.3125,14.8125,9.3359375,14.90625],"rotation":0,"texture":"#2","tintindex":0},"north":{"uv":[14.8125,9.25,14.8359375,9.34375],"rotation":0,"texture":"#2","tintindex":0},"west":{"uv":[12.8125,14.5625,12.859375,14.65625],"rotation":0,"texture":"#2","tintindex":0},"up":{"uv":[2.3359375,15.109375,2.3125,15.0625],"rotation":0,"texture":"#2","tintindex":0},"down":{"uv":[15.0859375,2.3125,15.0625,2.359375],"rotation":0,"texture":"#2","tintindex":0}}},{"from":[7.366667,6.7559524,6.8214283],"to":[8.652381,8.148809,7.142857],"rotation":{"angle":0.0,"axis":"y","origin":[8.009523,7.6130953,7.678571]},"faces":{"east":{"uv":[7.5625,14.4375,7.5976562,14.589844],"rotation":0,"texture":"#2","tintindex":0},"south":{"uv":[11.1875,13.25,11.328125,13.402344],"rotation":0,"texture":"#2","tintindex":0},"north":{"uv":[13.25,11.0625,13.390625,11.214844],"rotation":0,"texture":"#2","tintindex":0},"west":{"uv":[7.625,14.4375,7.6601562,14.589844],"rotation":0,"texture":"#2","tintindex":0},"up":{"uv":[7.140625,14.535156,7.0,14.5],"rotation":0,"texture":"#2","tintindex":0},"down":{"uv":[14.640625,7.25,14.5,7.2851562],"rotation":0,"texture":"#2","tintindex":0}}},{"from":[7.6988096,8.148809,6.8214283],"to":[8.341666,9.005953,7.142857],"rotation":{"angle":0.0,"axis":"y","origin":[8.07381,8.577381,6.982143]},"faces":{"east":{"uv":[14.6875,14.1875,14.722656,14.28125],"rotation":0,"texture":"#2","tintindex":0},"south":{"uv":[14.25,9.375,14.3203125,9.46875],"rotation":0,"texture":"#2","tintindex":0},"north":{"uv":[14.25,9.25,14.3203125,9.34375],"rotation":0,"texture":"#2","tintindex":0},"west":{"uv":[14.6875,14.3125,14.722656,14.40625],"rotation":0,"texture":"#2","tintindex":0},"up":{"uv":[1.3203125,14.847656,1.25,14.8125],"rotation":0,"texture":"#2","tintindex":0},"down":{"uv":[14.8828125,1.3125,14.8125,1.3476562],"rotation":0,"texture":"#2","tintindex":0}}},{"from":[7.6988096,8.148809,8.857143],"to":[8.341666,9.005953,9.178572],"rotation":{"angle":0.0,"axis":"y","origin":[8.07381,8.577381,9.017858]},"faces":{"east":{"uv":[14.6875,14.4375,14.722656,14.53125],"rotation":0,"texture":"#2","tintindex":0},"south":{"uv":[14.25,9.625,14.3203125,9.71875],"rotation":0,"texture":"#2","tintindex":0},"north":{"uv":[14.25,9.5,14.3203125,9.59375],"rotation":0,"texture":"#2","tintindex":0},"west":{"uv":[14.6875,14.5625,14.722656,14.65625],"rotation":0,"texture":"#2","tintindex":0},"up":{"uv":[1.4453125,14.847656,1.375,14.8125],"rotation":0,"texture":"#2","tintindex":0},"down":{"uv":[14.8828125,1.375,14.8125,1.4101562],"rotation":0,"texture":"#2","tintindex":0}}},{"from":[7.366667,6.7559524,8.857143],"to":[8.652381,8.148809,9.178572],"rotation":{"angle":0.0,"axis":"y","origin":[8.009523,7.6130953,9.714286]},"faces":{"east":{"uv":[14.4375,7.625,14.472656,7.7773438],"rotation":0,"texture":"#2","tintindex":0},"south":{"uv":[11.375,13.25,11.515625,13.402344],"rotation":0,"texture":"#2","tintindex":0},"north":{"uv":[13.25,11.25,13.390625,11.402344],"rotation":0,"texture":"#2","tintindex":0},"west":{"uv":[7.6875,14.4375,7.7226562,14.589844],"rotation":0,"texture":"#2","tintindex":0},"up":{"uv":[14.640625,7.3476562,14.5,7.3125],"rotation":0,"texture":"#2","tintindex":0},"down":{"uv":[14.640625,7.375,14.5,7.4101562],"rotation":0,"texture":"#2","tintindex":0}}}],"display":{"head":{"translation":[0.0,-6.4,0.0],"scale":[4.0,4.0,4.0]}}}