{"textures":{"2":"modelengine:entity/pillars"},"elements":[{"from":[6.5166664,5.754092,0.41428566],"to":[9.516666,9.691592,3.4142857],"rotation":{"angle":0.0,"axis":"y","origin":[8.016666,7.254092,1.9142857]},"faces":{"east":{"uv":[5.4375,9.625,5.765625,10.0546875],"rotation":0,"texture":"#2","tintindex":0},"south":{"uv":[5.8125,9.625,6.140625,10.0546875],"rotation":0,"texture":"#2","tintindex":0},"north":{"uv":[2.0625,9.625,2.390625,10.0546875],"rotation":0,"texture":"#2","tintindex":0},"west":{"uv":[9.625,7.375,9.953125,7.8046875],"rotation":0,"texture":"#2","tintindex":0},"up":{"uv":[5.890625,10.890625,5.5625,10.5625],"rotation":0,"texture":"#2","tintindex":0},"down":{"uv":[10.890625,7.125,10.5625,7.453125],"rotation":0,"texture":"#2","tintindex":0}}},{"from":[5.9541664,5.754092,0.78928566],"to":[6.5166664,8.191592,3.0392857],"rotation":{"angle":0.0,"axis":"y","origin":[6.3291664,6.972842,1.9142857]},"faces":{"east":{"uv":[11.5,10.375,11.746094,10.640625],"rotation":0,"texture":"#2","tintindex":0},"south":{"uv":[5.25,13.625,5.3125,13.890625],"rotation":0,"texture":"#2","tintindex":0},"north":{"uv":[1.125,12.375,1.1875,12.640625],"rotation":0,"texture":"#2","tintindex":0},"west":{"uv":[11.5,10.6875,11.746094,10.953125],"rotation":0,"texture":"#2","tintindex":0},"up":{"uv":[7.9375,11.121094,7.875,10.875],"rotation":0,"texture":"#2","tintindex":0},"down":{"uv":[11.3125,3.375,11.25,3.6210938],"rotation":0,"texture":"#2","tintindex":0}}},{"from":[5.9541664,8.191592,1.3517857],"to":[6.5166664,9.691592,2.4767857],"rotation":{"angle":0.0,"axis":"y","origin":[6.3291664,8.941592,1.9142857]},"faces":{"east":{"uv":[7.75,11.6875,7.875,11.8515625],"rotation":0,"texture":"#2","tintindex":0},"south":{"uv":[5.125,10.75,5.1875,10.9140625],"rotation":0,"texture":"#2","tintindex":0},"north":{"uv":[7.125,10.6875,7.1875,10.8515625],"rotation":0,"texture":"#2","tintindex":0},"west":{"uv":[12.8125,2.75,12.9375,2.9140625],"rotation":0,"texture":"#2","tintindex":0},"up":{"uv":[10.5625,7.25,10.5,7.125],"rotation":0,"texture":"#2","tintindex":0},"down":{"uv":[10.8125,5.875,10.75,6.0],"rotation":0,"texture":"#2","tintindex":0}}},{"from":[9.516666,5.754092,1.1642857],"to":[9.891666,8.191592,2.6642857],"rotation":{"angle":0.0,"axis":"y","origin":[9.704166,6.972842,1.9142857]},"faces":{"east":{"uv":[11.0625,12.25,11.2265625,12.515625],"rotation":0,"texture":"#2","tintindex":0},"south":{"uv":[11.5,13.9375,11.542969,14.203125],"rotation":0,"texture":"#2","tintindex":0},"north":{"uv":[9.8125,13.9375,9.855469,14.203125],"rotation":0,"texture":"#2","tintindex":0},"west":{"uv":[11.4375,12.25,11.6015625,12.515625],"rotation":0,"texture":"#2","tintindex":0},"up":{"uv":[12.980469,14.2890625,12.9375,14.125],"rotation":0,"texture":"#2","tintindex":0},"down":{"uv":[13.042969,14.125,13.0,14.2890625],"rotation":0,"texture":"#2","tintindex":0}}},{"from":[9.516666,8.191592,1.5392857],"to":[9.891666,9.691592,2.2892857],"rotation":{"angle":0.0,"axis":"y","origin":[9.704166,8.941592,1.9142857]},"faces":{"east":{"uv":[12.125,13.75,12.207031,13.9140625],"rotation":0,"texture":"#2","tintindex":0},"south":{"uv":[13.3125,14.125,13.355469,14.2890625],"rotation":0,"texture":"#2","tintindex":0},"north":{"uv":[13.25,14.125,13.292969,14.2890625],"rotation":0,"texture":"#2","tintindex":0},"west":{"uv":[13.75,12.4375,13.832031,12.6015625],"rotation":0,"texture":"#2","tintindex":0},"up":{"uv":[5.7929688,14.769531,5.75,14.6875],"rotation":0,"texture":"#2","tintindex":0},"down":{"uv":[14.730469,5.75,14.6875,5.8320312],"rotation":0,"texture":"#2","tintindex":0}}},{"from":[6.8916664,5.754092,-0.14821434],"to":[9.141666,8.191592,0.41428566],"rotation":{"angle":0.0,"axis":"y","origin":[8.016666,7.254092,1.3517857]},"faces":{"east":{"uv":[5.3125,13.625,5.375,13.890625],"rotation":0,"texture":"#2","tintindex":0},"south":{"uv":[11.25,11.5,11.496094,11.765625],"rotation":0,"texture":"#2","tintindex":0},"north":{"uv":[11.5,11.0,11.746094,11.265625],"rotation":0,"texture":"#2","tintindex":0},"west":{"uv":[5.375,13.625,5.4375,13.890625],"rotation":0,"texture":"#2","tintindex":0},"up":{"uv":[3.2460938,8.625,3.0,8.5625],"rotation":0,"texture":"#2","tintindex":0},"down":{"uv":[8.933594,5.9375,8.6875,6.0],"rotation":0,"texture":"#2","tintindex":0}}},{"from":[7.4729166,8.191592,-0.14821434],"to":[8.597917,9.691592,0.41428566],"rotation":{"angle":0.0,"axis":"y","origin":[8.129167,8.941592,0.13303566]},"faces":{"east":{"uv":[10.8125,1.125,10.875,1.2890625],"rotation":0,"texture":"#2","tintindex":0},"south":{"uv":[9.8125,13.3125,9.9375,13.4765625],"rotation":0,"texture":"#2","tintindex":0},"north":{"uv":[9.0,13.3125,9.125,13.4765625],"rotation":0,"texture":"#2","tintindex":0},"west":{"uv":[10.875,1.5,10.9375,1.6640625],"rotation":0,"texture":"#2","tintindex":0},"up":{"uv":[10.8125,4.375,10.6875,4.3125],"rotation":0,"texture":"#2","tintindex":0},"down":{"uv":[6.0625,10.8125,5.9375,10.875],"rotation":0,"texture":"#2","tintindex":0}}},{"from":[7.4729166,8.191592,3.4142857],"to":[8.597917,9.691592,3.9767857],"rotation":{"angle":0.0,"axis":"y","origin":[8.129167,8.941592,3.6955357]},"faces":{"east":{"uv":[11.0625,3.625,11.125,3.7890625],"rotation":0,"texture":"#2","tintindex":0},"south":{"uv":[13.3125,13.0625,13.4375,13.2265625],"rotation":0,"texture":"#2","tintindex":0},"north":{"uv":[12.125,13.3125,12.25,13.4765625],"rotation":0,"texture":"#2","tintindex":0},"west":{"uv":[5.8125,11.4375,5.875,11.6015625],"rotation":0,"texture":"#2","tintindex":0},"up":{"uv":[3.1875,11.0,3.0625,10.9375],"rotation":0,"texture":"#2","tintindex":0},"down":{"uv":[11.25,4.625,11.125,4.6875],"rotation":0,"texture":"#2","tintindex":0}}},{"from":[6.8916664,5.754092,3.4142857],"to":[9.141666,8.191592,3.9767857],"rotation":{"angle":0.0,"axis":"y","origin":[8.016666,7.254092,4.9142857]},"faces":{"east":{"uv":[13.625,5.375,13.6875,5.640625],"rotation":0,"texture":"#2","tintindex":0},"south":{"uv":[11.5625,0.0,11.808594,0.265625],"rotation":0,"texture":"#2","tintindex":0},"north":{"uv":[11.5,11.3125,11.746094,11.578125],"rotation":0,"texture":"#2","tintindex":0},"west":{"uv":[5.4375,13.625,5.5,13.890625],"rotation":0,"texture":"#2","tintindex":0},"up":{"uv":[7.9960938,8.75,7.75,8.6875],"rotation":0,"texture":"#2","tintindex":0},"down":{"uv":[10.433594,4.3125,10.1875,4.375],"rotation":0,"texture":"#2","tintindex":0}}}],"display":{"head":{"translation":[0.0,-6.4,0.0],"scale":[4.0,4.0,4.0]}}}