{"textures":{"2":"modelengine:entity/pillars"},"elements":[{"from":[7.821205,7.778866,2.2656245],"to":[8.182813,8.253475,2.627232],"rotation":{"angle":0.0,"axis":"y","origin":[8.002009,7.9596696,2.4464283]},"faces":{"east":{"uv":[14.875,0.75,14.9140625,0.80078125],"rotation":0,"texture":"#2","tintindex":0},"south":{"uv":[14.875,0.8125,14.9140625,0.86328125],"rotation":0,"texture":"#2","tintindex":0},"north":{"uv":[0.6875,14.875,0.7265625,14.925781],"rotation":0,"texture":"#2","tintindex":0},"west":{"uv":[0.9375,14.875,0.9765625,14.925781],"rotation":0,"texture":"#2","tintindex":0},"up":{"uv":[14.9765625,7.5390625,14.9375,7.5],"rotation":0,"texture":"#2","tintindex":0},"down":{"uv":[14.9765625,7.5625,14.9375,7.6015625],"rotation":0,"texture":"#2","tintindex":0}}},{"from":[7.753404,7.778866,2.3108258],"to":[7.821205,8.072672,2.5820308],"rotation":{"angle":0.0,"axis":"y","origin":[7.798605,7.925769,2.4464283]},"faces":{"east":{"uv":[9.75,15.0625,9.78125,15.09375],"rotation":0,"texture":"#2","tintindex":0},"south":{"uv":[15.375,9.3125,15.3828125,9.34375],"rotation":0,"texture":"#2","tintindex":0},"north":{"uv":[9.3125,15.375,9.3203125,15.40625],"rotation":0,"texture":"#2","tintindex":0},"west":{"uv":[15.0625,9.75,15.09375,9.78125],"rotation":0,"texture":"#2","tintindex":0},"up":{"uv":[9.3828125,15.40625,9.375,15.375],"rotation":0,"texture":"#2","tintindex":0},"down":{"uv":[15.3828125,9.375,15.375,9.40625],"rotation":0,"texture":"#2","tintindex":0}}},{"from":[7.753404,8.072672,2.3786268],"to":[7.821205,8.253475,2.5142298],"rotation":{"angle":0.0,"axis":"y","origin":[7.798605,8.163074,2.4464283]},"faces":{"east":{"uv":[1.8125,15.375,1.828125,15.394531],"rotation":0,"texture":"#2","tintindex":0},"south":{"uv":[9.3125,15.4375,9.3203125,15.457031],"rotation":0,"texture":"#2","tintindex":0},"north":{"uv":[15.4375,9.25,15.4453125,9.269531],"rotation":0,"texture":"#2","tintindex":0},"west":{"uv":[15.375,1.8125,15.390625,1.8320312],"rotation":0,"texture":"#2","tintindex":0},"up":{"uv":[15.4453125,14.265625,15.4375,14.25],"rotation":0,"texture":"#2","tintindex":0},"down":{"uv":[14.3203125,15.4375,14.3125,15.453125],"rotation":0,"texture":"#2","tintindex":0}}},{"from":[8.182813,7.778866,2.3560266],"to":[8.228013,8.072672,2.53683],"rotation":{"angle":0.0,"axis":"y","origin":[8.205413,7.925769,2.4464283]},"faces":{"east":{"uv":[0.0,15.25,0.01953125,15.28125],"rotation":0,"texture":"#2","tintindex":0},"south":{"uv":[14.375,15.4375,14.378906,15.46875],"rotation":0,"texture":"#2","tintindex":0},"north":{"uv":[15.4375,14.3125,15.441406,14.34375],"rotation":0,"texture":"#2","tintindex":0},"west":{"uv":[15.25,0.0,15.269531,0.03125],"rotation":0,"texture":"#2","tintindex":0},"up":{"uv":[5.0664062,15.519531,5.0625,15.5],"rotation":0,"texture":"#2","tintindex":0},"down":{"uv":[15.503906,5.0625,15.5,5.0820312],"rotation":0,"texture":"#2","tintindex":0}}},{"from":[8.182813,8.072672,2.4012275],"to":[8.228013,8.253475,2.4916291],"rotation":{"angle":0.0,"axis":"y","origin":[8.205413,8.163074,2.4464283]},"faces":{"east":{"uv":[15.4375,1.75,15.449219,1.7695312],"rotation":0,"texture":"#2","tintindex":0},"south":{"uv":[15.5,5.125,15.503906,5.1445312],"rotation":0,"texture":"#2","tintindex":0},"north":{"uv":[5.125,15.5,5.1289062,15.519531],"rotation":0,"texture":"#2","tintindex":0},"west":{"uv":[1.8125,15.4375,1.8242188,15.457031],"rotation":0,"texture":"#2","tintindex":0},"up":{"uv":[7.5664062,15.511719,7.5625,15.5],"rotation":0,"texture":"#2","tintindex":0},"down":{"uv":[15.503906,7.5625,15.5,7.5742188],"rotation":0,"texture":"#2","tintindex":0}}},{"from":[7.8664064,7.778866,2.1978235],"to":[8.137611,8.072672,2.2656245],"rotation":{"angle":0.0,"axis":"y","origin":[8.002009,7.9596696,2.3786268]},"faces":{"east":{"uv":[9.4375,15.375,9.4453125,15.40625],"rotation":0,"texture":"#2","tintindex":0},"south":{"uv":[9.875,15.0625,9.90625,15.09375],"rotation":0,"texture":"#2","tintindex":0},"north":{"uv":[9.8125,15.0625,9.84375,15.09375],"rotation":0,"texture":"#2","tintindex":0},"west":{"uv":[15.375,9.4375,15.3828125,9.46875],"rotation":0,"texture":"#2","tintindex":0},"up":{"uv":[9.53125,15.3828125,9.5,15.375],"rotation":0,"texture":"#2","tintindex":0},"down":{"uv":[15.40625,9.5,15.375,9.5078125],"rotation":0,"texture":"#2","tintindex":0}}},{"from":[7.9364676,8.072672,2.1978235],"to":[8.07207,8.253475,2.2656245],"rotation":{"angle":0.0,"axis":"y","origin":[8.015569,8.163074,2.2317243]},"faces":{"east":{"uv":[15.4375,9.3125,15.4453125,9.332031],"rotation":0,"texture":"#2","tintindex":0},"south":{"uv":[15.375,1.875,15.390625,1.8945312],"rotation":0,"texture":"#2","tintindex":0},"north":{"uv":[1.875,15.375,1.890625,15.394531],"rotation":0,"texture":"#2","tintindex":0},"west":{"uv":[9.375,15.4375,9.3828125,15.457031],"rotation":0,"texture":"#2","tintindex":0},"up":{"uv":[15.453125,14.3828125,15.4375,14.375],"rotation":0,"texture":"#2","tintindex":0},"down":{"uv":[14.453125,15.4375,14.4375,15.4453125],"rotation":0,"texture":"#2","tintindex":0}}},{"from":[7.9364676,8.072672,2.627232],"to":[8.07207,8.253475,2.695033],"rotation":{"angle":0.0,"axis":"y","origin":[8.015569,8.163074,2.6611323]},"faces":{"east":{"uv":[15.4375,9.375,15.4453125,9.394531],"rotation":0,"texture":"#2","tintindex":0},"south":{"uv":[15.375,1.9375,15.390625,1.9570312],"rotation":0,"texture":"#2","tintindex":0},"north":{"uv":[1.9375,15.375,1.953125,15.394531],"rotation":0,"texture":"#2","tintindex":0},"west":{"uv":[9.4375,15.4375,9.4453125,15.457031],"rotation":0,"texture":"#2","tintindex":0},"up":{"uv":[15.453125,14.4453125,15.4375,14.4375],"rotation":0,"texture":"#2","tintindex":0},"down":{"uv":[14.515625,15.4375,14.5,15.4453125],"rotation":0,"texture":"#2","tintindex":0}}},{"from":[7.8664064,7.778866,2.627232],"to":[8.137611,8.072672,2.695033],"rotation":{"angle":0.0,"axis":"y","origin":[8.002009,7.9596696,2.8080354]},"faces":{"east":{"uv":[9.5625,15.375,9.5703125,15.40625],"rotation":0,"texture":"#2","tintindex":0},"south":{"uv":[10.0,15.0625,10.03125,15.09375],"rotation":0,"texture":"#2","tintindex":0},"north":{"uv":[9.9375,15.0625,9.96875,15.09375],"rotation":0,"texture":"#2","tintindex":0},"west":{"uv":[15.375,9.5625,15.3828125,9.59375],"rotation":0,"texture":"#2","tintindex":0},"up":{"uv":[9.65625,15.3828125,9.625,15.375],"rotation":0,"texture":"#2","tintindex":0},"down":{"uv":[15.40625,9.625,15.375,9.6328125],"rotation":0,"texture":"#2","tintindex":0}}}],"display":{"head":{"translation":[0.0,-6.4,0.0],"scale":[4.0,4.0,4.0]}}}