{"textures":{"2":"modelengine:entity/pillars"},"elements":[{"from":[6.869841,6.34127,6.857143],"to":[9.155556,9.34127,9.142858],"rotation":{"angle":0.0,"axis":"y","origin":[8.012698,7.484127,8.0]},"faces":{"east":{"uv":[2.1875,11.0,2.4375,11.328125],"rotation":0,"texture":"#2","tintindex":0},"south":{"uv":[3.0625,11.0,3.3125,11.328125],"rotation":0,"texture":"#2","tintindex":0},"north":{"uv":[1.9375,11.0,2.1875,11.328125],"rotation":0,"texture":"#2","tintindex":0},"west":{"uv":[3.3125,11.0,3.5625,11.328125],"rotation":0,"texture":"#2","tintindex":0},"up":{"uv":[12.0625,3.3125,11.8125,3.0625],"rotation":0,"texture":"#2","tintindex":0},"down":{"uv":[12.0625,3.3125,11.8125,3.5625],"rotation":0,"texture":"#2","tintindex":0}}},{"from":[6.44127,6.34127,7.142857],"to":[6.869841,8.198413,8.857143],"rotation":{"angle":0.0,"axis":"y","origin":[6.726984,7.269841,8.0]},"faces":{"east":{"uv":[12.3125,7.0625,12.5,7.265625],"rotation":0,"texture":"#2","tintindex":0},"south":{"uv":[5.875,14.0625,5.921875,14.265625],"rotation":0,"texture":"#2","tintindex":0},"north":{"uv":[5.8125,14.0625,5.859375,14.265625],"rotation":0,"texture":"#2","tintindex":0},"west":{"uv":[12.3125,10.0625,12.5,10.265625],"rotation":0,"texture":"#2","tintindex":0},"up":{"uv":[14.109375,11.125,14.0625,10.9375],"rotation":0,"texture":"#2","tintindex":0},"down":{"uv":[11.046875,14.0625,11.0,14.25],"rotation":0,"texture":"#2","tintindex":0}}},{"from":[6.44127,8.198413,7.5714283],"to":[6.869841,9.34127,8.428572],"rotation":{"angle":0.0,"axis":"y","origin":[6.726984,8.769841,8.0]},"faces":{"east":{"uv":[13.9375,7.1875,14.03125,7.3125],"rotation":0,"texture":"#2","tintindex":0},"south":{"uv":[7.125,14.375,7.171875,14.5],"rotation":0,"texture":"#2","tintindex":0},"north":{"uv":[7.0625,14.375,7.109375,14.5],"rotation":0,"texture":"#2","tintindex":0},"west":{"uv":[7.3125,13.9375,7.40625,14.0625],"rotation":0,"texture":"#2","tintindex":0},"up":{"uv":[13.296875,14.65625,13.25,14.5625],"rotation":0,"texture":"#2","tintindex":0},"down":{"uv":[13.359375,14.5625,13.3125,14.65625],"rotation":0,"texture":"#2","tintindex":0}}},{"from":[9.155556,6.34127,7.428571],"to":[9.44127,8.198413,8.571428],"rotation":{"angle":0.0,"axis":"y","origin":[9.298412,7.269841,8.0]},"faces":{"east":{"uv":[13.125,10.0625,13.25,10.265625],"rotation":0,"texture":"#2","tintindex":0},"south":{"uv":[0.25,14.3125,0.28125,14.515625],"rotation":0,"texture":"#2","tintindex":0},"north":{"uv":[13.1875,14.25,13.21875,14.453125],"rotation":0,"texture":"#2","tintindex":0},"west":{"uv":[12.875,13.125,13.0,13.328125],"rotation":0,"texture":"#2","tintindex":0},"up":{"uv":[14.65625,7.1875,14.625,7.0625],"rotation":0,"texture":"#2","tintindex":0},"down":{"uv":[7.21875,14.625,7.1875,14.75],"rotation":0,"texture":"#2","tintindex":0}}},{"from":[9.155556,8.198413,7.714286],"to":[9.44127,9.34127,8.285714],"rotation":{"angle":0.0,"axis":"y","origin":[9.298412,8.769841,8.0]},"faces":{"east":{"uv":[13.375,9.9375,13.4375,10.0625],"rotation":0,"texture":"#2","tintindex":0},"south":{"uv":[7.3125,14.625,7.34375,14.75],"rotation":0,"texture":"#2","tintindex":0},"north":{"uv":[7.25,14.625,7.28125,14.75],"rotation":0,"texture":"#2","tintindex":0},"west":{"uv":[13.4375,1.125,13.5,1.25],"rotation":0,"texture":"#2","tintindex":0},"up":{"uv":[5.15625,14.9375,5.125,14.875],"rotation":0,"texture":"#2","tintindex":0},"down":{"uv":[14.90625,5.125,14.875,5.1875],"rotation":0,"texture":"#2","tintindex":0}}},{"from":[7.1555557,6.34127,6.428571],"to":[8.869842,8.198413,6.857143],"rotation":{"angle":0.0,"axis":"y","origin":[8.012698,7.484127,7.5714283]},"faces":{"east":{"uv":[5.9375,14.0625,5.984375,14.265625],"rotation":0,"texture":"#2","tintindex":0},"south":{"uv":[0.9375,12.375,1.125,12.578125],"rotation":0,"texture":"#2","tintindex":0},"north":{"uv":[11.25,12.3125,11.4375,12.515625],"rotation":0,"texture":"#2","tintindex":0},"west":{"uv":[6.0,14.0625,6.046875,14.265625],"rotation":0,"texture":"#2","tintindex":0},"up":{"uv":[11.0,4.734375,10.8125,4.6875],"rotation":0,"texture":"#2","tintindex":0},"down":{"uv":[11.375,6.9375,11.1875,6.984375],"rotation":0,"texture":"#2","tintindex":0}}},{"from":[7.5984125,8.198413,6.428571],"to":[8.455556,9.34127,6.857143],"rotation":{"angle":0.0,"axis":"y","origin":[8.0984125,8.769841,6.642857]},"faces":{"east":{"uv":[14.375,7.1875,14.421875,7.3125],"rotation":0,"texture":"#2","tintindex":0},"south":{"uv":[13.9375,7.5625,14.03125,7.6875],"rotation":0,"texture":"#2","tintindex":0},"north":{"uv":[7.4375,13.9375,7.53125,14.0625],"rotation":0,"texture":"#2","tintindex":0},"west":{"uv":[14.375,7.3125,14.421875,7.4375],"rotation":0,"texture":"#2","tintindex":0},"up":{"uv":[13.46875,14.609375,13.375,14.5625],"rotation":0,"texture":"#2","tintindex":0},"down":{"uv":[14.59375,14.5625,14.5,14.609375],"rotation":0,"texture":"#2","tintindex":0}}},{"from":[7.5984125,8.198413,9.142858],"to":[8.455556,9.34127,9.571428],"rotation":{"angle":0.0,"axis":"y","origin":[8.0984125,8.769841,9.357143]},"faces":{"east":{"uv":[14.375,7.4375,14.421875,7.5625],"rotation":0,"texture":"#2","tintindex":0},"south":{"uv":[13.9375,7.8125,14.03125,7.9375],"rotation":0,"texture":"#2","tintindex":0},"north":{"uv":[13.9375,7.6875,14.03125,7.8125],"rotation":0,"texture":"#2","tintindex":0},"west":{"uv":[14.375,7.5625,14.421875,7.6875],"rotation":0,"texture":"#2","tintindex":0},"up":{"uv":[14.71875,2.171875,14.625,2.125],"rotation":0,"texture":"#2","tintindex":0},"down":{"uv":[14.71875,2.1875,14.625,2.234375],"rotation":0,"texture":"#2","tintindex":0}}},{"from":[7.1555557,6.34127,9.142858],"to":[8.869842,8.198413,9.571428],"rotation":{"angle":0.0,"axis":"y","origin":[8.012698,7.484127,10.285714]},"faces":{"east":{"uv":[6.0625,14.0625,6.109375,14.265625],"rotation":0,"texture":"#2","tintindex":0},"south":{"uv":[2.6875,12.375,2.875,12.578125],"rotation":0,"texture":"#2","tintindex":0},"north":{"uv":[2.5,12.375,2.6875,12.578125],"rotation":0,"texture":"#2","tintindex":0},"west":{"uv":[6.125,14.0625,6.171875,14.265625],"rotation":0,"texture":"#2","tintindex":0},"up":{"uv":[11.625,6.921875,11.4375,6.875],"rotation":0,"texture":"#2","tintindex":0},"down":{"uv":[11.8125,4.4375,11.625,4.484375],"rotation":0,"texture":"#2","tintindex":0}}}],"display":{"head":{"translation":[0.0,-6.4,0.0],"scale":[4.0,4.0,4.0]}}}