{"textures":{"2":"modelengine:entity/pillars"},"elements":[{"from":[7.165625,6.631566,1.0705357],"to":[8.853125,8.84641,2.7580357],"rotation":{"angle":0.0,"axis":"y","origin":[8.009375,7.475316,1.9142857]},"faces":{"east":{"uv":[12.25,3.1875,12.433594,3.4296875],"rotation":0,"texture":"#2","tintindex":0},"south":{"uv":[12.25,3.4375,12.433594,3.6796875],"rotation":0,"texture":"#2","tintindex":0},"north":{"uv":[12.25,2.9375,12.433594,3.1796875],"rotation":0,"texture":"#2","tintindex":0},"west":{"uv":[12.25,3.6875,12.433594,3.9296875],"rotation":0,"texture":"#2","tintindex":0},"up":{"uv":[1.4960938,12.933594,1.3125,12.75],"rotation":0,"texture":"#2","tintindex":0},"down":{"uv":[12.933594,1.3125,12.75,1.4960938],"rotation":0,"texture":"#2","tintindex":0}}},{"from":[6.849219,6.631566,1.2814732],"to":[7.165625,8.00266,2.5470982],"rotation":{"angle":0.0,"axis":"y","origin":[7.0601563,7.317113,1.9142857]},"faces":{"east":{"uv":[13.4375,11.75,13.574219,11.8984375],"rotation":0,"texture":"#2","tintindex":0},"south":{"uv":[0.4375,14.5,0.47265625,14.6484375],"rotation":0,"texture":"#2","tintindex":0},"north":{"uv":[0.375,14.5,0.41015625,14.6484375],"rotation":0,"texture":"#2","tintindex":0},"west":{"uv":[11.9375,13.4375,12.074219,13.5859375],"rotation":0,"texture":"#2","tintindex":0},"up":{"uv":[3.1601562,14.699219,3.125,14.5625],"rotation":0,"texture":"#2","tintindex":0},"down":{"uv":[14.597656,3.125,14.5625,3.2617188],"rotation":0,"texture":"#2","tintindex":0}}},{"from":[6.849219,8.00266,1.5978794],"to":[7.165625,8.84641,2.230692],"rotation":{"angle":0.0,"axis":"y","origin":[7.0601563,8.424535,1.9142857]},"faces":{"east":{"uv":[4.875,14.25,4.9453125,14.34375],"rotation":0,"texture":"#2","tintindex":0},"south":{"uv":[10.875,14.6875,10.910156,14.78125],"rotation":0,"texture":"#2","tintindex":0},"north":{"uv":[14.6875,10.8125,14.722656,10.90625],"rotation":0,"texture":"#2","tintindex":0},"west":{"uv":[14.25,4.9375,14.3203125,5.03125],"rotation":0,"texture":"#2","tintindex":0},"up":{"uv":[14.222656,14.8203125,14.1875,14.75],"rotation":0,"texture":"#2","tintindex":0},"down":{"uv":[14.785156,14.1875,14.75,14.2578125],"rotation":0,"texture":"#2","tintindex":0}}},{"from":[8.853125,6.631566,1.4924107],"to":[9.064062,8.00266,2.3361607],"rotation":{"angle":0.0,"axis":"y","origin":[8.958593,7.317113,1.9142857]},"faces":{"east":{"uv":[13.75,4.0,13.84375,4.1484375],"rotation":0,"texture":"#2","tintindex":0},"south":{"uv":[14.6875,7.25,14.7109375,7.3984375],"rotation":0,"texture":"#2","tintindex":0},"north":{"uv":[7.125,14.6875,7.1484375,14.8359375],"rotation":0,"texture":"#2","tintindex":0},"west":{"uv":[13.75,4.1875,13.84375,4.3359375],"rotation":0,"texture":"#2","tintindex":0},"up":{"uv":[8.2109375,14.90625,8.1875,14.8125],"rotation":0,"texture":"#2","tintindex":0},"down":{"uv":[8.2734375,14.8125,8.25,14.90625],"rotation":0,"texture":"#2","tintindex":0}}},{"from":[8.853125,8.00266,1.7033482],"to":[9.064062,8.84641,2.1252232],"rotation":{"angle":0.0,"axis":"y","origin":[8.958593,8.424535,1.9142857]},"faces":{"east":{"uv":[8.5,14.5625,8.546875,14.65625],"rotation":0,"texture":"#2","tintindex":0},"south":{"uv":[8.3125,14.8125,8.3359375,14.90625],"rotation":0,"texture":"#2","tintindex":0},"north":{"uv":[14.8125,8.25,14.8359375,8.34375],"rotation":0,"texture":"#2","tintindex":0},"west":{"uv":[14.5625,8.5,14.609375,8.59375],"rotation":0,"texture":"#2","tintindex":0},"up":{"uv":[1.9609375,15.109375,1.9375,15.0625],"rotation":0,"texture":"#2","tintindex":0},"down":{"uv":[15.0859375,1.9375,15.0625,1.984375],"rotation":0,"texture":"#2","tintindex":0}}},{"from":[7.3765626,6.631566,0.7541294],"to":[8.642187,8.00266,1.0705357],"rotation":{"angle":0.0,"axis":"y","origin":[8.009375,7.475316,1.5978794]},"faces":{"east":{"uv":[0.5,14.5,0.53515625,14.6484375],"rotation":0,"texture":"#2","tintindex":0},"south":{"uv":[13.4375,12.125,13.574219,12.2734375],"rotation":0,"texture":"#2","tintindex":0},"north":{"uv":[13.4375,11.9375,13.574219,12.0859375],"rotation":0,"texture":"#2","tintindex":0},"west":{"uv":[0.6875,14.5,0.72265625,14.6484375],"rotation":0,"texture":"#2","tintindex":0},"up":{"uv":[3.3242188,14.597656,3.1875,14.5625],"rotation":0,"texture":"#2","tintindex":0},"down":{"uv":[14.699219,3.3125,14.5625,3.3476562],"rotation":0,"texture":"#2","tintindex":0}}},{"from":[7.7035155,8.00266,0.7541294],"to":[8.3363285,8.84641,1.0705357],"rotation":{"angle":0.0,"axis":"y","origin":[8.072657,8.424535,0.91233253]},"faces":{"east":{"uv":[10.9375,14.6875,10.972656,14.78125],"rotation":0,"texture":"#2","tintindex":0},"south":{"uv":[14.25,5.0625,14.3203125,5.15625],"rotation":0,"texture":"#2","tintindex":0},"north":{"uv":[5.0,14.25,5.0703125,14.34375],"rotation":0,"texture":"#2","tintindex":0},"west":{"uv":[14.6875,10.9375,14.722656,11.03125],"rotation":0,"texture":"#2","tintindex":0},"up":{"uv":[14.3203125,14.785156,14.25,14.75],"rotation":0,"texture":"#2","tintindex":0},"down":{"uv":[14.8203125,14.3125,14.75,14.347656],"rotation":0,"texture":"#2","tintindex":0}}},{"from":[7.7035155,8.00266,2.7580357],"to":[8.3363285,8.84641,3.074442],"rotation":{"angle":0.0,"axis":"y","origin":[8.072657,8.424535,2.9162388]},"faces":{"east":{"uv":[11.0,14.6875,11.035156,14.78125],"rotation":0,"texture":"#2","tintindex":0},"south":{"uv":[5.25,14.25,5.3203125,14.34375],"rotation":0,"texture":"#2","tintindex":0},"north":{"uv":[5.125,14.25,5.1953125,14.34375],"rotation":0,"texture":"#2","tintindex":0},"west":{"uv":[14.6875,11.0625,14.722656,11.15625],"rotation":0,"texture":"#2","tintindex":0},"up":{"uv":[14.4453125,14.785156,14.375,14.75],"rotation":0,"texture":"#2","tintindex":0},"down":{"uv":[14.8203125,14.375,14.75,14.410156],"rotation":0,"texture":"#2","tintindex":0}}},{"from":[7.3765626,6.631566,2.7580357],"to":[8.642187,8.00266,3.074442],"rotation":{"angle":0.0,"axis":"y","origin":[8.009375,7.475316,3.6017857]},"faces":{"east":{"uv":[0.75,14.5,0.78515625,14.6484375],"rotation":0,"texture":"#2","tintindex":0},"south":{"uv":[12.375,13.4375,12.511719,13.5859375],"rotation":0,"texture":"#2","tintindex":0},"north":{"uv":[13.4375,12.3125,13.574219,12.4609375],"rotation":0,"texture":"#2","tintindex":0},"west":{"uv":[1.0,14.5,1.0351562,14.6484375],"rotation":0,"texture":"#2","tintindex":0},"up":{"uv":[3.5117188,14.597656,3.375,14.5625],"rotation":0,"texture":"#2","tintindex":0},"down":{"uv":[14.699219,3.375,14.5625,3.4101562],"rotation":0,"texture":"#2","tintindex":0}}}],"display":{"head":{"translation":[0.0,-6.4,0.0],"scale":[4.0,4.0,4.0]}}}