{"textures":{"2":"modelengine:entity/pillars"},"elements":[{"from":[5.357682,1.321722,-14.342499],"to":[14.197683,12.924223,-5.502495],"rotation":{"angle":0.0,"axis":"y","origin":[9.777682,5.741722,-9.922497]},"faces":{"east":{"uv":[1.0,0.0,1.96875,1.2695312],"rotation":0,"texture":"#2","tintindex":0},"south":{"uv":[0.0,1.3125,0.96875,2.5820312],"rotation":0,"texture":"#2","tintindex":0},"north":{"uv":[0.0,0.0,0.96875,1.2695312],"rotation":0,"texture":"#2","tintindex":0},"west":{"uv":[1.0,1.3125,1.96875,2.5820312],"rotation":0,"texture":"#2","tintindex":0},"up":{"uv":[0.96875,4.90625,0.0,3.9375],"rotation":0,"texture":"#2","tintindex":0},"down":{"uv":[1.96875,3.9375,1.0,4.90625],"rotation":0,"texture":"#2","tintindex":0}}},{"from":[3.7001824,1.321722,-13.237499],"to":[5.357682,8.504223,-6.607498],"rotation":{"angle":0.0,"axis":"y","origin":[4.8051825,4.9129725,-9.922497]},"faces":{"east":{"uv":[5.0,1.0,5.7265625,1.7851562],"rotation":0,"texture":"#2","tintindex":0},"south":{"uv":[7.9375,9.1875,8.1171875,9.972656],"rotation":0,"texture":"#2","tintindex":0},"north":{"uv":[1.125,9.1875,1.3046875,9.972656],"rotation":0,"texture":"#2","tintindex":0},"west":{"uv":[3.75,5.0,4.4765625,5.7851562],"rotation":0,"texture":"#2","tintindex":0},"up":{"uv":[9.4296875,10.4140625,9.25,9.6875],"rotation":0,"texture":"#2","tintindex":0},"down":{"uv":[9.6171875,9.875,9.4375,10.6015625],"rotation":0,"texture":"#2","tintindex":0}}},{"from":[3.7001824,8.504223,-11.579998],"to":[5.357682,12.924223,-8.264996],"rotation":{"angle":0.0,"axis":"y","origin":[4.8051825,10.714223,-9.922497]},"faces":{"east":{"uv":[5.5,8.625,5.8632812,9.109375],"rotation":0,"texture":"#2","tintindex":0},"south":{"uv":[5.125,10.9375,5.3046875,11.421875],"rotation":0,"texture":"#2","tintindex":0},"north":{"uv":[10.9375,3.8125,11.1171875,4.296875],"rotation":0,"texture":"#2","tintindex":0},"west":{"uv":[2.1875,9.125,2.5507812,9.609375],"rotation":0,"texture":"#2","tintindex":0},"up":{"uv":[6.9921875,12.050781,6.8125,11.6875],"rotation":0,"texture":"#2","tintindex":0},"down":{"uv":[4.8671875,11.75,4.6875,12.113281],"rotation":0,"texture":"#2","tintindex":0}}},{"from":[14.197683,1.321722,-12.132496],"to":[15.302683,8.504223,-7.7124977],"rotation":{"angle":0.0,"axis":"y","origin":[14.750183,4.9129725,-9.922497]},"faces":{"east":{"uv":[2.8125,6.75,3.296875,7.5351562],"rotation":0,"texture":"#2","tintindex":0},"south":{"uv":[1.5625,10.8125,1.6835938,11.597656],"rotation":0,"texture":"#2","tintindex":0},"north":{"uv":[1.4375,10.8125,1.5585938,11.597656],"rotation":0,"texture":"#2","tintindex":0},"west":{"uv":[6.75,3.875,7.234375,4.6601562],"rotation":0,"texture":"#2","tintindex":0},"up":{"uv":[5.9960938,8.484375,5.875,8.0],"rotation":0,"texture":"#2","tintindex":0},"down":{"uv":[8.246094,3.125,8.125,3.609375],"rotation":0,"texture":"#2","tintindex":0}}},{"from":[14.197683,8.504223,-11.0275],"to":[15.302683,12.924223,-8.817501],"rotation":{"angle":0.0,"axis":"y","origin":[14.750183,10.714223,-9.922497]},"faces":{"east":{"uv":[7.75,8.1875,7.9921875,8.671875],"rotation":0,"texture":"#2","tintindex":0},"south":{"uv":[1.5,11.9375,1.6210938,12.421875],"rotation":0,"texture":"#2","tintindex":0},"north":{"uv":[8.0,11.875,8.121094,12.359375],"rotation":0,"texture":"#2","tintindex":0},"west":{"uv":[0.3125,10.125,0.5546875,10.609375],"rotation":0,"texture":"#2","tintindex":0},"up":{"uv":[12.933594,12.2421875,12.8125,12.0],"rotation":0,"texture":"#2","tintindex":0},"down":{"uv":[12.933594,12.25,12.8125,12.4921875],"rotation":0,"texture":"#2","tintindex":0}}},{"from":[6.4626827,1.321722,-16.0],"to":[13.092683,8.504223,-14.342499],"rotation":{"angle":0.0,"axis":"y","origin":[9.777682,5.741722,-11.579998]},"faces":{"east":{"uv":[7.375,9.3125,7.5546875,10.097656],"rotation":0,"texture":"#2","tintindex":0},"south":{"uv":[5.25,5.0,5.9765625,5.7851562],"rotation":0,"texture":"#2","tintindex":0},"north":{"uv":[4.5,5.0,5.2265625,5.7851562],"rotation":0,"texture":"#2","tintindex":0},"west":{"uv":[9.5,4.375,9.6796875,5.1601562],"rotation":0,"texture":"#2","tintindex":0},"up":{"uv":[10.6015625,5.4296875,9.875,5.25],"rotation":0,"texture":"#2","tintindex":0},"down":{"uv":[10.6015625,5.4375,9.875,5.6171875],"rotation":0,"texture":"#2","tintindex":0}}},{"from":[8.175432,8.504223,-16.0],"to":[11.490433,12.924223,-14.342499],"rotation":{"angle":0.0,"axis":"y","origin":[10.109182,10.714223,-15.171246]},"faces":{"east":{"uv":[5.3125,10.9375,5.4921875,11.421875],"rotation":0,"texture":"#2","tintindex":0},"south":{"uv":[9.125,2.9375,9.488281,3.421875],"rotation":0,"texture":"#2","tintindex":0},"north":{"uv":[9.125,2.4375,9.488281,2.921875],"rotation":0,"texture":"#2","tintindex":0},"west":{"uv":[5.5,10.9375,5.6796875,11.421875],"rotation":0,"texture":"#2","tintindex":0},"up":{"uv":[5.3632812,1.9921875,5.0,1.8125],"rotation":0,"texture":"#2","tintindex":0},"down":{"uv":[6.1132812,1.625,5.75,1.8046875],"rotation":0,"texture":"#2","tintindex":0}}},{"from":[8.175432,8.504223,-5.502495],"to":[11.490433,12.924223,-3.8449936],"rotation":{"angle":0.0,"axis":"y","origin":[10.109182,10.714223,-4.673748]},"faces":{"east":{"uv":[5.6875,10.9375,5.8671875,11.421875],"rotation":0,"texture":"#2","tintindex":0},"south":{"uv":[9.125,3.9375,9.488281,4.421875],"rotation":0,"texture":"#2","tintindex":0},"north":{"uv":[9.125,3.4375,9.488281,3.921875],"rotation":0,"texture":"#2","tintindex":0},"west":{"uv":[10.9375,7.0,11.1171875,7.484375],"rotation":0,"texture":"#2","tintindex":0},"up":{"uv":[7.1132812,6.4921875,6.75,6.3125],"rotation":0,"texture":"#2","tintindex":0},"down":{"uv":[12.050781,1.25,11.6875,1.4296875],"rotation":0,"texture":"#2","tintindex":0}}},{"from":[6.4626827,1.321722,-5.502495],"to":[13.092683,8.504223,-3.8449936],"rotation":{"angle":0.0,"axis":"y","origin":[9.777682,5.741722,-1.0824966]},"faces":{"east":{"uv":[9.5,9.0625,9.6796875,9.847656],"rotation":0,"texture":"#2","tintindex":0},"south":{"uv":[5.5,2.625,6.2265625,3.4101562],"rotation":0,"texture":"#2","tintindex":0},"north":{"uv":[5.5,1.8125,6.2265625,2.5976562],"rotation":0,"texture":"#2","tintindex":0},"west":{"uv":[3.75,9.5625,3.9296875,10.347656],"rotation":0,"texture":"#2","tintindex":0},"up":{"uv":[10.6640625,0.1796875,9.9375,0.0],"rotation":0,"texture":"#2","tintindex":0},"down":{"uv":[10.6640625,0.1875,9.9375,0.3671875],"rotation":0,"texture":"#2","tintindex":0}}}],"display":{"head":{"translation":[0.0,-6.4,-105.04373],"scale":[4.0,4.0,4.0]}}}