{"textures":{"2":"modelengine:entity/pillars"},"elements":[{"from":[7.821205,7.778866,2.2656245],"to":[8.182813,8.253475,2.627232],"rotation":{"angle":0.0,"axis":"y","origin":[8.002009,7.9596696,2.4464283]},"faces":{"east":{"uv":[1.4375,14.875,1.4765625,14.925781],"rotation":0,"texture":"#2","tintindex":0},"south":{"uv":[14.875,1.4375,14.9140625,1.4882812],"rotation":0,"texture":"#2","tintindex":0},"north":{"uv":[1.375,14.875,1.4140625,14.925781],"rotation":0,"texture":"#2","tintindex":0},"west":{"uv":[1.5,14.875,1.5390625,14.925781],"rotation":0,"texture":"#2","tintindex":0},"up":{"uv":[8.9140625,14.9765625,8.875,14.9375],"rotation":0,"texture":"#2","tintindex":0},"down":{"uv":[14.9765625,8.875,14.9375,8.9140625],"rotation":0,"texture":"#2","tintindex":0}}},{"from":[7.753404,7.778866,2.3108258],"to":[7.821205,8.072672,2.5820308],"rotation":{"angle":0.0,"axis":"y","origin":[7.798605,7.925769,2.4464283]},"faces":{"east":{"uv":[10.5,15.0625,10.53125,15.09375],"rotation":0,"texture":"#2","tintindex":0},"south":{"uv":[15.375,10.4375,15.3828125,10.46875],"rotation":0,"texture":"#2","tintindex":0},"north":{"uv":[10.4375,15.375,10.4453125,15.40625],"rotation":0,"texture":"#2","tintindex":0},"west":{"uv":[15.0625,10.5,15.09375,10.53125],"rotation":0,"texture":"#2","tintindex":0},"up":{"uv":[10.5078125,15.40625,10.5,15.375],"rotation":0,"texture":"#2","tintindex":0},"down":{"uv":[15.3828125,10.5,15.375,10.53125],"rotation":0,"texture":"#2","tintindex":0}}},{"from":[7.753404,8.072672,2.3786268],"to":[7.821205,8.253475,2.5142298],"rotation":{"angle":0.0,"axis":"y","origin":[7.798605,8.163074,2.4464283]},"faces":{"east":{"uv":[2.375,15.375,2.390625,15.394531],"rotation":0,"texture":"#2","tintindex":0},"south":{"uv":[10.0625,15.4375,10.0703125,15.457031],"rotation":0,"texture":"#2","tintindex":0},"north":{"uv":[15.4375,10.0,15.4453125,10.019531],"rotation":0,"texture":"#2","tintindex":0},"west":{"uv":[15.375,2.375,15.390625,2.3945312],"rotation":0,"texture":"#2","tintindex":0},"up":{"uv":[15.4453125,15.015625,15.4375,15.0],"rotation":0,"texture":"#2","tintindex":0},"down":{"uv":[15.0703125,15.4375,15.0625,15.453125],"rotation":0,"texture":"#2","tintindex":0}}},{"from":[8.182813,7.778866,2.3560266],"to":[8.228013,8.072672,2.53683],"rotation":{"angle":0.0,"axis":"y","origin":[8.205413,7.925769,2.4464283]},"faces":{"east":{"uv":[0.1875,15.25,0.20703125,15.28125],"rotation":0,"texture":"#2","tintindex":0},"south":{"uv":[15.125,15.4375,15.128906,15.46875],"rotation":0,"texture":"#2","tintindex":0},"north":{"uv":[15.4375,15.0625,15.441406,15.09375],"rotation":0,"texture":"#2","tintindex":0},"west":{"uv":[15.25,0.1875,15.269531,0.21875],"rotation":0,"texture":"#2","tintindex":0},"up":{"uv":[5.4414062,15.519531,5.4375,15.5],"rotation":0,"texture":"#2","tintindex":0},"down":{"uv":[15.503906,5.4375,15.5,5.4570312],"rotation":0,"texture":"#2","tintindex":0}}},{"from":[8.182813,8.072672,2.4012275],"to":[8.228013,8.253475,2.4916291],"rotation":{"angle":0.0,"axis":"y","origin":[8.205413,8.163074,2.4464283]},"faces":{"east":{"uv":[15.4375,2.5,15.449219,2.5195312],"rotation":0,"texture":"#2","tintindex":0},"south":{"uv":[15.5,5.5,15.503906,5.5195312],"rotation":0,"texture":"#2","tintindex":0},"north":{"uv":[5.5,15.5,5.5039062,15.519531],"rotation":0,"texture":"#2","tintindex":0},"west":{"uv":[2.5625,15.4375,2.5742188,15.457031],"rotation":0,"texture":"#2","tintindex":0},"up":{"uv":[7.7539062,15.511719,7.75,15.5],"rotation":0,"texture":"#2","tintindex":0},"down":{"uv":[15.503906,7.75,15.5,7.7617188],"rotation":0,"texture":"#2","tintindex":0}}},{"from":[7.8664064,7.778866,2.1978235],"to":[8.137611,8.072672,2.2656245],"rotation":{"angle":0.0,"axis":"y","origin":[8.002009,7.9596696,2.3786268]},"faces":{"east":{"uv":[10.5625,15.375,10.5703125,15.40625],"rotation":0,"texture":"#2","tintindex":0},"south":{"uv":[15.0625,10.5625,15.09375,10.59375],"rotation":0,"texture":"#2","tintindex":0},"north":{"uv":[10.5625,15.0625,10.59375,15.09375],"rotation":0,"texture":"#2","tintindex":0},"west":{"uv":[15.375,10.5625,15.3828125,10.59375],"rotation":0,"texture":"#2","tintindex":0},"up":{"uv":[10.65625,15.3828125,10.625,15.375],"rotation":0,"texture":"#2","tintindex":0},"down":{"uv":[15.40625,10.625,15.375,10.6328125],"rotation":0,"texture":"#2","tintindex":0}}},{"from":[7.9364676,8.072672,2.1978235],"to":[8.07207,8.253475,2.2656245],"rotation":{"angle":0.0,"axis":"y","origin":[8.015569,8.163074,2.2317243]},"faces":{"east":{"uv":[15.4375,10.0625,15.4453125,10.082031],"rotation":0,"texture":"#2","tintindex":0},"south":{"uv":[15.375,2.4375,15.390625,2.4570312],"rotation":0,"texture":"#2","tintindex":0},"north":{"uv":[2.4375,15.375,2.453125,15.394531],"rotation":0,"texture":"#2","tintindex":0},"west":{"uv":[10.125,15.4375,10.1328125,15.457031],"rotation":0,"texture":"#2","tintindex":0},"up":{"uv":[15.453125,15.1328125,15.4375,15.125],"rotation":0,"texture":"#2","tintindex":0},"down":{"uv":[15.203125,15.4375,15.1875,15.4453125],"rotation":0,"texture":"#2","tintindex":0}}},{"from":[7.9364676,8.072672,2.627232],"to":[8.07207,8.253475,2.695033],"rotation":{"angle":0.0,"axis":"y","origin":[8.015569,8.163074,2.6611323]},"faces":{"east":{"uv":[15.4375,10.125,15.4453125,10.144531],"rotation":0,"texture":"#2","tintindex":0},"south":{"uv":[15.375,2.5,15.390625,2.5195312],"rotation":0,"texture":"#2","tintindex":0},"north":{"uv":[2.5,15.375,2.515625,15.394531],"rotation":0,"texture":"#2","tintindex":0},"west":{"uv":[10.1875,15.4375,10.1953125,15.457031],"rotation":0,"texture":"#2","tintindex":0},"up":{"uv":[15.453125,15.1953125,15.4375,15.1875],"rotation":0,"texture":"#2","tintindex":0},"down":{"uv":[15.265625,15.4375,15.25,15.4453125],"rotation":0,"texture":"#2","tintindex":0}}},{"from":[7.8664064,7.778866,2.627232],"to":[8.137611,8.072672,2.695033],"rotation":{"angle":0.0,"axis":"y","origin":[8.002009,7.9596696,2.8080354]},"faces":{"east":{"uv":[10.6875,15.375,10.6953125,15.40625],"rotation":0,"texture":"#2","tintindex":0},"south":{"uv":[10.6875,15.0625,10.71875,15.09375],"rotation":0,"texture":"#2","tintindex":0},"north":{"uv":[15.0625,10.625,15.09375,10.65625],"rotation":0,"texture":"#2","tintindex":0},"west":{"uv":[15.375,10.6875,15.3828125,10.71875],"rotation":0,"texture":"#2","tintindex":0},"up":{"uv":[10.78125,15.3828125,10.75,15.375],"rotation":0,"texture":"#2","tintindex":0},"down":{"uv":[15.40625,10.75,15.375,10.7578125],"rotation":0,"texture":"#2","tintindex":0}}}],"display":{"head":{"translation":[0.0,-6.4,0.0],"scale":[4.0,4.0,4.0]}}}