{"textures":{"2":"modelengine:entity/pillars"},"elements":[{"from":[7.5232143,7.257366,7.517857],"to":[8.4875,8.522991,8.482142],"rotation":{"angle":0.0,"axis":"y","origin":[8.005357,7.739509,8.0]},"faces":{"east":{"uv":[1.375,13.6875,1.4804688,13.824219],"rotation":0,"texture":"#2","tintindex":0},"south":{"uv":[2.125,13.6875,2.2304688,13.824219],"rotation":0,"texture":"#2","tintindex":0},"north":{"uv":[0.5625,13.6875,0.66796875,13.824219],"rotation":0,"texture":"#2","tintindex":0},"west":{"uv":[13.6875,2.125,13.792969,2.2617188],"rotation":0,"texture":"#2","tintindex":0},"up":{"uv":[14.105469,7.5429688,14.0,7.4375],"rotation":0,"texture":"#2","tintindex":0},"down":{"uv":[14.105469,10.125,14.0,10.230469],"rotation":0,"texture":"#2","tintindex":0}}},{"from":[7.3424106,7.257366,7.638393],"to":[7.5232143,8.040848,8.361608],"rotation":{"angle":0.0,"axis":"y","origin":[7.4629464,7.649107,8.0]},"faces":{"east":{"uv":[14.125,12.8125,14.203125,12.8984375],"rotation":0,"texture":"#2","tintindex":0},"south":{"uv":[14.875,8.0,14.894531,8.0859375],"rotation":0,"texture":"#2","tintindex":0},"north":{"uv":[8.0,14.875,8.019531,14.9609375],"rotation":0,"texture":"#2","tintindex":0},"west":{"uv":[14.1875,2.0,14.265625,2.0859375],"rotation":0,"texture":"#2","tintindex":0},"up":{"uv":[4.5195312,15.015625,4.5,14.9375],"rotation":0,"texture":"#2","tintindex":0},"down":{"uv":[14.957031,4.5,14.9375,4.578125],"rotation":0,"texture":"#2","tintindex":0}}},{"from":[7.3424106,8.040848,7.819196],"to":[7.5232143,8.522991,8.180803],"rotation":{"angle":0.0,"axis":"y","origin":[7.4629464,8.2819195,8.0]},"faces":{"east":{"uv":[14.8125,9.625,14.8515625,9.6796875],"rotation":0,"texture":"#2","tintindex":0},"south":{"uv":[15.0625,4.0625,15.082031,4.1171875],"rotation":0,"texture":"#2","tintindex":0},"north":{"uv":[4.0625,15.0625,4.0820312,15.1171875],"rotation":0,"texture":"#2","tintindex":0},"west":{"uv":[10.9375,14.8125,10.9765625,14.8671875],"rotation":0,"texture":"#2","tintindex":0},"up":{"uv":[15.144531,10.7890625,15.125,10.75],"rotation":0,"texture":"#2","tintindex":0},"down":{"uv":[10.832031,15.125,10.8125,15.1640625],"rotation":0,"texture":"#2","tintindex":0}}},{"from":[8.4875,7.257366,7.758929],"to":[8.608036,8.040848,8.241072],"rotation":{"angle":0.0,"axis":"y","origin":[8.547768,7.649107,8.0]},"faces":{"east":{"uv":[14.5625,5.0625,14.6171875,5.1484375],"rotation":0,"texture":"#2","tintindex":0},"south":{"uv":[15.0625,6.375,15.074219,6.4609375],"rotation":0,"texture":"#2","tintindex":0},"north":{"uv":[6.375,15.0625,6.3867188,15.1484375],"rotation":0,"texture":"#2","tintindex":0},"west":{"uv":[14.5625,5.1875,14.6171875,5.2734375],"rotation":0,"texture":"#2","tintindex":0},"up":{"uv":[15.199219,9.0546875,15.1875,9.0],"rotation":0,"texture":"#2","tintindex":0},"down":{"uv":[9.074219,15.1875,9.0625,15.2421875],"rotation":0,"texture":"#2","tintindex":0}}},{"from":[8.4875,8.040848,7.879464],"to":[8.608036,8.522991,8.120536],"rotation":{"angle":0.0,"axis":"y","origin":[8.547768,8.2819195,8.0]},"faces":{"east":{"uv":[0.0,15.0,0.02734375,15.0546875],"rotation":0,"texture":"#2","tintindex":0},"south":{"uv":[9.125,15.1875,9.136719,15.2421875],"rotation":0,"texture":"#2","tintindex":0},"north":{"uv":[15.1875,9.0625,15.199219,9.1171875],"rotation":0,"texture":"#2","tintindex":0},"west":{"uv":[15.0,0.0,15.027344,0.0546875],"rotation":0,"texture":"#2","tintindex":0},"up":{"uv":[15.324219,7.8398438,15.3125,7.8125],"rotation":0,"texture":"#2","tintindex":0},"down":{"uv":[7.8867188,15.3125,7.875,15.339844],"rotation":0,"texture":"#2","tintindex":0}}},{"from":[7.64375,7.257366,7.3370533],"to":[8.366964,8.040848,7.517857],"rotation":{"angle":0.0,"axis":"y","origin":[8.005357,7.739509,7.819196]},"faces":{"east":{"uv":[8.0625,14.875,8.082031,14.9609375],"rotation":0,"texture":"#2","tintindex":0},"south":{"uv":[14.1875,3.0625,14.265625,3.1484375],"rotation":0,"texture":"#2","tintindex":0},"north":{"uv":[3.0625,14.1875,3.140625,14.2734375],"rotation":0,"texture":"#2","tintindex":0},"west":{"uv":[8.125,14.875,8.144531,14.9609375],"rotation":0,"texture":"#2","tintindex":0},"up":{"uv":[4.640625,14.957031,4.5625,14.9375],"rotation":0,"texture":"#2","tintindex":0},"down":{"uv":[15.015625,4.625,14.9375,4.6445312],"rotation":0,"texture":"#2","tintindex":0}}},{"from":[7.83058,8.040848,7.3370533],"to":[8.192187,8.522991,7.517857],"rotation":{"angle":0.0,"axis":"y","origin":[8.041518,8.2819195,7.4274554]},"faces":{"east":{"uv":[4.125,15.0625,4.1445312,15.1171875],"rotation":0,"texture":"#2","tintindex":0},"south":{"uv":[11.0625,14.8125,11.1015625,14.8671875],"rotation":0,"texture":"#2","tintindex":0},"north":{"uv":[11.0,14.8125,11.0390625,14.8671875],"rotation":0,"texture":"#2","tintindex":0},"west":{"uv":[15.0625,4.125,15.082031,4.1796875],"rotation":0,"texture":"#2","tintindex":0},"up":{"uv":[15.1640625,10.832031,15.125,10.8125],"rotation":0,"texture":"#2","tintindex":0},"down":{"uv":[10.9140625,15.125,10.875,15.144531],"rotation":0,"texture":"#2","tintindex":0}}},{"from":[7.83058,8.040848,8.482142],"to":[8.192187,8.522991,8.662947],"rotation":{"angle":0.0,"axis":"y","origin":[8.041518,8.2819195,8.572545]},"faces":{"east":{"uv":[4.1875,15.0625,4.2070312,15.1171875],"rotation":0,"texture":"#2","tintindex":0},"south":{"uv":[14.8125,11.1875,14.8515625,11.2421875],"rotation":0,"texture":"#2","tintindex":0},"north":{"uv":[11.125,14.8125,11.1640625,14.8671875],"rotation":0,"texture":"#2","tintindex":0},"west":{"uv":[15.0625,4.1875,15.082031,4.2421875],"rotation":0,"texture":"#2","tintindex":0},"up":{"uv":[15.1640625,10.894531,15.125,10.875],"rotation":0,"texture":"#2","tintindex":0},"down":{"uv":[10.9765625,15.125,10.9375,15.144531],"rotation":0,"texture":"#2","tintindex":0}}},{"from":[7.64375,7.257366,8.482142],"to":[8.366964,8.040848,8.662947],"rotation":{"angle":0.0,"axis":"y","origin":[8.005357,7.739509,8.964286]},"faces":{"east":{"uv":[14.875,8.125,14.894531,8.2109375],"rotation":0,"texture":"#2","tintindex":0},"south":{"uv":[3.3125,14.1875,3.390625,14.2734375],"rotation":0,"texture":"#2","tintindex":0},"north":{"uv":[3.1875,14.1875,3.265625,14.2734375],"rotation":0,"texture":"#2","tintindex":0},"west":{"uv":[14.875,8.25,14.894531,8.3359375],"rotation":0,"texture":"#2","tintindex":0},"up":{"uv":[4.765625,14.957031,4.6875,14.9375],"rotation":0,"texture":"#2","tintindex":0},"down":{"uv":[15.015625,4.6875,14.9375,4.7070312],"rotation":0,"texture":"#2","tintindex":0}}}],"display":{"head":{"translation":[0.0,-6.4,0.0],"scale":[4.0,4.0,4.0]}}}