{"textures":{"2":"modelengine:entity/pillars"},"elements":[{"from":[7.6424108,7.465966,6.7026787],"to":[8.365625,8.415185,7.425893],"rotation":{"angle":0.0,"axis":"y","origin":[8.004018,7.8275733,7.0642858]},"faces":{"east":{"uv":[14.125,7.5625,14.203125,7.6679688],"rotation":0,"texture":"#2","tintindex":0},"south":{"uv":[14.125,7.6875,14.203125,7.7929688],"rotation":0,"texture":"#2","tintindex":0},"north":{"uv":[14.125,7.4375,14.203125,7.5429688],"rotation":0,"texture":"#2","tintindex":0},"west":{"uv":[14.125,7.8125,14.203125,7.9179688],"rotation":0,"texture":"#2","tintindex":0},"up":{"uv":[14.453125,0.203125,14.375,0.125],"rotation":0,"texture":"#2","tintindex":0},"down":{"uv":[14.453125,0.25,14.375,0.328125],"rotation":0,"texture":"#2","tintindex":0}}},{"from":[7.506808,7.465966,6.7930803],"to":[7.6424108,8.053577,7.335491],"rotation":{"angle":0.0,"axis":"y","origin":[7.59721,7.759772,7.0642858]},"faces":{"east":{"uv":[6.3125,12.8125,6.3710938,12.875],"rotation":0,"texture":"#2","tintindex":0},"south":{"uv":[15.0625,9.4375,15.078125,9.5],"rotation":0,"texture":"#2","tintindex":0},"north":{"uv":[9.4375,15.0625,9.453125,15.125],"rotation":0,"texture":"#2","tintindex":0},"west":{"uv":[6.8125,12.8125,6.8710938,12.875],"rotation":0,"texture":"#2","tintindex":0},"up":{"uv":[15.140625,4.6835938,15.125,4.625],"rotation":0,"texture":"#2","tintindex":0},"down":{"uv":[4.703125,15.125,4.6875,15.183594],"rotation":0,"texture":"#2","tintindex":0}}},{"from":[7.506808,8.053577,6.928683],"to":[7.6424108,8.415185,7.199888],"rotation":{"angle":0.0,"axis":"y","origin":[7.59721,8.234382,7.0642858]},"faces":{"east":{"uv":[0.1875,15.0625,0.21875,15.1015625],"rotation":0,"texture":"#2","tintindex":0},"south":{"uv":[15.0625,15.1875,15.078125,15.2265625],"rotation":0,"texture":"#2","tintindex":0},"north":{"uv":[15.1875,15.0,15.203125,15.0390625],"rotation":0,"texture":"#2","tintindex":0},"west":{"uv":[15.0625,0.1875,15.09375,0.2265625],"rotation":0,"texture":"#2","tintindex":0},"up":{"uv":[12.203125,15.28125,12.1875,15.25],"rotation":0,"texture":"#2","tintindex":0},"down":{"uv":[15.265625,12.1875,15.25,12.21875],"rotation":0,"texture":"#2","tintindex":0}}},{"from":[8.365625,7.465966,6.883482],"to":[8.456027,8.053577,7.245089],"rotation":{"angle":0.0,"axis":"y","origin":[8.410826,7.759772,7.0642858]},"faces":{"east":{"uv":[14.8125,4.875,14.8515625,4.9375],"rotation":0,"texture":"#2","tintindex":0},"south":{"uv":[14.4375,15.125,14.449219,15.1875],"rotation":0,"texture":"#2","tintindex":0},"north":{"uv":[15.125,14.375,15.136719,14.4375],"rotation":0,"texture":"#2","tintindex":0},"west":{"uv":[14.8125,4.9375,14.8515625,5.0],"rotation":0,"texture":"#2","tintindex":0},"up":{"uv":[13.011719,15.2890625,13.0,15.25],"rotation":0,"texture":"#2","tintindex":0},"down":{"uv":[15.261719,13.0,15.25,13.0390625],"rotation":0,"texture":"#2","tintindex":0}}},{"from":[8.365625,8.053577,6.9738836],"to":[8.456027,8.415185,7.1546874],"rotation":{"angle":0.0,"axis":"y","origin":[8.410826,8.234382,7.0642858]},"faces":{"east":{"uv":[15.125,12.5625,15.144531,12.6015625],"rotation":0,"texture":"#2","tintindex":0},"south":{"uv":[15.25,13.0625,15.261719,13.1015625],"rotation":0,"texture":"#2","tintindex":0},"north":{"uv":[13.0625,15.25,13.074219,15.2890625],"rotation":0,"texture":"#2","tintindex":0},"west":{"uv":[12.625,15.125,12.644531,15.1640625],"rotation":0,"texture":"#2","tintindex":0},"up":{"uv":[15.449219,1.7070312,15.4375,1.6875],"rotation":0,"texture":"#2","tintindex":0},"down":{"uv":[1.7617188,15.4375,1.75,15.457031],"rotation":0,"texture":"#2","tintindex":0}}},{"from":[7.7328124,7.465966,6.5670757],"to":[8.275223,8.053577,6.7026787],"rotation":{"angle":0.0,"axis":"y","origin":[8.004018,7.8275733,6.928683]},"faces":{"east":{"uv":[9.5625,15.0625,9.578125,15.125],"rotation":0,"texture":"#2","tintindex":0},"south":{"uv":[4.875,12.875,4.9335938,12.9375],"rotation":0,"texture":"#2","tintindex":0},"north":{"uv":[3.25,12.875,3.3085938,12.9375],"rotation":0,"texture":"#2","tintindex":0},"west":{"uv":[9.625,15.0625,9.640625,15.125],"rotation":0,"texture":"#2","tintindex":0},"up":{"uv":[15.183594,4.703125,15.125,4.6875],"rotation":0,"texture":"#2","tintindex":0},"down":{"uv":[4.8085938,15.125,4.75,15.140625],"rotation":0,"texture":"#2","tintindex":0}}},{"from":[7.8729353,8.053577,6.5670757],"to":[8.14414,8.415185,6.7026787],"rotation":{"angle":0.0,"axis":"y","origin":[8.031138,8.234382,6.634877]},"faces":{"east":{"uv":[15.1875,15.0625,15.203125,15.1015625],"rotation":0,"texture":"#2","tintindex":0},"south":{"uv":[15.0625,0.25,15.09375,0.2890625],"rotation":0,"texture":"#2","tintindex":0},"north":{"uv":[0.25,15.0625,0.28125,15.1015625],"rotation":0,"texture":"#2","tintindex":0},"west":{"uv":[15.125,15.1875,15.140625,15.2265625],"rotation":0,"texture":"#2","tintindex":0},"up":{"uv":[12.28125,15.265625,12.25,15.25],"rotation":0,"texture":"#2","tintindex":0},"down":{"uv":[15.28125,12.25,15.25,12.265625],"rotation":0,"texture":"#2","tintindex":0}}},{"from":[7.8729353,8.053577,7.425893],"to":[8.14414,8.415185,7.5614953],"rotation":{"angle":0.0,"axis":"y","origin":[8.031138,8.234382,7.4936943]},"faces":{"east":{"uv":[15.1875,15.125,15.203125,15.1640625],"rotation":0,"texture":"#2","tintindex":0},"south":{"uv":[15.0625,0.3125,15.09375,0.3515625],"rotation":0,"texture":"#2","tintindex":0},"north":{"uv":[0.3125,15.0625,0.34375,15.1015625],"rotation":0,"texture":"#2","tintindex":0},"west":{"uv":[15.1875,15.1875,15.203125,15.2265625],"rotation":0,"texture":"#2","tintindex":0},"up":{"uv":[12.34375,15.265625,12.3125,15.25],"rotation":0,"texture":"#2","tintindex":0},"down":{"uv":[15.28125,12.3125,15.25,12.328125],"rotation":0,"texture":"#2","tintindex":0}}},{"from":[7.7328124,7.465966,7.425893],"to":[8.275223,8.053577,7.5614953],"rotation":{"angle":0.0,"axis":"y","origin":[8.004018,7.8275733,7.7875]},"faces":{"east":{"uv":[9.6875,15.0625,9.703125,15.125],"rotation":0,"texture":"#2","tintindex":0},"south":{"uv":[12.9375,1.875,12.996094,1.9375],"rotation":0,"texture":"#2","tintindex":0},"north":{"uv":[12.875,9.375,12.933594,9.4375],"rotation":0,"texture":"#2","tintindex":0},"west":{"uv":[15.0625,9.6875,15.078125,9.75],"rotation":0,"texture":"#2","tintindex":0},"up":{"uv":[15.183594,4.765625,15.125,4.75],"rotation":0,"texture":"#2","tintindex":0},"down":{"uv":[4.8710938,15.125,4.8125,15.140625],"rotation":0,"texture":"#2","tintindex":0}}}],"display":{"head":{"translation":[0.0,-6.4,0.0],"scale":[4.0,4.0,4.0]}}}