{"textures":{"2":"modelengine:entity/pillars"},"elements":[{"from":[7.5761905,7.43533,2.017857],"to":[8.433333,8.560329,2.875],"rotation":{"angle":0.0,"axis":"y","origin":[8.004762,7.863901,2.4464283]},"faces":{"east":{"uv":[14.0,3.25,14.09375,3.375],"rotation":0,"texture":"#2","tintindex":0},"south":{"uv":[3.375,14.0,3.46875,14.125],"rotation":0,"texture":"#2","tintindex":0},"north":{"uv":[3.25,14.0,3.34375,14.125],"rotation":0,"texture":"#2","tintindex":0},"west":{"uv":[14.0,3.375,14.09375,3.5],"rotation":0,"texture":"#2","tintindex":0},"up":{"uv":[14.15625,12.78125,14.0625,12.6875],"rotation":0,"texture":"#2","tintindex":0},"down":{"uv":[12.90625,14.0625,12.8125,14.15625],"rotation":0,"texture":"#2","tintindex":0}}},{"from":[7.4154763,7.43533,2.1249995],"to":[7.5761905,8.131759,2.767857],"rotation":{"angle":0.0,"axis":"y","origin":[7.5226192,7.783544,2.4464283]},"faces":{"east":{"uv":[14.4375,3.0,14.5078125,3.078125],"rotation":0,"texture":"#2","tintindex":0},"south":{"uv":[12.25,14.9375,12.269531,15.015625],"rotation":0,"texture":"#2","tintindex":0},"north":{"uv":[14.9375,12.1875,14.957031,12.265625],"rotation":0,"texture":"#2","tintindex":0},"west":{"uv":[3.0625,14.4375,3.1328125,14.515625],"rotation":0,"texture":"#2","tintindex":0},"up":{"uv":[10.644531,15.0703125,10.625,15.0],"rotation":0,"texture":"#2","tintindex":0},"down":{"uv":[10.957031,15.0,10.9375,15.0703125],"rotation":0,"texture":"#2","tintindex":0}}},{"from":[7.4154763,8.131759,2.2857141],"to":[7.5761905,8.560329,2.6071424],"rotation":{"angle":0.0,"axis":"y","origin":[7.5226192,8.346045,2.4464283]},"faces":{"east":{"uv":[2.8125,14.9375,2.8476562,14.984375],"rotation":0,"texture":"#2","tintindex":0},"south":{"uv":[15.125,8.25,15.144531,8.296875],"rotation":0,"texture":"#2","tintindex":0},"north":{"uv":[8.25,15.125,8.269531,15.171875],"rotation":0,"texture":"#2","tintindex":0},"west":{"uv":[14.9375,2.8125,14.972656,2.859375],"rotation":0,"texture":"#2","tintindex":0},"up":{"uv":[15.207031,4.9726562,15.1875,4.9375],"rotation":0,"texture":"#2","tintindex":0},"down":{"uv":[5.0195312,15.1875,5.0,15.222656],"rotation":0,"texture":"#2","tintindex":0}}},{"from":[8.433333,7.43533,2.2321424],"to":[8.540476,8.131759,2.6607141],"rotation":{"angle":0.0,"axis":"y","origin":[8.486905,7.783544,2.4464283]},"faces":{"east":{"uv":[1.6875,14.6875,1.734375,14.765625],"rotation":0,"texture":"#2","tintindex":0},"south":{"uv":[15.125,8.3125,15.136719,8.390625],"rotation":0,"texture":"#2","tintindex":0},"north":{"uv":[8.3125,15.125,8.324219,15.203125],"rotation":0,"texture":"#2","tintindex":0},"west":{"uv":[1.875,14.6875,1.921875,14.765625],"rotation":0,"texture":"#2","tintindex":0},"up":{"uv":[2.6367188,15.296875,2.625,15.25],"rotation":0,"texture":"#2","tintindex":0},"down":{"uv":[15.261719,2.625,15.25,2.671875],"rotation":0,"texture":"#2","tintindex":0}}},{"from":[8.433333,8.131759,2.3392854],"to":[8.540476,8.560329,2.5535712],"rotation":{"angle":0.0,"axis":"y","origin":[8.486905,8.346045,2.4464283]},"faces":{"east":{"uv":[3.5,15.0625,3.5234375,15.109375],"rotation":0,"texture":"#2","tintindex":0},"south":{"uv":[15.25,2.6875,15.261719,2.734375],"rotation":0,"texture":"#2","tintindex":0},"north":{"uv":[2.6875,15.25,2.6992188,15.296875],"rotation":0,"texture":"#2","tintindex":0},"west":{"uv":[15.0625,3.5,15.0859375,3.546875],"rotation":0,"texture":"#2","tintindex":0},"up":{"uv":[7.7617188,15.3984375,7.75,15.375],"rotation":0,"texture":"#2","tintindex":0},"down":{"uv":[15.386719,7.75,15.375,7.7734375],"rotation":0,"texture":"#2","tintindex":0}}},{"from":[7.6833334,7.43533,1.8571424],"to":[8.326191,8.131759,2.017857],"rotation":{"angle":0.0,"axis":"y","origin":[8.004762,7.863901,2.2857141]},"faces":{"east":{"uv":[12.3125,14.9375,12.332031,15.015625],"rotation":0,"texture":"#2","tintindex":0},"south":{"uv":[3.1875,14.4375,3.2578125,14.515625],"rotation":0,"texture":"#2","tintindex":0},"north":{"uv":[14.4375,3.125,14.5078125,3.203125],"rotation":0,"texture":"#2","tintindex":0},"west":{"uv":[14.9375,12.3125,14.957031,12.390625],"rotation":0,"texture":"#2","tintindex":0},"up":{"uv":[15.0703125,10.957031,15.0,10.9375],"rotation":0,"texture":"#2","tintindex":0},"down":{"uv":[11.0703125,15.0,11.0,15.019531],"rotation":0,"texture":"#2","tintindex":0}}},{"from":[7.849405,8.131759,1.8571424],"to":[8.170834,8.560329,2.017857],"rotation":{"angle":0.0,"axis":"y","origin":[8.036904,8.346045,1.9374995]},"faces":{"east":{"uv":[8.375,15.125,8.394531,15.171875],"rotation":0,"texture":"#2","tintindex":0},"south":{"uv":[14.9375,2.875,14.972656,2.921875],"rotation":0,"texture":"#2","tintindex":0},"north":{"uv":[2.875,14.9375,2.9101562,14.984375],"rotation":0,"texture":"#2","tintindex":0},"west":{"uv":[8.4375,15.125,8.457031,15.171875],"rotation":0,"texture":"#2","tintindex":0},"up":{"uv":[15.222656,5.0195312,15.1875,5.0],"rotation":0,"texture":"#2","tintindex":0},"down":{"uv":[5.0976562,15.1875,5.0625,15.207031],"rotation":0,"texture":"#2","tintindex":0}}},{"from":[7.849405,8.131759,2.875],"to":[8.170834,8.560329,3.0357141],"rotation":{"angle":0.0,"axis":"y","origin":[8.036904,8.346045,2.955357]},"faces":{"east":{"uv":[15.125,8.4375,15.144531,8.484375],"rotation":0,"texture":"#2","tintindex":0},"south":{"uv":[14.9375,2.9375,14.972656,2.984375],"rotation":0,"texture":"#2","tintindex":0},"north":{"uv":[2.9375,14.9375,2.9726562,14.984375],"rotation":0,"texture":"#2","tintindex":0},"west":{"uv":[8.5,15.125,8.519531,15.171875],"rotation":0,"texture":"#2","tintindex":0},"up":{"uv":[15.222656,5.0820312,15.1875,5.0625],"rotation":0,"texture":"#2","tintindex":0},"down":{"uv":[5.1601562,15.1875,5.125,15.207031],"rotation":0,"texture":"#2","tintindex":0}}},{"from":[7.6833334,7.43533,2.875],"to":[8.326191,8.131759,3.0357141],"rotation":{"angle":0.0,"axis":"y","origin":[8.004762,7.863901,3.3035712]},"faces":{"east":{"uv":[12.375,14.9375,12.394531,15.015625],"rotation":0,"texture":"#2","tintindex":0},"south":{"uv":[3.3125,14.4375,3.3828125,14.515625],"rotation":0,"texture":"#2","tintindex":0},"north":{"uv":[14.4375,3.25,14.5078125,3.328125],"rotation":0,"texture":"#2","tintindex":0},"west":{"uv":[12.4375,14.9375,12.457031,15.015625],"rotation":0,"texture":"#2","tintindex":0},"up":{"uv":[15.0703125,11.019531,15.0,11.0],"rotation":0,"texture":"#2","tintindex":0},"down":{"uv":[15.0703125,11.0625,15.0,11.082031],"rotation":0,"texture":"#2","tintindex":0}}}],"display":{"head":{"translation":[0.0,-6.4,0.0],"scale":[4.0,4.0,4.0]}}}