{"textures":{"2":"modelengine:entity/pillars"},"elements":[{"from":[7.152381,6.778894,6.207143],"to":[8.866667,9.028894,7.9214287],"rotation":{"angle":0.0,"axis":"y","origin":[8.009523,7.636037,7.0642858]},"faces":{"east":{"uv":[4.1875,12.0625,4.375,12.308594],"rotation":0,"texture":"#2","tintindex":0},"south":{"uv":[12.0625,4.3125,12.25,4.5585938],"rotation":0,"texture":"#2","tintindex":0},"north":{"uv":[4.0,12.0625,4.1875,12.308594],"rotation":0,"texture":"#2","tintindex":0},"west":{"uv":[4.375,12.0625,4.5625,12.308594],"rotation":0,"texture":"#2","tintindex":0},"up":{"uv":[12.875,6.5,12.6875,6.3125],"rotation":0,"texture":"#2","tintindex":0},"down":{"uv":[12.875,6.5,12.6875,6.6875],"rotation":0,"texture":"#2","tintindex":0}}},{"from":[6.830952,6.778894,6.4214287],"to":[7.152381,8.171751,7.707143],"rotation":{"angle":0.0,"axis":"y","origin":[7.045238,7.4753222,7.0642858]},"faces":{"east":{"uv":[13.3125,1.9375,13.453125,2.0898438],"rotation":0,"texture":"#2","tintindex":0},"south":{"uv":[9.4375,14.4375,9.472656,14.589844],"rotation":0,"texture":"#2","tintindex":0},"north":{"uv":[9.375,14.4375,9.410156,14.589844],"rotation":0,"texture":"#2","tintindex":0},"west":{"uv":[13.3125,2.125,13.453125,2.2773438],"rotation":0,"texture":"#2","tintindex":0},"up":{"uv":[14.535156,9.703125,14.5,9.5625],"rotation":0,"texture":"#2","tintindex":0},"down":{"uv":[14.535156,9.75,14.5,9.890625],"rotation":0,"texture":"#2","tintindex":0}}},{"from":[6.830952,8.171751,6.742857],"to":[7.152381,9.028894,7.385714],"rotation":{"angle":0.0,"axis":"y","origin":[7.045238,8.600323,7.0642858]},"faces":{"east":{"uv":[13.875,14.25,13.9453125,14.34375],"rotation":0,"texture":"#2","tintindex":0},"south":{"uv":[14.75,1.75,14.785156,1.84375],"rotation":0,"texture":"#2","tintindex":0},"north":{"uv":[1.75,14.75,1.7851562,14.84375],"rotation":0,"texture":"#2","tintindex":0},"west":{"uv":[14.25,14.1875,14.3203125,14.28125],"rotation":0,"texture":"#2","tintindex":0},"up":{"uv":[14.847656,2.8203125,14.8125,2.75],"rotation":0,"texture":"#2","tintindex":0},"down":{"uv":[14.847656,2.875,14.8125,2.9453125],"rotation":0,"texture":"#2","tintindex":0}}},{"from":[8.866667,6.778894,6.635714],"to":[9.080953,8.171751,7.492857],"rotation":{"angle":0.0,"axis":"y","origin":[8.973809,7.4753222,7.0642858]},"faces":{"east":{"uv":[13.6875,8.9375,13.78125,9.089844],"rotation":0,"texture":"#2","tintindex":0},"south":{"uv":[14.6875,5.0625,14.7109375,5.2148438],"rotation":0,"texture":"#2","tintindex":0},"north":{"uv":[5.0,14.6875,5.0234375,14.839844],"rotation":0,"texture":"#2","tintindex":0},"west":{"uv":[13.6875,9.125,13.78125,9.277344],"rotation":0,"texture":"#2","tintindex":0},"up":{"uv":[10.0859375,14.90625,10.0625,14.8125],"rotation":0,"texture":"#2","tintindex":0},"down":{"uv":[10.1484375,14.8125,10.125,14.90625],"rotation":0,"texture":"#2","tintindex":0}}},{"from":[8.866667,8.171751,6.85],"to":[9.080953,9.028894,7.278571],"rotation":{"angle":0.0,"axis":"y","origin":[8.973809,8.600323,7.0642858]},"faces":{"east":{"uv":[3.375,14.625,3.421875,14.71875],"rotation":0,"texture":"#2","tintindex":0},"south":{"uv":[10.1875,14.8125,10.2109375,14.90625],"rotation":0,"texture":"#2","tintindex":0},"north":{"uv":[14.8125,10.125,14.8359375,10.21875],"rotation":0,"texture":"#2","tintindex":0},"west":{"uv":[3.4375,14.625,3.484375,14.71875],"rotation":0,"texture":"#2","tintindex":0},"up":{"uv":[2.5859375,15.109375,2.5625,15.0625],"rotation":0,"texture":"#2","tintindex":0},"down":{"uv":[15.0859375,2.5625,15.0625,2.609375],"rotation":0,"texture":"#2","tintindex":0}}},{"from":[7.366667,6.778894,5.885714],"to":[8.652381,8.171751,6.207143],"rotation":{"angle":0.0,"axis":"y","origin":[8.009523,7.636037,6.742857]},"faces":{"east":{"uv":[9.5,14.4375,9.535156,14.589844],"rotation":0,"texture":"#2","tintindex":0},"south":{"uv":[13.3125,2.5,13.453125,2.6523438],"rotation":0,"texture":"#2","tintindex":0},"north":{"uv":[13.3125,2.3125,13.453125,2.4648438],"rotation":0,"texture":"#2","tintindex":0},"west":{"uv":[9.5625,14.4375,9.597656,14.589844],"rotation":0,"texture":"#2","tintindex":0},"up":{"uv":[14.640625,9.972656,14.5,9.9375],"rotation":0,"texture":"#2","tintindex":0},"down":{"uv":[14.640625,10.0,14.5,10.035156],"rotation":0,"texture":"#2","tintindex":0}}},{"from":[7.6988096,8.171751,5.885714],"to":[8.341666,9.028894,6.207143],"rotation":{"angle":0.0,"axis":"y","origin":[8.07381,8.600323,6.0464287]},"faces":{"east":{"uv":[1.8125,14.75,1.8476562,14.84375],"rotation":0,"texture":"#2","tintindex":0},"south":{"uv":[0.125,14.3125,0.1953125,14.40625],"rotation":0,"texture":"#2","tintindex":0},"north":{"uv":[0.0,14.3125,0.0703125,14.40625],"rotation":0,"texture":"#2","tintindex":0},"west":{"uv":[14.75,1.875,14.785156,1.96875],"rotation":0,"texture":"#2","tintindex":0},"up":{"uv":[14.8828125,3.0351562,14.8125,3.0],"rotation":0,"texture":"#2","tintindex":0},"down":{"uv":[14.8828125,3.0625,14.8125,3.0976562],"rotation":0,"texture":"#2","tintindex":0}}},{"from":[7.6988096,8.171751,7.9214287],"to":[8.341666,9.028894,8.242857],"rotation":{"angle":0.0,"axis":"y","origin":[8.07381,8.600323,8.082143]},"faces":{"east":{"uv":[14.75,2.0,14.785156,2.09375],"rotation":0,"texture":"#2","tintindex":0},"south":{"uv":[0.8125,14.3125,0.8828125,14.40625],"rotation":0,"texture":"#2","tintindex":0},"north":{"uv":[0.5625,14.3125,0.6328125,14.40625],"rotation":0,"texture":"#2","tintindex":0},"west":{"uv":[14.75,2.125,14.785156,2.21875],"rotation":0,"texture":"#2","tintindex":0},"up":{"uv":[14.8828125,3.1601562,14.8125,3.125],"rotation":0,"texture":"#2","tintindex":0},"down":{"uv":[14.8828125,3.1875,14.8125,3.2226562],"rotation":0,"texture":"#2","tintindex":0}}},{"from":[7.366667,6.778894,7.9214287],"to":[8.652381,8.171751,8.242857],"rotation":{"angle":0.0,"axis":"y","origin":[8.009523,7.636037,8.778571]},"faces":{"east":{"uv":[9.625,14.4375,9.660156,14.589844],"rotation":0,"texture":"#2","tintindex":0},"south":{"uv":[13.3125,2.875,13.453125,3.0273438],"rotation":0,"texture":"#2","tintindex":0},"north":{"uv":[13.3125,2.6875,13.453125,2.8398438],"rotation":0,"texture":"#2","tintindex":0},"west":{"uv":[9.6875,14.4375,9.722656,14.589844],"rotation":0,"texture":"#2","tintindex":0},"up":{"uv":[14.640625,10.097656,14.5,10.0625],"rotation":0,"texture":"#2","tintindex":0},"down":{"uv":[14.640625,10.125,14.5,10.160156],"rotation":0,"texture":"#2","tintindex":0}}}],"display":{"head":{"translation":[0.0,-6.4,0.0],"scale":[4.0,4.0,4.0]}}}