{"textures":{"2":"modelengine:entity/pillars"},"elements":[{"from":[7.152381,6.778894,6.207143],"to":[8.866667,9.028894,7.9214287],"rotation":{"angle":0.0,"axis":"y","origin":[8.009523,7.636037,7.0642858]},"faces":{"east":{"uv":[12.125,4.0625,12.3125,4.3085938],"rotation":0,"texture":"#2","tintindex":0},"south":{"uv":[4.5625,12.125,4.75,12.371094],"rotation":0,"texture":"#2","tintindex":0},"north":{"uv":[1.0,12.125,1.1875,12.371094],"rotation":0,"texture":"#2","tintindex":0},"west":{"uv":[4.75,12.125,4.9375,12.371094],"rotation":0,"texture":"#2","tintindex":0},"up":{"uv":[12.875,7.25,12.6875,7.0625],"rotation":0,"texture":"#2","tintindex":0},"down":{"uv":[7.4375,12.6875,7.25,12.875],"rotation":0,"texture":"#2","tintindex":0}}},{"from":[6.830952,6.778894,6.4214287],"to":[7.152381,8.171751,7.707143],"rotation":{"angle":0.0,"axis":"y","origin":[7.045238,7.4753222,7.0642858]},"faces":{"east":{"uv":[13.3125,4.1875,13.453125,4.3398438],"rotation":0,"texture":"#2","tintindex":0},"south":{"uv":[11.8125,14.4375,11.847656,14.589844],"rotation":0,"texture":"#2","tintindex":0},"north":{"uv":[14.4375,11.75,14.472656,11.902344],"rotation":0,"texture":"#2","tintindex":0},"west":{"uv":[13.3125,4.375,13.453125,4.5273438],"rotation":0,"texture":"#2","tintindex":0},"up":{"uv":[14.535156,11.265625,14.5,11.125],"rotation":0,"texture":"#2","tintindex":0},"down":{"uv":[14.535156,11.3125,14.5,11.453125],"rotation":0,"texture":"#2","tintindex":0}}},{"from":[6.830952,8.171751,6.742857],"to":[7.152381,9.028894,7.385714],"rotation":{"angle":0.0,"axis":"y","origin":[7.045238,8.600323,7.0642858]},"faces":{"east":{"uv":[3.0625,14.3125,3.1328125,14.40625],"rotation":0,"texture":"#2","tintindex":0},"south":{"uv":[14.75,3.25,14.785156,3.34375],"rotation":0,"texture":"#2","tintindex":0},"north":{"uv":[3.25,14.75,3.2851562,14.84375],"rotation":0,"texture":"#2","tintindex":0},"west":{"uv":[14.3125,3.125,14.3828125,3.21875],"rotation":0,"texture":"#2","tintindex":0},"up":{"uv":[4.2851562,14.8828125,4.25,14.8125],"rotation":0,"texture":"#2","tintindex":0},"down":{"uv":[14.847656,4.25,14.8125,4.3203125],"rotation":0,"texture":"#2","tintindex":0}}},{"from":[8.866667,6.778894,6.635714],"to":[9.080953,8.171751,7.492857],"rotation":{"angle":0.0,"axis":"y","origin":[8.973809,7.4753222,7.0642858]},"faces":{"east":{"uv":[13.6875,10.3125,13.78125,10.464844],"rotation":0,"texture":"#2","tintindex":0},"south":{"uv":[5.5625,14.6875,5.5859375,14.839844],"rotation":0,"texture":"#2","tintindex":0},"north":{"uv":[5.5,14.6875,5.5234375,14.839844],"rotation":0,"texture":"#2","tintindex":0},"west":{"uv":[13.6875,10.5,13.78125,10.652344],"rotation":0,"texture":"#2","tintindex":0},"up":{"uv":[14.8359375,10.84375,14.8125,10.75],"rotation":0,"texture":"#2","tintindex":0},"down":{"uv":[10.8359375,14.8125,10.8125,14.90625],"rotation":0,"texture":"#2","tintindex":0}}},{"from":[8.866667,8.171751,6.85],"to":[9.080953,9.028894,7.278571],"rotation":{"angle":0.0,"axis":"y","origin":[8.973809,8.600323,7.0642858]},"faces":{"east":{"uv":[3.75,14.625,3.796875,14.71875],"rotation":0,"texture":"#2","tintindex":0},"south":{"uv":[14.8125,10.875,14.8359375,10.96875],"rotation":0,"texture":"#2","tintindex":0},"north":{"uv":[10.875,14.8125,10.8984375,14.90625],"rotation":0,"texture":"#2","tintindex":0},"west":{"uv":[14.625,3.8125,14.671875,3.90625],"rotation":0,"texture":"#2","tintindex":0},"up":{"uv":[2.7734375,15.109375,2.75,15.0625],"rotation":0,"texture":"#2","tintindex":0},"down":{"uv":[15.0859375,2.75,15.0625,2.796875],"rotation":0,"texture":"#2","tintindex":0}}},{"from":[7.366667,6.778894,5.885714],"to":[8.652381,8.171751,6.207143],"rotation":{"angle":0.0,"axis":"y","origin":[8.009523,7.636037,6.742857]},"faces":{"east":{"uv":[11.875,14.4375,11.910156,14.589844],"rotation":0,"texture":"#2","tintindex":0},"south":{"uv":[13.3125,4.75,13.453125,4.9023438],"rotation":0,"texture":"#2","tintindex":0},"north":{"uv":[13.3125,4.5625,13.453125,4.7148438],"rotation":0,"texture":"#2","tintindex":0},"west":{"uv":[11.9375,14.4375,11.972656,14.589844],"rotation":0,"texture":"#2","tintindex":0},"up":{"uv":[14.640625,11.535156,14.5,11.5],"rotation":0,"texture":"#2","tintindex":0},"down":{"uv":[14.640625,11.5625,14.5,11.597656],"rotation":0,"texture":"#2","tintindex":0}}},{"from":[7.6988096,8.171751,5.885714],"to":[8.341666,9.028894,6.207143],"rotation":{"angle":0.0,"axis":"y","origin":[8.07381,8.600323,6.0464287]},"faces":{"east":{"uv":[3.3125,14.75,3.3476562,14.84375],"rotation":0,"texture":"#2","tintindex":0},"south":{"uv":[14.3125,3.25,14.3828125,3.34375],"rotation":0,"texture":"#2","tintindex":0},"north":{"uv":[3.1875,14.3125,3.2578125,14.40625],"rotation":0,"texture":"#2","tintindex":0},"west":{"uv":[3.375,14.75,3.4101562,14.84375],"rotation":0,"texture":"#2","tintindex":0},"up":{"uv":[4.3828125,14.847656,4.3125,14.8125],"rotation":0,"texture":"#2","tintindex":0},"down":{"uv":[14.8828125,4.375,14.8125,4.4101562],"rotation":0,"texture":"#2","tintindex":0}}},{"from":[7.6988096,8.171751,7.9214287],"to":[8.341666,9.028894,8.242857],"rotation":{"angle":0.0,"axis":"y","origin":[8.07381,8.600323,8.082143]},"faces":{"east":{"uv":[14.75,3.375,14.785156,3.46875],"rotation":0,"texture":"#2","tintindex":0},"south":{"uv":[14.3125,3.375,14.3828125,3.46875],"rotation":0,"texture":"#2","tintindex":0},"north":{"uv":[3.3125,14.3125,3.3828125,14.40625],"rotation":0,"texture":"#2","tintindex":0},"west":{"uv":[3.4375,14.75,3.4726562,14.84375],"rotation":0,"texture":"#2","tintindex":0},"up":{"uv":[4.5078125,14.847656,4.4375,14.8125],"rotation":0,"texture":"#2","tintindex":0},"down":{"uv":[14.8828125,4.4375,14.8125,4.4726562],"rotation":0,"texture":"#2","tintindex":0}}},{"from":[7.366667,6.778894,7.9214287],"to":[8.652381,8.171751,8.242857],"rotation":{"angle":0.0,"axis":"y","origin":[8.009523,7.636037,8.778571]},"faces":{"east":{"uv":[14.4375,11.9375,14.472656,12.089844],"rotation":0,"texture":"#2","tintindex":0},"south":{"uv":[13.3125,5.125,13.453125,5.2773438],"rotation":0,"texture":"#2","tintindex":0},"north":{"uv":[13.3125,4.9375,13.453125,5.0898438],"rotation":0,"texture":"#2","tintindex":0},"west":{"uv":[12.0,14.4375,12.035156,14.589844],"rotation":0,"texture":"#2","tintindex":0},"up":{"uv":[14.640625,11.660156,14.5,11.625],"rotation":0,"texture":"#2","tintindex":0},"down":{"uv":[14.640625,11.6875,14.5,11.722656],"rotation":0,"texture":"#2","tintindex":0}}}],"display":{"head":{"translation":[0.0,-6.4,0.0],"scale":[4.0,4.0,4.0]}}}