{"textures":{"2":"modelengine:entity/pillars"},"elements":[{"from":[7.5761905,7.43533,2.017857],"to":[8.433333,8.560329,2.875],"rotation":{"angle":0.0,"axis":"y","origin":[8.004762,7.863901,2.4464283]},"faces":{"east":{"uv":[12.125,13.9375,12.21875,14.0625],"rotation":0,"texture":"#2","tintindex":0},"south":{"uv":[13.9375,12.1875,14.03125,12.3125],"rotation":0,"texture":"#2","tintindex":0},"north":{"uv":[11.375,13.9375,11.46875,14.0625],"rotation":0,"texture":"#2","tintindex":0},"west":{"uv":[13.9375,12.3125,14.03125,12.4375],"rotation":0,"texture":"#2","tintindex":0},"up":{"uv":[11.65625,14.15625,11.5625,14.0625],"rotation":0,"texture":"#2","tintindex":0},"down":{"uv":[11.78125,14.0625,11.6875,14.15625],"rotation":0,"texture":"#2","tintindex":0}}},{"from":[7.4154763,7.43533,2.1249995],"to":[7.5761905,8.131759,2.767857],"rotation":{"angle":0.0,"axis":"y","origin":[7.5226192,7.783544,2.4464283]},"faces":{"east":{"uv":[14.375,10.5625,14.4453125,10.640625],"rotation":0,"texture":"#2","tintindex":0},"south":{"uv":[14.9375,8.9375,14.957031,9.015625],"rotation":0,"texture":"#2","tintindex":0},"north":{"uv":[8.9375,14.9375,8.957031,15.015625],"rotation":0,"texture":"#2","tintindex":0},"west":{"uv":[10.625,14.375,10.6953125,14.453125],"rotation":0,"texture":"#2","tintindex":0},"up":{"uv":[15.019531,8.0078125,15.0,7.9375],"rotation":0,"texture":"#2","tintindex":0},"down":{"uv":[8.019531,15.0,8.0,15.0703125],"rotation":0,"texture":"#2","tintindex":0}}},{"from":[7.4154763,8.131759,2.2857141],"to":[7.5761905,8.560329,2.6071424],"rotation":{"angle":0.0,"axis":"y","origin":[7.5226192,8.346045,2.4464283]},"faces":{"east":{"uv":[1.3125,14.9375,1.3476562,14.984375],"rotation":0,"texture":"#2","tintindex":0},"south":{"uv":[15.125,5.6875,15.144531,5.734375],"rotation":0,"texture":"#2","tintindex":0},"north":{"uv":[5.6875,15.125,5.7070312,15.171875],"rotation":0,"texture":"#2","tintindex":0},"west":{"uv":[14.9375,1.3125,14.972656,1.359375],"rotation":0,"texture":"#2","tintindex":0},"up":{"uv":[1.4570312,15.222656,1.4375,15.1875],"rotation":0,"texture":"#2","tintindex":0},"down":{"uv":[15.207031,1.4375,15.1875,1.4726562],"rotation":0,"texture":"#2","tintindex":0}}},{"from":[8.433333,7.43533,2.2321424],"to":[8.540476,8.131759,2.6607141],"rotation":{"angle":0.0,"axis":"y","origin":[8.486905,7.783544,2.4464283]},"faces":{"east":{"uv":[0.8125,14.6875,0.859375,14.765625],"rotation":0,"texture":"#2","tintindex":0},"south":{"uv":[15.125,5.75,15.136719,5.828125],"rotation":0,"texture":"#2","tintindex":0},"north":{"uv":[5.75,15.125,5.7617188,15.203125],"rotation":0,"texture":"#2","tintindex":0},"west":{"uv":[0.875,14.6875,0.921875,14.765625],"rotation":0,"texture":"#2","tintindex":0},"up":{"uv":[1.6367188,15.296875,1.625,15.25],"rotation":0,"texture":"#2","tintindex":0},"down":{"uv":[15.261719,1.625,15.25,1.671875],"rotation":0,"texture":"#2","tintindex":0}}},{"from":[8.433333,8.131759,2.3392854],"to":[8.540476,8.560329,2.5535712],"rotation":{"angle":0.0,"axis":"y","origin":[8.486905,8.346045,2.4464283]},"faces":{"east":{"uv":[3.0,15.0625,3.0234375,15.109375],"rotation":0,"texture":"#2","tintindex":0},"south":{"uv":[15.25,1.6875,15.261719,1.734375],"rotation":0,"texture":"#2","tintindex":0},"north":{"uv":[1.6875,15.25,1.6992188,15.296875],"rotation":0,"texture":"#2","tintindex":0},"west":{"uv":[15.0625,3.0,15.0859375,3.046875],"rotation":0,"texture":"#2","tintindex":0},"up":{"uv":[6.2617188,15.3984375,6.25,15.375],"rotation":0,"texture":"#2","tintindex":0},"down":{"uv":[15.386719,6.25,15.375,6.2734375],"rotation":0,"texture":"#2","tintindex":0}}},{"from":[7.6833334,7.43533,1.8571424],"to":[8.326191,8.131759,2.017857],"rotation":{"angle":0.0,"axis":"y","origin":[8.004762,7.863901,2.2857141]},"faces":{"east":{"uv":[9.0,14.9375,9.019531,15.015625],"rotation":0,"texture":"#2","tintindex":0},"south":{"uv":[10.875,14.375,10.9453125,14.453125],"rotation":0,"texture":"#2","tintindex":0},"north":{"uv":[10.75,14.375,10.8203125,14.453125],"rotation":0,"texture":"#2","tintindex":0},"west":{"uv":[9.0625,14.9375,9.082031,15.015625],"rotation":0,"texture":"#2","tintindex":0},"up":{"uv":[8.1328125,15.019531,8.0625,15.0],"rotation":0,"texture":"#2","tintindex":0},"down":{"uv":[15.0703125,8.0625,15.0,8.082031],"rotation":0,"texture":"#2","tintindex":0}}},{"from":[7.849405,8.131759,1.8571424],"to":[8.170834,8.560329,2.017857],"rotation":{"angle":0.0,"axis":"y","origin":[8.036904,8.346045,1.9374995]},"faces":{"east":{"uv":[5.8125,15.125,5.8320312,15.171875],"rotation":0,"texture":"#2","tintindex":0},"south":{"uv":[14.9375,1.375,14.972656,1.421875],"rotation":0,"texture":"#2","tintindex":0},"north":{"uv":[1.375,14.9375,1.4101562,14.984375],"rotation":0,"texture":"#2","tintindex":0},"west":{"uv":[5.875,15.125,5.8945312,15.171875],"rotation":0,"texture":"#2","tintindex":0},"up":{"uv":[1.5351562,15.207031,1.5,15.1875],"rotation":0,"texture":"#2","tintindex":0},"down":{"uv":[15.222656,1.5,15.1875,1.5195312],"rotation":0,"texture":"#2","tintindex":0}}},{"from":[7.849405,8.131759,2.875],"to":[8.170834,8.560329,3.0357141],"rotation":{"angle":0.0,"axis":"y","origin":[8.036904,8.346045,2.955357]},"faces":{"east":{"uv":[15.125,5.875,15.144531,5.921875],"rotation":0,"texture":"#2","tintindex":0},"south":{"uv":[14.9375,1.4375,14.972656,1.484375],"rotation":0,"texture":"#2","tintindex":0},"north":{"uv":[1.4375,14.9375,1.4726562,14.984375],"rotation":0,"texture":"#2","tintindex":0},"west":{"uv":[5.9375,15.125,5.9570312,15.171875],"rotation":0,"texture":"#2","tintindex":0},"up":{"uv":[1.5976562,15.207031,1.5625,15.1875],"rotation":0,"texture":"#2","tintindex":0},"down":{"uv":[15.222656,1.5625,15.1875,1.5820312],"rotation":0,"texture":"#2","tintindex":0}}},{"from":[7.6833334,7.43533,2.875],"to":[8.326191,8.131759,3.0357141],"rotation":{"angle":0.0,"axis":"y","origin":[8.004762,7.863901,3.3035712]},"faces":{"east":{"uv":[14.9375,9.0625,14.957031,9.140625],"rotation":0,"texture":"#2","tintindex":0},"south":{"uv":[11.0,14.375,11.0703125,14.453125],"rotation":0,"texture":"#2","tintindex":0},"north":{"uv":[14.375,10.875,14.4453125,10.953125],"rotation":0,"texture":"#2","tintindex":0},"west":{"uv":[9.125,14.9375,9.144531,15.015625],"rotation":0,"texture":"#2","tintindex":0},"up":{"uv":[15.0703125,8.144531,15.0,8.125],"rotation":0,"texture":"#2","tintindex":0},"down":{"uv":[15.0703125,8.1875,15.0,8.207031],"rotation":0,"texture":"#2","tintindex":0}}}],"display":{"head":{"translation":[0.0,-6.4,0.0],"scale":[4.0,4.0,4.0]}}}