{"textures":{"2":"modelengine:entity/pillars"},"elements":[{"from":[6.022222,5.0283976,-0.08571434],"to":[10.0222225,10.2783985,3.9142857],"rotation":{"angle":0.0,"axis":"y","origin":[8.0222225,7.0283976,1.9142857]},"faces":{"east":{"uv":[7.5625,7.5625,8.0,8.136719],"rotation":0,"texture":"#2","tintindex":0},"south":{"uv":[7.625,0.625,8.0625,1.1992188],"rotation":0,"texture":"#2","tintindex":0},"north":{"uv":[7.125,7.5625,7.5625,8.136719],"rotation":0,"texture":"#2","tintindex":0},"west":{"uv":[7.6875,6.25,8.125,6.8242188],"rotation":0,"texture":"#2","tintindex":0},"up":{"uv":[5.0625,9.0625,4.625,8.625],"rotation":0,"texture":"#2","tintindex":0},"down":{"uv":[5.5,8.625,5.0625,9.0625],"rotation":0,"texture":"#2","tintindex":0}}},{"from":[5.272222,5.0283976,0.41428566],"to":[6.022222,8.278398,3.4142857],"rotation":{"angle":0.0,"axis":"y","origin":[5.772222,6.6533976,1.9142857]},"faces":{"east":{"uv":[10.125,6.5,10.453125,6.8554688],"rotation":0,"texture":"#2","tintindex":0},"south":{"uv":[2.625,12.875,2.7070312,13.230469],"rotation":0,"texture":"#2","tintindex":0},"north":{"uv":[2.5,12.875,2.5820312,13.230469],"rotation":0,"texture":"#2","tintindex":0},"west":{"uv":[10.125,6.875,10.453125,7.2304688],"rotation":0,"texture":"#2","tintindex":0},"up":{"uv":[13.019531,11.765625,12.9375,11.4375],"rotation":0,"texture":"#2","tintindex":0},"down":{"uv":[13.019531,11.8125,12.9375,12.140625],"rotation":0,"texture":"#2","tintindex":0}}},{"from":[5.272222,8.278398,1.1642857],"to":[6.022222,10.2783985,2.6642857],"rotation":{"angle":0.0,"axis":"y","origin":[5.772222,9.278398,1.9142857]},"faces":{"east":{"uv":[11.4375,12.5625,11.6015625,12.78125],"rotation":0,"texture":"#2","tintindex":0},"south":{"uv":[13.5,10.3125,13.582031,10.53125],"rotation":0,"texture":"#2","tintindex":0},"north":{"uv":[9.75,13.5,9.832031,13.71875],"rotation":0,"texture":"#2","tintindex":0},"west":{"uv":[11.75,12.5625,11.9140625,12.78125],"rotation":0,"texture":"#2","tintindex":0},"up":{"uv":[13.832031,12.7890625,13.75,12.625],"rotation":0,"texture":"#2","tintindex":0},"down":{"uv":[13.832031,12.8125,13.75,12.9765625],"rotation":0,"texture":"#2","tintindex":0}}},{"from":[10.0222225,5.0283976,0.91428566],"to":[10.5222225,8.278398,2.9142857],"rotation":{"angle":0.0,"axis":"y","origin":[10.2722225,6.6533976,1.9142857]},"faces":{"east":{"uv":[2.6875,11.3125,2.90625,11.667969],"rotation":0,"texture":"#2","tintindex":0},"south":{"uv":[8.0625,2.5,8.1171875,2.8554688],"rotation":0,"texture":"#2","tintindex":0},"north":{"uv":[3.25,7.5625,3.3046875,7.9179688],"rotation":0,"texture":"#2","tintindex":0},"west":{"uv":[11.3125,3.375,11.53125,3.7304688],"rotation":0,"texture":"#2","tintindex":0},"up":{"uv":[8.4296875,14.03125,8.375,13.8125],"rotation":0,"texture":"#2","tintindex":0},"down":{"uv":[8.4921875,13.8125,8.4375,14.03125],"rotation":0,"texture":"#2","tintindex":0}}},{"from":[10.0222225,8.278398,1.4142857],"to":[10.5222225,10.2783985,2.4142857],"rotation":{"angle":0.0,"axis":"y","origin":[10.2722225,9.278398,1.9142857]},"faces":{"east":{"uv":[2.125,13.25,2.234375,13.46875],"rotation":0,"texture":"#2","tintindex":0},"south":{"uv":[8.5625,13.8125,8.6171875,14.03125],"rotation":0,"texture":"#2","tintindex":0},"north":{"uv":[8.5,13.8125,8.5546875,14.03125],"rotation":0,"texture":"#2","tintindex":0},"west":{"uv":[2.25,13.25,2.359375,13.46875],"rotation":0,"texture":"#2","tintindex":0},"up":{"uv":[13.6171875,8.796875,13.5625,8.6875],"rotation":0,"texture":"#2","tintindex":0},"down":{"uv":[13.6171875,9.8125,13.5625,9.921875],"rotation":0,"texture":"#2","tintindex":0}}},{"from":[6.522222,5.0283976,-0.83571434],"to":[9.5222225,8.278398,-0.08571434],"rotation":{"angle":0.0,"axis":"y","origin":[8.0222225,7.0283976,1.1642857]},"faces":{"east":{"uv":[2.75,12.875,2.8320312,13.230469],"rotation":0,"texture":"#2","tintindex":0},"south":{"uv":[8.5,10.125,8.828125,10.480469],"rotation":0,"texture":"#2","tintindex":0},"north":{"uv":[7.3125,10.125,7.640625,10.480469],"rotation":0,"texture":"#2","tintindex":0},"west":{"uv":[2.875,12.875,2.9570312,13.230469],"rotation":0,"texture":"#2","tintindex":0},"up":{"uv":[13.265625,5.8945312,12.9375,5.8125],"rotation":0,"texture":"#2","tintindex":0},"down":{"uv":[13.265625,9.6875,12.9375,9.769531],"rotation":0,"texture":"#2","tintindex":0}}},{"from":[7.297222,8.278398,-0.83571434],"to":[8.797222,10.2783985,-0.08571434],"rotation":{"angle":0.0,"axis":"y","origin":[8.172222,9.278398,-0.46071434]},"faces":{"east":{"uv":[13.5,10.5625,13.582031,10.78125],"rotation":0,"texture":"#2","tintindex":0},"south":{"uv":[0.0,12.625,0.1640625,12.84375],"rotation":0,"texture":"#2","tintindex":0},"north":{"uv":[11.9375,12.5625,12.1015625,12.78125],"rotation":0,"texture":"#2","tintindex":0},"west":{"uv":[12.125,13.5,12.207031,13.71875],"rotation":0,"texture":"#2","tintindex":0},"up":{"uv":[13.9140625,13.082031,13.75,13.0],"rotation":0,"texture":"#2","tintindex":0},"down":{"uv":[13.9140625,13.125,13.75,13.207031],"rotation":0,"texture":"#2","tintindex":0}}},{"from":[7.297222,8.278398,3.9142857],"to":[8.797222,10.2783985,4.6642857],"rotation":{"angle":0.0,"axis":"y","origin":[8.172222,9.278398,4.2892857]},"faces":{"east":{"uv":[13.5,12.6875,13.582031,12.90625],"rotation":0,"texture":"#2","tintindex":0},"south":{"uv":[0.9375,12.625,1.1015625,12.84375],"rotation":0,"texture":"#2","tintindex":0},"north":{"uv":[0.1875,12.625,0.3515625,12.84375],"rotation":0,"texture":"#2","tintindex":0},"west":{"uv":[13.125,13.5,13.207031,13.71875],"rotation":0,"texture":"#2","tintindex":0},"up":{"uv":[13.9140625,13.332031,13.75,13.25],"rotation":0,"texture":"#2","tintindex":0},"down":{"uv":[13.9140625,13.375,13.75,13.457031],"rotation":0,"texture":"#2","tintindex":0}}},{"from":[6.522222,5.0283976,3.9142857],"to":[9.5222225,8.278398,4.6642857],"rotation":{"angle":0.0,"axis":"y","origin":[8.0222225,7.0283976,5.9142857]},"faces":{"east":{"uv":[3.0,12.875,3.0820312,13.230469],"rotation":0,"texture":"#2","tintindex":0},"south":{"uv":[10.1875,1.6875,10.515625,2.0429688],"rotation":0,"texture":"#2","tintindex":0},"north":{"uv":[8.875,10.125,9.203125,10.480469],"rotation":0,"texture":"#2","tintindex":0},"west":{"uv":[3.125,12.875,3.2070312,13.230469],"rotation":0,"texture":"#2","tintindex":0},"up":{"uv":[13.265625,9.894531,12.9375,9.8125],"rotation":0,"texture":"#2","tintindex":0},"down":{"uv":[13.265625,12.1875,12.9375,12.269531],"rotation":0,"texture":"#2","tintindex":0}}}],"display":{"head":{"translation":[0.0,-6.4,0.0],"scale":[4.0,4.0,4.0]}}}