{"textures":{"2":"modelengine:entity/pillars"},"elements":[{"from":[7.165625,6.631566,1.0705357],"to":[8.853125,8.84641,2.7580357],"rotation":{"angle":0.0,"axis":"y","origin":[8.009375,7.475316,1.9142857]},"faces":{"east":{"uv":[9.9375,12.25,10.121094,12.4921875],"rotation":0,"texture":"#2","tintindex":0},"south":{"uv":[10.125,12.25,10.308594,12.4921875],"rotation":0,"texture":"#2","tintindex":0},"north":{"uv":[12.25,9.8125,12.433594,10.0546875],"rotation":0,"texture":"#2","tintindex":0},"west":{"uv":[10.3125,12.25,10.496094,12.4921875],"rotation":0,"texture":"#2","tintindex":0},"up":{"uv":[4.4960938,12.933594,4.3125,12.75],"rotation":0,"texture":"#2","tintindex":0},"down":{"uv":[12.933594,5.8125,12.75,5.9960938],"rotation":0,"texture":"#2","tintindex":0}}},{"from":[6.849219,6.631566,1.2814732],"to":[7.165625,8.00266,2.5470982],"rotation":{"angle":0.0,"axis":"y","origin":[7.0601563,7.317113,1.9142857]},"faces":{"east":{"uv":[1.875,13.5,2.0117188,13.6484375],"rotation":0,"texture":"#2","tintindex":0},"south":{"uv":[2.5,14.5,2.5351562,14.6484375],"rotation":0,"texture":"#2","tintindex":0},"north":{"uv":[2.4375,14.5,2.4726562,14.6484375],"rotation":0,"texture":"#2","tintindex":0},"west":{"uv":[13.5,1.875,13.636719,2.0234375],"rotation":0,"texture":"#2","tintindex":0},"up":{"uv":[14.597656,4.6367188,14.5625,4.5],"rotation":0,"texture":"#2","tintindex":0},"down":{"uv":[14.597656,4.6875,14.5625,4.8242188],"rotation":0,"texture":"#2","tintindex":0}}},{"from":[6.849219,8.00266,1.5978794],"to":[7.165625,8.84641,2.230692],"rotation":{"angle":0.0,"axis":"y","origin":[7.0601563,8.424535,1.9142857]},"faces":{"east":{"uv":[14.25,7.5,14.3203125,7.59375],"rotation":0,"texture":"#2","tintindex":0},"south":{"uv":[14.6875,12.9375,14.722656,13.03125],"rotation":0,"texture":"#2","tintindex":0},"north":{"uv":[14.6875,12.8125,14.722656,12.90625],"rotation":0,"texture":"#2","tintindex":0},"west":{"uv":[14.25,7.625,14.3203125,7.71875],"rotation":0,"texture":"#2","tintindex":0},"up":{"uv":[14.847656,0.5078125,14.8125,0.4375],"rotation":0,"texture":"#2","tintindex":0},"down":{"uv":[0.59765625,14.8125,0.5625,14.8828125],"rotation":0,"texture":"#2","tintindex":0}}},{"from":[8.853125,6.631566,1.4924107],"to":[9.064062,8.00266,2.3361607],"rotation":{"angle":0.0,"axis":"y","origin":[8.958593,7.317113,1.9142857]},"faces":{"east":{"uv":[8.9375,13.75,9.03125,13.8984375],"rotation":0,"texture":"#2","tintindex":0},"south":{"uv":[14.6875,8.375,14.7109375,8.5234375],"rotation":0,"texture":"#2","tintindex":0},"north":{"uv":[14.6875,8.1875,14.7109375,8.3359375],"rotation":0,"texture":"#2","tintindex":0},"west":{"uv":[13.75,9.3125,13.84375,9.4609375],"rotation":0,"texture":"#2","tintindex":0},"up":{"uv":[8.8984375,14.90625,8.875,14.8125],"rotation":0,"texture":"#2","tintindex":0},"down":{"uv":[14.8359375,8.875,14.8125,8.96875],"rotation":0,"texture":"#2","tintindex":0}}},{"from":[8.853125,8.00266,1.7033482],"to":[9.064062,8.84641,2.1252232],"rotation":{"angle":0.0,"axis":"y","origin":[8.958593,8.424535,1.9142857]},"faces":{"east":{"uv":[10.8125,14.5625,10.859375,14.65625],"rotation":0,"texture":"#2","tintindex":0},"south":{"uv":[9.0,14.8125,9.0234375,14.90625],"rotation":0,"texture":"#2","tintindex":0},"north":{"uv":[8.9375,14.8125,8.9609375,14.90625],"rotation":0,"texture":"#2","tintindex":0},"west":{"uv":[10.9375,14.5625,10.984375,14.65625],"rotation":0,"texture":"#2","tintindex":0},"up":{"uv":[2.2109375,15.109375,2.1875,15.0625],"rotation":0,"texture":"#2","tintindex":0},"down":{"uv":[15.0859375,2.1875,15.0625,2.234375],"rotation":0,"texture":"#2","tintindex":0}}},{"from":[7.3765626,6.631566,0.7541294],"to":[8.642187,8.00266,1.0705357],"rotation":{"angle":0.0,"axis":"y","origin":[8.009375,7.475316,1.5978794]},"faces":{"east":{"uv":[2.5625,14.5,2.5976562,14.6484375],"rotation":0,"texture":"#2","tintindex":0},"south":{"uv":[13.5,2.0625,13.636719,2.2109375],"rotation":0,"texture":"#2","tintindex":0},"north":{"uv":[2.0625,13.5,2.1992188,13.6484375],"rotation":0,"texture":"#2","tintindex":0},"west":{"uv":[2.625,14.5,2.6601562,14.6484375],"rotation":0,"texture":"#2","tintindex":0},"up":{"uv":[14.699219,4.9101562,14.5625,4.875],"rotation":0,"texture":"#2","tintindex":0},"down":{"uv":[14.699219,4.9375,14.5625,4.9726562],"rotation":0,"texture":"#2","tintindex":0}}},{"from":[7.7035155,8.00266,0.7541294],"to":[8.3363285,8.84641,1.0705357],"rotation":{"angle":0.0,"axis":"y","origin":[8.072657,8.424535,0.91233253]},"faces":{"east":{"uv":[14.6875,13.0625,14.722656,13.15625],"rotation":0,"texture":"#2","tintindex":0},"south":{"uv":[14.25,7.875,14.3203125,7.96875],"rotation":0,"texture":"#2","tintindex":0},"north":{"uv":[14.25,7.75,14.3203125,7.84375],"rotation":0,"texture":"#2","tintindex":0},"west":{"uv":[13.1875,14.6875,13.222656,14.78125],"rotation":0,"texture":"#2","tintindex":0},"up":{"uv":[14.8828125,0.59765625,14.8125,0.5625],"rotation":0,"texture":"#2","tintindex":0},"down":{"uv":[0.6953125,14.8125,0.625,14.847656],"rotation":0,"texture":"#2","tintindex":0}}},{"from":[7.7035155,8.00266,2.7580357],"to":[8.3363285,8.84641,3.074442],"rotation":{"angle":0.0,"axis":"y","origin":[8.072657,8.424535,2.9162388]},"faces":{"east":{"uv":[14.6875,13.1875,14.722656,13.28125],"rotation":0,"texture":"#2","tintindex":0},"south":{"uv":[14.25,8.125,14.3203125,8.21875],"rotation":0,"texture":"#2","tintindex":0},"north":{"uv":[14.25,8.0,14.3203125,8.09375],"rotation":0,"texture":"#2","tintindex":0},"west":{"uv":[13.25,14.6875,13.285156,14.78125],"rotation":0,"texture":"#2","tintindex":0},"up":{"uv":[14.8828125,0.66015625,14.8125,0.625],"rotation":0,"texture":"#2","tintindex":0},"down":{"uv":[14.8828125,0.6875,14.8125,0.72265625],"rotation":0,"texture":"#2","tintindex":0}}},{"from":[7.3765626,6.631566,2.7580357],"to":[8.642187,8.00266,3.074442],"rotation":{"angle":0.0,"axis":"y","origin":[8.009375,7.475316,3.6017857]},"faces":{"east":{"uv":[2.6875,14.5,2.7226562,14.6484375],"rotation":0,"texture":"#2","tintindex":0},"south":{"uv":[13.5,2.25,13.636719,2.3984375],"rotation":0,"texture":"#2","tintindex":0},"north":{"uv":[2.25,13.5,2.3867188,13.6484375],"rotation":0,"texture":"#2","tintindex":0},"west":{"uv":[2.75,14.5,2.7851562,14.6484375],"rotation":0,"texture":"#2","tintindex":0},"up":{"uv":[14.699219,5.0351562,14.5625,5.0],"rotation":0,"texture":"#2","tintindex":0},"down":{"uv":[5.1992188,14.5625,5.0625,14.597656],"rotation":0,"texture":"#2","tintindex":0}}}],"display":{"head":{"translation":[0.0,-6.4,0.0],"scale":[4.0,4.0,4.0]}}}