{"textures":{"2":"modelengine:entity/pillars"},"elements":[{"from":[7.6424108,7.465966,6.7026787],"to":[8.365625,8.415185,7.425893],"rotation":{"angle":0.0,"axis":"y","origin":[8.004018,7.8275733,7.0642858]},"faces":{"east":{"uv":[14.125,4.9375,14.203125,5.0429688],"rotation":0,"texture":"#2","tintindex":0},"south":{"uv":[14.125,5.0625,14.203125,5.1679688],"rotation":0,"texture":"#2","tintindex":0},"north":{"uv":[14.125,4.8125,14.203125,4.9179688],"rotation":0,"texture":"#2","tintindex":0},"west":{"uv":[14.125,5.4375,14.203125,5.5429688],"rotation":0,"texture":"#2","tintindex":0},"up":{"uv":[13.578125,14.390625,13.5,14.3125],"rotation":0,"texture":"#2","tintindex":0},"down":{"uv":[13.703125,14.3125,13.625,14.390625],"rotation":0,"texture":"#2","tintindex":0}}},{"from":[7.506808,7.465966,6.7930803],"to":[7.6424108,8.053577,7.335491],"rotation":{"angle":0.0,"axis":"y","origin":[7.59721,7.759772,7.0642858]},"faces":{"east":{"uv":[7.5,3.0625,7.5585938,3.125],"rotation":0,"texture":"#2","tintindex":0},"south":{"uv":[7.875,15.0625,7.890625,15.125],"rotation":0,"texture":"#2","tintindex":0},"north":{"uv":[7.8125,15.0625,7.828125,15.125],"rotation":0,"texture":"#2","tintindex":0},"west":{"uv":[3.25,7.9375,3.3085938,8.0],"rotation":0,"texture":"#2","tintindex":0},"up":{"uv":[15.140625,3.7460938,15.125,3.6875],"rotation":0,"texture":"#2","tintindex":0},"down":{"uv":[3.765625,15.125,3.75,15.183594],"rotation":0,"texture":"#2","tintindex":0}}},{"from":[7.506808,8.053577,6.928683],"to":[7.6424108,8.415185,7.199888],"rotation":{"angle":0.0,"axis":"y","origin":[7.59721,8.234382,7.0642858]},"faces":{"east":{"uv":[13.75,15.0,13.78125,15.0390625],"rotation":0,"texture":"#2","tintindex":0},"south":{"uv":[14.125,15.1875,14.140625,15.2265625],"rotation":0,"texture":"#2","tintindex":0},"north":{"uv":[15.1875,14.0625,15.203125,14.1015625],"rotation":0,"texture":"#2","tintindex":0},"west":{"uv":[15.0,13.8125,15.03125,13.8515625],"rotation":0,"texture":"#2","tintindex":0},"up":{"uv":[11.265625,15.28125,11.25,15.25],"rotation":0,"texture":"#2","tintindex":0},"down":{"uv":[15.265625,11.25,15.25,11.28125],"rotation":0,"texture":"#2","tintindex":0}}},{"from":[8.365625,7.465966,6.883482],"to":[8.456027,8.053577,7.245089],"rotation":{"angle":0.0,"axis":"y","origin":[8.410826,7.759772,7.0642858]},"faces":{"east":{"uv":[14.8125,4.5,14.8515625,4.5625],"rotation":0,"texture":"#2","tintindex":0},"south":{"uv":[14.125,15.125,14.136719,15.1875],"rotation":0,"texture":"#2","tintindex":0},"north":{"uv":[15.125,14.0625,15.136719,14.125],"rotation":0,"texture":"#2","tintindex":0},"west":{"uv":[4.5625,14.8125,4.6015625,14.875],"rotation":0,"texture":"#2","tintindex":0},"up":{"uv":[12.386719,15.2890625,12.375,15.25],"rotation":0,"texture":"#2","tintindex":0},"down":{"uv":[15.261719,12.375,15.25,12.4140625],"rotation":0,"texture":"#2","tintindex":0}}},{"from":[8.365625,8.053577,6.9738836],"to":[8.456027,8.415185,7.1546874],"rotation":{"angle":0.0,"axis":"y","origin":[8.410826,8.234382,7.0642858]},"faces":{"east":{"uv":[15.125,11.3125,15.144531,11.3515625],"rotation":0,"texture":"#2","tintindex":0},"south":{"uv":[15.25,12.4375,15.261719,12.4765625],"rotation":0,"texture":"#2","tintindex":0},"north":{"uv":[12.4375,15.25,12.449219,15.2890625],"rotation":0,"texture":"#2","tintindex":0},"west":{"uv":[11.375,15.125,11.394531,15.1640625],"rotation":0,"texture":"#2","tintindex":0},"up":{"uv":[15.449219,1.3945312,15.4375,1.375],"rotation":0,"texture":"#2","tintindex":0},"down":{"uv":[1.4492188,15.4375,1.4375,15.457031],"rotation":0,"texture":"#2","tintindex":0}}},{"from":[7.7328124,7.465966,6.5670757],"to":[8.275223,8.053577,6.7026787],"rotation":{"angle":0.0,"axis":"y","origin":[8.004018,7.8275733,6.928683]},"faces":{"east":{"uv":[7.9375,15.0625,7.953125,15.125],"rotation":0,"texture":"#2","tintindex":0},"south":{"uv":[6.25,9.125,6.3085938,9.1875],"rotation":0,"texture":"#2","tintindex":0},"north":{"uv":[7.9375,7.5,7.9960938,7.5625],"rotation":0,"texture":"#2","tintindex":0},"west":{"uv":[15.0625,7.9375,15.078125,8.0],"rotation":0,"texture":"#2","tintindex":0},"up":{"uv":[15.183594,3.765625,15.125,3.75],"rotation":0,"texture":"#2","tintindex":0},"down":{"uv":[3.8710938,15.125,3.8125,15.140625],"rotation":0,"texture":"#2","tintindex":0}}},{"from":[7.8729353,8.053577,6.5670757],"to":[8.14414,8.415185,6.7026787],"rotation":{"angle":0.0,"axis":"y","origin":[8.031138,8.234382,6.634877]},"faces":{"east":{"uv":[15.1875,14.125,15.203125,14.1640625],"rotation":0,"texture":"#2","tintindex":0},"south":{"uv":[15.0,13.9375,15.03125,13.9765625],"rotation":0,"texture":"#2","tintindex":0},"north":{"uv":[15.0,13.875,15.03125,13.9140625],"rotation":0,"texture":"#2","tintindex":0},"west":{"uv":[14.1875,15.1875,14.203125,15.2265625],"rotation":0,"texture":"#2","tintindex":0},"up":{"uv":[11.34375,15.265625,11.3125,15.25],"rotation":0,"texture":"#2","tintindex":0},"down":{"uv":[15.28125,11.3125,15.25,11.328125],"rotation":0,"texture":"#2","tintindex":0}}},{"from":[7.8729353,8.053577,7.425893],"to":[8.14414,8.415185,7.5614953],"rotation":{"angle":0.0,"axis":"y","origin":[8.031138,8.234382,7.4936943]},"faces":{"east":{"uv":[15.1875,14.1875,15.203125,14.2265625],"rotation":0,"texture":"#2","tintindex":0},"south":{"uv":[14.0625,15.0,14.09375,15.0390625],"rotation":0,"texture":"#2","tintindex":0},"north":{"uv":[15.0,14.0,15.03125,14.0390625],"rotation":0,"texture":"#2","tintindex":0},"west":{"uv":[14.25,15.1875,14.265625,15.2265625],"rotation":0,"texture":"#2","tintindex":0},"up":{"uv":[11.40625,15.265625,11.375,15.25],"rotation":0,"texture":"#2","tintindex":0},"down":{"uv":[15.28125,11.375,15.25,11.390625],"rotation":0,"texture":"#2","tintindex":0}}},{"from":[7.7328124,7.465966,7.425893],"to":[8.275223,8.053577,7.5614953],"rotation":{"angle":0.0,"axis":"y","origin":[8.004018,7.8275733,7.7875]},"faces":{"east":{"uv":[15.0625,8.0,15.078125,8.0625],"rotation":0,"texture":"#2","tintindex":0},"south":{"uv":[7.0625,9.25,7.1210938,9.3125],"rotation":0,"texture":"#2","tintindex":0},"north":{"uv":[6.625,9.1875,6.6835938,9.25],"rotation":0,"texture":"#2","tintindex":0},"west":{"uv":[8.0625,15.0625,8.078125,15.125],"rotation":0,"texture":"#2","tintindex":0},"up":{"uv":[15.183594,3.828125,15.125,3.8125],"rotation":0,"texture":"#2","tintindex":0},"down":{"uv":[3.9335938,15.125,3.875,15.140625],"rotation":0,"texture":"#2","tintindex":0}}}],"display":{"head":{"translation":[0.0,-6.4,0.0],"scale":[4.0,4.0,4.0]}}}