{"textures":{"2":"modelengine:entity/pillars"},"elements":[{"from":[6.4504046,2.925507,-14.756874],"to":[13.080404,11.627382,-8.126873],"rotation":{"angle":0.0,"axis":"y","origin":[9.765405,6.240507,-11.441872]},"faces":{"east":{"uv":[4.75,4.0,5.4765625,4.953125],"rotation":0,"texture":"#2","tintindex":0},"south":{"uv":[0.0,4.9375,0.7265625,5.890625],"rotation":0,"texture":"#2","tintindex":0},"north":{"uv":[4.75,3.0,5.4765625,3.953125],"rotation":0,"texture":"#2","tintindex":0},"west":{"uv":[0.75,4.9375,1.4765625,5.890625],"rotation":0,"texture":"#2","tintindex":0},"up":{"uv":[6.9765625,2.3515625,6.25,1.625],"rotation":0,"texture":"#2","tintindex":0},"down":{"uv":[6.9765625,2.375,6.25,3.1015625],"rotation":0,"texture":"#2","tintindex":0}}},{"from":[5.2072797,2.925507,-13.928123],"to":[6.4504046,8.312382,-8.955624],"rotation":{"angle":0.0,"axis":"y","origin":[6.03603,5.6189446,-11.441872]},"faces":{"east":{"uv":[7.25,4.375,7.7929688,4.9648438],"rotation":0,"texture":"#2","tintindex":0},"south":{"uv":[11.0625,9.75,11.199219,10.339844],"rotation":0,"texture":"#2","tintindex":0},"north":{"uv":[11.0625,9.125,11.199219,9.714844],"rotation":0,"texture":"#2","tintindex":0},"west":{"uv":[7.25,5.0,7.7929688,5.5898438],"rotation":0,"texture":"#2","tintindex":0},"up":{"uv":[9.761719,11.980469,9.625,11.4375],"rotation":0,"texture":"#2","tintindex":0},"down":{"uv":[9.949219,11.4375,9.8125,11.980469],"rotation":0,"texture":"#2","tintindex":0}}},{"from":[5.2072797,8.312382,-12.684998],"to":[6.4504046,11.627382,-10.198746],"rotation":{"angle":0.0,"axis":"y","origin":[6.03603,9.969882,-11.441872]},"faces":{"east":{"uv":[7.125,10.875,7.3984375,11.238281],"rotation":0,"texture":"#2","tintindex":0},"south":{"uv":[12.0,7.125,12.136719,7.4882812],"rotation":0,"texture":"#2","tintindex":0},"north":{"uv":[6.5625,12.0,6.6992188,12.363281],"rotation":0,"texture":"#2","tintindex":0},"west":{"uv":[7.4375,10.875,7.7109375,11.238281],"rotation":0,"texture":"#2","tintindex":0},"up":{"uv":[12.511719,11.0859375,12.375,10.8125],"rotation":0,"texture":"#2","tintindex":0},"down":{"uv":[12.511719,11.125,12.375,11.3984375],"rotation":0,"texture":"#2","tintindex":0}}},{"from":[13.080404,2.925507,-13.099373],"to":[13.909155,8.312382,-9.78437],"rotation":{"angle":0.0,"axis":"y","origin":[13.49478,5.6189446,-11.441872]},"faces":{"east":{"uv":[6.3125,8.5625,6.6757812,9.152344],"rotation":0,"texture":"#2","tintindex":0},"south":{"uv":[0.25,12.0,0.33984375,12.589844],"rotation":0,"texture":"#2","tintindex":0},"north":{"uv":[0.125,12.0,0.21484375,12.589844],"rotation":0,"texture":"#2","tintindex":0},"west":{"uv":[8.5625,6.625,8.925781,7.2148438],"rotation":0,"texture":"#2","tintindex":0},"up":{"uv":[12.214844,12.925781,12.125,12.5625],"rotation":0,"texture":"#2","tintindex":0},"down":{"uv":[6.6523438,12.625,6.5625,12.988281],"rotation":0,"texture":"#2","tintindex":0}}},{"from":[13.080404,8.312382,-12.270622],"to":[13.909155,11.627382,-10.613125],"rotation":{"angle":0.0,"axis":"y","origin":[13.49478,9.969882,-11.441872]},"faces":{"east":{"uv":[11.75,8.625,11.9296875,8.988281],"rotation":0,"texture":"#2","tintindex":0},"south":{"uv":[9.125,12.625,9.214844,12.988281],"rotation":0,"texture":"#2","tintindex":0},"north":{"uv":[7.875,12.625,7.9648438,12.988281],"rotation":0,"texture":"#2","tintindex":0},"west":{"uv":[11.75,9.0,11.9296875,9.363281],"rotation":0,"texture":"#2","tintindex":0},"up":{"uv":[13.714844,9.4921875,13.625,9.3125],"rotation":0,"texture":"#2","tintindex":0},"down":{"uv":[11.652344,13.625,11.5625,13.8046875],"rotation":0,"texture":"#2","tintindex":0}}},{"from":[7.279155,2.925507,-16.0],"to":[12.251656,8.312382,-14.756874],"rotation":{"angle":0.0,"axis":"y","origin":[9.765405,6.240507,-12.684998]},"faces":{"east":{"uv":[11.0625,10.375,11.199219,10.964844],"rotation":0,"texture":"#2","tintindex":0},"south":{"uv":[6.0,7.3125,6.5429688,7.9023438],"rotation":0,"texture":"#2","tintindex":0},"north":{"uv":[7.25,5.625,7.7929688,6.2148438],"rotation":0,"texture":"#2","tintindex":0},"west":{"uv":[11.0625,11.0,11.199219,11.589844],"rotation":0,"texture":"#2","tintindex":0},"up":{"uv":[11.980469,7.4492188,11.4375,7.3125],"rotation":0,"texture":"#2","tintindex":0},"down":{"uv":[11.980469,7.5,11.4375,7.6367188],"rotation":0,"texture":"#2","tintindex":0}}},{"from":[8.563717,8.312382,-16.0],"to":[11.049968,11.627382,-14.756874],"rotation":{"angle":0.0,"axis":"y","origin":[10.01403,9.969882,-15.378433]},"faces":{"east":{"uv":[12.0,7.5,12.136719,7.8632812],"rotation":0,"texture":"#2","tintindex":0},"south":{"uv":[8.5625,10.875,8.8359375,11.238281],"rotation":0,"texture":"#2","tintindex":0},"north":{"uv":[8.25,10.875,8.5234375,11.238281],"rotation":0,"texture":"#2","tintindex":0},"west":{"uv":[12.0,7.875,12.136719,8.238281],"rotation":0,"texture":"#2","tintindex":0},"up":{"uv":[12.0234375,12.511719,11.75,12.375],"rotation":0,"texture":"#2","tintindex":0},"down":{"uv":[12.7109375,0.9375,12.4375,1.0742188],"rotation":0,"texture":"#2","tintindex":0}}},{"from":[8.563717,8.312382,-8.126873],"to":[11.049968,11.627382,-6.883747],"rotation":{"angle":0.0,"axis":"y","origin":[10.01403,9.969882,-7.50531]},"faces":{"east":{"uv":[12.0,8.25,12.136719,8.613281],"rotation":0,"texture":"#2","tintindex":0},"south":{"uv":[10.75,10.875,11.0234375,11.238281],"rotation":0,"texture":"#2","tintindex":0},"north":{"uv":[8.875,10.875,9.1484375,11.238281],"rotation":0,"texture":"#2","tintindex":0},"west":{"uv":[9.5625,12.0,9.699219,12.363281],"rotation":0,"texture":"#2","tintindex":0},"up":{"uv":[12.7109375,1.2617188,12.4375,1.125],"rotation":0,"texture":"#2","tintindex":0},"down":{"uv":[12.7109375,1.3125,12.4375,1.4492188],"rotation":0,"texture":"#2","tintindex":0}}},{"from":[7.279155,2.925507,-8.126873],"to":[12.251656,8.312382,-6.883747],"rotation":{"angle":0.0,"axis":"y","origin":[9.765405,6.240507,-4.8118706]},"faces":{"east":{"uv":[3.5625,11.125,3.6992188,11.714844],"rotation":0,"texture":"#2","tintindex":0},"south":{"uv":[3.3125,7.375,3.8554688,7.9648438],"rotation":0,"texture":"#2","tintindex":0},"north":{"uv":[6.5625,7.3125,7.1054688,7.9023438],"rotation":0,"texture":"#2","tintindex":0},"west":{"uv":[11.125,3.625,11.261719,4.2148438],"rotation":0,"texture":"#2","tintindex":0},"up":{"uv":[10.542969,11.574219,10.0,11.4375],"rotation":0,"texture":"#2","tintindex":0},"down":{"uv":[0.54296875,11.5,0.0,11.636719],"rotation":0,"texture":"#2","tintindex":0}}}],"display":{"head":{"translation":[0.0,-6.4,-98.96623],"scale":[4.0,4.0,4.0]}}}