{"textures":{"2":"modelengine:entity/pillars"},"elements":[{"from":[7.6821427,7.5908356,2.1249995],"to":[8.325,8.434586,2.767857],"rotation":{"angle":0.0,"axis":"y","origin":[8.0035715,7.9122643,2.4464283]},"faces":{"east":{"uv":[6.125,14.3125,6.1953125,14.40625],"rotation":0,"texture":"#2","tintindex":0},"south":{"uv":[14.3125,6.4375,14.3828125,6.53125],"rotation":0,"texture":"#2","tintindex":0},"north":{"uv":[6.0,14.3125,6.0703125,14.40625],"rotation":0,"texture":"#2","tintindex":0},"west":{"uv":[6.5,14.3125,6.5703125,14.40625],"rotation":0,"texture":"#2","tintindex":0},"up":{"uv":[14.5703125,13.2578125,14.5,13.1875],"rotation":0,"texture":"#2","tintindex":0},"down":{"uv":[14.5703125,13.3125,14.5,13.3828125],"rotation":0,"texture":"#2","tintindex":0}}},{"from":[7.5616074,7.5908356,2.205357],"to":[7.6821427,8.113157,2.6875],"rotation":{"angle":0.0,"axis":"y","origin":[7.6419644,7.8519964,2.4464283]},"faces":{"east":{"uv":[13.9375,6.625,13.9921875,6.6835938],"rotation":0,"texture":"#2","tintindex":0},"south":{"uv":[15.1875,2.5,15.199219,2.5585938],"rotation":0,"texture":"#2","tintindex":0},"north":{"uv":[2.5,15.1875,2.5117188,15.246094],"rotation":0,"texture":"#2","tintindex":0},"west":{"uv":[13.9375,13.4375,13.9921875,13.496094],"rotation":0,"texture":"#2","tintindex":0},"up":{"uv":[15.199219,11.4921875,15.1875,11.4375],"rotation":0,"texture":"#2","tintindex":0},"down":{"uv":[11.511719,15.1875,11.5,15.2421875],"rotation":0,"texture":"#2","tintindex":0}}},{"from":[7.5616074,8.113157,2.3258924],"to":[7.6821427,8.434586,2.5669641],"rotation":{"angle":0.0,"axis":"y","origin":[7.6419644,8.273871,2.4464283]},"faces":{"east":{"uv":[15.125,1.0625,15.152344,1.0976562],"rotation":0,"texture":"#2","tintindex":0},"south":{"uv":[4.0,15.3125,4.0117188,15.347656],"rotation":0,"texture":"#2","tintindex":0},"north":{"uv":[15.3125,3.9375,15.324219,3.9726562],"rotation":0,"texture":"#2","tintindex":0},"west":{"uv":[1.125,15.125,1.1523438,15.160156],"rotation":0,"texture":"#2","tintindex":0},"up":{"uv":[15.324219,11.277344,15.3125,11.25],"rotation":0,"texture":"#2","tintindex":0},"down":{"uv":[11.324219,15.3125,11.3125,15.339844],"rotation":0,"texture":"#2","tintindex":0}}},{"from":[8.325,7.5908356,2.2857141],"to":[8.405357,8.113157,2.6071424],"rotation":{"angle":0.0,"axis":"y","origin":[8.365179,7.8519964,2.4464283]},"faces":{"east":{"uv":[14.8125,13.9375,14.847656,13.996094],"rotation":0,"texture":"#2","tintindex":0},"south":{"uv":[15.25,14.8125,15.2578125,14.871094],"rotation":0,"texture":"#2","tintindex":0},"north":{"uv":[14.8125,15.25,14.8203125,15.308594],"rotation":0,"texture":"#2","tintindex":0},"west":{"uv":[14.0625,14.8125,14.097656,14.871094],"rotation":0,"texture":"#2","tintindex":0},"up":{"uv":[6.6953125,15.410156,6.6875,15.375],"rotation":0,"texture":"#2","tintindex":0},"down":{"uv":[15.3828125,6.6875,15.375,6.7226562],"rotation":0,"texture":"#2","tintindex":0}}},{"from":[8.325,8.113157,2.3660712],"to":[8.405357,8.434586,2.5267854],"rotation":{"angle":0.0,"axis":"y","origin":[8.365179,8.273871,2.4464283]},"faces":{"east":{"uv":[2.5625,15.1875,2.5820312,15.222656],"rotation":0,"texture":"#2","tintindex":0},"south":{"uv":[15.375,6.75,15.3828125,6.7851562],"rotation":0,"texture":"#2","tintindex":0},"north":{"uv":[6.75,15.375,6.7578125,15.410156],"rotation":0,"texture":"#2","tintindex":0},"west":{"uv":[15.1875,2.5625,15.207031,2.5976562],"rotation":0,"texture":"#2","tintindex":0},"up":{"uv":[15.4453125,10.957031,15.4375,10.9375],"rotation":0,"texture":"#2","tintindex":0},"down":{"uv":[11.0078125,15.4375,11.0,15.457031],"rotation":0,"texture":"#2","tintindex":0}}},{"from":[7.7625,7.5908356,2.0044641],"to":[8.244643,8.113157,2.1249995],"rotation":{"angle":0.0,"axis":"y","origin":[8.0035715,7.9122643,2.3258924]},"faces":{"east":{"uv":[2.625,15.1875,2.6367188,15.246094],"rotation":0,"texture":"#2","tintindex":0},"south":{"uv":[14.0,1.0625,14.0546875,1.1210938],"rotation":0,"texture":"#2","tintindex":0},"north":{"uv":[14.0,0.375,14.0546875,0.43359375],"rotation":0,"texture":"#2","tintindex":0},"west":{"uv":[15.1875,2.625,15.199219,2.6835938],"rotation":0,"texture":"#2","tintindex":0},"up":{"uv":[15.2421875,11.511719,15.1875,11.5],"rotation":0,"texture":"#2","tintindex":0},"down":{"uv":[11.6171875,15.1875,11.5625,15.199219],"rotation":0,"texture":"#2","tintindex":0}}},{"from":[7.8870535,8.113157,2.0044641],"to":[8.128125,8.434586,2.1249995],"rotation":{"angle":0.0,"axis":"y","origin":[8.0276785,8.273871,2.064732]},"faces":{"east":{"uv":[15.3125,4.0,15.324219,4.0351562],"rotation":0,"texture":"#2","tintindex":0},"south":{"uv":[1.1875,15.125,1.2148438,15.160156],"rotation":0,"texture":"#2","tintindex":0},"north":{"uv":[15.125,1.125,15.152344,1.1601562],"rotation":0,"texture":"#2","tintindex":0},"west":{"uv":[4.0625,15.3125,4.0742188,15.347656],"rotation":0,"texture":"#2","tintindex":0},"up":{"uv":[15.339844,11.324219,15.3125,11.3125],"rotation":0,"texture":"#2","tintindex":0},"down":{"uv":[11.402344,15.3125,11.375,15.324219],"rotation":0,"texture":"#2","tintindex":0}}},{"from":[7.8870535,8.113157,2.767857],"to":[8.128125,8.434586,2.8883924],"rotation":{"angle":0.0,"axis":"y","origin":[8.0276785,8.273871,2.828125]},"faces":{"east":{"uv":[15.3125,4.0625,15.324219,4.0976562],"rotation":0,"texture":"#2","tintindex":0},"south":{"uv":[1.25,15.125,1.2773438,15.160156],"rotation":0,"texture":"#2","tintindex":0},"north":{"uv":[15.125,1.1875,15.152344,1.2226562],"rotation":0,"texture":"#2","tintindex":0},"west":{"uv":[4.125,15.3125,4.1367188,15.347656],"rotation":0,"texture":"#2","tintindex":0},"up":{"uv":[15.339844,11.386719,15.3125,11.375],"rotation":0,"texture":"#2","tintindex":0},"down":{"uv":[11.464844,15.3125,11.4375,15.324219],"rotation":0,"texture":"#2","tintindex":0}}},{"from":[7.7625,7.5908356,2.767857],"to":[8.244643,8.113157,2.8883924],"rotation":{"angle":0.0,"axis":"y","origin":[8.0035715,7.9122643,3.0892854]},"faces":{"east":{"uv":[2.6875,15.1875,2.6992188,15.246094],"rotation":0,"texture":"#2","tintindex":0},"south":{"uv":[14.0,6.1875,14.0546875,6.2460938],"rotation":0,"texture":"#2","tintindex":0},"north":{"uv":[14.0,5.25,14.0546875,5.3085938],"rotation":0,"texture":"#2","tintindex":0},"west":{"uv":[15.1875,2.6875,15.199219,2.7460938],"rotation":0,"texture":"#2","tintindex":0},"up":{"uv":[15.2421875,11.574219,15.1875,11.5625],"rotation":0,"texture":"#2","tintindex":0},"down":{"uv":[11.6796875,15.1875,11.625,15.199219],"rotation":0,"texture":"#2","tintindex":0}}}],"display":{"head":{"translation":[0.0,-6.4,0.0],"scale":[4.0,4.0,4.0]}}}