{"textures":{"2":"modelengine:entity/pillars"},"elements":[{"from":[6.7845,27.105194,6.7845],"to":[9.2155,32.0,9.2155],"rotation":{"angle":0.0,"axis":"y","origin":[8.649187,28.969883,8.649187]},"faces":{"east":{"uv":[9.3125,7.375,9.578125,7.9101562],"rotation":0,"texture":"#2","tintindex":0},"south":{"uv":[9.3125,7.9375,9.578125,8.472656],"rotation":0,"texture":"#2","tintindex":0},"north":{"uv":[7.0625,9.3125,7.328125,9.847656],"rotation":0,"texture":"#2","tintindex":0},"west":{"uv":[9.3125,8.5,9.578125,9.035156],"rotation":0,"texture":"#2","tintindex":0},"up":{"uv":[9.203125,7.203125,8.9375,6.9375],"rotation":0,"texture":"#2","tintindex":0},"down":{"uv":[10.328125,9.6875,10.0625,9.953125],"rotation":0,"texture":"#2","tintindex":0}}}],"display":{"head":{"translation":[0.0,39.989616,0.0],"scale":[4.0,4.0,4.0]}}}