{"textures":{"2":"modelengine:entity/pillars"},"elements":[{"from":[7.45,21.892578,7.45],"to":[8.55,24.107422,8.55],"rotation":{"angle":0.0,"axis":"y","origin":[8.29375,22.736328,8.29375]},"faces":{"east":{"uv":[5.9375,10.5625,6.0585938,10.8046875],"rotation":0,"texture":"#2","tintindex":0},"south":{"uv":[1.0,11.625,1.1210938,11.8671875],"rotation":0,"texture":"#2","tintindex":0},"north":{"uv":[8.5625,2.875,8.683594,3.1171875],"rotation":0,"texture":"#2","tintindex":0},"west":{"uv":[4.3125,12.4375,4.4335938,12.6796875],"rotation":0,"texture":"#2","tintindex":0},"up":{"uv":[8.621094,9.683594,8.5,9.5625],"rotation":0,"texture":"#2","tintindex":0},"down":{"uv":[2.5585938,9.625,2.4375,9.746094],"rotation":0,"texture":"#2","tintindex":0}}}],"display":{"head":{"translation":[0.0,-6.4,0.0],"scale":[4.0,4.0,4.0]}}}