{"textures":{"2":"modelengine:entity/pillars"},"elements":[{"from":[7.45,21.892578,7.45],"to":[8.55,24.107422,8.55],"rotation":{"angle":0.0,"axis":"y","origin":[8.29375,22.736328,8.29375]},"faces":{"east":{"uv":[12.8125,4.9375,12.933594,5.1796875],"rotation":0,"texture":"#2","tintindex":0},"south":{"uv":[12.8125,5.1875,12.933594,5.4296875],"rotation":0,"texture":"#2","tintindex":0},"north":{"uv":[12.8125,4.6875,12.933594,4.9296875],"rotation":0,"texture":"#2","tintindex":0},"west":{"uv":[5.4375,12.8125,5.5585938,13.0546875],"rotation":0,"texture":"#2","tintindex":0},"up":{"uv":[11.933594,4.8085938,11.8125,4.6875],"rotation":0,"texture":"#2","tintindex":0},"down":{"uv":[11.996094,4.3125,11.875,4.4335938],"rotation":0,"texture":"#2","tintindex":0}}}],"display":{"head":{"translation":[0.0,-6.4,0.0],"scale":[4.0,4.0,4.0]}}}