{"textures":{"2":"modelengine:entity/pillars"},"elements":[{"from":[7.45,21.892578,7.45],"to":[8.55,24.107422,8.55],"rotation":{"angle":0.0,"axis":"y","origin":[8.29375,22.736328,8.29375]},"faces":{"east":{"uv":[12.8125,3.5,12.933594,3.7421875],"rotation":0,"texture":"#2","tintindex":0},"south":{"uv":[12.8125,4.1875,12.933594,4.4296875],"rotation":0,"texture":"#2","tintindex":0},"north":{"uv":[12.8125,2.5,12.933594,2.7421875],"rotation":0,"texture":"#2","tintindex":0},"west":{"uv":[12.8125,4.4375,12.933594,4.6796875],"rotation":0,"texture":"#2","tintindex":0},"up":{"uv":[0.87109375,11.621094,0.75,11.5],"rotation":0,"texture":"#2","tintindex":0},"down":{"uv":[11.933594,0.1875,11.8125,0.30859375],"rotation":0,"texture":"#2","tintindex":0}}}],"display":{"head":{"translation":[0.0,-6.4,0.0],"scale":[4.0,4.0,4.0]}}}