{"textures":{"2":"modelengine:entity/pillars"},"elements":[{"from":[7.45,21.892578,7.45],"to":[8.55,24.107422,8.55],"rotation":{"angle":0.0,"axis":"y","origin":[8.29375,22.736328,8.29375]},"faces":{"east":{"uv":[6.1875,12.8125,6.3085938,13.0546875],"rotation":0,"texture":"#2","tintindex":0},"south":{"uv":[6.6875,12.8125,6.8085938,13.0546875],"rotation":0,"texture":"#2","tintindex":0},"north":{"uv":[12.8125,5.4375,12.933594,5.6796875],"rotation":0,"texture":"#2","tintindex":0},"west":{"uv":[12.8125,9.4375,12.933594,9.6796875],"rotation":0,"texture":"#2","tintindex":0},"up":{"uv":[12.183594,4.6835938,12.0625,4.5625],"rotation":0,"texture":"#2","tintindex":0},"down":{"uv":[8.121094,12.375,8.0,12.496094],"rotation":0,"texture":"#2","tintindex":0}}}],"display":{"head":{"translation":[0.0,-6.4,0.0],"scale":[4.0,4.0,4.0]}}}