{"textures":{"1":"modelengine:entity/icecubes"},"elements":[{"from":[-5.6428576,-12.857143,4.0714283],"to":[4.785714,15.142858,21.357143],"rotation":{"angle":0.0,"axis":"y","origin":[8.142858,8.0,8.0]},"faces":{"east":{"uv":[1.9375,6.125,3.828125,9.1875],"rotation":0,"texture":"#1","tintindex":0},"south":{"uv":[3.875,6.125,5.765625,9.1875],"rotation":0,"texture":"#1","tintindex":0},"north":{"uv":[0.0,6.125,1.890625,9.1875],"rotation":0,"texture":"#1","tintindex":0},"west":{"uv":[5.8125,6.125,7.703125,9.1875],"rotation":0,"texture":"#1","tintindex":0},"up":{"uv":[11.578125,9.640625,9.6875,7.75],"rotation":0,"texture":"#1","tintindex":0},"down":{"uv":[11.578125,9.6875,9.6875,11.578125],"rotation":0,"texture":"#1","tintindex":0}}},{"from":[-5.6428576,15.142858,4.0714283],"to":[4.785714,15.714286,21.357143],"rotation":{"angle":0.0,"axis":"y","origin":[8.142858,10.0,8.0]},"faces":{"east":{"uv":[13.5625,3.1875,15.453125,3.46875],"rotation":0,"texture":"#1","tintindex":0},"south":{"uv":[13.5625,3.5,15.453125,3.78125],"rotation":0,"texture":"#1","tintindex":0},"north":{"uv":[13.5625,2.875,15.453125,3.15625],"rotation":0,"texture":"#1","tintindex":0},"west":{"uv":[9.0625,13.5625,10.953125,13.84375],"rotation":0,"texture":"#1","tintindex":0},"up":{"uv":[3.828125,13.015625,1.9375,11.125],"rotation":0,"texture":"#1","tintindex":0},"down":{"uv":[5.765625,11.125,3.875,13.015625],"rotation":0,"texture":"#1","tintindex":0}}}],"display":{"head":{"translation":[0.0,-6.4,0.0],"scale":[4.0,4.0,4.0]}}}