{"textures":{"1":"modelengine:entity/icecubes"},"elements":[{"from":[5.0714283,7.428571,4.0714283],"to":[12.928572,13.571428,18.07143],"rotation":{"angle":0.0,"axis":"y","origin":[8.142858,8.0,8.0]},"faces":{"east":{"uv":[7.5,13.0625,9.03125,13.734375],"rotation":0,"texture":"#1","tintindex":0},"south":{"uv":[13.5625,0.0,14.421875,0.671875],"rotation":0,"texture":"#1","tintindex":0},"north":{"uv":[13.375,10.5,14.234375,11.171875],"rotation":0,"texture":"#1","tintindex":0},"west":{"uv":[13.1875,12.5,14.71875,13.171875],"rotation":0,"texture":"#1","tintindex":0},"up":{"uv":[13.171875,14.03125,12.3125,12.5],"rotation":0,"texture":"#1","tintindex":0},"down":{"uv":[2.609375,13.0625,1.75,14.59375],"rotation":0,"texture":"#1","tintindex":0}}},{"from":[5.0714283,13.571428,4.0714283],"to":[12.928572,14.142858,18.07143],"rotation":{"angle":0.0,"axis":"y","origin":[8.142858,8.571428,8.0]},"faces":{"east":{"uv":[14.0625,13.1875,15.59375,13.25],"rotation":0,"texture":"#1","tintindex":0},"south":{"uv":[11.0,13.8125,11.859375,13.875],"rotation":0,"texture":"#1","tintindex":0},"north":{"uv":[0.875,13.8125,1.734375,13.875],"rotation":0,"texture":"#1","tintindex":0},"west":{"uv":[14.0625,13.25,15.59375,13.3125],"rotation":0,"texture":"#1","tintindex":0},"up":{"uv":[3.484375,14.59375,2.625,13.0625],"rotation":0,"texture":"#1","tintindex":0},"down":{"uv":[4.359375,13.0625,3.5,14.59375],"rotation":0,"texture":"#1","tintindex":0}}}],"display":{"head":{"translation":[0.0,-6.4,0.0],"scale":[4.0,4.0,4.0]}}}