{"textures":{"1":"modelengine:entity/icecubes"},"elements":[{"from":[-5.6428576,-12.857143,4.0714283],"to":[8.357142,15.142858,15.785715],"rotation":{"angle":0.0,"axis":"y","origin":[8.142858,8.0,8.0]},"faces":{"east":{"uv":[7.75,3.0625,9.640625,6.125],"rotation":0,"texture":"#1","tintindex":0},"south":{"uv":[7.75,6.125,9.640625,9.1875],"rotation":0,"texture":"#1","tintindex":0},"north":{"uv":[7.75,0.0,9.640625,3.0625],"rotation":0,"texture":"#1","tintindex":0},"west":{"uv":[0.0,9.1875,1.890625,12.25],"rotation":0,"texture":"#1","tintindex":0},"up":{"uv":[7.703125,13.015625,5.8125,11.125],"rotation":0,"texture":"#1","tintindex":0},"down":{"uv":[9.640625,11.125,7.75,13.015625],"rotation":0,"texture":"#1","tintindex":0}}},{"from":[-5.6428576,15.142858,4.0714283],"to":[8.357142,15.714286,15.785715],"rotation":{"angle":0.0,"axis":"y","origin":[8.142858,10.0,8.0]},"faces":{"east":{"uv":[6.3125,13.75,8.203125,14.03125],"rotation":0,"texture":"#1","tintindex":0},"south":{"uv":[8.25,13.875,10.140625,14.15625],"rotation":0,"texture":"#1","tintindex":0},"north":{"uv":[4.375,13.75,6.265625,14.03125],"rotation":0,"texture":"#1","tintindex":0},"west":{"uv":[10.1875,13.875,12.078125,14.15625],"rotation":0,"texture":"#1","tintindex":0},"up":{"uv":[13.515625,1.890625,11.625,0.0],"rotation":0,"texture":"#1","tintindex":0},"down":{"uv":[13.515625,1.9375,11.625,3.828125],"rotation":0,"texture":"#1","tintindex":0}}}],"display":{"head":{"translation":[0.0,-6.4,0.0],"scale":[4.0,4.0,4.0]}}}