{"textures":{"1":"modelengine:entity/icecubes"},"elements":[{"from":[-5.6428576,-12.857143,4.0714283],"to":[11.642858,15.142858,21.357143],"rotation":{"angle":0.0,"axis":"y","origin":[8.142858,8.0,8.0]},"faces":{"east":{"uv":[1.9375,0.0,3.828125,3.0625],"rotation":0,"texture":"#1","tintindex":0},"south":{"uv":[0.0,3.0625,1.890625,6.125],"rotation":0,"texture":"#1","tintindex":0},"north":{"uv":[0.0,0.0,1.890625,3.0625],"rotation":0,"texture":"#1","tintindex":0},"west":{"uv":[1.9375,3.0625,3.828125,6.125],"rotation":0,"texture":"#1","tintindex":0},"up":{"uv":[3.828125,11.078125,1.9375,9.1875],"rotation":0,"texture":"#1","tintindex":0},"down":{"uv":[5.765625,9.1875,3.875,11.078125],"rotation":0,"texture":"#1","tintindex":0}}},{"from":[-5.6428576,15.142858,4.0714283],"to":[11.642858,15.714286,21.357143],"rotation":{"angle":0.0,"axis":"y","origin":[8.142858,10.0,8.0]},"faces":{"east":{"uv":[13.5625,0.6875,15.453125,0.96875],"rotation":0,"texture":"#1","tintindex":0},"south":{"uv":[13.5625,1.0,15.453125,1.28125],"rotation":0,"texture":"#1","tintindex":0},"north":{"uv":[12.5,11.1875,14.390625,11.46875],"rotation":0,"texture":"#1","tintindex":0},"west":{"uv":[13.5625,1.3125,15.453125,1.59375],"rotation":0,"texture":"#1","tintindex":0},"up":{"uv":[7.703125,11.078125,5.8125,9.1875],"rotation":0,"texture":"#1","tintindex":0},"down":{"uv":[9.640625,9.1875,7.75,11.078125],"rotation":0,"texture":"#1","tintindex":0}}}],"display":{"head":{"translation":[0.0,-6.4,0.0],"scale":[4.0,4.0,4.0]}}}