{"textures":{"0":"modelengine:entity/floors"},"elements":[{"from":[5.0714283,7.428571,4.0714283],"to":[13.357143,9.571428,11.071428],"rotation":{"angle":0.0,"axis":"y","origin":[8.142858,8.0,8.0]},"faces":{"east":{"uv":[2.875,7.875,4.40625,8.34375],"rotation":0,"texture":"#0","tintindex":0},"south":{"uv":[7.375,7.375,9.1875,7.84375],"rotation":0,"texture":"#0","tintindex":0},"north":{"uv":[7.375,4.125,9.1875,4.59375],"rotation":0,"texture":"#0","tintindex":0},"west":{"uv":[4.5,8.0,6.03125,8.46875],"rotation":0,"texture":"#0","tintindex":0},"up":{"uv":[3.9375,1.53125,2.125,0.0],"rotation":0,"texture":"#0","tintindex":0},"down":{"uv":[3.9375,1.625,2.125,3.15625],"rotation":0,"texture":"#0","tintindex":0}}}],"display":{"head":{"translation":[0.0,-6.4,0.0],"scale":[4.0,4.0,4.0]}}}