{"textures":{"0":"modelengine:entity/floors"},"elements":[{"from":[4.928571,7.428571,4.0714283],"to":[11.071428,8.285714,11.928572],"rotation":{"angle":0.0,"axis":"y","origin":[8.0,8.0,8.0]},"faces":{"east":{"uv":[8.875,3.875,10.59375,4.0625],"rotation":0,"texture":"#0","tintindex":0},"south":{"uv":[9.25,7.625,10.59375,7.8125],"rotation":0,"texture":"#0","tintindex":0},"north":{"uv":[9.25,7.375,10.59375,7.5625],"rotation":0,"texture":"#0","tintindex":0},"west":{"uv":[8.875,7.125,10.59375,7.3125],"rotation":0,"texture":"#0","tintindex":0},"up":{"uv":[5.34375,3.09375,4.0,1.375],"rotation":0,"texture":"#0","tintindex":0},"down":{"uv":[5.21875,4.625,3.875,6.34375],"rotation":0,"texture":"#0","tintindex":0}}}],"display":{"head":{"translation":[0.0,-6.4,0.0],"scale":[4.0,4.0,4.0]}}}