{"textures":{"2":"modelengine:entity/pillars"},"elements":[{"from":[7.6857142,15.938616,7.6857142],"to":[8.314285,17.204243,8.314285],"rotation":{"angle":0.0,"axis":"y","origin":[8.167857,16.42076,8.167857]},"faces":{"east":{"uv":[14.0625,2.6875,14.1328125,2.8242188],"rotation":0,"texture":"#2","tintindex":0},"south":{"uv":[14.0625,2.875,14.1328125,3.0117188],"rotation":0,"texture":"#2","tintindex":0},"north":{"uv":[14.0625,2.5,14.1328125,2.6367188],"rotation":0,"texture":"#2","tintindex":0},"west":{"uv":[14.0625,3.0625,14.1328125,3.1992188],"rotation":0,"texture":"#2","tintindex":0},"up":{"uv":[4.7578125,14.5703125,4.6875,14.5],"rotation":0,"texture":"#2","tintindex":0},"down":{"uv":[4.8828125,14.5,4.8125,14.5703125],"rotation":0,"texture":"#2","tintindex":0}}}],"display":{"head":{"translation":[0.0,-6.4,0.0],"scale":[4.0,4.0,4.0]}}}