{"textures":{"2":"modelengine:entity/pillars"},"elements":[{"from":[7.7642856,13.953962,7.7642856],"to":[8.235714,14.903181,8.235714],"rotation":{"angle":0.0,"axis":"y","origin":[8.125893,14.315569,8.125893]},"faces":{"east":{"uv":[9.1875,14.4375,9.238281,14.542969],"rotation":0,"texture":"#2","tintindex":0},"south":{"uv":[9.25,14.4375,9.300781,14.542969],"rotation":0,"texture":"#2","tintindex":0},"north":{"uv":[9.125,14.4375,9.175781,14.542969],"rotation":0,"texture":"#2","tintindex":0},"west":{"uv":[9.3125,14.4375,9.363281,14.542969],"rotation":0,"texture":"#2","tintindex":0},"up":{"uv":[12.550781,14.800781,12.5,14.75],"rotation":0,"texture":"#2","tintindex":0},"down":{"uv":[14.800781,12.5,14.75,12.550781],"rotation":0,"texture":"#2","tintindex":0}}}],"display":{"head":{"translation":[0.0,-6.4,0.0],"scale":[4.0,4.0,4.0]}}}