{"textures":{"2":"modelengine:entity/pillars"},"elements":[{"from":[7.7642856,13.953962,7.7642856],"to":[8.235714,14.903181,8.235714],"rotation":{"angle":0.0,"axis":"y","origin":[8.125893,14.315569,8.125893]},"faces":{"east":{"uv":[14.4375,10.6875,14.488281,10.792969],"rotation":0,"texture":"#2","tintindex":0},"south":{"uv":[14.4375,11.0,14.488281,11.105469],"rotation":0,"texture":"#2","tintindex":0},"north":{"uv":[10.375,14.4375,10.425781,14.542969],"rotation":0,"texture":"#2","tintindex":0},"west":{"uv":[11.125,14.4375,11.175781,14.542969],"rotation":0,"texture":"#2","tintindex":0},"up":{"uv":[12.675781,14.800781,12.625,14.75],"rotation":0,"texture":"#2","tintindex":0},"down":{"uv":[14.800781,12.625,14.75,12.675781],"rotation":0,"texture":"#2","tintindex":0}}}],"display":{"head":{"translation":[0.0,-6.4,0.0],"scale":[4.0,4.0,4.0]}}}