{"textures":{"2":"modelengine:entity/pillars"},"elements":[{"from":[7.882143,10.976981,7.882143],"to":[8.117857,11.451591,8.117857],"rotation":{"angle":0.0,"axis":"y","origin":[8.062946,11.157784,8.062946]},"faces":{"east":{"uv":[15.0,3.75,15.027344,3.8007812],"rotation":0,"texture":"#2","tintindex":0},"south":{"uv":[3.8125,15.0,3.8398438,15.050781],"rotation":0,"texture":"#2","tintindex":0},"north":{"uv":[3.75,15.0,3.7773438,15.050781],"rotation":0,"texture":"#2","tintindex":0},"west":{"uv":[15.0,3.8125,15.027344,3.8632812],"rotation":0,"texture":"#2","tintindex":0},"up":{"uv":[15.152344,13.589844,15.125,13.5625],"rotation":0,"texture":"#2","tintindex":0},"down":{"uv":[13.652344,15.125,13.625,15.152344],"rotation":0,"texture":"#2","tintindex":0}}}],"display":{"head":{"translation":[0.0,-6.4,0.0],"scale":[4.0,4.0,4.0]}}}