{"textures":{"2":"modelengine:entity/pillars"},"elements":[{"from":[7.882143,10.976981,7.882143],"to":[8.117857,11.451591,8.117857],"rotation":{"angle":0.0,"axis":"y","origin":[8.062946,11.157784,8.062946]},"faces":{"east":{"uv":[15.0,2.75,15.027344,2.8007812],"rotation":0,"texture":"#2","tintindex":0},"south":{"uv":[2.8125,15.0,2.8398438,15.050781],"rotation":0,"texture":"#2","tintindex":0},"north":{"uv":[2.75,15.0,2.7773438,15.050781],"rotation":0,"texture":"#2","tintindex":0},"west":{"uv":[15.0,2.8125,15.027344,2.8632812],"rotation":0,"texture":"#2","tintindex":0},"up":{"uv":[15.152344,13.089844,15.125,13.0625],"rotation":0,"texture":"#2","tintindex":0},"down":{"uv":[13.152344,15.125,13.125,15.152344],"rotation":0,"texture":"#2","tintindex":0}}}],"display":{"head":{"translation":[0.0,-6.4,0.0],"scale":[4.0,4.0,4.0]}}}