{"textures":{"2":"modelengine:entity/pillars"},"elements":[{"from":[7.6857142,15.938616,7.6857142],"to":[8.314285,17.204243,8.314285],"rotation":{"angle":0.0,"axis":"y","origin":[8.167857,16.42076,8.167857]},"faces":{"east":{"uv":[5.125,14.0625,5.1953125,14.199219],"rotation":0,"texture":"#2","tintindex":0},"south":{"uv":[5.25,14.0625,5.3203125,14.199219],"rotation":0,"texture":"#2","tintindex":0},"north":{"uv":[5.0,14.0625,5.0703125,14.199219],"rotation":0,"texture":"#2","tintindex":0},"west":{"uv":[14.0625,5.25,14.1328125,5.3867188],"rotation":0,"texture":"#2","tintindex":0},"up":{"uv":[14.5703125,7.5078125,14.5,7.4375],"rotation":0,"texture":"#2","tintindex":0},"down":{"uv":[14.5703125,7.5625,14.5,7.6328125],"rotation":0,"texture":"#2","tintindex":0}}}],"display":{"head":{"translation":[0.0,-6.4,0.0],"scale":[4.0,4.0,4.0]}}}