{"textures":{"2":"modelengine:entity/bluejamballs"},"elements":[{"from":[7.857431,9.579918,-0.56379986],"to":[13.521191,10.235916,12.8708],"faces":{"east":{"uv":[12.25,3.0625,13.0625,3.109375],"tintindex":0,"rotation":0,"texture":"#2"},"south":{"uv":[3.375,12.375,3.65625,12.421875],"tintindex":0,"rotation":0,"texture":"#2"},"north":{"uv":[5.1875,11.625,5.46875,11.671875],"tintindex":0,"rotation":0,"texture":"#2"},"west":{"uv":[12.25,3.125,13.0625,3.171875],"tintindex":0,"rotation":0,"texture":"#2"},"up":{"uv":[10.65625,9.4375,10.375,8.625],"tintindex":0,"rotation":0,"texture":"#2"},"down":{"uv":[10.65625,9.4375,10.375,10.25],"tintindex":0,"rotation":0,"texture":"#2"}}}]}