{"textures":{"2":"modelengine:entity/bluejamballs"},"elements":[{"from":[6.8034554,7.551296,7.551296],"to":[9.196545,8.149567,8.448704],"faces":{"east":{"uv":[13.375,4.375,13.4375,4.421875],"tintindex":0,"rotation":0,"texture":"#2"},"south":{"uv":[4.875,13.1875,5.0625,13.234375],"tintindex":0,"rotation":0,"texture":"#2"},"north":{"uv":[13.1875,4.8125,13.375,4.859375],"tintindex":0,"rotation":0,"texture":"#2"},"west":{"uv":[4.5,13.375,4.5625,13.421875],"tintindex":0,"rotation":0,"texture":"#2"},"up":{"uv":[13.25,6.875,13.0625,6.8125],"tintindex":0,"rotation":0,"texture":"#2"},"down":{"uv":[13.25,6.9375,13.0625,7.0],"tintindex":0,"rotation":0,"texture":"#2"}}}]}