{"textures":{"2":"modelengine:entity/bluejamballs"},"elements":[{"from":[6.5583725,5.967312,7.42335],"to":[9.441624,10.032692,11.459902],"faces":{"east":{"uv":[5.5625,0.5625,5.875,0.875],"tintindex":0,"rotation":0,"texture":"#2"},"south":{"uv":[4.8125,11.875,5.03125,12.1875],"tintindex":0,"rotation":0,"texture":"#2"},"north":{"uv":[11.8125,6.625,12.03125,6.9375],"tintindex":0,"rotation":0,"texture":"#2"},"west":{"uv":[7.3125,8.3125,7.625,8.625],"tintindex":0,"rotation":0,"texture":"#2"},"up":{"uv":[12.09375,5.5625,11.875,5.25],"tintindex":0,"rotation":0,"texture":"#2"},"down":{"uv":[5.28125,11.9375,5.0625,12.25],"tintindex":0,"rotation":0,"texture":"#2"}}}]}