{"textures":{"2":"modelengine:entity/bluejamballs"},"elements":[{"from":[24.29504,15.560005,-3.3647995],"to":[24.9248,16.396805,7.4751997],"faces":{"east":{"uv":[11.5,0.5,12.25,0.640625],"tintindex":0,"rotation":0,"texture":"#2"},"south":{"uv":[0.0,13.25,0.046875,13.390625],"tintindex":0,"rotation":0,"texture":"#2"},"north":{"uv":[13.1875,13.1875,13.234375,13.328125],"tintindex":0,"rotation":0,"texture":"#2"},"west":{"uv":[11.5,0.6875,12.25,0.828125],"tintindex":0,"rotation":0,"texture":"#2"},"up":{"uv":[5.546875,13.0,5.5,12.25],"tintindex":0,"rotation":0,"texture":"#2"},"down":{"uv":[7.171875,12.25,7.125,13.0],"tintindex":0,"rotation":0,"texture":"#2"}}},{"from":[15.635839,16.396805,-4.4144],"to":[24.9248,17.052803,8.5248],"faces":{"east":{"uv":[12.125,6.0625,13.03125,6.109375],"tintindex":0,"rotation":0,"texture":"#2"},"south":{"uv":[12.5,7.625,13.203125,7.671875],"tintindex":0,"rotation":0,"texture":"#2"},"north":{"uv":[12.5,7.5625,13.203125,7.609375],"tintindex":0,"rotation":0,"texture":"#2"},"west":{"uv":[12.125,6.125,13.03125,6.171875],"tintindex":0,"rotation":0,"texture":"#2"},"up":{"uv":[8.140625,1.96875,7.4375,1.0625],"tintindex":0,"rotation":0,"texture":"#2"},"down":{"uv":[8.265625,0.0,7.5625,0.90625],"tintindex":0,"rotation":0,"texture":"#2"}}},{"from":[15.635839,15.560005,-3.3647995],"to":[16.2656,16.396805,7.4751997],"faces":{"east":{"uv":[11.5,1.9375,12.25,2.078125],"tintindex":0,"rotation":0,"texture":"#2"},"south":{"uv":[1.8125,13.25,1.859375,13.390625],"tintindex":0,"rotation":0,"texture":"#2"},"north":{"uv":[0.0625,13.25,0.109375,13.390625],"tintindex":0,"rotation":0,"texture":"#2"},"west":{"uv":[11.5,2.125,12.25,2.265625],"tintindex":0,"rotation":0,"texture":"#2"},"up":{"uv":[7.234375,13.0,7.1875,12.25],"tintindex":0,"rotation":0,"texture":"#2"},"down":{"uv":[10.421875,12.25,10.375,13.0],"tintindex":0,"rotation":0,"texture":"#2"}}},{"from":[15.635839,15.560005,6.4751997],"to":[24.9248,16.396805,8.5248],"faces":{"east":{"uv":[9.1875,13.0625,9.265625,13.203125],"tintindex":0,"rotation":0,"texture":"#2"},"south":{"uv":[11.5,4.5625,12.203125,4.703125],"tintindex":0,"rotation":0,"texture":"#2"},"north":{"uv":[11.5,4.375,12.203125,4.515625],"tintindex":0,"rotation":0,"texture":"#2"},"west":{"uv":[9.5,13.0625,9.578125,13.203125],"tintindex":0,"rotation":0,"texture":"#2"},"up":{"uv":[12.640625,12.015625,11.9375,11.9375],"tintindex":0,"rotation":0,"texture":"#2"},"down":{"uv":[12.703125,0.0,12.0,0.078125],"tintindex":0,"rotation":0,"texture":"#2"}}},{"from":[15.635839,15.560005,-4.4144],"to":[24.9248,16.396805,-2.3647995],"faces":{"east":{"uv":[13.0625,8.875,13.140625,9.015625],"tintindex":0,"rotation":0,"texture":"#2"},"south":{"uv":[11.5,4.1875,12.203125,4.328125],"tintindex":0,"rotation":0,"texture":"#2"},"north":{"uv":[11.5,3.0625,12.203125,3.203125],"tintindex":0,"rotation":0,"texture":"#2"},"west":{"uv":[13.0625,9.0625,13.140625,9.203125],"tintindex":0,"rotation":0,"texture":"#2"},"up":{"uv":[12.640625,11.765625,11.9375,11.6875],"tintindex":0,"rotation":0,"texture":"#2"},"down":{"uv":[12.640625,11.8125,11.9375,11.890625],"tintindex":0,"rotation":0,"texture":"#2"}}}]}