{"textures":{"2":"modelengine:entity/bluejamballs"},"elements":[{"from":[6.5583725,5.808731,5.8375616],"to":[9.441624,9.874115,9.585789],"faces":{"east":{"uv":[7.3125,8.625,7.59375,8.9375],"tintindex":0,"rotation":0,"texture":"#2"},"south":{"uv":[11.6875,11.6875,11.90625,12.0],"tintindex":0,"rotation":0,"texture":"#2"},"north":{"uv":[11.6875,11.375,11.90625,11.6875],"tintindex":0,"rotation":0,"texture":"#2"},"west":{"uv":[3.8125,8.6875,4.09375,9.0],"tintindex":0,"rotation":0,"texture":"#2"},"up":{"uv":[12.15625,11.34375,11.9375,11.0625],"tintindex":0,"rotation":0,"texture":"#2"},"down":{"uv":[12.15625,11.375,11.9375,11.65625],"tintindex":0,"rotation":0,"texture":"#2"}}}]}