{"textures":{"2":"modelengine:entity/bluejamballs"},"elements":[{"from":[8.727697,-1.0873222,2.8587742],"to":[9.152458,12.254478,16.198774],"faces":{"east":{"uv":[10.9375,5.0,10.1875,5.3125],"tintindex":0,"rotation":0,"texture":"#2"},"south":{"uv":[3.59375,13.125,3.5625,13.4375],"tintindex":0,"rotation":0,"texture":"#2"},"north":{"uv":[3.21875,13.125,3.1875,13.4375],"tintindex":0,"rotation":0,"texture":"#2"},"west":{"uv":[10.9375,1.125,10.1875,1.4375],"tintindex":0,"rotation":0,"texture":"#2"},"up":{"uv":[8.0625,13.25,8.09375,12.5],"tintindex":0,"rotation":0,"texture":"#2"},"down":{"uv":[7.4375,12.5625,7.46875,13.3125],"tintindex":0,"rotation":0,"texture":"#2"}}}]}