{"textures":{"2":"modelengine:entity/bluejamballs"},"elements":[{"from":[5.0152,6.1427,7.7868004],"to":[6.0648003,6.577301,8.2132],"faces":{"east":{"uv":[2.0,13.5,2.03125,13.53125],"tintindex":0,"rotation":0,"texture":"#2"},"south":{"uv":[13.375,6.125,13.453125,6.15625],"tintindex":0,"rotation":0,"texture":"#2"},"north":{"uv":[13.375,6.0625,13.453125,6.09375],"tintindex":0,"rotation":0,"texture":"#2"},"west":{"uv":[13.5,2.0,13.53125,2.03125],"tintindex":0,"rotation":0,"texture":"#2"},"up":{"uv":[13.453125,6.21875,13.375,6.1875],"tintindex":0,"rotation":0,"texture":"#2"},"down":{"uv":[13.453125,6.25,13.375,6.28125],"tintindex":0,"rotation":0,"texture":"#2"}}},{"from":[9.818771,8.702309,7.7868004],"to":[16.608372,9.136902,8.2132],"faces":{"east":{"uv":[2.0625,13.5,2.09375,13.53125],"tintindex":0,"rotation":0,"texture":"#2"},"south":{"uv":[12.875,2.5625,13.390625,2.59375],"tintindex":0,"rotation":0,"texture":"#2"},"north":{"uv":[12.875,2.5,13.390625,2.53125],"tintindex":0,"rotation":0,"texture":"#2"},"west":{"uv":[13.5,2.0625,13.53125,2.09375],"tintindex":0,"rotation":0,"texture":"#2"},"up":{"uv":[13.390625,2.65625,12.875,2.625],"tintindex":0,"rotation":0,"texture":"#2"},"down":{"uv":[13.390625,2.6875,12.875,2.71875],"tintindex":0,"rotation":0,"texture":"#2"}},"rotation":{"origin":[10.241071,8.919601,8.0],"angle":22.5,"axis":"z"}}]}