{"textures":{"3":"modelengine:entity/texture"},"elements":[{"from":[13.42076,-6.987404,2.4593],"to":[13.42076,7.3521957,12.0057],"faces":{"east":{"uv":[0.0,4.25,2.375,7.8125],"tintindex":0,"rotation":0,"texture":"#3"},"west":{"uv":[2.5,4.25,4.875,7.8125],"tintindex":0,"rotation":0,"texture":"#3"}}},{"from":[2.1321602,-6.987404,2.4593],"to":[2.1321602,7.3521957,12.0057],"faces":{"east":{"uv":[5.0,4.25,7.375,7.8125],"tintindex":0,"rotation":0,"texture":"#3"},"west":{"uv":[5.5,0.0,7.875,3.5625],"tintindex":0,"rotation":0,"texture":"#3"}}},{"from":[2.23216,7.3511963,2.4593],"to":[13.32176,7.3511963,12.0057],"faces":{"up":{"uv":[10.25,6.125,7.5,3.75],"tintindex":0,"rotation":0,"texture":"#3"},"down":{"uv":[10.25,6.25,7.5,8.625],"tintindex":0,"rotation":0,"texture":"#3"}}},{"from":[2.23216,4.512596,2.3593001],"to":[13.32176,7.3521957,2.3593001],"faces":{"south":{"uv":[8.0,0.0,10.75,0.6875],"tintindex":0,"rotation":0,"texture":"#3"},"north":{"uv":[0.0,8.0,2.75,8.6875],"tintindex":0,"rotation":0,"texture":"#3"}}}]}