{"textures":{"2":"modelengine:entity/bluejamballs"},"elements":[{"from":[5.34976,-3.3733997,5.581],"to":[10.59776,-0.4869995,10.829],"faces":{"east":{"uv":[11.5625,3.5,11.96875,3.71875],"tintindex":0,"rotation":0,"texture":"#2"},"south":{"uv":[11.5625,6.375,11.96875,6.59375],"tintindex":0,"rotation":0,"texture":"#2"},"north":{"uv":[11.5,9.375,11.90625,9.59375],"tintindex":0,"rotation":0,"texture":"#2"},"west":{"uv":[11.5625,9.625,11.96875,9.84375],"tintindex":0,"rotation":0,"texture":"#2"},"up":{"uv":[11.46875,4.59375,11.0625,4.1875],"tintindex":0,"rotation":0,"texture":"#2"},"down":{"uv":[11.46875,4.625,11.0625,5.03125],"tintindex":0,"rotation":0,"texture":"#2"}}},{"from":[5.34976,0.4314003,5.581],"to":[10.59776,0.95619965,10.829],"faces":{"east":{"uv":[12.75,0.0,13.15625,0.046875],"tintindex":0,"rotation":0,"texture":"#2"},"south":{"uv":[12.75,0.0625,13.15625,0.109375],"tintindex":0,"rotation":0,"texture":"#2"},"north":{"uv":[12.6875,12.5625,13.09375,12.609375],"tintindex":0,"rotation":0,"texture":"#2"},"west":{"uv":[12.75,0.4375,13.15625,0.484375],"tintindex":0,"rotation":0,"texture":"#2"},"up":{"uv":[7.53125,11.46875,7.125,11.0625],"tintindex":0,"rotation":0,"texture":"#2"},"down":{"uv":[11.46875,7.6875,11.0625,8.09375],"tintindex":0,"rotation":0,"texture":"#2"}}},{"from":[5.6121597,-0.4869995,5.8434],"to":[10.33536,0.4314003,10.566601],"faces":{"east":{"uv":[11.625,0.25,11.984375,0.3125],"tintindex":0,"rotation":0,"texture":"#2"},"south":{"uv":[1.8125,12.6875,2.171875,12.75],"tintindex":0,"rotation":0,"texture":"#2"},"north":{"uv":[10.9375,5.25,11.296875,5.3125],"tintindex":0,"rotation":0,"texture":"#2"},"west":{"uv":[12.6875,3.3125,13.046875,3.375],"tintindex":0,"rotation":0,"texture":"#2"},"up":{"uv":[8.859375,8.109375,8.5,7.75],"tintindex":0,"rotation":0,"texture":"#2"},"down":{"uv":[11.421875,3.25,11.0625,3.609375],"tintindex":0,"rotation":0,"texture":"#2"}}},{"from":[5.08736,0.95619965,5.3185997],"to":[10.86016,8.041,11.0914],"faces":{"east":{"uv":[10.1875,7.75,10.625,8.296875],"tintindex":0,"rotation":0,"texture":"#2"},"south":{"uv":[2.9375,10.25,3.375,10.796875],"tintindex":0,"rotation":0,"texture":"#2"},"north":{"uv":[10.1875,4.4375,10.625,4.984375],"tintindex":0,"rotation":0,"texture":"#2"},"west":{"uv":[5.25,10.25,5.6875,10.796875],"tintindex":0,"rotation":0,"texture":"#2"},"up":{"uv":[11.125,10.375,10.6875,9.9375],"tintindex":0,"rotation":0,"texture":"#2"},"down":{"uv":[11.125,10.375,10.6875,10.8125],"tintindex":0,"rotation":0,"texture":"#2"}}}]}