{"textures":{"2":"modelengine:entity/bluejamballs"},"elements":[{"from":[7.9435844,6.8230057,4.5338926],"to":[12.745506,9.748764,11.539972],"faces":{"east":{"uv":[11.25,6.6875,11.78125,6.90625],"tintindex":0,"rotation":0,"texture":"#2"},"south":{"uv":[5.1875,11.6875,5.546875,11.90625],"tintindex":0,"rotation":0,"texture":"#2"},"north":{"uv":[4.8125,11.625,5.171875,11.84375],"tintindex":0,"rotation":0,"texture":"#2"},"west":{"uv":[11.25,6.9375,11.78125,7.15625],"tintindex":0,"rotation":0,"texture":"#2"},"up":{"uv":[0.859375,11.21875,0.5,10.6875],"tintindex":0,"rotation":0,"texture":"#2"},"down":{"uv":[2.546875,10.75,2.1875,11.28125],"tintindex":0,"rotation":0,"texture":"#2"}}}]}