{"textures":{"2":"modelengine:entity/bluejamballs"},"elements":[{"from":[-0.37720013,-9.843197,7.0312004],"to":[17.221199,8.262405,8.131201],"faces":{"east":{"uv":[6.625,11.4375,6.703125,12.8125],"tintindex":0,"rotation":0,"texture":"#2"},"south":{"uv":[1.5625,1.375,3.125,2.75],"tintindex":0,"rotation":0,"texture":"#2"},"north":{"uv":[1.5625,0.0,3.125,1.375],"tintindex":0,"rotation":0,"texture":"#2"},"west":{"uv":[6.75,11.4375,6.828125,12.8125],"tintindex":0,"rotation":0,"texture":"#2"},"up":{"uv":[12.625,0.953125,11.0625,0.875],"tintindex":0,"rotation":0,"texture":"#2"},"down":{"uv":[12.625,1.0,11.0625,1.078125],"tintindex":0,"rotation":0,"texture":"#2"}}}]}