{"textures":{"1":"modelengine:entity/blade"},"elements":[{"from":[-5.0714293,11.285714,7.5714283],"to":[11.928572,12.142858,8.428572],"rotation":{"angle":0.0,"axis":"y","origin":[0.42857122,11.714286,8.0]},"faces":{"east":{"uv":[3.5,8.125,3.6875,8.3125],"rotation":0,"texture":"#1","tintindex":0},"south":{"uv":[6.125,1.25,9.84375,1.4375],"rotation":0,"texture":"#1","tintindex":0},"north":{"uv":[6.125,1.0,9.84375,1.1875],"rotation":0,"texture":"#1","tintindex":0},"west":{"uv":[3.75,8.125,3.9375,8.3125],"rotation":0,"texture":"#1","tintindex":0},"up":{"uv":[9.84375,1.6875,6.125,1.5],"rotation":0,"texture":"#1","tintindex":0},"down":{"uv":[9.84375,1.75,6.125,1.9375],"rotation":0,"texture":"#1","tintindex":0}}},{"from":[-5.0714293,7.285714,7.5714283],"to":[11.928572,8.142858,8.428572],"rotation":{"angle":0.0,"axis":"y","origin":[0.42857122,7.714286,8.0]},"faces":{"east":{"uv":[8.125,4.5,8.3125,4.6875],"rotation":0,"texture":"#1","tintindex":0},"south":{"uv":[6.125,2.25,9.84375,2.4375],"rotation":0,"texture":"#1","tintindex":0},"north":{"uv":[6.125,2.0,9.84375,2.1875],"rotation":0,"texture":"#1","tintindex":0},"west":{"uv":[5.5,8.125,5.6875,8.3125],"rotation":0,"texture":"#1","tintindex":0},"up":{"uv":[9.84375,2.6875,6.125,2.5],"rotation":0,"texture":"#1","tintindex":0},"down":{"uv":[9.84375,2.75,6.125,2.9375],"rotation":0,"texture":"#1","tintindex":0}}},{"from":[-5.0714293,8.142858,7.714286],"to":[11.785714,11.285714,8.285714],"rotation":{"angle":0.0,"axis":"y","origin":[0.42857122,10.857143,8.0]},"faces":{"east":{"uv":[7.375,0.0,7.5,0.6875],"rotation":0,"texture":"#1","tintindex":0},"south":{"uv":[1.0,0.75,4.6875,1.4375],"rotation":0,"texture":"#1","tintindex":0},"north":{"uv":[1.0,0.0,4.6875,0.6875],"rotation":0,"texture":"#1","tintindex":0},"west":{"uv":[4.0,7.375,4.125,8.0625],"rotation":0,"texture":"#1","tintindex":0},"up":{"uv":[9.8125,4.875,6.125,4.75],"rotation":0,"texture":"#1","tintindex":0},"down":{"uv":[9.8125,4.875,6.125,5.0],"rotation":0,"texture":"#1","tintindex":0}}},{"from":[-0.64285755,5.0,7.714286],"to":[0.21428537,7.285714,8.285714],"rotation":{"angle":0.0,"axis":"y","origin":[0.42857122,6.857143,8.0]},"faces":{"east":{"uv":[7.25,7.5,7.375,8.0],"rotation":0,"texture":"#1","tintindex":0},"south":{"uv":[7.25,3.625,7.4375,4.125],"rotation":0,"texture":"#1","tintindex":0},"north":{"uv":[7.25,3.125,7.4375,3.625],"rotation":0,"texture":"#1","tintindex":0},"west":{"uv":[7.375,7.5,7.5,8.0],"rotation":0,"texture":"#1","tintindex":0},"up":{"uv":[1.8125,8.5,1.625,8.375],"rotation":0,"texture":"#1","tintindex":0},"down":{"uv":[2.0625,8.375,1.875,8.5],"rotation":0,"texture":"#1","tintindex":0}}},{"from":[-0.64285755,12.142858,7.714286],"to":[0.21428537,14.285715,8.285714],"rotation":{"angle":0.0,"axis":"y","origin":[0.42857122,14.428572,8.0]},"faces":{"east":{"uv":[7.625,5.5,7.75,5.96875],"rotation":0,"texture":"#1","tintindex":0},"south":{"uv":[7.25,7.0,7.4375,7.46875],"rotation":0,"texture":"#1","tintindex":0},"north":{"uv":[7.25,6.5,7.4375,6.96875],"rotation":0,"texture":"#1","tintindex":0},"west":{"uv":[5.75,7.625,5.875,8.09375],"rotation":0,"texture":"#1","tintindex":0},"up":{"uv":[8.5625,3.25,8.375,3.125],"rotation":0,"texture":"#1","tintindex":0},"down":{"uv":[8.5625,3.25,8.375,3.375],"rotation":0,"texture":"#1","tintindex":0}}}],"display":{"head":{"translation":[0.0,-6.4,0.0],"scale":[4.0,4.0,4.0]}}}