{"textures":{"0":"modelengine:entity/alligatorboss"},"elements":[{"from":[5.785714,2.4285712,5.714286],"to":[10.071428,8.0,10.0],"rotation":{"angle":0.0,"axis":"y","origin":[8.0,5.642857,8.0]},"faces":{"east":{"uv":[6.6875,3.625,6.921875,3.9296875],"rotation":0,"texture":"#0","tintindex":0},"south":{"uv":[6.6875,3.9375,6.921875,4.2421875],"rotation":0,"texture":"#0","tintindex":0},"north":{"uv":[6.6875,3.3125,6.921875,3.6171875],"rotation":0,"texture":"#0","tintindex":0},"west":{"uv":[6.6875,4.25,6.921875,4.5546875],"rotation":0,"texture":"#0","tintindex":0},"up":{"uv":[2.921875,7.203125,2.6875,6.96875],"rotation":0,"texture":"#0","tintindex":0},"down":{"uv":[3.171875,6.96875,2.9375,7.203125],"rotation":0,"texture":"#0","tintindex":0}}}],"display":{"head":{"translation":[0.0,-6.4,0.0],"scale":[4.0,4.0,4.0]}}}