{"textures":{"0":"modelengine:entity/alligatorboss"},"elements":[{"from":[7.5714283,7.5361824,7.0622683],"to":[8.428572,13.67904,16.205126],"rotation":{"angle":0.0,"axis":"y","origin":[8.0,10.607611,10.919411]},"faces":{"east":{"uv":[1.5,6.25,2.0,6.5859375],"rotation":0,"texture":"#0","tintindex":0},"south":{"uv":[3.6875,7.0625,3.734375,7.3984375],"rotation":0,"texture":"#0","tintindex":0},"north":{"uv":[2.3125,7.0625,2.359375,7.3984375],"rotation":0,"texture":"#0","tintindex":0},"west":{"uv":[3.71875,6.25,4.21875,6.5859375],"rotation":0,"texture":"#0","tintindex":0},"up":{"uv":[4.078125,2.125,4.03125,1.625],"rotation":0,"texture":"#0","tintindex":0},"down":{"uv":[4.484375,4.65625,4.4375,5.15625],"rotation":0,"texture":"#0","tintindex":0}}},{"from":[3.5714283,5.214286,7.0],"to":[12.428572,10.785714,17.714287],"rotation":{"angle":0.0,"axis":"y","origin":[6.214286,11.714286,5.142857]},"faces":{"east":{"uv":[6.0625,6.0625,6.6484375,6.3671875],"rotation":0,"texture":"#0","tintindex":0},"south":{"uv":[1.0,6.28125,1.484375,6.5859375],"rotation":0,"texture":"#0","tintindex":0},"north":{"uv":[0.5,6.28125,0.984375,6.5859375],"rotation":0,"texture":"#0","tintindex":0},"west":{"uv":[6.09375,1.5,6.6796875,1.8046875],"rotation":0,"texture":"#0","tintindex":0},"up":{"uv":[4.421875,5.2421875,3.9375,4.65625],"rotation":0,"texture":"#0","tintindex":0},"down":{"uv":[6.421875,0.90625,5.9375,1.4921875],"rotation":0,"texture":"#0","tintindex":0}}}],"display":{"head":{"translation":[0.0,-6.4,0.0],"scale":[4.0,4.0,4.0]}}}