{"textures":{"0":"modelengine:entity/alligatorboss"},"elements":[{"from":[4.625,-6.25,4.5],"to":[11.375,8.25,11.5],"faces":{"east":{"uv":[1.5,5.65625,1.71875,6.109375],"tintindex":0,"rotation":0,"texture":"#0"},"south":{"uv":[6.5625,0.4375,6.7734375,0.890625],"tintindex":0,"rotation":0,"texture":"#0"},"north":{"uv":[3.3125,6.5,3.5234375,6.953125],"tintindex":0,"rotation":0,"texture":"#0"},"west":{"uv":[5.34375,5.9375,5.5625,6.390625],"tintindex":0,"rotation":0,"texture":"#0"},"up":{"uv":[4.0234375,1.03125,3.8125,0.8125],"tintindex":0,"rotation":0,"texture":"#0"},"down":{"uv":[4.3046875,3.625,4.09375,3.84375],"tintindex":0,"rotation":0,"texture":"#0"}}}]}