{"textures":{"0":"modelengine:entity/alligatorboss"},"elements":[{"from":[6.0714283,-0.14285755,6.0],"to":[9.928572,8.142858,10.0],"rotation":{"angle":0.0,"axis":"y","origin":[7.928571,5.8571424,8.0]},"faces":{"east":{"uv":[1.5,5.65625,1.71875,6.109375],"rotation":0,"texture":"#0","tintindex":0},"south":{"uv":[6.5625,0.4375,6.7734375,0.890625],"rotation":0,"texture":"#0","tintindex":0},"north":{"uv":[3.3125,6.5,3.5234375,6.953125],"rotation":0,"texture":"#0","tintindex":0},"west":{"uv":[5.34375,5.9375,5.5625,6.390625],"rotation":0,"texture":"#0","tintindex":0},"up":{"uv":[4.0234375,1.03125,3.8125,0.8125],"rotation":0,"texture":"#0","tintindex":0},"down":{"uv":[4.3046875,3.625,4.09375,3.84375],"rotation":0,"texture":"#0","tintindex":0}}}],"display":{"head":{"translation":[0.0,-6.4,0.0],"scale":[4.0,4.0,4.0]}}}