{"textures":{"0":"modelengine:entity/alligatorboss"},"elements":[{"from":[4.625,-6.25,4.5],"to":[11.375,8.25,11.5],"faces":{"east":{"uv":[5.21875,6.40625,5.4375,6.859375],"tintindex":0,"rotation":0,"texture":"#0"},"south":{"uv":[4.4375,6.5625,4.6484375,7.015625],"tintindex":0,"rotation":0,"texture":"#0"},"north":{"uv":[4.21875,6.5625,4.4296875,7.015625],"tintindex":0,"rotation":0,"texture":"#0"},"west":{"uv":[6.4375,0.90625,6.65625,1.359375],"tintindex":0,"rotation":0,"texture":"#0"},"up":{"uv":[3.3671875,4.5,3.15625,4.28125],"tintindex":0,"rotation":0,"texture":"#0"},"down":{"uv":[7.0859375,2.28125,6.875,2.5],"tintindex":0,"rotation":0,"texture":"#0"}}}]}