{"textures":{"0":"modelengine:entity/alligatorboss"},"elements":[{"from":[-2.1428576,0.7142854,-7.1428576],"to":[18.142857,15.285715,23.142857],"rotation":{"angle":0.0,"axis":"y","origin":[6.0714283,7.214286,8.0]},"faces":{"east":{"uv":[0.0,1.65625,1.65625,2.453125],"rotation":0,"texture":"#0","tintindex":0},"south":{"uv":[1.125,3.46875,2.234375,4.265625],"rotation":0,"texture":"#0","tintindex":0},"north":{"uv":[3.375,0.0,4.484375,0.796875],"rotation":0,"texture":"#0","tintindex":0},"west":{"uv":[1.65625,1.65625,3.3125,2.453125],"rotation":0,"texture":"#0","tintindex":0},"up":{"uv":[1.109375,1.65625,0.0,0.0],"rotation":0,"texture":"#0","tintindex":0},"down":{"uv":[2.234375,0.0,1.125,1.65625],"rotation":0,"texture":"#0","tintindex":0}}}],"display":{"head":{"translation":[0.0,-6.4,0.0],"scale":[4.0,4.0,4.0]}}}