{"textures":{"0":"modelengine:entity/alligatorboss"},"elements":[{"from":[-0.875,1.625,-5.25],"to":[16.875,14.375,21.25],"faces":{"east":{"uv":[0.0,1.65625,1.65625,2.453125],"tintindex":0,"rotation":0,"texture":"#0"},"south":{"uv":[1.125,3.46875,2.234375,4.265625],"tintindex":0,"rotation":0,"texture":"#0"},"north":{"uv":[3.375,0.0,4.484375,0.796875],"tintindex":0,"rotation":0,"texture":"#0"},"west":{"uv":[1.65625,1.65625,3.3125,2.453125],"tintindex":0,"rotation":0,"texture":"#0"},"up":{"uv":[1.109375,1.65625,0.0,0.0],"tintindex":0,"rotation":0,"texture":"#0"},"down":{"uv":[2.234375,0.0,1.125,1.65625],"tintindex":0,"rotation":0,"texture":"#0"}}}]}