{"textures":{"0":"modelengine:entity/wolf_texture"},"elements":[{"from":[5.152,-5.6556835,2.92812],"to":[5.823,-4.684684,3.59912],"faces":{"east":{"uv":[0.5,10.625,0.578125,10.75],"tintindex":0,"rotation":0,"texture":"#0"},"south":{"uv":[10.625,0.5,10.703125,0.625],"tintindex":0,"rotation":0,"texture":"#0"},"north":{"uv":[10.625,0.375,10.703125,0.5],"tintindex":0,"rotation":0,"texture":"#0"},"west":{"uv":[0.625,10.625,0.703125,10.75],"tintindex":0,"rotation":0,"texture":"#0"},"up":{"uv":[10.703125,10.078125,10.625,10.0],"tintindex":0,"rotation":0,"texture":"#0"},"down":{"uv":[10.203125,10.625,10.125,10.703125],"tintindex":0,"rotation":0,"texture":"#0"}},"rotation":{"origin":[5.45,-5.7826834,2.97612],"angle":45.0,"axis":"x"}},{"from":[2.6999998,-6.1000004,3.7999992],"to":[5.725,-5.0,6.199999],"faces":{"east":{"uv":[0.0,10.5,0.296875,10.640625],"tintindex":0,"rotation":0,"texture":"#0"},"south":{"uv":[7.875,10.375,8.25,10.515625],"tintindex":0,"rotation":0,"texture":"#0"},"north":{"uv":[10.375,7.625,10.75,7.765625],"tintindex":0,"rotation":0,"texture":"#0"},"west":{"uv":[10.5,0.0,10.796875,0.140625],"tintindex":0,"rotation":0,"texture":"#0"},"up":{"uv":[10.5,4.421875,10.125,4.125],"tintindex":0,"rotation":0,"texture":"#0"},"down":{"uv":[10.5,4.5,10.125,4.796875],"tintindex":0,"rotation":0,"texture":"#0"}}},{"from":[3.4529998,-6.129684,2.47912],"to":[4.1470003,-5.6356835,3.4231198],"faces":{"east":{"uv":[5.625,10.625,5.75,10.6875],"tintindex":0,"rotation":0,"texture":"#0"},"south":{"uv":[10.75,1.5,10.84375,1.5625],"tintindex":0,"rotation":0,"texture":"#0"},"north":{"uv":[1.5,10.75,1.59375,10.8125],"tintindex":0,"rotation":0,"texture":"#0"},"west":{"uv":[5.75,10.625,5.875,10.6875],"tintindex":0,"rotation":0,"texture":"#0"},"up":{"uv":[4.09375,9.5,4.0,9.375],"tintindex":0,"rotation":0,"texture":"#0"},"down":{"uv":[6.46875,10.0,6.375,10.109375],"tintindex":0,"rotation":0,"texture":"#0"}}},{"from":[5.1029997,-6.129684,2.8791196],"to":[5.847,-5.6356835,3.72312],"faces":{"east":{"uv":[7.75,10.625,7.859375,10.6875],"tintindex":0,"rotation":0,"texture":"#0"},"south":{"uv":[10.75,1.75,10.84375,1.8125],"tintindex":0,"rotation":0,"texture":"#0"},"north":{"uv":[1.75,10.75,1.84375,10.8125],"tintindex":0,"rotation":0,"texture":"#0"},"west":{"uv":[7.875,10.625,7.984375,10.6875],"tintindex":0,"rotation":0,"texture":"#0"},"up":{"uv":[10.59375,3.109375,10.5,3.0],"tintindex":0,"rotation":0,"texture":"#0"},"down":{"uv":[9.71875,3.5,9.625,3.609375],"tintindex":0,"rotation":0,"texture":"#0"}}},{"from":[2.627,-5.6556835,2.8781197],"to":[3.248,-4.684684,3.5491197],"faces":{"east":{"uv":[9.25,10.5,9.328125,10.625],"tintindex":0,"rotation":0,"texture":"#0"},"south":{"uv":[10.5,9.25,10.578125,9.375],"tintindex":0,"rotation":0,"texture":"#0"},"north":{"uv":[10.5,9.125,10.578125,9.25],"tintindex":0,"rotation":0,"texture":"#0"},"west":{"uv":[9.375,10.5,9.453125,10.625],"tintindex":0,"rotation":0,"texture":"#0"},"up":{"uv":[10.703125,9.703125,10.625,9.625],"tintindex":0,"rotation":0,"texture":"#0"},"down":{"uv":[9.828125,10.625,9.75,10.703125],"tintindex":0,"rotation":0,"texture":"#0"}},"rotation":{"origin":[2.9499998,-5.7826834,2.9261198],"angle":45.0,"axis":"x"}},{"from":[3.477,-5.6556835,2.6281197],"to":[4.123,-4.684684,3.2991197],"faces":{"east":{"uv":[9.5,10.5,9.578125,10.625],"tintindex":0,"rotation":0,"texture":"#0"},"south":{"uv":[10.5,9.5,10.578125,9.625],"tintindex":0,"rotation":0,"texture":"#0"},"north":{"uv":[10.5,9.375,10.578125,9.5],"tintindex":0,"rotation":0,"texture":"#0"},"west":{"uv":[10.0,10.5,10.078125,10.625],"tintindex":0,"rotation":0,"texture":"#0"},"up":{"uv":[10.703125,9.828125,10.625,9.75],"tintindex":0,"rotation":0,"texture":"#0"},"down":{"uv":[9.953125,10.625,9.875,10.703125],"tintindex":0,"rotation":0,"texture":"#0"}},"rotation":{"origin":[3.8000002,-5.7826834,2.6761198],"angle":45.0,"axis":"x"}},{"from":[5.101,-5.7990003,3.500999],"to":[5.849,-5.001,4.198999],"faces":{"east":{"uv":[10.625,4.75,10.71875,4.84375],"tintindex":0,"rotation":0,"texture":"#0"},"south":{"uv":[4.875,10.625,4.96875,10.71875],"tintindex":0,"rotation":0,"texture":"#0"},"north":{"uv":[10.625,4.625,10.71875,4.71875],"tintindex":0,"rotation":0,"texture":"#0"},"west":{"uv":[10.625,4.875,10.71875,4.96875],"tintindex":0,"rotation":0,"texture":"#0"},"up":{"uv":[5.09375,10.71875,5.0,10.625],"tintindex":0,"rotation":0,"texture":"#0"},"down":{"uv":[10.71875,5.0,10.625,5.09375],"tintindex":0,"rotation":0,"texture":"#0"}},"rotation":{"origin":[5.5,-5.4000006,3.8999996],"angle":22.5,"axis":"x"}},{"from":[3.4509997,-5.7990003,3.2009988],"to":[4.149,-5.001,4.0989995],"faces":{"east":{"uv":[10.5,1.5,10.609375,1.59375],"tintindex":0,"rotation":0,"texture":"#0"},"south":{"uv":[4.5,10.625,4.59375,10.71875],"tintindex":0,"rotation":0,"texture":"#0"},"north":{"uv":[10.625,4.375,10.71875,4.46875],"tintindex":0,"rotation":0,"texture":"#0"},"west":{"uv":[1.625,10.5,1.734375,10.59375],"tintindex":0,"rotation":0,"texture":"#0"},"up":{"uv":[10.59375,2.484375,10.5,2.375],"tintindex":0,"rotation":0,"texture":"#0"},"down":{"uv":[10.59375,2.5,10.5,2.609375],"tintindex":0,"rotation":0,"texture":"#0"}},"rotation":{"origin":[3.8000002,-5.4000006,3.5999994],"angle":22.5,"axis":"x"}},{"from":[4.277,-5.6556835,2.72812],"to":[4.9230003,-4.684684,3.3991191],"faces":{"east":{"uv":[10.25,10.5,10.328125,10.625],"tintindex":0,"rotation":0,"texture":"#0"},"south":{"uv":[10.625,0.25,10.703125,0.375],"tintindex":0,"rotation":0,"texture":"#0"},"north":{"uv":[10.125,10.5,10.203125,10.625],"tintindex":0,"rotation":0,"texture":"#0"},"west":{"uv":[0.375,10.625,0.453125,10.75],"tintindex":0,"rotation":0,"texture":"#0"},"up":{"uv":[10.703125,9.953125,10.625,9.875],"tintindex":0,"rotation":0,"texture":"#0"},"down":{"uv":[10.078125,10.625,10.0,10.703125],"tintindex":0,"rotation":0,"texture":"#0"}},"rotation":{"origin":[4.6,-5.7826834,2.7761192],"angle":45.0,"axis":"x"}},{"from":[2.6009998,-5.7990003,3.4509988],"to":[3.2990003,-5.001,4.1489997],"faces":{"east":{"uv":[4.125,10.625,4.21875,10.71875],"tintindex":0,"rotation":0,"texture":"#0"},"south":{"uv":[10.625,4.125,10.71875,4.21875],"tintindex":0,"rotation":0,"texture":"#0"},"north":{"uv":[10.625,4.0,10.71875,4.09375],"tintindex":0,"rotation":0,"texture":"#0"},"west":{"uv":[4.25,10.625,4.34375,10.71875],"tintindex":0,"rotation":0,"texture":"#0"},"up":{"uv":[10.71875,4.34375,10.625,4.25],"tintindex":0,"rotation":0,"texture":"#0"},"down":{"uv":[4.46875,10.625,4.375,10.71875],"tintindex":0,"rotation":0,"texture":"#0"}},"rotation":{"origin":[2.9499998,-5.4000006,3.8499994],"angle":22.5,"axis":"x"}},{"from":[4.253,-6.129684,2.60412],"to":[4.947,-5.6356835,3.5231192],"faces":{"east":{"uv":[7.5,10.625,7.609375,10.6875],"tintindex":0,"rotation":0,"texture":"#0"},"south":{"uv":[10.75,1.625,10.84375,1.6875],"tintindex":0,"rotation":0,"texture":"#0"},"north":{"uv":[1.625,10.75,1.71875,10.8125],"tintindex":0,"rotation":0,"texture":"#0"},"west":{"uv":[7.625,10.625,7.734375,10.6875],"tintindex":0,"rotation":0,"texture":"#0"},"up":{"uv":[10.59375,2.734375,10.5,2.625],"tintindex":0,"rotation":0,"texture":"#0"},"down":{"uv":[8.34375,5.125,8.25,5.25],"tintindex":0,"rotation":0,"texture":"#0"}}},{"from":[2.603,-6.129684,2.8041198],"to":[3.2970002,-5.6356835,3.6731198],"faces":{"east":{"uv":[7.125,10.625,7.234375,10.6875],"tintindex":0,"rotation":0,"texture":"#0"},"south":{"uv":[10.75,1.375,10.84375,1.4375],"tintindex":0,"rotation":0,"texture":"#0"},"north":{"uv":[1.375,10.75,1.46875,10.8125],"tintindex":0,"rotation":0,"texture":"#0"},"west":{"uv":[7.25,10.625,7.359375,10.6875],"tintindex":0,"rotation":0,"texture":"#0"},"up":{"uv":[10.59375,1.484375,10.5,1.375],"tintindex":0,"rotation":0,"texture":"#0"},"down":{"uv":[7.21875,10.125,7.125,10.234375],"tintindex":0,"rotation":0,"texture":"#0"}}},{"from":[4.251,-5.7990003,3.3009992],"to":[4.949,-5.001,4.198999],"faces":{"east":{"uv":[10.5,2.75,10.609375,2.84375],"tintindex":0,"rotation":0,"texture":"#0"},"south":{"uv":[4.625,10.625,4.71875,10.71875],