{"textures":{"0":"modelengine:entity/wolf_texture"},"elements":[{"from":[6.3999996,-4.799999,3.8999996],"to":[10.0,0.9000006,8.7],"faces":{"east":{"uv":[7.75,5.25,8.34375,5.96875],"tintindex":0,"rotation":0,"texture":"#0"},"south":{"uv":[6.5,8.625,6.953125,9.34375],"tintindex":0,"rotation":0,"texture":"#0"},"north":{"uv":[3.625,8.625,4.078125,9.34375],"tintindex":0,"rotation":0,"texture":"#0"},"west":{"uv":[7.875,1.75,8.46875,2.46875],"tintindex":0,"rotation":0,"texture":"#0"},"up":{"uv":[2.203125,9.71875,1.75,9.125],"tintindex":0,"rotation":0,"texture":"#0"},"down":{"uv":[2.703125,9.125,2.25,9.71875],"tintindex":0,"rotation":0,"texture":"#0"}},"rotation":{"origin":[4.3999996,4.5,-7.3999996],"angle":-22.5,"axis":"x"}},{"from":[6.6,-8.799999,6.3],"to":[9.6,-4.2,9.8],"faces":{"east":{"uv":[0.375,9.25,0.8125,9.828125],"tintindex":0,"rotation":0,"texture":"#0"},"south":{"uv":[4.5,9.625,4.875,10.203125],"tintindex":0,"rotation":0,"texture":"#0"},"north":{"uv":[4.625,7.375,5.0,7.953125],"tintindex":0,"rotation":0,"texture":"#0"},"west":{"uv":[9.25,3.625,9.6875,4.203125],"tintindex":0,"rotation":0,"texture":"#0"},"up":{"uv":[7.875,4.1875,7.5,3.75],"tintindex":0,"rotation":0,"texture":"#0"},"down":{"uv":[0.75,9.875,0.375,10.3125],"tintindex":0,"rotation":0,"texture":"#0"}},"rotation":{"origin":[4.3999996,0.5000005,-6.4000006],"angle":-22.5,"axis":"x"}},{"from":[6.7019997,-6.4502354,7.834111],"to":[9.498,-1.0542346,10.3301115],"faces":{"east":{"uv":[9.75,4.25,10.0625,4.921875],"tintindex":0,"rotation":0,"texture":"#0"},"south":{"uv":[9.375,8.125,9.71875,8.796875],"tintindex":0,"rotation":0,"texture":"#0"},"north":{"uv":[6.875,9.375,7.21875,10.046875],"tintindex":0,"rotation":0,"texture":"#0"},"west":{"uv":[4.875,9.75,5.1875,10.421875],"tintindex":0,"rotation":0,"texture":"#0"},"up":{"uv":[5.59375,10.4375,5.25,10.125],"tintindex":0,"rotation":0,"texture":"#0"},"down":{"uv":[5.96875,10.125,5.625,10.4375],"tintindex":0,"rotation":0,"texture":"#0"}},"rotation":{"origin":[8.1,-5.3022356,9.082111],"angle":22.5,"axis":"x"}},{"from":[6.3999996,9.800001,4.0999994],"to":[10.4,16.300001,9.4],"faces":{"east":{"uv":[3.0,6.625,3.65625,7.4375],"tintindex":0,"rotation":0,"texture":"#0"},"south":{"uv":[8.25,7.625,8.75,8.4375],"tintindex":0,"rotation":0,"texture":"#0"},"north":{"uv":[8.25,6.0,8.75,6.8125],"tintindex":0,"rotation":0,"texture":"#0"},"west":{"uv":[0.75,6.75,1.40625,7.5625],"tintindex":0,"rotation":0,"texture":"#0"},"up":{"uv":[9.0,7.53125,8.5,6.875],"tintindex":0,"rotation":0,"texture":"#0"},"down":{"uv":[8.0,8.5,7.5,9.15625],"tintindex":0,"rotation":0,"texture":"#0"}},"rotation":{"origin":[4.3999996,7.5,-7.3999996],"angle":22.5,"axis":"x"}}]}