{"textures":{"0":"modelengine:entity/boar_body"},"elements":[{"from":[-2.2287617,3.4418335,-1.519062],"to":[3.7712393,8.584691,4.0523667],"rotation":{"angle":45.0,"axis":"y","origin":[7.764784,5.8038683,-1.9008207]},"faces":{"east":{"uv":[1.25,7.125,2.5,8.25],"rotation":0,"texture":"#0","tintindex":0},"south":{"uv":[2.5,7.125,3.75,8.25],"rotation":0,"texture":"#0","tintindex":0},"north":{"uv":[0.0,6.5,1.25,7.625],"rotation":0,"texture":"#0","tintindex":0},"west":{"uv":[3.75,7.125,5.0,8.25],"rotation":0,"texture":"#0","tintindex":0},"up":{"uv":[1.25,6.5,0.0,5.25],"rotation":0,"texture":"#0","tintindex":0},"down":{"uv":[2.5,5.875,1.25,7.125],"rotation":0,"texture":"#0","tintindex":0}}},{"from":[-2.24086,3.4546285,-7.233349],"to":[3.7591395,8.597486,-1.519063],"rotation":{"angle":45.0,"axis":"y","origin":[7.752684,5.8166633,-1.9008207]},"faces":{"east":{"uv":[7.5,0.875,8.75,2.0],"rotation":0,"texture":"#0","tintindex":0},"south":{"uv":[7.5,2.0,8.75,3.125],"rotation":0,"texture":"#0","tintindex":0},"north":{"uv":[5.0,7.125,6.25,8.25],"rotation":0,"texture":"#0","tintindex":0},"west":{"uv":[0.0,7.625,1.25,8.75],"rotation":0,"texture":"#0","tintindex":0},"up":{"uv":[3.75,7.125,2.5,5.875],"rotation":0,"texture":"#0","tintindex":0},"down":{"uv":[5.0,5.875,3.75,7.125],"rotation":0,"texture":"#0","tintindex":0}}},{"from":[2.006596,8.900733,2.235581],"to":[8.006597,11.900733,7.521295],"rotation":{"angle":45.0,"axis":"y","origin":[5.0065966,10.472161,5.092724]},"faces":{"east":{"uv":[2.125,9.0,3.25,9.625],"rotation":0,"texture":"#0","tintindex":0},"south":{"uv":[6.25,8.875,7.5,9.5],"rotation":0,"texture":"#0","tintindex":0},"north":{"uv":[8.875,4.5,10.125,5.125],"rotation":0,"texture":"#0","tintindex":0},"west":{"uv":[3.25,9.0,4.375,9.625],"rotation":0,"texture":"#0","tintindex":0},"up":{"uv":[8.875,4.25,7.625,3.125],"rotation":0,"texture":"#0","tintindex":0},"down":{"uv":[8.875,4.25,7.625,5.375],"rotation":0,"texture":"#0","tintindex":0}}},{"from":[8.793793,7.3334665,6.536465],"to":[14.079507,10.333467,10.2507515],"rotation":{"angle":-45.0,"axis":"z","origin":[10.793793,8.976324,8.107894]},"faces":{"east":{"uv":[1.625,2.75,2.375,3.375],"rotation":0,"texture":"#0","tintindex":0},"south":{"uv":[9.125,5.75,10.25,6.375],"rotation":0,"texture":"#0","tintindex":0},"north":{"uv":[9.125,5.125,10.25,5.75],"rotation":0,"texture":"#0","tintindex":0},"west":{"uv":[4.125,2.25,4.875,2.875],"rotation":0,"texture":"#0","tintindex":0},"up":{"uv":[9.875,8.375,8.75,7.625],"rotation":0,"texture":"#0","tintindex":0},"down":{"uv":[9.875,8.375,8.75,9.125],"rotation":0,"texture":"#0","tintindex":0}}},{"from":[8.052219,8.7733345,2.235581],"to":[14.05222,11.7733345,7.6641526],"rotation":{"angle":-45.0,"axis":"y","origin":[11.05222,10.344764,5.092724]},"faces":{"east":{"uv":[9.125,6.375,10.25,7.0],"rotation":0,"texture":"#0","tintindex":0},"south":{"uv":[0.875,9.0,2.125,9.625],"rotation":0,"texture":"#0","tintindex":0},"north":{"uv":[7.5,8.875,8.75,9.5],"rotation":0,"texture":"#0","tintindex":0},"west":{"uv":[9.125,7.0,10.25,7.625],"rotation":0,"texture":"#0","tintindex":0},"up":{"uv":[7.5,8.875,6.25,7.75],"rotation":0,"texture":"#0","tintindex":0},"down":{"uv":[8.75,7.75,7.5,8.875],"rotation":0,"texture":"#0","tintindex":0}}},{"from":[2.0672946,7.504895,6.536465],"to":[7.353009,10.504895,10.2507515],"rotation":{"angle":45.0,"axis":"z","origin":[5.353009,8.976324,8.107894]},"faces":{"east":{"uv":[4.375,9.0,5.125,9.625],"rotation":0,"texture":"#0","tintindex":0},"south":{"uv":[9.375,0.0,10.5,0.625],"rotation":0,"texture":"#0","tintindex":0},"north":{"uv":[8.75,9.125,9.875,9.75],"rotation":0,"texture":"#0","tintindex":0},"west":{"uv":[5.125,9.375,5.875,10.0],"rotation":0,"texture":"#0","tintindex":0},"up":{"uv":[10.0,3.75,8.875,3.0],"rotation":0,"texture":"#0","tintindex":0},"down":{"uv":[10.0,3.75,8.875,4.5],"rotation":0,"texture":"#0","tintindex":0}}},{"from":[9.862178,3.4418335,6.8119397],"to":[17.147892,8.584691,10.669083],"rotation":{"angle":-45.0,"axis":"y","origin":[11.362178,6.0132623,8.740511]},"faces":{"east":{"uv":[5.375,8.25,6.25,9.375],"rotation":0,"texture":"#0","tintindex":0},"south":{"uv":[0.0,2.75,1.625,3.875],"rotation":0,"texture":"#0","tintindex":0},"north":{"uv":[2.5,2.25,4.125,3.375],"rotation":0,"texture":"#0","tintindex":0},"west":{"uv":[8.25,5.375,9.125,6.5],"rotation":0,"texture":"#0","tintindex":0},"up":{"uv":[6.625,7.125,5.0,6.25],"rotation":0,"texture":"#0","tintindex":0},"down":{"uv":[8.0,0.0,6.375,0.875],"rotation":0,"texture":"#0","tintindex":0}}},{"from":[1.8354936,3.4546285,8.927709],"to":[9.121208,8.597486,12.784851],"rotation":{"angle":45.0,"axis":"y","origin":[5.4783506,6.0260572,10.856279]},"faces":{"east":{"uv":[8.25,6.5,9.125,7.625],"rotation":0,"texture":"#0","tintindex":0},"south":{"uv":[3.25,3.375,4.875,4.5],"rotation":0,"texture":"#0","tintindex":0},"north":{"uv":[1.625,3.375,3.25,4.5],"rotation":0,"texture":"#0","tintindex":0},"west":{"uv":[0.0,8.75,0.875,9.875],"rotation":0,"texture":"#0","tintindex":0},"up":{"uv":[8.25,6.875,6.625,6.0],"rotation":0,"texture":"#0","tintindex":0},"down":{"uv":[8.25,6.875,6.625,7.75],"rotation":0,"texture":"#0","tintindex":0}}},{"from":[9.728102,7.2463593,5.0324974],"to":[15.29953,10.560645,11.175355],"rotation":{"angle":45.0,"axis":"x","origin":[7.621926,11.636966,8.414256]},"faces":{"east":{"uv":[8.0,0.0,9.375,0.75],"rotation":0,"texture":"#0","tintindex":0},"south":{"uv":[8.75,0.75,10.0,1.5],"rotation":0,"texture":"#0","tintindex":0},"north":{"uv":[5.0,1.25,6.25,2.0],"rotation":0,"texture":"#0","tintindex":0},"west":{"uv":[1.25,8.25,2.625,9.0],"rotation":0,"texture":"#0","tintindex":0},"up":{"uv":[1.25,5.25,0.0,3.875],"rotation":0,"texture":"#0","tintindex":0},"down":{"uv":[2.5,4.5,1.25,5.875],"rotation":0,"texture":"#0","tintindex":0}}},{"from":[7.442387,9.575922,5.6454287],"to":[13.013816,12.890208,11.788286],"rotation":{"angle":45.0,"axis":"x","origin":[7.6219263,13.966528,9.027187]},"faces":{"east":{"uv":[2.625,8.25,4.0,9.0],"rotation":0,"texture":"#0","tintindex":0},"south":{"uv":[8.75,2.25,10.0,3.0],"rotation":0,"texture":"#0","tintindex":0},"north":{"uv":[8.75,1.5,10.0,2.25],"rotation":0,"texture":"#0","tintindex":0},"west":{"uv":[4.0,8.25,5.375,9.0],"rotation":0,"texture":"#0","tintindex":0},"up":{"uv":[3.75,5.875,2.5,4.5],"rotation":0,"texture":"#0","tintindex":0},"down":{"uv":[5.0,4.5,3.75,5.875],"rotation":0,"texture":"#0","tintindex":0}}},{"from":[-2.3716183,7.618122,-4.6154833],"to":[3.6283817,13.332408,1.5273738],"rotation":{"angle":45.0,"axis":"y","origin":[7.6219263,14.408729,-1.8543844]},"faces":{"east":{"uv":[4.875,2.25,6.25,3.5],"rotation":0,"texture":"#0","tintindex":0},"south":{"uv":[6.25,2.5,7.5,3.75],"rotation":0,"texture":"#0","tintindex":0},"north":{"uv":[6.25,1.25,7.5,2.5],"rotation":0,"texture":"#0","tintindex":0},"west":{"uv":[5.0,0.0,6.375,1.25],"rotation":0,"texture":"#0","tintindex":0},"up":{"uv":[6.25,4.875,5.0,3.5],"rotation":0,"texture":"#0","tintindex":0},"down":{"uv":[6.25,4.875,5.0,6.25],"rotation":0,"texture":"#0","tintindex":0}}},{"from":[0.47202253,2.8243494,5.213294],"to":[11.900595,7.967207,11.356152],"rotation":{"angle":-45.0,"axis":"z","origin":[7.9322557,6.075339,8.284722]},"faces":{"east":{"uv":[6.25,3.75,7.625,4.875],"rotation":0,"texture":"#0","tintindex":0},"south":{"uv":[2.5,1.125,5.0,2.25],"rotation":0,"texture":"#0","tintindex":0},"north":{"uv":[2.5,0.0,5.0,1.125],"rotation":0,"texture":"#0","tintindex":0},"west":{"uv":[6.25,4.875,7.625,6.0],"rotation":0,"texture":"#0","tintindex":0},"up":{"uv":[2.5,1.375,0.0,0.0],"rotation":0,"texture":"#0","tintindex":0},"down":{"uv":[2.5,1.375,0.0,2.75],"rotation":0,"texture":"#0","tintindex":0}}}],"display":{"head":{"translation":[0.0,-6.4,0.0],"scale":[4.0,4.0,4.0]}}}