{"textures":{"0":"modelengine:entity/marinesword"},"elements":[{"from":[7.4270287,5.1257143,7.42],"to":[8.569885,8.097143,8.562857],"rotation":{"angle":0.0,"axis":"y","origin":[7.998457,6.6685715,7.9914284]},"faces":{"east":{"uv":[1.0,11.0,1.5,12.25],"rotation":0,"texture":"#0","tintindex":0},"south":{"uv":[6.5,11.0,7.0,12.25],"rotation":0,"texture":"#0","tintindex":0},"north":{"uv":[8.5,10.75,9.0,12.0],"rotation":0,"texture":"#0","tintindex":0},"west":{"uv":[11.25,0.0,11.75,1.25],"rotation":0,"texture":"#0","tintindex":0},"up":{"uv":[13.75,4.0,13.25,3.5],"rotation":0,"texture":"#0","tintindex":0},"down":{"uv":[13.75,5.0,13.25,5.5],"rotation":0,"texture":"#0","tintindex":0}}},{"from":[8.5716,5.1257143,7.134286],"to":[8.857314,5.9828568,8.848572],"rotation":{"angle":0.0,"axis":"y","origin":[8.7144575,5.5542855,7.9914284]},"faces":{"east":{"uv":[12.75,4.25,13.5,4.625],"rotation":0,"texture":"#0","tintindex":0},"south":{"uv":[3.0,14.0,3.125,14.375],"rotation":0,"texture":"#0","tintindex":0},"north":{"uv":[2.75,14.0,2.875,14.375],"rotation":0,"texture":"#0","tintindex":0},"west":{"uv":[12.75,6.0,13.5,6.375],"rotation":0,"texture":"#0","tintindex":0},"up":{"uv":[8.625,14.5,8.5,13.75],"rotation":0,"texture":"#0","tintindex":0},"down":{"uv":[8.875,13.75,8.75,14.5],"rotation":0,"texture":"#0","tintindex":0}}},{"from":[7.1430287,5.1257143,7.134286],"to":[7.428743,5.9828568,8.848572],"rotation":{"angle":0.0,"axis":"y","origin":[7.285886,5.5542855,7.9914284]},"faces":{"east":{"uv":[8.5,12.75,9.25,13.125],"rotation":0,"texture":"#0","tintindex":0},"south":{"uv":[3.25,14.0,3.375,14.375],"rotation":0,"texture":"#0","tintindex":0},"north":{"uv":[14.0,3.0,14.125,3.375],"rotation":0,"texture":"#0","tintindex":0},"west":{"uv":[12.75,8.5,13.5,8.875],"rotation":0,"texture":"#0","tintindex":0},"up":{"uv":[9.125,14.5,9.0,13.75],"rotation":0,"texture":"#0","tintindex":0},"down":{"uv":[9.875,13.75,9.75,14.5],"rotation":0,"texture":"#0","tintindex":0}}},{"from":[7.428743,5.1257143,8.562857],"to":[8.5716,5.9828568,8.848572],"rotation":{"angle":0.0,"axis":"y","origin":[8.000172,5.5542855,8.705714]},"faces":{"east":{"uv":[3.5,14.0,3.625,14.375],"rotation":0,"texture":"#0","tintindex":0},"south":{"uv":[2.5,13.5,3.0,13.875],"rotation":0,"texture":"#0","tintindex":0},"north":{"uv":[2.0,13.5,2.5,13.875],"rotation":0,"texture":"#0","tintindex":0},"west":{"uv":[3.75,14.0,3.875,14.375],"rotation":0,"texture":"#0","tintindex":0},"up":{"uv":[14.5,0.625,14.0,0.5],"rotation":0,"texture":"#0","tintindex":0},"down":{"uv":[1.25,14.0,0.75,14.125],"rotation":0,"texture":"#0","tintindex":0}}},{"from":[7.1430287,3.9828568,5.9914284],"to":[8.857314,5.1257143,8.734285],"rotation":{"angle":0.0,"axis":"y","origin":[8.000172,4.5542855,7.362857]},"faces":{"east":{"uv":[10.75,10.0,12.0,10.5],"rotation":0,"texture":"#0","tintindex":0},"south":{"uv":[0.0,12.5,0.75,13.0],"rotation":0,"texture":"#0","tintindex":0},"north":{"uv":[6.75,3.25,7.5,3.75],"rotation":0,"texture":"#0","tintindex":0},"west":{"uv":[11.0,5.5,12.25,6.0],"rotation":0,"texture":"#0","tintindex":0},"up":{"uv":[9.25,10.75,8.5,9.5],"rotation":0,"texture":"#0","tintindex":0},"down":{"uv":[0.75,9.75,0.0,11.0],"rotation":0,"texture":"#0","tintindex":0}}},{"from":[7.1430287,2.9542856,7.9914284],"to":[8.857314,3.9828568,8.848572],"rotation":{"angle":0.0,"axis":"y","origin":[8.000172,3.4685712,8.42]},"faces":{"east":{"uv":[3.0,13.5,3.375,14.0],"rotation":0,"texture":"#0","tintindex":0},"south":{"uv":[12.5,1.0,13.25,1.5],"rotation":0,"texture":"#0","tintindex":0},"north":{"uv":[12.5,0.5,13.25,1.0],"rotation":0,"texture":"#0","tintindex":0},"west":{"uv":[3.5,13.5,3.875,14.0],"rotation":0,"texture":"#0","tintindex":0},"up":{"uv":[13.5,9.375,12.75,9.0],"rotation":0,"texture":"#0","tintindex":0},"down":{"uv":[10.5,12.75,9.75,13.125],"rotation":0,"texture":"#0","tintindex":0}}},{"from":[7.1430287,2.9542856,4.2771425],"to":[8.857314,4.8399997,5.134286],"rotation":{"angle":0.0,"axis":"y","origin":[8.000172,3.6685715,5.0485716]},"faces":{"east":{"uv":[12.5,2.5,12.875,3.375],"rotation":0,"texture":"#0","tintindex":0},"south":{"uv":[10.75,6.5,11.5,7.375],"rotation":0,"texture":"#0","tintindex":0},"north":{"uv":[4.0,5.5,4.75,6.375],"rotation":0,"texture":"#0","tintindex":0},"west":{"uv":[3.0,12.5,3.375,13.375],"rotation":0,"texture":"#0","tintindex":0},"up":{"uv":[11.25,13.125,10.5,12.75],"rotation":0,"texture":"#0","tintindex":0},"down":{"uv":[0.75,13.0,0.0,13.375],"rotation":0,"texture":"#0","tintindex":0}}},{"from":[7.1430287,3.1257143,5.134286],"to":[8.857314,3.9828568,7.9914284],"rotation":{"angle":0.0,"axis":"y","origin":[8.000172,3.5542855,6.562857]},"faces":{"east":{"uv":[11.75,9.5,13.0,9.875],"rotation":0,"texture":"#0","tintindex":0},"south":{"uv":[1.5,13.0,2.25,13.375],"rotation":0,"texture":"#0","tintindex":0},"north":{"uv":[0.75,13.0,1.5,13.375],"rotation":0,"texture":"#0","tintindex":0},"west":{"uv":[12.0,5.0,13.25,5.375],"rotation":0,"texture":"#0","tintindex":0},"up":{"uv":[1.5,11.0,0.75,9.75],"rotation":0,"texture":"#0","tintindex":0},"down":{"uv":[10.5,2.25,9.75,3.5],"rotation":0,"texture":"#0","tintindex":0}}},{"from":[7.428743,5.1257143,7.134286],"to":[8.5716,5.9828568,7.42],"rotation":{"angle":0.0,"axis":"y","origin":[8.000172,5.5542855,7.277143]},"faces":{"east":{"uv":[4.0,14.0,4.125,14.375],"rotation":0,"texture":"#0","tintindex":0},"south":{"uv":[13.5,4.25,14.0,4.625],"rotation":0,"texture":"#0","tintindex":0},"north":{"uv":[4.0,13.5,4.5,13.875],"rotation":0,"texture":"#0","tintindex":0},"west":{"uv":[4.25,14.0,4.375,14.375],"rotation":0,"texture":"#0","tintindex":0},"up":{"uv":[14.5,0.875,14.0,0.75],"rotation":0,"texture":"#0","tintindex":0},"down":{"uv":[14.5,1.0,14.0,1.125],"rotation":0,"texture":"#0","tintindex":0}}},{"from":[7.1430287,3.9828568,5.134286],"to":[8.857314,4.5542855,5.9914284],"rotation":{"angle":0.0,"axis":"y","origin":[8.000172,4.268571,5.562857]},"faces":{"east":{"uv":[13.75,3.75,14.125,4.0],"rotation":0,"texture":"#0","tintindex":0},"south":{"uv":[11.25,3.5,12.0,3.75],"rotation":0,"texture":"#0","tintindex":0},"north":{"uv":[8.5,0.75,9.25,1.0],"rotation":0,"texture":"#0","tintindex":0},"west":{"uv":[13.75,5.5,14.125,5.75],"rotation":0,"texture":"#0","tintindex":0},"up":{"uv":[3.0,13.375,2.25,13.0],"rotation":0,"texture":"#0","tintindex":0},"down":{"uv":[13.75,2.5,13.0,2.875],"rotation":0,"texture":"#0","tintindex":0}}}],"display":{"head":{"translation":[0.0,-6.4,0.0],"scale":[4.0,4.0,4.0]}}}