{"textures":{"0":"modelengine:entity/wolf_texture"},"elements":[{"from":[7.7999997,-4.7,6.7],"to":[10.8,2.0,9.6],"faces":{"east":{"uv":[1.0,9.125,1.359375,9.96875],"tintindex":0,"rotation":0,"texture":"#0"},"south":{"uv":[8.875,4.5,9.25,5.34375],"tintindex":0,"rotation":0,"texture":"#0"},"north":{"uv":[8.875,3.625,9.25,4.46875],"tintindex":0,"rotation":0,"texture":"#0"},"west":{"uv":[1.375,9.125,1.734375,9.96875],"tintindex":0,"rotation":0,"texture":"#0"},"up":{"uv":[9.0,10.234375,8.625,9.875],"tintindex":0,"rotation":0,"texture":"#0"},"down":{"uv":[9.375,9.875,9.0,10.234375],"tintindex":0,"rotation":0,"texture":"#0"}},"rotation":{"origin":[13.0,4.7683716E-7,8.0],"angle":22.5,"axis":"x"}},{"from":[7.4,0.10000038,4.9],"to":[11.0,7.3,9.1],"faces":{"east":{"uv":[5.625,7.25,6.15625,8.15625],"tintindex":0,"rotation":0,"texture":"#0"},"south":{"uv":[0.0,8.25,0.453125,9.15625],"tintindex":0,"rotation":0,"texture":"#0"},"north":{"uv":[2.625,8.125,3.078125,9.03125],"tintindex":0,"rotation":0,"texture":"#0"},"west":{"uv":[6.25,7.25,6.78125,8.15625],"tintindex":0,"rotation":0,"texture":"#0"},"up":{"uv":[8.953125,9.78125,8.5,9.25],"tintindex":0,"rotation":0,"texture":"#0"},"down":{"uv":[9.828125,2.375,9.375,2.90625],"tintindex":0,"rotation":0,"texture":"#0"}},"rotation":{"origin":[13.0,4.0,7.0],"angle":-22.5,"axis":"x"}},{"from":[7.902,-7.898,6.302],"to":[10.698,-4.2019997,8.598001],"faces":{"east":{"uv":[1.0,10.0,1.28125,10.46875],"tintindex":0,"rotation":0,"texture":"#0"},"south":{"uv":[7.5,9.875,7.84375,10.34375],"tintindex":0,"rotation":0,"texture":"#0"},"north":{"uv":[3.125,9.875,3.46875,10.34375],"tintindex":0,"rotation":0,"texture":"#0"},"west":{"uv":[1.0,10.0,1.28125,10.46875],"tintindex":0,"rotation":0,"texture":"#0"},"up":{"uv":[10.46875,9.40625,10.125,9.125],"tintindex":0,"rotation":0,"texture":"#0"},"down":{"uv":[10.34375,10.125,10.0,10.40625],"tintindex":0,"rotation":0,"texture":"#0"}},"rotation":{"origin":[13.0,-2.0,8.0],"angle":22.5,"axis":"x"}},{"from":[7.0,5.0,4.3],"to":[11.0,11.5,9.5],"faces":{"east":{"uv":[2.25,6.625,2.90625,7.4375],"tintindex":0,"rotation":0,"texture":"#0"},"south":{"uv":[6.0,8.25,6.5,9.0625],"tintindex":0,"rotation":0,"texture":"#0"},"north":{"uv":[5.5,8.25,6.0,9.0625],"tintindex":0,"rotation":0,"texture":"#0"},"west":{"uv":[6.625,2.5,7.28125,3.3125],"tintindex":0,"rotation":0,"texture":"#0"},"up":{"uv":[8.875,5.78125,8.375,5.125],"tintindex":0,"rotation":0,"texture":"#0"},"down":{"uv":[9.0,1.625,8.5,2.28125],"tintindex":0,"rotation":0,"texture":"#0"}},"rotation":{"origin":[13.0,7.0,7.0],"angle":22.5,"axis":"x"}}]}