{"textures":{"0":"modelengine:entity/wolf_texture"},"elements":[{"from":[12.703001,-6.129684,2.8041198],"to":[13.396999,-5.6356835,3.6731198],"faces":{"east":{"uv":[6.75,10.625,6.859375,10.6875],"tintindex":0,"rotation":0,"texture":"#0"},"south":{"uv":[10.75,0.875,10.84375,0.9375],"tintindex":0,"rotation":0,"texture":"#0"},"north":{"uv":[0.875,10.75,0.96875,10.8125],"tintindex":0,"rotation":0,"texture":"#0"},"west":{"uv":[10.625,6.75,10.734375,6.8125],"tintindex":0,"rotation":0,"texture":"#0"},"up":{"uv":[10.59375,0.359375,10.5,0.25],"tintindex":0,"rotation":0,"texture":"#0"},"down":{"uv":[9.71875,3.5,9.625,3.609375],"tintindex":0,"rotation":0,"texture":"#0"}}},{"from":[11.053,-6.129684,2.60412],"to":[11.747,-5.6356835,3.5231192],"faces":{"east":{"uv":[6.875,10.625,6.984375,10.6875],"tintindex":0,"rotation":0,"texture":"#0"},"south":{"uv":[10.75,1.125,10.84375,1.1875],"tintindex":0,"rotation":0,"texture":"#0"},"north":{"uv":[1.125,10.75,1.21875,10.8125],"tintindex":0,"rotation":0,"texture":"#0"},"west":{"uv":[10.625,6.875,10.734375,6.9375],"tintindex":0,"rotation":0,"texture":"#0"},"up":{"uv":[10.59375,0.984375,10.5,0.875],"tintindex":0,"rotation":0,"texture":"#0"},"down":{"uv":[6.46875,10.0,6.375,10.109375],"tintindex":0,"rotation":0,"texture":"#0"}}},{"from":[12.752,-5.6556835,2.8781197],"to":[13.373,-4.684684,3.5491197],"faces":{"east":{"uv":[6.5,10.5,6.578125,10.625],"tintindex":0,"rotation":0,"texture":"#0"},"south":{"uv":[6.625,10.5,6.703125,10.625],"tintindex":0,"rotation":0,"texture":"#0"},"north":{"uv":[6.375,10.5,6.453125,10.625],"tintindex":0,"rotation":0,"texture":"#0"},"west":{"uv":[6.75,10.5,6.828125,10.625],"tintindex":0,"rotation":0,"texture":"#0"},"up":{"uv":[10.703125,9.203125,10.625,9.125],"tintindex":0,"rotation":0,"texture":"#0"},"down":{"uv":[9.328125,10.625,9.25,10.703125],"tintindex":0,"rotation":0,"texture":"#0"}},"rotation":{"origin":[13.05,-5.7826834,2.9261198],"angle":45.0,"axis":"x"}},{"from":[11.077,-5.6556835,2.72812],"to":[11.723001,-4.684684,3.3991191],"faces":{"east":{"uv":[8.75,10.5,8.828125,10.625],"tintindex":0,"rotation":0,"texture":"#0"},"south":{"uv":[10.5,8.75,10.578125,8.875],"tintindex":0,"rotation":0,"texture":"#0"},"north":{"uv":[8.625,10.5,8.703125,10.625],"tintindex":0,"rotation":0,"texture":"#0"},"west":{"uv":[8.875,10.5,8.953125,10.625],"tintindex":0,"rotation":0,"texture":"#0"},"up":{"uv":[10.703125,9.453125,10.625,9.375],"tintindex":0,"rotation":0,"texture":"#0"},"down":{"uv":[9.578125,10.625,9.5,10.703125],"tintindex":0,"rotation":0,"texture":"#0"}},"rotation":{"origin":[11.4,-5.7826834,2.7761192],"angle":45.0,"axis":"x"}},{"from":[11.051001,-5.7990003,3.3009992],"to":[11.749,-5.001,4.198999],"faces":{"east":{"uv":[10.5,1.0,10.609375,1.09375],"tintindex":0,"rotation":0,"texture":"#0"},"south":{"uv":[3.625,10.625,3.71875,10.71875],"tintindex":0,"rotation":0,"texture":"#0"},"north":{"uv":[10.625,3.5,10.71875,3.59375],"tintindex":0,"rotation":0,"texture":"#0"},"west":{"uv":[1.125,10.5,1.234375,10.59375],"tintindex":0,"rotation":0,"texture":"#0"},"up":{"uv":[10.59375,1.234375,10.5,1.125],"tintindex":0,"rotation":0,"texture":"#0"},"down":{"uv":[1.34375,10.5,1.25,10.609375],"tintindex":0,"rotation":0,"texture":"#0"}},"rotation":{"origin":[11.4,-5.4000006,3.6999989],"angle":22.5,"axis":"x"}},{"from":[11.877,-5.6556835,2.6281197],"to":[12.523,-4.684684,3.2991197],"faces":{"east":{"uv":[7.0,10.5,7.078125,10.625],"tintindex":0,"rotation":0,"texture":"#0"},"south":{"uv":[10.5,7.0,10.578125,7.125],"tintindex":0,"rotation":0,"texture":"#0"},"north":{"uv":[6.875,10.5,6.953125,10.625],"tintindex":0,"rotation":0,"texture":"#0"},"west":{"uv":[10.5,8.375,10.578125,8.5],"tintindex":0,"rotation":0,"texture":"#0"},"up":{"uv":[10.703125,9.328125,10.625,9.25],"tintindex":0,"rotation":0,"texture":"#0"},"down":{"uv":[9.453125,10.625,9.375,10.703125],"tintindex":0,"rotation":0,"texture":"#0"}},"rotation":{"origin":[12.200001,-5.7826834,2.6761198],"angle":45.0,"axis":"x"}},{"from":[10.275,-6.1000004,3.7999992],"to":[13.3,-5.0,6.199999],"faces":{"east":{"uv":[0.0,10.5,0.296875,10.640625],"tintindex":0,"rotation":0,"texture":"#0"},"south":{"uv":[7.875,10.375,8.25,10.515625],"tintindex":0,"rotation":0,"texture":"#0"},"north":{"uv":[10.375,7.375,10.75,7.515625],"tintindex":0,"rotation":0,"texture":"#0"},"west":{"uv":[10.5,0.0,10.796875,0.140625],"tintindex":0,"rotation":0,"texture":"#0"},"up":{"uv":[3.875,10.421875,3.5,10.125],"tintindex":0,"rotation":0,"texture":"#0"},"down":{"uv":[10.5,3.75,10.125,4.046875],"tintindex":0,"rotation":0,"texture":"#0"}}},{"from":[10.177,-5.6556835,2.92812],"to":[10.848001,-4.684684,3.59912],"faces":{"east":{"uv":[9.0,10.5,9.078125,10.625],"tintindex":0,"rotation":0,"texture":"#0"},"south":{"uv":[10.5,9.0,10.578125,9.125],"tintindex":0,"rotation":0,"texture":"#0"},"north":{"uv":[10.5,8.875,10.578125,9.0],"tintindex":0,"rotation":0,"texture":"#0"},"west":{"uv":[9.125,10.5,9.203125,10.625],"tintindex":0,"rotation":0,"texture":"#0"},"up":{"uv":[10.703125,9.578125,10.625,9.5],"tintindex":0,"rotation":0,"texture":"#0"},"down":{"uv":[9.703125,10.625,9.625,10.703125],"tintindex":0,"rotation":0,"texture":"#0"}},"rotation":{"origin":[10.55,-5.7826834,2.97612],"angle":45.0,"axis":"x"}},{"from":[11.851001,-5.7990003,3.2009988],"to":[12.549,-5.001,4.0989995],"faces":{"east":{"uv":[10.5,0.5,10.609375,0.59375],"tintindex":0,"rotation":0,"texture":"#0"},"south":{"uv":[3.5,10.625,3.59375,10.71875],"tintindex":0,"rotation":0,"texture":"#0"},"north":{"uv":[10.625,3.375,10.71875,3.46875],"tintindex":0,"rotation":0,"texture":"#0"},"west":{"uv":[0.625,10.5,0.734375,10.59375],"tintindex":0,"rotation":0,"texture":"#0"},"up":{"uv":[10.59375,0.734375,10.5,0.625],"tintindex":0,"rotation":0,"texture":"#0"},"down":{"uv":[10.59375,0.75,10.5,0.859375],"tintindex":0,"rotation":0,"texture":"#0"}},"rotation":{"origin":[12.200001,-5.4000006,3.5999994],"angle":22.5,"axis":"x"}},{"from":[11.853001,-6.129684,2.47912],"to":[12.547,-5.6356835,3.4231198],"faces":{"east":{"uv":[5.375,10.625,5.5,10.6875],"tintindex":0,"rotation":0,"texture":"#0"},"south":{"uv":[10.75,1.0,10.84375,1.0625],"tintindex":0,"rotation":0,"texture":"#0"},"north":{"uv":[1.0,10.75,1.09375,10.8125],"tintindex":0,"rotation":0,"texture":"#0"},"west":{"uv":[5.5,10.625,5.625,10.6875],"tintindex":0,"rotation":0,"texture":"#0"},"up":{"uv":[2.09375,9.125,2.0,9.0],"tintindex":0,"rotation":0,"texture":"#0"},"down":{"uv":[8.34375,5.125,8.25,5.25],"tintindex":0,"rotation":0,"texture":"#0"}}},{"from":[12.701001,-5.7990003,3.4509988],"to":[13.398999,-5.001,4.1489997],"faces":{"east":{"uv":[3.0,10.625,3.09375,10.71875],"tintindex":0,"rotation":0,"texture":"#0"},"south":{"uv":[10.625,3.0,10.71875,3.09375],"tintindex":0,"rotation":0,"texture":"#0"},"north":{"uv":[10.625,2.875,10.71875,2.96875],"tintindex":0,"rotation":0,"texture":"#0"},"west":{"uv":[3.125,10.625,3.21875,10.71875],"tintindex":0,"rotation":0,"texture":"#0"},"up":{"uv":[3.34375,10.71875,3.25,10.625],"tintindex":0,"rotation":0,"texture":"#0"},"down":{"uv":[3.46875,10.625,3.375,10.71875],"tintindex":0,"rotation":0,"texture":"#0"}},"rotation":{"origin":[13.05,-5.4000006,3.8499994],"angle":22.5,"axis":"x"}},{"from":[10.151,-5.7990003,3.500999],"to":[10.898999,-5.001,4.198999],"faces":{"east":{"uv":[3.75,10.625,3.84375,10.71875],"tintindex":0,"rotation":0,"texture":"#0"},"south":{"uv":[10.625,3.75,10.71875,3.84375],"tintindex":0,"rotation":0,"texture":"#0"},"north":{"uv":[10.625,3.625,10.71875,3.71875],"tintindex":0,"rotation":0,"texture":"#0"},"west":{"uv":[3.875,10.625,3.96875,10.71875],"tintindex":0,"rotation":0,"texture":"#0"},"up":{"uv":[10.71875,3.96875,10.625,3.875],"tintindex":0,"rotation":0,"texture":"#0"},"down":{"uv":[4.09375,10.625,4.0,10.71875],"tintindex":0,"rotation":0,"texture":"#0"}},"rotation":{"origin":[10.5,-5.4000006,3.8999996],"angle":22.5,"axis":"x"}},{"from":[10.153,-6.129684,2.8791196],"to":[10.896999,-5.6356835,3.72312],"faces":{"east":{"uv":[7.0,10.625,7.109375,10.6875],"tintindex":0,