{"textures":{"0":"modelengine:entity/wolf_texture"},"elements":[{"from":[7.2592497,4.3406873,4.07168],"to":[7.9532504,4.8346877,4.9906807],"faces":{"east":{"uv":[6.0,10.625,6.109375,10.6875],"tintindex":0,"rotation":0,"texture":"#0"},"south":{"uv":[0.125,10.75,0.21875,10.8125],"tintindex":0,"rotation":0,"texture":"#0"},"north":{"uv":[0.0,10.75,0.09375,10.8125],"tintindex":0,"rotation":0,"texture":"#0"},"west":{"uv":[10.625,6.0,10.734375,6.0625],"tintindex":0,"rotation":0,"texture":"#0"},"up":{"uv":[3.59375,10.109375,3.5,10.0],"tintindex":0,"rotation":0,"texture":"#0"},"down":{"uv":[6.46875,10.0,6.375,10.109375],"tintindex":0,"rotation":0,"texture":"#0"}}},{"from":[7.28325,4.8146877,4.19568],"to":[7.92925,5.785688,4.8666806],"faces":{"east":{"uv":[10.5,4.125,10.578125,4.25],"tintindex":0,"rotation":0,"texture":"#0"},"south":{"uv":[10.5,4.25,10.578125,4.375],"tintindex":0,"rotation":0,"texture":"#0"},"north":{"uv":[10.5,4.0,10.578125,4.125],"tintindex":0,"rotation":0,"texture":"#0"},"west":{"uv":[4.375,10.5,4.453125,10.625],"tintindex":0,"rotation":0,"texture":"#0"},"up":{"uv":[10.703125,8.453125,10.625,8.375],"tintindex":0,"rotation":0,"texture":"#0"},"down":{"uv":[8.578125,10.625,8.5,10.703125],"tintindex":0,"rotation":0,"texture":"#0"}},"rotation":{"origin":[7.60625,4.687688,4.2436805],"angle":45.0,"axis":"x"}},{"from":[8.90725,4.671371,4.91856],"to":[9.605249,5.4693713,5.61656],"faces":{"east":{"uv":[0.75,10.625,0.84375,10.71875],"tintindex":0,"rotation":0,"texture":"#0"},"south":{"uv":[10.625,0.75,10.71875,0.84375],"tintindex":0,"rotation":0,"texture":"#0"},"north":{"uv":[10.625,0.625,10.71875,0.71875],"tintindex":0,"rotation":0,"texture":"#0"},"west":{"uv":[0.875,10.625,0.96875,10.71875],"tintindex":0,"rotation":0,"texture":"#0"},"up":{"uv":[10.71875,0.96875,10.625,0.875],"tintindex":0,"rotation":0,"texture":"#0"},"down":{"uv":[1.09375,10.625,1.0,10.71875],"tintindex":0,"rotation":0,"texture":"#0"}},"rotation":{"origin":[9.25625,5.070371,5.31756],"angle":22.5,"axis":"x"}},{"from":[6.48125,4.370371,5.26756],"to":[9.50625,5.4703712,7.66756],"faces":{"east":{"uv":[0.0,10.5,0.296875,10.640625],"tintindex":0,"rotation":0,"texture":"#0"},"south":{"uv":[7.875,10.375,8.25,10.515625],"tintindex":0,"rotation":0,"texture":"#0"},"north":{"uv":[4.0,10.375,4.375,10.515625],"tintindex":0,"rotation":0,"texture":"#0"},"west":{"uv":[10.5,0.0,10.796875,0.140625],"tintindex":0,"rotation":0,"texture":"#0"},"up":{"uv":[10.5,0.796875,10.125,0.5],"tintindex":0,"rotation":0,"texture":"#0"},"down":{"uv":[10.5,2.375,10.125,2.671875],"tintindex":0,"rotation":0,"texture":"#0"}}},{"from":[8.90925,4.3406873,4.2716804],"to":[9.60325,4.8346877,5.140681],"faces":{"east":{"uv":[5.875,10.625,5.984375,10.6875],"tintindex":0,"rotation":0,"texture":"#0"},"south":{"uv":[10.375,10.625,10.46875,10.6875],"tintindex":0,"rotation":0,"texture":"#0"},"north":{"uv":[10.25,10.625,10.34375,10.6875],"tintindex":0,"rotation":0,"texture":"#0"},"west":{"uv":[10.625,5.875,10.734375,5.9375],"tintindex":0,"rotation":0,"texture":"#0"},"up":{"uv":[9.59375,6.609375,9.5,6.5],"tintindex":0,"rotation":0,"texture":"#0"},"down":{"uv":[9.71875,3.5,9.625,3.609375],"tintindex":0,"rotation":0,"texture":"#0"}}},{"from":[6.6082497,4.3723707,7.66956],"to":[9.40425,8.068372,9.96556],"faces":{"east":{"uv":[0.0,10.0,0.28125,10.46875],"tintindex":0,"rotation":0,"texture":"#0"},"south":{"uv":[7.5,9.875,7.84375,10.34375],"tintindex":0,"rotation":0,"texture":"#0"},"north":{"uv":[3.125,9.875,3.46875,10.34375],"tintindex":0,"rotation":0,"texture":"#0"},"west":{"uv":[1.0,10.0,1.28125,10.46875],"tintindex":0,"rotation":0,"texture":"#0"},"up":{"uv":[7.09375,10.40625,6.75,10.125],"tintindex":0,"rotation":0,"texture":"#0"},"down":{"uv":[10.46875,8.75,10.125,9.03125],"tintindex":0,"rotation":0,"texture":"#0"}},"rotation":{"origin":[4.3062496,10.270371,9.36756],"angle":22.5,"axis":"x"}},{"from":[8.958249,4.8146877,4.34568],"to":[9.579249,5.785688,5.0166807],"faces":{"east":{"uv":[3.5,10.5,3.578125,10.625],"tintindex":0,"rotation":0,"texture":"#0"},"south":{"uv":[10.5,3.5,10.578125,3.625],"tintindex":0,"rotation":0,"texture":"#0"},"north":{"uv":[10.5,3.375,10.578125,3.5],"tintindex":0,"rotation":0,"texture":"#0"},"west":{"uv":[3.625,10.5,3.703125,10.625],"tintindex":0,"rotation":0,"texture":"#0"},"up":{"uv":[8.078125,10.703125,8.0,10.625],"tintindex":0,"rotation":0,"texture":"#0"},"down":{"uv":[8.203125,10.625,8.125,10.703125],"tintindex":0,"rotation":0,"texture":"#0"}},"rotation":{"origin":[9.25625,4.687688,4.3936806],"angle":45.0,"axis":"x"}},{"from":[7.25725,4.671371,4.76856],"to":[7.9552503,5.4693713,5.66656],"faces":{"east":{"uv":[10.0,7.0,10.109375,7.09375],"tintindex":0,"rotation":0,"texture":"#0"},"south":{"uv":[1.25,10.625,1.34375,10.71875],"tintindex":0,"rotation":0,"texture":"#0"},"north":{"uv":[10.625,1.125,10.71875,1.21875],"tintindex":0,"rotation":0,"texture":"#0"},"west":{"uv":[10.0,7.375,10.109375,7.46875],"tintindex":0,"rotation":0,"texture":"#0"},"up":{"uv":[10.09375,8.859375,10.0,8.75],"tintindex":0,"rotation":0,"texture":"#0"},"down":{"uv":[10.21875,4.875,10.125,4.984375],"tintindex":0,"rotation":0,"texture":"#0"}},"rotation":{"origin":[7.60625,5.070371,5.16756],"angle":22.5,"axis":"x"}},{"from":[6.3592496,4.3406873,4.34668],"to":[7.10325,4.8346877,5.1906805],"faces":{"east":{"uv":[6.125,10.625,6.234375,10.6875],"tintindex":0,"rotation":0,"texture":"#0"},"south":{"uv":[10.75,0.25,10.84375,0.3125],"tintindex":0,"rotation":0,"texture":"#0"},"north":{"uv":[0.25,10.75,0.34375,10.8125],"tintindex":0,"rotation":0,"texture":"#0"},"west":{"uv":[10.625,6.125,10.734375,6.1875],"tintindex":0,"rotation":0,"texture":"#0"},"up":{"uv":[10.21875,7.109375,10.125,7.0],"tintindex":0,"rotation":0,"texture":"#0"},"down":{"uv":[7.21875,10.125,7.125,10.234375],"tintindex":0,"rotation":0,"texture":"#0"}}},{"from":[8.083249,4.8146877,4.09568],"to":[8.72925,5.785688,4.7666807],"faces":{"east":{"uv":[3.75,10.5,3.828125,10.625],"tintindex":0,"rotation":0,"texture":"#0"},"south":{"uv":[10.5,3.75,10.578125,3.875],"tintindex":0,"rotation":0,"texture":"#0"},"north":{"uv":[10.5,3.625,10.578125,3.75],"tintindex":0,"rotation":0,"texture":"#0"},"west":{"uv":[10.5,3.875,10.578125,4.0],"tintindex":0,"rotation":0,"texture":"#0"},"up":{"uv":[8.328125,10.703125,8.25,10.625],"tintindex":0,"rotation":0,"texture":"#0"},"down":{"uv":[8.453125,10.625,8.375,10.703125],"tintindex":0,"rotation":0,"texture":"#0"}},"rotation":{"origin":[8.40625,4.687688,4.1436806],"angle":45.0,"axis":"x"}},{"from":[6.3832498,4.8146877,4.3956804],"to":[7.05425,5.785688,5.0666804],"faces":{"east":{"uv":[10.5,4.5,10.578125,4.625],"tintindex":0,"rotation":0,"texture":"#0"},"south":{"uv":[10.5,4.625,10.578125,4.75],"tintindex":0,"rotation":0,"texture":"#0"},"north":{"uv":[10.5,4.375,10.578125,4.5],"tintindex":0,"rotation":0,"texture":"#0"},"west":{"uv":[10.5,4.75,10.578125,4.875],"tintindex":0,"rotation":0,"texture":"#0"},"up":{"uv":[10.703125,8.578125,10.625,8.5],"tintindex":0,"rotation":0,"texture":"#0"},"down":{"uv":[8.703125,10.625,8.625,10.703125],"tintindex":0,"rotation":0,"texture":"#0"}},"rotation":{"origin":[6.75625,4.687688,4.4436803],"angle":45.0,"axis":"x"}},{"from":[6.3572497,4.671371,4.9685597],"to":[7.10525,5.4693713,5.66656],"faces":{"east":{"uv":[1.375,10.625,1.46875,10.71875],"tintindex":0,"rotation":0,"texture":"#0"},"south":{"uv":[10.625,1.375,10.71875,1.46875],"tintindex":0,"rotation":0,"texture":"#0"},"north":{"uv":[10.625,1.25,10.71875,1.34375],"tintindex":0,"rotation":0,"texture":"#0"},"west":{"uv":[1.5,10.625,1.59375,10.71875],"tintindex":0,"rotation":0,"texture":"#0"},"up":{"uv":[10.71875,1.59375,10.625,1.5],"tintindex":0,"rotation":0,"texture":"#0"},"down":{"uv":[1.71875,10.625,1.625,10.71875],"tintindex":0,"rotation":0,"texture":"#0"}},"rotation":{"origin":[6.70625,5.070371,5.36756],"angle":22.5,"axis":"x"}},{"from":[8.05925,4.3406873,3.9466803],"to":[8.75325,4.8346877,4.890681],"faces":{"east":{"uv":[5.125,10.625,5.25,10.6875],"tintindex":0,"rotation":0,