{"textures":{"0":"modelengine:entity/ratbastard"},"elements":[{"from":[7.7813187,7.921978,7.1923075],"to":[8.20989,8.35055,7.620879],"rotation":{"angle":0.0,"axis":"y","origin":[8.352747,7.921978,7.7637362]},"faces":{"east":{"uv":[11.375,10.5,11.0,10.875],"rotation":0,"texture":"#0","tintindex":0},"south":{"uv":[11.375,10.0,11.0,10.375],"rotation":0,"texture":"#0","tintindex":0},"north":{"uv":[11.375,11.0,11.0,11.375],"rotation":0,"texture":"#0","tintindex":0},"west":{"uv":[0.875,11.5,0.5,11.875],"rotation":0,"texture":"#0","tintindex":0},"up":{"uv":[11.875,0.5,11.5,0.875],"rotation":0,"texture":"#0","tintindex":0},"down":{"uv":[1.375,11.875,1.0,11.5],"rotation":0,"texture":"#0","tintindex":0}}},{"from":[8.20989,7.921978,7.620879],"to":[8.638461,8.35055,8.049451],"rotation":{"angle":0.0,"axis":"y","origin":[8.781319,7.921978,8.192307]},"faces":{"east":{"uv":[1.875,11.5,1.5,11.875],"rotation":0,"texture":"#0","tintindex":0},"south":{"uv":[11.875,1.0,11.5,1.375],"rotation":0,"texture":"#0","tintindex":0},"north":{"uv":[11.875,1.5,11.5,1.875],"rotation":0,"texture":"#0","tintindex":0},"west":{"uv":[11.875,2.0,11.5,2.375],"rotation":0,"texture":"#0","tintindex":0},"up":{"uv":[11.875,2.5,11.5,2.875],"rotation":0,"texture":"#0","tintindex":0},"down":{"uv":[11.875,3.375,11.5,3.0],"rotation":0,"texture":"#0","tintindex":0}}},{"from":[7.7813187,7.921978,7.620879],"to":[8.20989,8.35055,8.478022],"rotation":{"angle":0.0,"axis":"y","origin":[8.352747,7.921978,8.192307]},"faces":{"east":{"uv":[1.75,10.5,1.0,10.875],"rotation":0,"texture":"#0","tintindex":0},"south":{"uv":[11.875,3.5,11.5,3.875],"rotation":0,"texture":"#0","tintindex":0},"north":{"uv":[11.875,4.0,11.5,4.375],"rotation":0,"texture":"#0","tintindex":0},"west":{"uv":[2.75,10.5,2.0,10.875],"rotation":0,"texture":"#0","tintindex":0},"up":{"uv":[2.375,7.0,2.0,7.75],"rotation":0,"texture":"#0","tintindex":0},"down":{"uv":[6.375,10.75,6.0,10.0],"rotation":0,"texture":"#0","tintindex":0}}},{"from":[8.20989,7.921978,8.049451],"to":[8.638461,8.35055,8.478022],"rotation":{"angle":0.0,"axis":"y","origin":[8.781319,7.921978,8.620879]},"faces":{"east":{"uv":[11.875,5.0,11.5,5.375],"rotation":0,"texture":"#0","tintindex":0},"south":{"uv":[11.875,4.5,11.5,4.875],"rotation":0,"texture":"#0","tintindex":0},"north":{"uv":[11.875,5.5,11.5,5.875],"rotation":0,"texture":"#0","tintindex":0},"west":{"uv":[11.875,6.0,11.5,6.375],"rotation":0,"texture":"#0","tintindex":0},"up":{"uv":[11.875,6.5,11.5,6.875],"rotation":0,"texture":"#0","tintindex":0},"down":{"uv":[7.375,11.875,7.0,11.5],"rotation":0,"texture":"#0","tintindex":0}}},{"from":[8.638461,7.779121,8.049451],"to":[8.924176,8.064836,8.049451],"rotation":{"angle":0.0,"axis":"y","origin":[9.20989,7.636264,8.192307]},"faces":{"east":{"uv":[0.0,0.0,0.0,0.25],"rotation":0,"texture":"#0","tintindex":0},"south":{"uv":[12.25,1.0,12.0,1.25],"rotation":0,"texture":"#0","tintindex":0},"north":{"uv":[1.75,12.0,1.5,12.25],"rotation":0,"texture":"#0","tintindex":0},"west":{"uv":[0.0,0.0,0.0,0.25],"rotation":0,"texture":"#0","tintindex":0},"up":{"uv":[0.25,0.0,0.0,0.0],"rotation":0,"texture":"#0","tintindex":0},"down":{"uv":[0.25,0.0,0.0,0.0],"rotation":0,"texture":"#0","tintindex":0}}},{"from":[7.067033,7.779121,8.049451],"to":[7.352747,8.064836,8.049451],"rotation":{"angle":0.0,"axis":"y","origin":[7.6384616,7.636264,8.192307]},"faces":{"east":{"uv":[0.0,0.0,0.0,0.25],"rotation":0,"texture":"#0","tintindex":0},"south":{"uv":[12.25,1.5,12.0,1.75],"rotation":0,"texture":"#0","tintindex":0},"north":{"uv":[12.25,2.0,12.0,2.25],"rotation":0,"texture":"#0","tintindex":0},"west":{"uv":[0.0,0.0,0.0,0.25],"rotation":0,"texture":"#0","tintindex":0},"up":{"uv":[0.25,0.0,0.0,0.0],"rotation":0,"texture":"#0","tintindex":0},"down":{"uv":[0.25,0.0,0.0,0.0],"rotation":0,"texture":"#0","tintindex":0}}},{"from":[8.895604,8.036263,8.049451],"to":[9.181318,8.321978,8.049451],"rotation":{"angle":0.0,"axis":"y","origin":[9.467033,8.036263,8.192307]},"faces":{"east":{"uv":[0.0,0.0,0.0,0.25],"rotation":0,"texture":"#0","tintindex":0},"south":{"uv":[2.75,12.0,2.5,12.25],"rotation":0,"texture":"#0","tintindex":0},"north":{"uv":[12.25,2.5,12.0,2.75],"rotation":0,"texture":"#0","tintindex":0},"west":{"uv":[0.0,0.0,0.0,0.25],"rotation":0,"texture":"#0","tintindex":0},"up":{"uv":[0.25,0.0,0.0,0.0],"rotation":0,"texture":"#0","tintindex":0},"down":{"uv":[0.25,0.0,0.0,0.0],"rotation":0,"texture":"#0","tintindex":0}}},{"from":[6.8384614,8.036263,8.049451],"to":[7.124176,8.321978,8.049451],"rotation":{"angle":0.0,"axis":"y","origin":[7.40989,8.036263,8.192307]},"faces":{"east":{"uv":[0.0,0.0,0.0,0.25],"rotation":0,"texture":"#0","tintindex":0},"south":{"uv":[3.25,12.0,3.0,12.25],"rotation":0,"texture":"#0","tintindex":0},"north":{"uv":[12.25,3.0,12.0,3.25],"rotation":0,"texture":"#0","tintindex":0},"west":{"uv":[0.0,0.0,0.0,0.25],"rotation":0,"texture":"#0","tintindex":0},"up":{"uv":[0.25,0.0,0.0,0.0],"rotation":0,"texture":"#0","tintindex":0},"down":{"uv":[0.25,0.0,0.0,0.0],"rotation":0,"texture":"#0","tintindex":0}}},{"from":[8.895604,7.493407,8.049451],"to":[9.181318,7.779121,8.049451],"rotation":{"angle":0.0,"axis":"y","origin":[9.467033,7.350549,8.192307]},"faces":{"east":{"uv":[0.0,0.0,0.0,0.25],"rotation":0,"texture":"#0","tintindex":0},"south":{"uv":[3.75,12.0,3.5,12.25],"rotation":0,"texture":"#0","tintindex":0},"north":{"uv":[12.25,3.5,12.0,3.75],"rotation":0,"texture":"#0","tintindex":0},"west":{"uv":[0.0,0.0,0.0,0.25],"rotation":0,"texture":"#0","tintindex":0},"up":{"uv":[0.25,0.0,0.0,0.0],"rotation":0,"texture":"#0","tintindex":0},"down":{"uv":[0.25,0.0,0.0,0.0],"rotation":0,"texture":"#0","tintindex":0}}},{"from":[6.8384614,7.493407,8.049451],"to":[7.124176,7.779121,8.049451],"rotation":{"angle":0.0,"axis":"y","origin":[7.40989,7.350549,8.192307]},"faces":{"east":{"uv":[0.0,0.0,0.0,0.25],"rotation":0,"texture":"#0","tintindex":0},"south":{"uv":[4.25,12.0,4.0,12.25],"rotation":0,"texture":"#0","tintindex":0},"north":{"uv":[12.25,4.0,12.0,4.25],"rotation":0,"texture":"#0","tintindex":0},"west":{"uv":[0.0,0.0,0.0,0.25],"rotation":0,"texture":"#0","tintindex":0},"up":{"uv":[0.25,0.0,0.0,0.0],"rotation":0,"texture":"#0","tintindex":0},"down":{"uv":[0.25,0.0,0.0,0.0],"rotation":0,"texture":"#0","tintindex":0}}},{"from":[7.352747,7.921978,8.049451],"to":[7.7813187,8.35055,8.478022],"rotation":{"angle":0.0,"axis":"y","origin":[7.9241757,7.921978,8.620879]},"faces":{"east":{"uv":[7.875,11.5,7.5,11.875],"rotation":0,"texture":"#0","tintindex":0},"south":{"uv":[11.875,7.0,11.5,7.375],"rotation":0,"texture":"#0","tintindex":0},"north":{"uv":[11.875,7.5,11.5,7.875],"rotation":0,"texture":"#0","tintindex":0},"west":{"uv":[8.375,11.5,8.0,11.875],"rotation":0,"texture":"#0","tintindex":0},"up":{"uv":[11.875,8.0,11.5,8.375],"rotation":0,"texture":"#0","tintindex":0},"down":{"uv":[8.875,11.875,8.5,11.5],"rotation":0,"texture":"#0","tintindex":0}}},{"from":[7.352747,7.921978,7.620879],"to":[7.7813187,8.35055,8.049451],"rotation":{"angle":0.0,"axis":"y","origin":[7.9241757,7.921978,8.192307]},"faces":{"east":{"uv":[9.375,11.5,9.0,11.875],"rotation":0,"texture":"#0","tintindex":0},"south":{"uv":[11.875,8.5,11.5,8.875],"rotation":0,"texture":"#0","tintindex":0},"north":{"uv":[11.875,9.0,11.5,9.375],"rotation":0,"texture":"#0","tintindex":0},"west":{"uv":[9.875,11.5,9.5,11.875],"rotation":0,"texture":"#0","tintindex":0},"up":{"uv":[10.375,11.5,10.0,11.875],"rotation":0,"texture":"#0","tintindex":0},"down":{"uv":[11.875,10.375,11.5,10.0],"rotation":0,"texture":"#0","tintindex":0}}},{"from":[7.352747,7.493407,7.620879],"to":[8.638461,7.921978,8.478022],"rotation":{"angle":0.0,"axis":"y","origin":[8.352747,7.493407,8.192307]},"faces":{"east":{"uv":[3.75,10.5,3.0,10.875],"rotation":0,"texture":"#0","tintindex":0},"south":{"uv":[6.125,3.5,5.0,3.875],"rotation":0,"texture":"#0","tintindex":0},"north":{"uv":[10.125,5.0,9.0,5.375],"rotation":0,"texture":"#0","tintindex":0},"west":{"uv":[11.25,3.0,10.5,3.375],"rotation":0,