{"textures":{"0":"modelengine:entity/marinegunner"},"elements":[{"from":[6.5657144,7.957143,6.8514285],"to":[9.422857,8.957143,9.137143],"rotation":{"angle":0.0,"axis":"y","origin":[7.9942856,6.5018196,8.137143]},"faces":{"east":{"uv":[9.25,7.5,10.25,8.0],"rotation":0,"texture":"#0","tintindex":0},"south":{"uv":[8.25,5.0,9.5,5.5],"rotation":0,"texture":"#0","tintindex":0},"north":{"uv":[8.0,2.25,9.25,2.75],"rotation":0,"texture":"#0","tintindex":0},"west":{"uv":[9.25,8.0,10.25,8.5],"rotation":0,"texture":"#0","tintindex":0},"up":{"uv":[6.5,4.0,5.25,3.0],"rotation":0,"texture":"#0","tintindex":0},"down":{"uv":[5.75,5.5,4.5,6.5],"rotation":0,"texture":"#0","tintindex":0}}},{"from":[6.2799997,7.242857,6.8514285],"to":[6.5942855,8.528571,9.194285],"rotation":{"angle":0.0,"axis":"y","origin":[7.9942856,6.5018196,8.137143]},"faces":{"east":{"uv":[8.25,7.5,9.25,8.125],"rotation":0,"texture":"#0","tintindex":0},"south":{"uv":[0.75,11.75,0.875,12.375],"rotation":0,"texture":"#0","tintindex":0},"north":{"uv":[0.5,11.75,0.625,12.375],"rotation":0,"texture":"#0","tintindex":0},"west":{"uv":[8.25,8.25,9.25,8.875],"rotation":0,"texture":"#0","tintindex":0},"up":{"uv":[10.125,12.25,10.0,11.25],"rotation":0,"texture":"#0","tintindex":0},"down":{"uv":[10.375,11.25,10.25,12.25],"rotation":0,"texture":"#0","tintindex":0}}},{"from":[9.394286,7.242857,6.8514285],"to":[9.708571,8.528571,9.137143],"rotation":{"angle":0.0,"axis":"y","origin":[7.9942856,6.5018196,8.137143]},"faces":{"east":{"uv":[2.25,8.5,3.25,9.125],"rotation":0,"texture":"#0","tintindex":0},"south":{"uv":[1.25,11.75,1.375,12.375],"rotation":0,"texture":"#0","tintindex":0},"north":{"uv":[1.0,11.75,1.125,12.375],"rotation":0,"texture":"#0","tintindex":0},"west":{"uv":[3.25,8.5,4.25,9.125],"rotation":0,"texture":"#0","tintindex":0},"up":{"uv":[10.625,12.25,10.5,11.25],"rotation":0,"texture":"#0","tintindex":0},"down":{"uv":[10.875,11.25,10.75,12.25],"rotation":0,"texture":"#0","tintindex":0}}},{"from":[6.4228573,7.242857,6.5657144],"to":[9.508572,8.528571,6.8514285],"rotation":{"angle":0.0,"axis":"y","origin":[7.9942856,6.5018196,8.137143]},"faces":{"east":{"uv":[1.5,11.75,1.625,12.375],"rotation":0,"texture":"#0","tintindex":0},"south":{"uv":[6.5,1.5,7.875,2.125],"rotation":0,"texture":"#0","tintindex":0},"north":{"uv":[1.5,6.5,2.875,7.125],"rotation":0,"texture":"#0","tintindex":0},"west":{"uv":[1.75,11.75,1.875,12.375],"rotation":0,"texture":"#0","tintindex":0},"up":{"uv":[12.375,9.875,11.0,9.75],"rotation":0,"texture":"#0","tintindex":0},"down":{"uv":[12.625,2.5,11.25,2.625],"rotation":0,"texture":"#0","tintindex":0}}},{"from":[6.5371428,7.242857,5.7085714],"to":[9.422857,7.5285716,6.5657144],"rotation":{"angle":0.0,"axis":"y","origin":[7.9942856,6.5018196,8.137143]},"faces":{"east":{"uv":[13.25,3.75,13.375,3.875],"rotation":0,"texture":"#0","tintindex":0},"south":{"uv":[11.25,3.0,12.625,3.125],"rotation":0,"texture":"#0","tintindex":0},"north":{"uv":[11.25,2.75,12.625,2.875],"rotation":0,"texture":"#0","tintindex":0},"west":{"uv":[4.0,13.25,4.125,13.375],"rotation":0,"texture":"#0","tintindex":0},"up":{"uv":[12.625,3.375,11.25,3.25],"rotation":0,"texture":"#0","tintindex":0},"down":{"uv":[12.625,3.5,11.25,3.625],"rotation":0,"texture":"#0","tintindex":0}}},{"from":[6.365714,7.242857,9.137143],"to":[9.508572,8.528571,9.422857],"rotation":{"angle":0.0,"axis":"y","origin":[7.9942856,6.5018196,8.137143]},"faces":{"east":{"uv":[2.0,11.75,2.125,12.375],"rotation":0,"texture":"#0","tintindex":0},"south":{"uv":[3.0,6.5,4.375,7.125],"rotation":0,"texture":"#0","tintindex":0},"north":{"uv":[6.5,2.25,7.875,2.875],"rotation":0,"texture":"#0","tintindex":0},"west":{"uv":[2.25,11.75,2.375,12.375],"rotation":0,"texture":"#0","tintindex":0},"up":{"uv":[12.625,3.875,11.25,3.75],"rotation":0,"texture":"#0","tintindex":0},"down":{"uv":[12.625,4.0,11.25,4.125],"rotation":0,"texture":"#0","tintindex":0}}}],"display":{"head":{"translation":[0.0,-6.4,0.0],"scale":[4.0,4.0,4.0]}}}