{"textures":{"0":"modelengine:entity/alligatorboss"},"elements":[{"from":[6.357143,-0.14285755,6.285714],"to":[9.642858,8.142858,9.714286],"rotation":{"angle":0.0,"axis":"y","origin":[7.928571,5.8571424,8.0]},"faces":{"east":{"uv":[0.875,6.59375,1.0625,7.046875],"rotation":0,"texture":"#0","tintindex":0},"south":{"uv":[3.90625,6.59375,4.0859375,7.046875],"rotation":0,"texture":"#0","tintindex":0},"north":{"uv":[3.71875,6.59375,3.8984375,7.046875],"rotation":0,"texture":"#0","tintindex":0},"west":{"uv":[1.0625,6.59375,1.25,7.046875],"rotation":0,"texture":"#0","tintindex":0},"up":{"uv":[1.9921875,7.25,1.8125,7.0625],"rotation":0,"texture":"#0","tintindex":0},"down":{"uv":[7.2421875,1.96875,7.0625,2.15625],"rotation":0,"texture":"#0","tintindex":0}}}],"display":{"head":{"translation":[0.0,-6.4,0.0],"scale":[4.0,4.0,4.0]}}}