{"textures":{"0":"modelengine:entity/alligatorboss"},"elements":[{"from":[6.357143,-0.14285755,6.285714],"to":[9.642858,8.142858,9.714286],"rotation":{"angle":0.0,"axis":"y","origin":[7.928571,5.8571424,8.0]},"faces":{"east":{"uv":[3.53125,6.5,3.71875,6.953125],"rotation":0,"texture":"#0","tintindex":0},"south":{"uv":[1.4375,6.59375,1.6171875,7.046875],"rotation":0,"texture":"#0","tintindex":0},"north":{"uv":[1.25,6.59375,1.4296875,7.046875],"rotation":0,"texture":"#0","tintindex":0},"west":{"uv":[6.0625,6.5625,6.25,7.015625],"rotation":0,"texture":"#0","tintindex":0},"up":{"uv":[4.4921875,3.8125,4.3125,3.625],"rotation":0,"texture":"#0","tintindex":0},"down":{"uv":[6.9296875,2.8125,6.75,3.0],"rotation":0,"texture":"#0","tintindex":0}}}],"display":{"head":{"translation":[0.0,-6.4,0.0],"scale":[4.0,4.0,4.0]}}}