{"textures":{"0":"modelengine:entity/alligatorboss"},"elements":[{"from":[-2.0714293,0.7142854,-0.2857151],"to":[18.07143,15.285715,18.142857],"rotation":{"angle":0.0,"axis":"y","origin":[6.0,-4.0714293,14.857143]},"faces":{"east":{"uv":[0.0,4.3125,1.0078125,5.109375],"rotation":0,"texture":"#0","tintindex":0},"south":{"uv":[0.0,3.5,1.1015625,4.296875],"rotation":0,"texture":"#0","tintindex":0},"north":{"uv":[2.25,3.46875,3.3515625,4.265625],"rotation":0,"texture":"#0","tintindex":0},"west":{"uv":[4.5,0.0,5.5078125,0.796875],"rotation":0,"texture":"#0","tintindex":0},"up":{"uv":[3.3515625,1.0078125,2.25,0.0],"rotation":0,"texture":"#0","tintindex":0},"down":{"uv":[1.1015625,2.46875,0.0,3.4765625],"rotation":0,"texture":"#0","tintindex":0}}},{"from":[7.5571427,9.546732,-2.7933178],"to":[8.414286,17.403875,19.920969],"rotation":{"angle":0.0,"axis":"y","origin":[4.9142857,15.811268,12.18771]},"faces":{"east":{"uv":[4.71875,2.5625,5.9609375,2.9921875],"rotation":0,"texture":"#0","tintindex":0},"south":{"uv":[3.84375,5.375,3.890625,5.8046875],"rotation":0,"texture":"#0","tintindex":0},"north":{"uv":[3.78125,5.375,3.828125,5.8046875],"rotation":0,"texture":"#0","tintindex":0},"west":{"uv":[2.53125,5.375,3.7734375,5.8046875],"rotation":0,"texture":"#0","tintindex":0},"up":{"uv":[1.078125,5.5546875,1.03125,4.3125],"rotation":0,"texture":"#0","tintindex":0},"down":{"uv":[2.421875,6.59375,2.375,7.8359375],"rotation":0,"texture":"#0","tintindex":0}}}],"display":{"head":{"translation":[0.0,-6.4,0.0],"scale":[4.0,4.0,4.0]}}}