{"textures":{"1":"modelengine:entity/blade"},"elements":[{"from":[9.785714,-14.94286,7.9714284],"to":[10.642858,-8.514286,8.028571],"rotation":{"angle":0.0,"axis":"y","origin":[-0.51035976,-18.19173,8.0]},"faces":{"east":{"uv":[0.25,8.375,0.265625,9.78125],"rotation":0,"texture":"#1","tintindex":0},"south":{"uv":[5.75,6.125,5.9375,7.53125],"rotation":0,"texture":"#1","tintindex":0},"north":{"uv":[4.75,0.0,4.9375,1.40625],"rotation":0,"texture":"#1","tintindex":0},"west":{"uv":[3.5,8.375,3.515625,9.78125],"rotation":0,"texture":"#1","tintindex":0},"up":{"uv":[8.6875,6.765625,8.5,6.75],"rotation":0,"texture":"#1","tintindex":0},"down":{"uv":[8.6875,6.875,8.5,6.890625],"rotation":0,"texture":"#1","tintindex":0}}},{"from":[8.958315,-13.727381,7.9714284],"to":[9.872601,-8.527382,8.028571],"rotation":{"angle":0.0,"axis":"y","origin":[-0.51035976,-18.19173,8.0]},"faces":{"east":{"uv":[3.875,8.375,3.890625,9.515625],"rotation":0,"texture":"#1","tintindex":0},"south":{"uv":[0.375,6.625,0.5625,7.765625],"rotation":0,"texture":"#1","tintindex":0},"north":{"uv":[0.125,6.625,0.3125,7.765625],"rotation":0,"texture":"#1","tintindex":0},"west":{"uv":[5.5,8.375,5.515625,9.515625],"rotation":0,"texture":"#1","tintindex":0},"up":{"uv":[8.6875,7.765625,8.5,7.75],"rotation":0,"texture":"#1","tintindex":0},"down":{"uv":[8.6875,7.875,8.5,7.890625],"rotation":0,"texture":"#1","tintindex":0}}},{"from":[8.1077385,-12.6878605,7.9714284],"to":[9.022024,-7.4878616,8.028571],"rotation":{"angle":0.0,"axis":"y","origin":[-0.51035976,-18.19173,8.0]},"faces":{"east":{"uv":[5.625,8.375,5.640625,9.515625],"rotation":0,"texture":"#1","tintindex":0},"south":{"uv":[6.625,6.25,6.8125,7.390625],"rotation":0,"texture":"#1","tintindex":0},"north":{"uv":[0.625,6.625,0.8125,7.765625],"rotation":0,"texture":"#1","tintindex":0},"west":{"uv":[6.125,8.375,6.140625,9.515625],"rotation":0,"texture":"#1","tintindex":0},"up":{"uv":[8.6875,8.015625,8.5,8.0],"rotation":0,"texture":"#1","tintindex":0},"down":{"uv":[8.3125,8.5,8.125,8.515625],"rotation":0,"texture":"#1","tintindex":0}}},{"from":[7.4028797,-11.30131,7.9714284],"to":[8.317165,-4.872738,8.028571],"rotation":{"angle":0.0,"axis":"y","origin":[-0.51035976,-18.19173,8.0]},"faces":{"east":{"uv":[3.625,8.375,3.640625,9.78125],"rotation":0,"texture":"#1","tintindex":0},"south":{"uv":[5.25,6.375,5.4375,7.78125],"rotation":0,"texture":"#1","tintindex":0},"north":{"uv":[5.0,6.375,5.1875,7.78125],"rotation":0,"texture":"#1","tintindex":0},"west":{"uv":[3.75,8.375,3.765625,9.78125],"rotation":0,"texture":"#1","tintindex":0},"up":{"uv":[8.6875,8.140625,8.5,8.125],"rotation":0,"texture":"#1","tintindex":0},"down":{"uv":[8.6875,8.25,8.5,8.265625],"rotation":0,"texture":"#1","tintindex":0}}},{"from":[6.5754795,-10.0858345,7.9714284],"to":[7.4897656,-4.885833,8.028571],"rotation":{"angle":0.0,"axis":"y","origin":[-0.51035976,-18.19173,8.0]},"faces":{"east":{"uv":[6.25,8.375,6.265625,9.515625],"rotation":0,"texture":"#1","tintindex":0},"south":{"uv":[6.875,6.25,7.0625,7.390625],"rotation":0,"texture":"#1","tintindex":0},"north":{"uv":[6.875,3.0,7.0625,4.140625],"rotation":0,"texture":"#1","tintindex":0},"west":{"uv":[7.125,8.375,7.140625,9.515625],"rotation":0,"texture":"#1","tintindex":0},"up":{"uv":[8.5625,8.515625,8.375,8.5],"rotation":0,"texture":"#1","tintindex":0},"down":{"uv":[8.6875,8.375,8.5,8.390625],"rotation":0,"texture":"#1","tintindex":0}}},{"from":[8.642858,-8.514286,7.9714284],"to":[10.642858,16.428572,8.028571],"rotation":{"angle":0.0,"axis":"y","origin":[8.0,8.0,8.0]},"faces":{"east":{"uv":[4.375,7.375,4.390625,12.828125],"rotation":0,"texture":"#1","tintindex":0},"south":{"uv":[2.5,1.5,2.9375,6.953125],"rotation":0,"texture":"#1","tintindex":0},"north":{"uv":[2.0,1.5,2.4375,6.953125],"rotation":0,"texture":"#1","tintindex":0},"west":{"uv":[4.5,7.375,4.515625,12.828125],"rotation":0,"texture":"#1","tintindex":0},"up":{"uv":[8.9375,0.140625,8.5,0.125],"rotation":0,"texture":"#1","tintindex":0},"down":{"uv":[2.0625,8.5,1.625,8.515625],"rotation":0,"texture":"#1","tintindex":0}}}],"display":{"head":{"translation":[0.0,-6.4,0.0],"scale":[4.0,4.0,4.0]}}}