{"textures":{"0":"modelengine:entity/alligatorboss"},"elements":[{"from":[5.785714,2.4285712,5.714286],"to":[10.071428,8.0,10.0],"rotation":{"angle":0.0,"axis":"y","origin":[8.0,5.642857,8.0]},"faces":{"east":{"uv":[6.65625,6.0625,6.890625,6.3671875],"rotation":0,"texture":"#0","tintindex":0},"south":{"uv":[6.6875,1.21875,6.921875,1.5234375],"rotation":0,"texture":"#0","tintindex":0},"north":{"uv":[6.65625,0.90625,6.890625,1.2109375],"rotation":0,"texture":"#0","tintindex":0},"west":{"uv":[6.6875,3.0,6.921875,3.3046875],"rotation":0,"texture":"#0","tintindex":0},"up":{"uv":[0.359375,7.203125,0.125,6.96875],"rotation":0,"texture":"#0","tintindex":0},"down":{"uv":[2.671875,6.96875,2.4375,7.203125],"rotation":0,"texture":"#0","tintindex":0}}}],"display":{"head":{"translation":[0.0,-6.4,0.0],"scale":[4.0,4.0,4.0]}}}