{"textures":{"0":"modelengine:entity/alligatorboss"},"elements":[{"from":[4.0,0.0,4.0],"to":[12.0,8.0,12.0],"faces":{"east":{"uv":[6.78125,0.3125,7.03125,0.5625],"tintindex":0,"rotation":0,"texture":"#0"},"south":{"uv":[6.78125,0.5625,7.03125,0.8125],"tintindex":0,"rotation":0,"texture":"#0"},"north":{"uv":[6.6875,1.53125,6.9375,1.78125],"tintindex":0,"rotation":0,"texture":"#0"},"west":{"uv":[6.8125,1.78125,7.0625,2.03125],"tintindex":0,"rotation":0,"texture":"#0"},"up":{"uv":[7.0625,2.28125,6.8125,2.03125],"tintindex":0,"rotation":0,"texture":"#0"},"down":{"uv":[7.0625,5.1875,6.8125,5.4375],"tintindex":0,"rotation":0,"texture":"#0"}}}]}