{"textures":{"0":"modelengine:entity/alligatorboss"},"elements":[{"from":[1.4285712,2.4285712,5.285714],"to":[14.571428,13.571428,30.714287],"rotation":{"angle":0.0,"axis":"y","origin":[8.5,9.714286,8.928572]},"faces":{"east":{"uv":[4.09375,3.0,5.484375,3.609375],"rotation":0,"texture":"#0","tintindex":0},"south":{"uv":[0.78125,5.65625,1.5,6.265625],"rotation":0,"texture":"#0","tintindex":0},"north":{"uv":[1.75,5.625,2.46875,6.234375],"rotation":0,"texture":"#0","tintindex":0},"west":{"uv":[1.75,4.28125,3.140625,4.890625],"rotation":0,"texture":"#0","tintindex":0},"up":{"uv":[4.03125,2.421875,3.3125,1.03125],"rotation":0,"texture":"#0","tintindex":0},"down":{"uv":[4.09375,2.4375,3.375,3.828125],"rotation":0,"texture":"#0","tintindex":0}}},{"from":[7.5714283,8.607611,9.062268],"to":[8.428572,16.464754,30.6337],"rotation":{"angle":0.0,"axis":"y","origin":[8.0,12.536182,19.847982]},"faces":{"east":{"uv":[5.5,3.875,6.6796875,4.3046875],"rotation":0,"texture":"#0","tintindex":0},"south":{"uv":[2.0,7.0625,2.046875,7.4921875],"rotation":0,"texture":"#0","tintindex":0},"north":{"uv":[6.5625,7.03125,6.609375,7.4609375],"rotation":0,"texture":"#0","tintindex":0},"west":{"uv":[5.5,4.3125,6.6796875,4.7421875],"rotation":0,"texture":"#0","tintindex":0},"up":{"uv":[6.046875,7.8046875,6.0,6.625],"rotation":0,"texture":"#0","tintindex":0},"down":{"uv":[5.390625,6.875,5.34375,8.0546875],"rotation":0,"texture":"#0","tintindex":0}}}],"display":{"head":{"translation":[0.0,-6.4,0.0],"scale":[4.0,4.0,4.0]}}}