{"textures":{"0":"modelengine:entity/alligatorboss"},"elements":[{"from":[7.25,7.18832,9.608971],"to":[8.75,17.93832,23.10897],"faces":{"east":{"uv":[2.0,6.25,2.421875,6.5859375],"tintindex":0,"rotation":0,"texture":"#0"},"south":{"uv":[5.84375,0.4375,5.890625,0.7734375],"tintindex":0,"rotation":0,"texture":"#0"},"north":{"uv":[5.78125,0.4375,5.828125,0.7734375],"tintindex":0,"rotation":0,"texture":"#0"},"west":{"uv":[6.375,5.1875,6.796875,5.5234375],"tintindex":0,"rotation":0,"texture":"#0"},"up":{"uv":[2.234375,7.484375,2.1875,7.0625],"tintindex":0,"rotation":0,"texture":"#0"},"down":{"uv":[2.296875,7.0625,2.25,7.484375],"tintindex":0,"rotation":0,"texture":"#0"}}},{"from":[0.25,3.125,4.25],"to":[15.75,12.875,29.5],"faces":{"east":{"uv":[3.71875,5.9375,4.5078125,6.2421875],"tintindex":0,"rotation":0,"texture":"#0"},"south":{"uv":[4.71875,6.25,5.203125,6.5546875],"tintindex":0,"rotation":0,"texture":"#0"},"north":{"uv":[4.21875,6.25,4.703125,6.5546875],"tintindex":0,"rotation":0,"texture":"#0"},"west":{"uv":[4.53125,5.9375,5.3203125,6.2421875],"tintindex":0,"rotation":0,"texture":"#0"},"up":{"uv":[6.046875,6.6015625,5.5625,5.8125],"tintindex":0,"rotation":0,"texture":"#0"},"down":{"uv":[0.484375,5.84375,0.0,6.6328125],"tintindex":0,"rotation":0,"texture":"#0"}}}]}