{"textures":{"0":"modelengine:entity/alligatorboss"},"elements":[{"from":[6.0714283,-0.14285755,6.0],"to":[9.928572,8.142858,10.0],"rotation":{"angle":0.0,"axis":"y","origin":[7.928571,5.8571424,8.0]},"faces":{"east":{"uv":[5.21875,6.40625,5.4375,6.859375],"rotation":0,"texture":"#0","tintindex":0},"south":{"uv":[4.4375,6.5625,4.6484375,7.015625],"rotation":0,"texture":"#0","tintindex":0},"north":{"uv":[4.21875,6.5625,4.4296875,7.015625],"rotation":0,"texture":"#0","tintindex":0},"west":{"uv":[6.4375,0.90625,6.65625,1.359375],"rotation":0,"texture":"#0","tintindex":0},"up":{"uv":[3.3671875,4.5,3.15625,4.28125],"rotation":0,"texture":"#0","tintindex":0},"down":{"uv":[7.0859375,2.28125,6.875,2.5],"rotation":0,"texture":"#0","tintindex":0}}}],"display":{"head":{"translation":[0.0,-6.4,0.0],"scale":[4.0,4.0,4.0]}}}