{"textures":{"0":"modelengine:entity/alligatorboss"},"elements":[{"from":[-4.425,7.924999,-11.150002],"to":[20.325,15.674999,11.599998],"faces":{"east":{"uv":[6.09375,1.8125,6.8046875,2.0546875],"tintindex":0,"rotation":0,"texture":"#0"},"south":{"uv":[6.0625,5.8125,6.8359375,6.0546875],"tintindex":0,"rotation":0,"texture":"#0"},"north":{"uv":[5.96875,2.5625,6.7421875,2.8046875],"tintindex":0,"rotation":0,"texture":"#0"},"west":{"uv":[6.09375,2.0625,6.8046875,2.3046875],"tintindex":0,"rotation":0,"texture":"#0"},"up":{"uv":[0.7734375,5.8359375,0.0,5.125],"tintindex":0,"rotation":0,"texture":"#0"},"down":{"uv":[5.9296875,0.8125,5.15625,1.5234375],"tintindex":0,"rotation":0,"texture":"#0"}}},{"from":[1.0749998,13.424999,-11.150002],"to":[7.825,19.925,-4.4000015],"faces":{"east":{"uv":[4.875,7.03125,5.0859375,7.234375],"tintindex":0,"rotation":0,"texture":"#0"},"south":{"uv":[6.0625,7.03125,6.2734375,7.234375],"tintindex":0,"rotation":0,"texture":"#0"},"north":{"uv":[4.65625,7.03125,4.8671875,7.234375],"tintindex":0,"rotation":0,"texture":"#0"},"west":{"uv":[6.28125,7.03125,6.4921875,7.234375],"tintindex":0,"rotation":0,"texture":"#0"},"up":{"uv":[7.2421875,0.4609375,7.03125,0.25],"tintindex":0,"rotation":0,"texture":"#0"},"down":{"uv":[7.2421875,0.46875,7.03125,0.6796875],"tintindex":0,"rotation":0,"texture":"#0"}}},{"from":[8.325,13.424999,-11.150002],"to":[15.075,19.925,-4.4000015],"faces":{"east":{"uv":[0.59375,7.0625,0.8046875,7.265625],"tintindex":0,"rotation":0,"texture":"#0"},"south":{"uv":[0.8125,7.0625,1.0234375,7.265625],"tintindex":0,"rotation":0,"texture":"#0"},"north":{"uv":[0.375,7.0625,0.5859375,7.265625],"tintindex":0,"rotation":0,"texture":"#0"},"west":{"uv":[1.03125,7.0625,1.2421875,7.265625],"tintindex":0,"rotation":0,"texture":"#0"},"up":{"uv":[4.4296875,7.2421875,4.21875,7.03125],"tintindex":0,"rotation":0,"texture":"#0"},"down":{"uv":[4.6484375,7.03125,4.4375,7.2421875],"tintindex":0,"rotation":0,"texture":"#0"}}}]}