{"textures":{"0":"modelengine:entity/alligatorboss"},"elements":[{"from":[0.8999996,7.957143,-2.9428577],"to":[15.042857,12.385715,10.057143],"rotation":{"angle":0.0,"axis":"y","origin":[7.9714284,11.314286,-0.22857189]},"faces":{"east":{"uv":[6.09375,1.8125,6.8046875,2.0546875],"rotation":0,"texture":"#0","tintindex":0},"south":{"uv":[6.0625,5.8125,6.8359375,6.0546875],"rotation":0,"texture":"#0","tintindex":0},"north":{"uv":[5.96875,2.5625,6.7421875,2.8046875],"rotation":0,"texture":"#0","tintindex":0},"west":{"uv":[6.09375,2.0625,6.8046875,2.3046875],"rotation":0,"texture":"#0","tintindex":0},"up":{"uv":[0.7734375,5.8359375,0.0,5.125],"rotation":0,"texture":"#0","tintindex":0},"down":{"uv":[5.9296875,0.8125,5.15625,1.5234375],"rotation":0,"texture":"#0","tintindex":0}}},{"from":[4.042857,11.1,-2.9428577],"to":[7.9,14.814286,0.91428566],"rotation":{"angle":0.0,"axis":"y","origin":[5.9714284,12.957144,-2.3000002]},"faces":{"east":{"uv":[4.875,7.03125,5.0859375,7.234375],"rotation":0,"texture":"#0","tintindex":0},"south":{"uv":[6.0625,7.03125,6.2734375,7.234375],"rotation":0,"texture":"#0","tintindex":0},"north":{"uv":[4.65625,7.03125,4.8671875,7.234375],"rotation":0,"texture":"#0","tintindex":0},"west":{"uv":[6.28125,7.03125,6.4921875,7.234375],"rotation":0,"texture":"#0","tintindex":0},"up":{"uv":[7.2421875,0.4609375,7.03125,0.25],"rotation":0,"texture":"#0","tintindex":0},"down":{"uv":[7.2421875,0.46875,7.03125,0.6796875],"rotation":0,"texture":"#0","tintindex":0}}},{"from":[8.185715,11.1,-2.9428577],"to":[12.042857,14.814286,0.91428566],"rotation":{"angle":0.0,"axis":"y","origin":[10.114286,12.957144,-2.3000002]},"faces":{"east":{"uv":[0.59375,7.0625,0.8046875,7.265625],"rotation":0,"texture":"#0","tintindex":0},"south":{"uv":[0.8125,7.0625,1.0234375,7.265625],"rotation":0,"texture":"#0","tintindex":0},"north":{"uv":[0.375,7.0625,0.5859375,7.265625],"rotation":0,"texture":"#0","tintindex":0},"west":{"uv":[1.03125,7.0625,1.2421875,7.265625],"rotation":0,"texture":"#0","tintindex":0},"up":{"uv":[4.4296875,7.2421875,4.21875,7.03125],"rotation":0,"texture":"#0","tintindex":0},"down":{"uv":[4.6484375,7.03125,4.4375,7.2421875],"rotation":0,"texture":"#0","tintindex":0}}}],"display":{"head":{"translation":[0.0,-6.4,0.0],"scale":[4.0,4.0,4.0]}}}