{"textures":{"8":"modelengine:entity/bluejamballs"},"elements":[{"from":[4.8886857,3.8343997,7.8196],"to":[11.111315,12.1656,8.1804],"rotation":{"angle":0.0,"axis":"y","origin":[8.0,8.0,8.0]},"faces":{"east":{"uv":[11.0625,11.25,11.109375,12.359375],"rotation":0,"texture":"#8","tintindex":0},"south":{"uv":[4.375,1.5625,5.203125,2.671875],"rotation":0,"texture":"#8","tintindex":0},"north":{"uv":[0.0,4.0,0.828125,5.109375],"rotation":0,"texture":"#8","tintindex":0},"west":{"uv":[11.375,9.625,11.421875,10.734375],"rotation":0,"texture":"#8","tintindex":0},"up":{"uv":[13.078125,2.984375,12.25,2.9375],"rotation":0,"texture":"#8","tintindex":0},"down":{"uv":[13.078125,3.0,12.25,3.046875],"rotation":0,"texture":"#8","tintindex":0}}}],"display":{"head":{"translation":[0.0,-6.4,0.0],"scale":[4.0,4.0,4.0]}}}