{"textures":{"8":"modelengine:entity/bluejamballs"},"elements":[{"from":[7.582253,2.8072448,5.588791],"to":[7.824973,10.43113,12.64022],"rotation":{"angle":0.0,"axis":"y","origin":[7.703613,10.262045,8.685934]},"faces":{"east":{"uv":[10.1875,1.125,10.9375,1.4375],"rotation":0,"texture":"#8","tintindex":0},"south":{"uv":[3.5625,13.125,3.59375,13.4375],"rotation":0,"texture":"#8","tintindex":0},"north":{"uv":[3.1875,13.125,3.21875,13.4375],"rotation":0,"texture":"#8","tintindex":0},"west":{"uv":[10.1875,5.0,10.9375,5.3125],"rotation":0,"texture":"#8","tintindex":0},"up":{"uv":[8.09375,13.25,8.0625,12.5],"rotation":0,"texture":"#8","tintindex":0},"down":{"uv":[7.46875,12.5625,7.4375,13.3125],"rotation":0,"texture":"#8","tintindex":0}}}],"display":{"head":{"translation":[0.0,-6.4,0.0],"scale":[4.0,4.0,4.0]}}}