{"textures":{"8":"modelengine:entity/bluejamballs"},"elements":[{"from":[7.3162603,7.8290653,7.7435975],"to":[8.68374,8.170935,8.256402],"rotation":{"angle":0.0,"axis":"y","origin":[8.0,8.0,8.0]},"faces":{"east":{"uv":[4.125,13.375,4.1875,13.421875],"rotation":0,"texture":"#8","tintindex":0},"south":{"uv":[13.1875,4.25,13.375,4.296875],"rotation":0,"texture":"#8","tintindex":0},"north":{"uv":[13.1875,4.1875,13.375,4.234375],"rotation":0,"texture":"#8","tintindex":0},"west":{"uv":[13.375,4.125,13.4375,4.171875],"rotation":0,"texture":"#8","tintindex":0},"up":{"uv":[13.25,6.125,13.0625,6.0625],"rotation":0,"texture":"#8","tintindex":0},"down":{"uv":[13.25,6.125,13.0625,6.1875],"rotation":0,"texture":"#8","tintindex":0}}}],"display":{"head":{"translation":[0.0,-6.4,0.0],"scale":[4.0,4.0,4.0]}}}