{"textures":{"8":"modelengine:entity/bluejamballs"},"elements":[{"from":[-1.6563206,-0.5467434,7.2786283],"to":[2.826971,11.748571,9.0496],"rotation":{"angle":0.0,"axis":"y","origin":[8.0,8.0,8.0]},"faces":{"east":{"uv":[5.0625,9.9375,5.21875,11.578125],"rotation":0,"texture":"#8","tintindex":0},"south":{"uv":[3.25,3.6875,3.84375,5.328125],"rotation":0,"texture":"#8","tintindex":0},"north":{"uv":[2.625,3.6875,3.21875,5.328125],"rotation":0,"texture":"#8","tintindex":0},"west":{"uv":[7.8125,9.9375,7.96875,11.578125],"rotation":0,"texture":"#8","tintindex":0},"up":{"uv":[12.09375,7.90625,11.5,7.75],"rotation":0,"texture":"#8","tintindex":0},"down":{"uv":[12.09375,7.9375,11.5,8.09375],"rotation":0,"texture":"#8","tintindex":0}}},{"from":[12.813166,-0.5467434,7.2786283],"to":[17.29646,11.748571,9.0496],"rotation":{"angle":0.0,"axis":"y","origin":[8.0,8.0,8.0]},"faces":{"east":{"uv":[2.75,9.4375,2.90625,11.078125],"rotation":0,"texture":"#8","tintindex":0},"south":{"uv":[2.0,3.6875,2.59375,5.328125],"rotation":0,"texture":"#8","tintindex":0},"north":{"uv":[1.375,3.6875,1.96875,5.328125],"rotation":0,"texture":"#8","tintindex":0},"west":{"uv":[2.0,9.9375,2.15625,11.578125],"rotation":0,"texture":"#8","tintindex":0},"up":{"uv":[12.09375,4.90625,11.5,4.75],"rotation":0,"texture":"#8","tintindex":0},"down":{"uv":[12.09375,7.5625,11.5,7.71875],"rotation":0,"texture":"#8","tintindex":0}}}],"display":{"head":{"translation":[0.0,-6.4,0.0],"scale":[4.0,4.0,4.0]}}}