{"textures":{"8":"modelengine:entity/bluejamballs"},"elements":[{"from":[10.862971,3.1315427,5.1136],"to":[10.923885,8.182743,11.331543],"rotation":{"angle":0.0,"axis":"y","origin":[8.0,8.0,8.0]},"faces":{"east":{"uv":[8.1875,6.5625,9.015625,7.234375],"rotation":0,"texture":"#8","tintindex":0},"south":{"uv":[10.1875,13.0625,10.203125,13.734375],"rotation":0,"texture":"#8","tintindex":0},"north":{"uv":[10.125,13.0625,10.140625,13.734375],"rotation":0,"texture":"#8","tintindex":0},"west":{"uv":[8.3125,8.125,9.140625,8.796875],"rotation":0,"texture":"#8","tintindex":0},"up":{"uv":[11.765625,13.828125,11.75,13.0],"rotation":0,"texture":"#8","tintindex":0},"down":{"uv":[11.953125,13.0,11.9375,13.828125],"rotation":0,"texture":"#8","tintindex":0}}}],"display":{"head":{"translation":[0.0,-6.4,0.0],"scale":[4.0,4.0,4.0]}}}