{"textures":{"8":"modelengine:entity/bluejamballs"},"elements":[{"from":[7.1762137,6.747845,8.411893],"to":[8.823786,9.080808,10.059465],"rotation":{"angle":0.0,"axis":"y","origin":[8.0,8.0,8.0]},"faces":{"east":{"uv":[8.1875,11.75,8.40625,12.0625],"rotation":0,"texture":"#8","tintindex":0},"south":{"uv":[11.8125,1.125,12.03125,1.4375],"rotation":0,"texture":"#8","tintindex":0},"north":{"uv":[7.9375,11.75,8.15625,12.0625],"rotation":0,"texture":"#8","tintindex":0},"west":{"uv":[11.8125,5.75,12.03125,6.0625],"rotation":0,"texture":"#8","tintindex":0},"up":{"uv":[11.78125,12.21875,11.5625,12.0],"rotation":0,"texture":"#8","tintindex":0},"down":{"uv":[8.15625,12.0625,7.9375,12.28125],"rotation":0,"texture":"#8","tintindex":0}}}],"display":{"head":{"translation":[0.0,-6.4,0.0],"scale":[4.0,4.0,4.0]}}}