{"textures":{"8":"modelengine:entity/bluejamballs"},"elements":[{"from":[7.1729712,7.0558286,8.815314],"to":[8.592743,7.6556,9.058971],"rotation":{"angle":0.0,"axis":"y","origin":[7.9414287,7.472857,8.937143]},"faces":{"east":{"uv":[6.0,13.375,6.03125,13.453125],"rotation":0,"texture":"#8","tintindex":0},"south":{"uv":[12.9375,12.875,13.125,12.953125],"rotation":0,"texture":"#8","tintindex":0},"north":{"uv":[12.9375,12.75,13.125,12.828125],"rotation":0,"texture":"#8","tintindex":0},"west":{"uv":[13.375,6.3125,13.40625,6.390625],"rotation":0,"texture":"#8","tintindex":0},"up":{"uv":[13.4375,4.46875,13.25,4.4375],"rotation":0,"texture":"#8","tintindex":0},"down":{"uv":[4.6875,13.25,4.5,13.28125],"rotation":0,"texture":"#8","tintindex":0}}},{"from":[6.7044,7.2901144,8.815314],"to":[7.1870284,7.6556,9.058971],"rotation":{"angle":0.0,"axis":"y","origin":[6.945714,7.5314283,8.937143]},"faces":{"east":{"uv":[13.4375,10.125,13.46875,10.171875],"rotation":0,"texture":"#8","tintindex":0},"south":{"uv":[2.9375,13.375,3.0,13.421875],"rotation":0,"texture":"#8","tintindex":0},"north":{"uv":[13.375,2.25,13.4375,2.296875],"rotation":0,"texture":"#8","tintindex":0},"west":{"uv":[13.4375,10.1875,13.46875,10.234375],"rotation":0,"texture":"#8","tintindex":0},"up":{"uv":[7.6875,13.46875,7.625,13.4375],"rotation":0,"texture":"#8","tintindex":0},"down":{"uv":[13.5,7.625,13.4375,7.65625],"rotation":0,"texture":"#8","tintindex":0}}},{"from":[6.587257,7.641543,8.815314],"to":[7.1870284,8.358458,9.058971],"rotation":{"angle":0.0,"axis":"y","origin":[6.945714,8.0,8.937143]},"faces":{"east":{"uv":[13.375,2.9375,13.40625,3.03125],"rotation":0,"texture":"#8","tintindex":0},"south":{"uv":[13.1875,10.0,13.265625,10.09375],"rotation":0,"texture":"#8","tintindex":0},"north":{"uv":[13.1875,9.125,13.265625,9.21875],"rotation":0,"texture":"#8","tintindex":0},"west":{"uv":[3.0,13.375,3.03125,13.46875],"rotation":0,"texture":"#8","tintindex":0},"up":{"uv":[13.453125,6.46875,13.375,6.4375],"rotation":0,"texture":"#8","tintindex":0},"down":{"uv":[6.578125,13.375,6.5,13.40625],"rotation":0,"texture":"#8","tintindex":0}}},{"from":[7.1729712,7.641543,8.815314],"to":[8.4756,8.4756,9.058971],"rotation":{"angle":0.0,"axis":"y","origin":[7.9414287,8.0,8.937143]},"faces":{"east":{"uv":[13.3125,13.25,13.34375,13.359375],"rotation":0,"texture":"#8","tintindex":0},"south":{"uv":[11.5625,12.6875,11.734375,12.796875],"rotation":0,"texture":"#8","tintindex":0},"north":{"uv":[11.25,12.6875,11.421875,12.796875],"rotation":0,"texture":"#8","tintindex":0},"west":{"uv":[13.375,0.0,13.40625,0.109375],"rotation":0,"texture":"#8","tintindex":0},"up":{"uv":[13.421875,5.96875,13.25,5.9375],"rotation":0,"texture":"#8","tintindex":0},"down":{"uv":[13.421875,6.625,13.25,6.65625],"rotation":0,"texture":"#8","tintindex":0}}},{"from":[8.461543,7.641543,8.815314],"to":[9.178457,8.358458,9.058971],"rotation":{"angle":0.0,"axis":"y","origin":[8.82,8.0,8.937143]},"faces":{"east":{"uv":[3.0625,13.375,3.09375,13.46875],"rotation":0,"texture":"#8","tintindex":0},"south":{"uv":[2.9375,13.1875,3.03125,13.28125],"rotation":0,"texture":"#8","tintindex":0},"north":{"uv":[2.1875,13.1875,2.28125,13.28125],"rotation":0,"texture":"#8","tintindex":0},"west":{"uv":[13.375,3.0625,13.40625,3.15625],"rotation":0,"texture":"#8","tintindex":0},"up":{"uv":[13.46875,3.21875,13.375,3.1875],"rotation":0,"texture":"#8","tintindex":0},"down":{"uv":[13.46875,3.25,13.375,3.28125],"rotation":0,"texture":"#8","tintindex":0}}},{"from":[8.578686,7.2901144,8.815314],"to":[9.061315,7.6556,9.058971],"rotation":{"angle":0.0,"axis":"y","origin":[8.82,7.5314283,8.937143]},"faces":{"east":{"uv":[13.4375,10.25,13.46875,10.296875],"rotation":0,"texture":"#8","tintindex":0},"south":{"uv":[3.3125,13.375,3.375,13.421875],"rotation":0,"texture":"#8","tintindex":0},"north":{"uv":[3.125,13.375,3.1875,13.421875],"rotation":0,"texture":"#8","tintindex":0},"west":{"uv":[13.4375,10.3125,13.46875,10.359375],"rotation":0,"texture":"#8","tintindex":0},"up":{"uv":[7.75,13.46875,7.6875,13.4375],"rotation":0,"texture":"#8","tintindex":0},"down":{"uv":[13.5,7.6875,13.4375,7.71875],"rotation":0,"texture":"#8","tintindex":0}}}],"display":{"head":{"translation":[0.0,-6.4,0.0],"scale":[4.0,4.0,4.0]}}}