{"textures":{"8":"modelengine:entity/bluejamballs"},"elements":[{"from":[6.72424,7.8125715,3.314971],"to":[12.838526,8.187428,10.970743],"rotation":{"angle":0.0,"axis":"y","origin":[3.897657,4.438857,11.270629]},"faces":{"east":{"uv":[12.25,4.625,13.046875,4.671875],"rotation":0,"texture":"#8","tintindex":0},"south":{"uv":[13.0625,11.625,13.28125,11.671875],"rotation":0,"texture":"#8","tintindex":0},"north":{"uv":[13.0625,11.3125,13.28125,11.359375],"rotation":0,"texture":"#8","tintindex":0},"west":{"uv":[12.25,4.6875,13.046875,4.734375],"rotation":0,"texture":"#8","tintindex":0},"up":{"uv":[3.15625,11.609375,2.9375,10.8125],"rotation":0,"texture":"#8","tintindex":0},"down":{"uv":[5.46875,10.8125,5.25,11.609375],"rotation":0,"texture":"#8","tintindex":0}}}],"display":{"head":{"translation":[0.0,-6.4,0.0],"scale":[4.0,4.0,4.0]}}}