{"textures":{"8":"modelengine:entity/bluejamballs"},"elements":[{"from":[7.1762137,6.747845,6.764321],"to":[8.823786,9.070922,8.906165],"rotation":{"angle":0.0,"axis":"y","origin":[8.0,8.0,8.0]},"faces":{"east":{"uv":[7.3125,8.625,7.59375,8.9375],"rotation":0,"texture":"#8","tintindex":0},"south":{"uv":[11.6875,11.6875,11.90625,12.0],"rotation":0,"texture":"#8","tintindex":0},"north":{"uv":[11.6875,11.375,11.90625,11.6875],"rotation":0,"texture":"#8","tintindex":0},"west":{"uv":[3.8125,8.6875,4.09375,9.0],"rotation":0,"texture":"#8","tintindex":0},"up":{"uv":[12.15625,11.34375,11.9375,11.0625],"rotation":0,"texture":"#8","tintindex":0},"down":{"uv":[12.15625,11.375,11.9375,11.65625],"rotation":0,"texture":"#8","tintindex":0}}}],"display":{"head":{"translation":[0.0,-6.4,0.0],"scale":[4.0,4.0,4.0]}}}