{"textures":{"8":"modelengine:entity/bluejamballs"},"elements":[{"from":[5.6125574,2.2059426,6.8036904],"to":[9.774706,13.901485,7.432262],"rotation":{"angle":0.0,"axis":"y","origin":[0.12464857,19.695543,7.6571765]},"faces":{"east":{"uv":[11.125,11.0625,11.203125,12.625],"rotation":0,"texture":"#8","tintindex":0},"south":{"uv":[1.375,5.375,1.875,6.9375],"rotation":0,"texture":"#8","tintindex":0},"north":{"uv":[5.25,1.5625,5.75,3.125],"rotation":0,"texture":"#8","tintindex":0},"west":{"uv":[6.1875,11.1875,6.265625,12.75],"rotation":0,"texture":"#8","tintindex":0},"up":{"uv":[12.75,2.765625,12.25,2.6875],"rotation":0,"texture":"#8","tintindex":0},"down":{"uv":[12.75,2.8125,12.25,2.890625],"rotation":0,"texture":"#8","tintindex":0}}}],"display":{"head":{"translation":[0.0,-6.4,0.0],"scale":[4.0,4.0,4.0]}}}