{"textures":{"8":"modelengine:entity/bluejamballs"},"elements":[{"from":[5.8179226,2.4521136,8.072629],"to":[9.980072,12.798172,8.7012005],"rotation":{"angle":0.0,"axis":"y","origin":[0.33001423,9.0496,8.926114]},"faces":{"east":{"uv":[11.4375,9.625,11.515625,11.0],"rotation":0,"texture":"#8","tintindex":0},"south":{"uv":[4.875,5.5,5.375,6.875],"rotation":0,"texture":"#8","tintindex":0},"north":{"uv":[4.375,5.5,4.875,6.875],"rotation":0,"texture":"#8","tintindex":0},"west":{"uv":[11.4375,11.0,11.515625,12.375],"rotation":0,"texture":"#8","tintindex":0},"up":{"uv":[10.1875,4.515625,9.6875,4.4375],"rotation":0,"texture":"#8","tintindex":0},"down":{"uv":[12.75,2.3125,12.25,2.390625],"rotation":0,"texture":"#8","tintindex":0}}}],"display":{"head":{"translation":[0.0,-6.4,0.0],"scale":[4.0,4.0,4.0]}}}