{"textures":{"8":"modelengine:entity/bluejamballs"},"elements":[{"from":[2.7146063,7.8125715,3.3812375],"to":[8.428893,8.187428,11.037009],"rotation":{"angle":0.0,"axis":"y","origin":[12.102343,4.438857,11.270629]},"faces":{"east":{"uv":[13.046875,4.6875,12.25,4.734375],"rotation":0,"texture":"#8","tintindex":0},"south":{"uv":[13.28125,11.625,13.0625,11.671875],"rotation":0,"texture":"#8","tintindex":0},"north":{"uv":[13.28125,11.3125,13.0625,11.359375],"rotation":0,"texture":"#8","tintindex":0},"west":{"uv":[13.046875,4.625,12.25,4.671875],"rotation":0,"texture":"#8","tintindex":0},"up":{"uv":[2.9375,11.609375,3.15625,10.8125],"rotation":0,"texture":"#8","tintindex":0},"down":{"uv":[5.25,10.8125,5.46875,11.609375],"rotation":0,"texture":"#8","tintindex":0}}}],"display":{"head":{"translation":[0.0,-6.4,0.0],"scale":[4.0,4.0,4.0]}}}