{"textures":{"8":"modelengine:entity/bluejamballs"},"elements":[{"from":[6.2943997,6.9386854,7.8781714],"to":[6.894171,7.1870284,8.121829],"rotation":{"angle":0.0,"axis":"y","origin":[6.535714,7.062857,8.0]},"faces":{"east":{"uv":[2.0,13.5,2.03125,13.53125],"rotation":0,"texture":"#8","tintindex":0},"south":{"uv":[13.375,6.125,13.453125,6.15625],"rotation":0,"texture":"#8","tintindex":0},"north":{"uv":[13.375,6.0625,13.453125,6.09375],"rotation":0,"texture":"#8","tintindex":0},"west":{"uv":[13.5,2.0,13.53125,2.03125],"rotation":0,"texture":"#8","tintindex":0},"up":{"uv":[13.453125,6.21875,13.375,6.1875],"rotation":0,"texture":"#8","tintindex":0},"down":{"uv":[13.453125,6.25,13.375,6.28125],"rotation":0,"texture":"#8","tintindex":0}}},{"from":[9.039298,8.401318,7.8781714],"to":[12.919069,8.64966,8.121829],"rotation":{"angle":22.5,"axis":"z","origin":[9.280612,8.525489,8.0]},"faces":{"east":{"uv":[2.0625,13.5,2.09375,13.53125],"rotation":0,"texture":"#8","tintindex":0},"south":{"uv":[12.875,2.5625,13.390625,2.59375],"rotation":0,"texture":"#8","tintindex":0},"north":{"uv":[12.875,2.5,13.390625,2.53125],"rotation":0,"texture":"#8","tintindex":0},"west":{"uv":[13.5,2.0625,13.53125,2.09375],"rotation":0,"texture":"#8","tintindex":0},"up":{"uv":[13.390625,2.65625,12.875,2.625],"rotation":0,"texture":"#8","tintindex":0},"down":{"uv":[13.390625,2.6875,12.875,2.71875],"rotation":0,"texture":"#8","tintindex":0}}}],"display":{"head":{"translation":[0.0,-6.4,0.0],"scale":[4.0,4.0,4.0]}}}