{"textures":{"8":"modelengine:entity/bluejamballs"},"elements":[{"from":[6.1022854,2.6582856,6.5380573],"to":[10.0008,8.206171,10.436571],"rotation":{"angle":0.0,"axis":"y","origin":[8.351429,2.6582856,7.1378284]},"faces":{"east":{"uv":[2.1875,9.4375,2.703125,10.171875],"rotation":0,"texture":"#8","tintindex":0},"south":{"uv":[5.3125,9.5,5.828125,10.234375],"rotation":0,"texture":"#8","tintindex":0},"north":{"uv":[9.3125,2.3125,9.828125,3.046875],"rotation":0,"texture":"#8","tintindex":0},"west":{"uv":[9.5625,0.0,10.078125,0.734375],"rotation":0,"texture":"#8","tintindex":0},"up":{"uv":[10.453125,6.328125,9.9375,5.8125],"rotation":0,"texture":"#8","tintindex":0},"down":{"uv":[7.765625,9.9375,7.25,10.453125],"rotation":0,"texture":"#8","tintindex":0}}},{"from":[6.477143,1.6086855,6.8379426],"to":[9.775886,8.206171,10.136686],"rotation":{"angle":0.0,"axis":"y","origin":[8.351429,2.6582856,7.1378284]},"faces":{"east":{"uv":[6.375,9.1875,6.8125,10.0625],"rotation":0,"texture":"#8","tintindex":0},"south":{"uv":[6.8125,9.1875,7.25,10.0625],"rotation":0,"texture":"#8","tintindex":0},"north":{"uv":[9.125,3.0625,9.5625,3.9375],"rotation":0,"texture":"#8","tintindex":0},"west":{"uv":[9.1875,7.75,9.625,8.625],"rotation":0,"texture":"#8","tintindex":0},"up":{"uv":[11.125,9.0625,10.6875,8.625],"rotation":0,"texture":"#8","tintindex":0},"down":{"uv":[9.375,10.6875,8.9375,11.125],"rotation":0,"texture":"#8","tintindex":0}}}],"display":{"head":{"translation":[0.0,-6.4,0.0],"scale":[4.0,4.0,4.0]}}}