{"textures":{"8":"modelengine:entity/bluejamballs"},"elements":[{"from":[5.65152,7.6328273,7.4901943],"to":[8.005623,8.601459,8.509806],"rotation":{"angle":0.0,"axis":"y","origin":[27.01838,28.236477,4.665271]},"faces":{"east":{"uv":[4.75,12.8125,4.890625,12.9375],"rotation":0,"texture":"#8","tintindex":0},"south":{"uv":[11.1875,0.3125,11.5,0.4375],"rotation":0,"texture":"#8","tintindex":0},"north":{"uv":[10.6875,0.4375,11.0,0.5625],"rotation":0,"texture":"#8","tintindex":0},"west":{"uv":[12.8125,4.75,12.953125,4.875],"rotation":0,"texture":"#8","tintindex":0},"up":{"uv":[12.4375,8.765625,12.125,8.625],"rotation":0,"texture":"#8","tintindex":0},"down":{"uv":[12.4375,10.875,12.125,11.015625],"rotation":0,"texture":"#8","tintindex":0}}}],"display":{"head":{"translation":[0.0,-6.4,0.0],"scale":[4.0,4.0,4.0]}}}