{"textures":{"8":"modelengine:entity/bluejamballs"},"elements":[{"from":[0.5731425,6.5568,6.275657],"to":[9.644686,9.555657,9.724343],"rotation":{"angle":0.0,"axis":"y","origin":[8.782515,7.456457,8.0]},"faces":{"east":{"uv":[10.8125,2.375,11.265625,2.78125],"rotation":0,"texture":"#8","tintindex":0},"south":{"uv":[8.3125,8.8125,9.515625,9.21875],"rotation":0,"texture":"#8","tintindex":0},"north":{"uv":[8.6875,1.875,9.890625,2.28125],"rotation":0,"texture":"#8","tintindex":0},"west":{"uv":[10.8125,5.3125,11.265625,5.71875],"rotation":0,"texture":"#8","tintindex":0},"up":{"uv":[1.203125,9.015625,0.0,8.5625],"rotation":0,"texture":"#8","tintindex":0},"down":{"uv":[2.453125,8.5625,1.25,9.015625],"rotation":0,"texture":"#8","tintindex":0}}}],"display":{"head":{"translation":[0.0,-6.4,0.0],"scale":[4.0,4.0,4.0]}}}