{"textures":{"8":"modelengine:entity/bluejamballs"},"elements":[{"from":[0.24514246,6.800457,6.4630857],"to":[8.0421715,9.199543,9.536915],"rotation":{"angle":0.0,"axis":"y","origin":[18.913029,3.7266283,8.187428]},"faces":{"east":{"uv":[11.125,3.625,11.53125,3.9375],"rotation":0,"texture":"#8","tintindex":0},"south":{"uv":[9.6875,4.125,10.734375,4.4375],"rotation":0,"texture":"#8","tintindex":0},"north":{"uv":[9.6875,3.8125,10.734375,4.125],"rotation":0,"texture":"#8","tintindex":0},"west":{"uv":[11.125,6.375,11.53125,6.6875],"rotation":0,"texture":"#8","tintindex":0},"up":{"uv":[10.109375,6.78125,9.0625,6.375],"rotation":0,"texture":"#8","tintindex":0},"down":{"uv":[10.109375,6.8125,9.0625,7.21875],"rotation":0,"texture":"#8","tintindex":0}}}],"display":{"head":{"translation":[0.0,-6.4,0.0],"scale":[4.0,4.0,4.0]}}}