{"textures":{"8":"modelengine:entity/bluejamballs"},"elements":[{"from":[3.2130284,-3.8033152,7.1465144],"to":[13.412115,7.8922286,7.775086],"rotation":{"angle":0.0,"axis":"y","origin":[8.0,14.114858,8.0]},"faces":{"east":{"uv":[9.6875,11.125,9.765625,12.6875],"rotation":0,"texture":"#8","tintindex":0},"south":{"uv":[0.0,1.5625,1.5625,3.125],"rotation":0,"texture":"#8","tintindex":0},"north":{"uv":[0.0,0.0,1.5625,1.5625],"rotation":0,"texture":"#8","tintindex":0},"west":{"uv":[9.8125,11.125,9.890625,12.6875],"rotation":0,"texture":"#8","tintindex":0},"up":{"uv":[12.6875,4.015625,11.125,3.9375],"rotation":0,"texture":"#8","tintindex":0},"down":{"uv":[12.6875,4.0625,11.125,4.140625],"rotation":0,"texture":"#8","tintindex":0}}}],"display":{"head":{"translation":[0.0,-6.4,0.0],"scale":[4.0,4.0,4.0]}}}