{"textures":{"8":"modelengine:entity/bluejamballs"},"elements":[{"from":[7.9896913,7.6328273,7.4901943],"to":[10.11888,8.601459,8.509806],"rotation":{"angle":0.0,"axis":"y","origin":[-11.023064,28.236477,6.6595106]},"faces":{"east":{"uv":[12.75,10.0,12.890625,10.125],"rotation":0,"texture":"#8","tintindex":0},"south":{"uv":[12.4375,8.4375,12.71875,8.5625],"rotation":0,"texture":"#8","tintindex":0},"north":{"uv":[12.4375,8.3125,12.71875,8.4375],"rotation":0,"texture":"#8","tintindex":0},"west":{"uv":[12.75,10.125,12.890625,10.25],"rotation":0,"texture":"#8","tintindex":0},"up":{"uv":[12.46875,11.203125,12.1875,11.0625],"rotation":0,"texture":"#8","tintindex":0},"down":{"uv":[12.46875,11.25,12.1875,11.390625],"rotation":0,"texture":"#8","tintindex":0}}}],"display":{"head":{"translation":[0.0,-6.4,0.0],"scale":[4.0,4.0,4.0]}}}