{"textures":{"8":"modelengine:entity/bluejamballs"},"elements":[{"from":[6.3178287,1.402514,6.2006855],"to":[9.616571,8.0,9.499429],"rotation":{"angle":0.0,"axis":"y","origin":[8.192114,2.4521136,6.5005713]},"faces":{"east":{"uv":[8.75,9.25,9.1875,10.125],"rotation":0,"texture":"#8","tintindex":0},"south":{"uv":[9.1875,9.25,9.625,10.125],"rotation":0,"texture":"#8","tintindex":0},"north":{"uv":[8.3125,9.25,8.75,10.125],"rotation":0,"texture":"#8","tintindex":0},"west":{"uv":[3.0625,9.375,3.5,10.25],"rotation":0,"texture":"#8","tintindex":0},"up":{"uv":[11.125,9.9375,10.6875,9.5],"rotation":0,"texture":"#8","tintindex":0},"down":{"uv":[10.25,10.6875,9.8125,11.125],"rotation":0,"texture":"#8","tintindex":0}}},{"from":[5.942971,2.4521136,5.9007998],"to":[9.841486,8.0,9.7993145],"rotation":{"angle":0.0,"axis":"y","origin":[8.192114,2.4521136,6.5005713]},"faces":{"east":{"uv":[9.625,0.75,10.140625,1.484375],"rotation":0,"texture":"#8","tintindex":0},"south":{"uv":[9.625,4.5625,10.140625,5.296875],"rotation":0,"texture":"#8","tintindex":0},"north":{"uv":[9.5625,3.0625,10.078125,3.796875],"rotation":0,"texture":"#8","tintindex":0},"west":{"uv":[9.625,7.75,10.140625,8.484375],"rotation":0,"texture":"#8","tintindex":0},"up":{"uv":[6.828125,10.578125,6.3125,10.0625],"rotation":0,"texture":"#8","tintindex":0},"down":{"uv":[10.640625,0.0,10.125,0.515625],"rotation":0,"texture":"#8","tintindex":0}}}],"display":{"head":{"translation":[0.0,-6.4,0.0],"scale":[4.0,4.0,4.0]}}}