{"textures":{"8":"modelengine:entity/bluejamballs"},"elements":[{"from":[7.925029,7.1003428,6.2006855],"to":[15.722057,9.499429,9.274514],"rotation":{"angle":0.0,"axis":"y","origin":[-2.9458284,4.026514,7.925029]},"faces":{"east":{"uv":[5.875,6.6875,6.28125,7.0],"rotation":0,"texture":"#8","tintindex":0},"south":{"uv":[8.875,1.5625,9.921875,1.875],"rotation":0,"texture":"#8","tintindex":0},"north":{"uv":[4.5,0.5625,5.546875,0.875],"rotation":0,"texture":"#8","tintindex":0},"west":{"uv":[7.5625,4.8125,7.96875,5.125],"rotation":0,"texture":"#8","tintindex":0},"up":{"uv":[9.921875,6.34375,8.875,5.9375],"rotation":0,"texture":"#8","tintindex":0},"down":{"uv":[6.359375,9.0625,5.3125,9.46875],"rotation":0,"texture":"#8","tintindex":0}}}],"display":{"head":{"translation":[0.0,-6.4,0.0],"scale":[4.0,4.0,4.0]}}}