{"textures":{"8":"modelengine:entity/bluejamballs"},"elements":[{"from":[3.2130284,-2.1961155,7.4464],"to":[13.269258,8.149942,8.074971],"rotation":{"angle":0.0,"axis":"y","origin":[8.0,4.4013715,8.299886]},"faces":{"east":{"uv":[6.625,11.4375,6.703125,12.8125],"rotation":0,"texture":"#8","tintindex":0},"south":{"uv":[1.5625,1.375,3.125,2.75],"rotation":0,"texture":"#8","tintindex":0},"north":{"uv":[1.5625,0.0,3.125,1.375],"rotation":0,"texture":"#8","tintindex":0},"west":{"uv":[6.75,11.4375,6.828125,12.8125],"rotation":0,"texture":"#8","tintindex":0},"up":{"uv":[12.625,0.953125,11.0625,0.875],"rotation":0,"texture":"#8","tintindex":0},"down":{"uv":[12.625,1.0,11.0625,1.078125],"rotation":0,"texture":"#8","tintindex":0}}}],"display":{"head":{"translation":[0.0,-6.4,0.0],"scale":[4.0,4.0,4.0]}}}