{"textures":{"0":"sunrise:item/pcoat"},"elements":[{"from":[-2.1264,-3.980116,14.129791],"to":[2.4685998,-1.3501158,17.989792],"faces":{"east":{"uv":[4.625,5.5,5.09375,5.84375],"tintindex":0,"rotation":0,"texture":"#0"},"south":{"uv":[2.75,5.0,3.3125,5.34375],"tintindex":0,"rotation":0,"texture":"#0"},"north":{"uv":[5.0,2.375,5.5625,2.71875],"tintindex":0,"rotation":0,"texture":"#0"},"west":{"uv":[5.125,5.5,5.59375,5.84375],"tintindex":0,"rotation":0,"texture":"#0"},"up":{"uv":[5.3125,1.59375,4.75,1.125],"tintindex":0,"rotation":0,"texture":"#0"},"down":{"uv":[5.3125,1.625,4.75,2.09375],"tintindex":0,"rotation":0,"texture":"#0"}},"rotation":{"origin":[0.17109966,-2.6651154,16.05979],"angle":-22.5,"axis":"x"}},{"from":[-2.3814,1.7711,8.864599],"to":[-2.0864,4.3011,11.424601],"faces":{"east":{"uv":[3.125,5.75,3.4375,6.0625],"tintindex":0,"rotation":0,"texture":"#0"},"south":{"uv":[5.625,7.125,5.65625,7.4375],"tintindex":0,"rotation":0,"texture":"#0"},"north":{"uv":[5.5,7.125,5.53125,7.4375],"tintindex":0,"rotation":0,"texture":"#0"},"west":{"uv":[0.625,5.875,0.9375,6.1875],"tintindex":0,"rotation":0,"texture":"#0"},"up":{"uv":[7.15625,5.9375,7.125,5.625],"tintindex":0,"rotation":0,"texture":"#0"},"down":{"uv":[5.78125,7.125,5.75,7.4375],"tintindex":0,"rotation":0,"texture":"#0"}}},{"from":[-2.3814,4.2711,8.4646],"to":[-2.0864,5.4011,11.424601],"faces":{"east":{"uv":[4.375,5.875,4.75,6.03125],"tintindex":0,"rotation":0,"texture":"#0"},"south":{"uv":[1.5,7.5,1.53125,7.65625],"tintindex":0,"rotation":0,"texture":"#0"},"north":{"uv":[1.375,7.5,1.40625,7.65625],"tintindex":0,"rotation":0,"texture":"#0"},"west":{"uv":[4.75,5.875,5.125,6.03125],"tintindex":0,"rotation":0,"texture":"#0"},"up":{"uv":[4.65625,7.25,4.625,6.875],"tintindex":0,"rotation":0,"texture":"#0"},"down":{"uv":[4.78125,6.875,4.75,7.25],"tintindex":0,"rotation":0,"texture":"#0"}}},{"from":[13.7086,-2.0292263,12.171959],"to":[17.503601,7.600774,15.431959],"faces":{"east":{"uv":[2.625,3.75,3.03125,4.96875],"tintindex":0,"rotation":0,"texture":"#0"},"south":{"uv":[3.125,2.5,3.59375,3.71875],"tintindex":0,"rotation":0,"texture":"#0"},"north":{"uv":[3.125,1.25,3.59375,2.46875],"tintindex":0,"rotation":0,"texture":"#0"},"west":{"uv":[3.125,3.75,3.53125,4.96875],"tintindex":0,"rotation":0,"texture":"#0"},"up":{"uv":[1.71875,5.65625,1.25,5.25],"tintindex":0,"rotation":0,"texture":"#0"},"down":{"uv":[2.21875,5.25,1.75,5.65625],"tintindex":0,"rotation":0,"texture":"#0"}},"rotation":{"origin":[15.6061,2.7857733,13.801958],"angle":-22.5,"axis":"x"}},{"from":[-2.3814,5.4011,7.7646],"to":[-2.0864,6.3311005,11.424601],"faces":{"east":{"uv":[2.25,5.25,2.71875,5.375],"tintindex":0,"rotation":0,"texture":"#0"},"south":{"uv":[7.5,6.0,7.53125,6.125],"tintindex":0,"rotation":0,"texture":"#0"},"north":{"uv":[6.0,7.5,6.03125,7.625],"tintindex":0,"rotation":0,"texture":"#0"},"west":{"uv":[5.875,4.5,6.34375,4.625],"tintindex":0,"rotation":0,"texture":"#0"},"up":{"uv":[0.65625,6.96875,0.625,6.5],"tintindex":0,"rotation":0,"texture":"#0"},"down":{"uv":[0.78125,6.5,0.75,6.96875],"tintindex":0,"rotation":0,"texture":"#0"}}},{"from":[17.863602,-10.978901,9.1646],"to":[18.1586,1.8011003,11.424601],"faces":{"east":{"uv":[3.625,4.5,3.90625,6.09375],"tintindex":0,"rotation":0,"texture":"#0"},"south":{"uv":[2.625,6.125,2.65625,7.71875],"tintindex":0,"rotation":0,"texture":"#0"},"north":{"uv":[2.5,6.125,2.53125,7.71875],"tintindex":0,"rotation":0,"texture":"#0"},"west":{"uv":[4.625,2.25,4.90625,3.84375],"tintindex":0,"rotation":0,"texture":"#0"},"up":{"uv":[4.03125,7.53125,4.0,7.25],"tintindex":0,"rotation":0,"texture":"#0"},"down":{"uv":[4.15625,7.25,4.125,7.53125],"tintindex":0,"rotation":0,"texture":"#0"}}},{"from":[-2.3814,-10.978901,9.1646],"to":[-2.0864,1.8011003,11.424601],"faces":{"east":{"uv":[4.25,2.25,4.53125,3.84375],"tintindex":0,"rotation":0,"texture":"#0"},"south":{"uv":[2.375,6.125,2.40625,7.71875],"tintindex":0,"rotation":0,"texture":"#0"},"north":{"uv":[0.5,6.125,0.53125,7.71875],"tintindex":0,"rotation":0,"texture":"#0"},"west":{"uv":[4.25,3.875,4.53125,5.46875],"tintindex":0,"rotation":0,"texture":"#0"},"up":{"uv":[0.15625,7.53125,0.125,7.25],"tintindex":0,"rotation":0,"texture":"#0"},"down":{"uv":[7.28125,0.375,7.25,0.65625],"tintindex":0,"rotation":0,"texture":"#0"}}},{"from":[17.863602,5.4011,7.7646],"to":[18.1586,6.3311005,11.424601],"faces":{"east":{"uv":[6.0,4.875,6.46875,5.0],"tintindex":0,"rotation":0,"texture":"#0"},"south":{"uv":[6.625,7.5,6.65625,7.625],"tintindex":0,"rotation":0,"texture":"#0"},"north":{"uv":[7.5,6.5,7.53125,6.625],"tintindex":0,"rotation":0,"texture":"#0"},"west":{"uv":[5.5,6.0,5.96875,6.125],"tintindex":0,"rotation":0,"texture":"#0"},"up":{"uv":[2.28125,6.96875,2.25,6.5],"tintindex":0,"rotation":0,"texture":"#0"},"down":{"uv":[3.53125,6.5,3.5,6.96875],"tintindex":0,"rotation":0,"texture":"#0"}}},{"from":[13.308599,-3.980116,14.129791],"to":[17.9036,-1.3501158,17.989792],"faces":{"east":{"uv":[5.625,2.375,6.09375,2.71875],"tintindex":0,"rotation":0,"texture":"#0"},"south":{"uv":[5.0,3.125,5.5625,3.46875],"tintindex":0,"rotation":0,"texture":"#0"},"north":{"uv":[5.0,2.75,5.5625,3.09375],"tintindex":0,"rotation":0,"texture":"#0"},"west":{"uv":[5.625,2.75,6.09375,3.09375],"tintindex":0,"rotation":0,"texture":"#0"},"up":{"uv":[0.5625,5.46875,0.0,5.0],"tintindex":0,"rotation":0,"texture":"#0"},"down":{"uv":[1.1875,5.0,0.625,5.46875],"tintindex":0,"rotation":0,"texture":"#0"}},"rotation":{"origin":[15.6061,-2.6651154,16.05979],"angle":-22.5,"axis":"x"}},{"from":[17.863602,4.2711,8.4646],"to":[18.1586,5.4011,11.424601],"faces":{"east":{"uv":[5.125,5.875,5.5,6.03125],"tintindex":0,"rotation":0,"texture":"#0"},"south":{"uv":[3.5,7.5,3.53125,7.65625],"tintindex":0,"rotation":0,"texture":"#0"},"north":{"uv":[7.5,3.25,7.53125,3.40625],"tintindex":0,"rotation":0,"texture":"#0"},"west":{"uv":[6.0,4.625,6.375,4.78125],"tintindex":0,"rotation":0,"texture":"#0"},"up":{"uv":[5.40625,7.25,5.375,6.875],"tintindex":0,"rotation":0,"texture":"#0"},"down":{"uv":[6.53125,6.875,6.5,7.25],"tintindex":0,"rotation":0,"texture":"#0"}}},{"from":[17.863602,1.7711,8.864599],"to":[18.1586,4.3011,11.424601],"faces":{"east":{"uv":[1.625,5.875,1.9375,6.1875],"tintindex":0,"rotation":0,"texture":"#0"},"south":{"uv":[6.0,7.125,6.03125,7.4375],"tintindex":0,"rotation":0,"texture":"#0"},"north":{"uv":[5.875,7.125,5.90625,7.4375],"tintindex":0,"rotation":0,"texture":"#0"},"west":{"uv":[2.0,5.875,2.3125,6.1875],"tintindex":0,"rotation":0,"texture":"#0"},"up":{"uv":[7.15625,6.3125,7.125,6.0],"tintindex":0,"rotation":0,"texture":"#0"},"down":{"uv":[6.15625,7.125,6.125,7.4375],"tintindex":0,"rotation":0,"texture":"#0"}}},{"from":[-2.1264,-12.9489,11.129601],"to":[18.093601,6.6611004,11.424601],"faces":{"east":{"uv":[1.125,5.875,1.15625,8.3125],"tintindex":0,"rotation":0,"texture":"#0"},"south":{"uv":[0.0,2.5,2.53125,4.9375],"tintindex":0,"rotation":0,"texture":"#0"},"north":{"uv":[0.0,0.0,2.53125,2.4375],"tintindex":0,"rotation":0,"texture":"#0"},"west":{"uv":[2.75,5.875,2.78125,8.3125],"tintindex":0,"rotation":0,"texture":"#0"},"up":{"uv":[8.40625,4.28125,5.875,4.25],"tintindex":0,"rotation":0,"texture":"#0"},"down":{"uv":[8.40625,4.375,5.875,4.40625],"tintindex":0,"rotation":0,"texture":"#0"}}},{"from":[-1.7263994,-2.0292263,12.171959],"to":[2.0685997,7.600774,15.431959],"faces":{"east":{"uv":[3.625,1.25,4.03125,2.46875],"tintindex":0,"rotation":0,"texture":"#0"},"south":{"uv":[2.625,2.5,3.09375,3.71875],"tintindex":0,"rotation":0,"texture":"#0"},"north":{"uv":[2.625,1.25,3.09375,2.46875],"tintindex":0,"rotation":0,"texture":"#0"},"west":{"uv":[3.625,2.5,4.03125,3.71875],"tintindex":0,"rotation":0,"texture":"#0"},"up":{"uv":[5.09375,5.40625,4.625,5.0],"tintindex":0,"rotation":0,"texture":"#0"},"down":{"uv":[5.59375,5.0,5.125,5.40625],"tintindex":0,"rotation":0,"texture":"#0"}},"rotation":{"origin":[0.17109966,2.7857733,13.801958],"angle":-22.5,"axis":"x"}}]}