{"textures":{"0":"modelengine:entity/deer_boss"},"elements":[{"from":[7.2734375,-9.0084,8.429329],"to":[9.017187,4.3603477,10.463703],"faces":{"east":{"uv":[9.875,4.5625,10.046875,5.6796875],"tintindex":0,"rotation":0,"texture":"#0"},"south":{"uv":[10.125,7.6875,10.2734375,8.8046875],"tintindex":0,"rotation":0,"texture":"#0"},"north":{"uv":[6.875,10.125,7.0234375,11.2421875],"tintindex":0,"rotation":0,"texture":"#0"},"west":{"uv":[5.0,9.875,5.171875,10.9921875],"tintindex":0,"rotation":0,"texture":"#0"},"up":{"uv":[7.0234375,5.421875,6.875,5.25],"tintindex":0,"rotation":0,"texture":"#0"},"down":{"uv":[7.2109375,5.25,7.0625,5.421875],"tintindex":0,"rotation":0,"texture":"#0"}}}]}