{"textures":{"0":"modelengine:entity/deer_boss"},"elements":[{"from":[6.982813,3.4660683,6.1390686],"to":[8.7265625,12.184814,8.173443],"faces":{"east":{"uv":[1.9375,10.375,2.109375,11.1015625],"tintindex":0,"rotation":0,"texture":"#0"},"south":{"uv":[4.75,10.375,4.8984375,11.1015625],"tintindex":0,"rotation":0,"texture":"#0"},"north":{"uv":[4.5625,10.375,4.7109375,11.1015625],"tintindex":0,"rotation":0,"texture":"#0"},"west":{"uv":[4.0,10.375,4.171875,11.1015625],"tintindex":0,"rotation":0,"texture":"#0"},"up":{"uv":[10.5234375,7.671875,10.375,7.5],"tintindex":0,"rotation":0,"texture":"#0"},"down":{"uv":[10.5859375,3.6875,10.4375,3.859375],"tintindex":0,"rotation":0,"texture":"#0"}},"rotation":{"origin":[8.0,7.2249985,8.0],"angle":0.0,"axis":"z"}}]}