{"textures":{"0":"modelengine:entity/deer_boss"},"elements":[{"from":[7.2734375,8.967735,2.9700413],"to":[9.017187,22.33648,5.0044174],"faces":{"east":{"uv":[5.1875,9.875,5.359375,10.9921875],"tintindex":0,"rotation":0,"texture":"#0"},"south":{"uv":[10.25,3.6875,10.3984375,4.8046875],"tintindex":0,"rotation":0,"texture":"#0"},"north":{"uv":[10.125,9.8125,10.2734375,10.9296875],"tintindex":0,"rotation":0,"texture":"#0"},"west":{"uv":[5.375,9.875,5.546875,10.9921875],"tintindex":0,"rotation":0,"texture":"#0"},"up":{"uv":[10.2734375,9.171875,10.125,9.0],"tintindex":0,"rotation":0,"texture":"#0"},"down":{"uv":[10.3984375,5.4375,10.25,5.609375],"tintindex":0,"rotation":0,"texture":"#0"}},"rotation":{"origin":[8.0,7.225006,8.0],"angle":0.0,"axis":"z"}}]}