{"textures":{"0":"modelengine:entity/deer_boss"},"elements":[{"from":[6.982813,-9.020325,8.391521],"to":[8.7265625,4.348423,10.425896],"faces":{"east":{"uv":[5.5625,9.875,5.734375,10.9921875],"tintindex":0,"rotation":0,"texture":"#0"},"south":{"uv":[10.3125,7.6875,10.4609375,8.8046875],"tintindex":0,"rotation":0,"texture":"#0"},"north":{"uv":[10.25,6.0,10.3984375,7.1171875],"tintindex":0,"rotation":0,"texture":"#0"},"west":{"uv":[5.75,9.875,5.921875,10.9921875],"tintindex":0,"rotation":0,"texture":"#0"},"up":{"uv":[10.5234375,1.484375,10.375,1.3125],"tintindex":0,"rotation":0,"texture":"#0"},"down":{"uv":[10.5234375,1.5,10.375,1.671875],"tintindex":0,"rotation":0,"texture":"#0"}},"rotation":{"origin":[8.0,7.2249985,8.0],"angle":0.0,"axis":"z"}}]}