{"textures":{"0":"modelengine:entity/deer_boss"},"elements":[{"from":[-13.360937,8.96875,2.3328114],"to":[-4.3515625,20.59375,14.248438],"faces":{"east":{"uv":[3.125,8.0,4.1171875,8.96875],"tintindex":0,"rotation":0,"texture":"#0"},"south":{"uv":[5.875,8.875,6.625,9.84375],"tintindex":0,"rotation":0,"texture":"#0"},"north":{"uv":[5.125,8.875,5.875,9.84375],"tintindex":0,"rotation":0,"texture":"#0"},"west":{"uv":[4.125,8.0625,5.1171875,9.03125],"tintindex":0,"rotation":0,"texture":"#0"},"up":{"uv":[9.375,6.2421875,8.625,5.25],"tintindex":0,"rotation":0,"texture":"#0"},"down":{"uv":[9.4375,3.9375,8.6875,4.9296875],"tintindex":0,"rotation":0,"texture":"#0"}}}]}