{"textures":{"0":"modelengine:entity/deer_boss"},"elements":[{"from":[-1.4453125,3.7374992,-5.659376],"to":[12.795313,13.328125,23.403124],"faces":{"east":{"uv":[6.25,4.4375,8.671875,5.234375],"tintindex":0,"rotation":0,"texture":"#0"},"south":{"uv":[6.3125,8.0625,7.5,8.859375],"tintindex":0,"rotation":0,"texture":"#0"},"north":{"uv":[5.125,8.0625,6.3125,8.859375],"tintindex":0,"rotation":0,"texture":"#0"},"west":{"uv":[6.625,0.0,9.046875,0.796875],"tintindex":0,"rotation":0,"texture":"#0"},"up":{"uv":[1.1875,8.234375,0.0,5.8125],"tintindex":0,"rotation":0,"texture":"#0"},"down":{"uv":[2.375,5.8125,1.1875,8.234375],"tintindex":0,"rotation":0,"texture":"#0"}}}]}