{"textures":{"0":"modelengine:entity/deer_boss"},"elements":[{"from":[3.8482141,4.3021426,7.3357143],"to":[12.151786,12.605715,16.1375],"rotation":{"angle":0.0,"axis":"y","origin":[7.5017858,-21.007145,-7.278572]},"faces":{"east":{"uv":[2.375,6.75,3.65625,7.9609375],"rotation":0,"texture":"#0","tintindex":0},"south":{"uv":[7.5,6.5,8.7109375,7.7109375],"rotation":0,"texture":"#0","tintindex":0},"north":{"uv":[7.375,5.25,8.5859375,6.4609375],"rotation":0,"texture":"#0","tintindex":0},"west":{"uv":[3.6875,6.75,4.96875,7.9609375],"rotation":0,"texture":"#0","tintindex":0},"up":{"uv":[6.2109375,8.03125,5.0,6.75],"rotation":0,"texture":"#0","tintindex":0},"down":{"uv":[7.4609375,6.75,6.25,8.03125],"rotation":0,"texture":"#0","tintindex":0}}}],"display":{"head":{"translation":[0.0,-6.4,0.0],"scale":[4.0,4.0,4.0]}}}