{"textures":{"0":"modelengine:entity/deer_boss"},"elements":[{"from":[5.0093746,-1.7843742,3.640625],"to":[11.196875,11.003126,13.521875],"faces":{"east":{"uv":[0.0,8.25,0.8203125,9.3125],"tintindex":0,"rotation":0,"texture":"#0"},"south":{"uv":[9.4375,1.3125,9.921875,2.375],"tintindex":0,"rotation":0,"texture":"#0"},"north":{"uv":[7.6875,9.375,8.171875,10.4375],"tintindex":0,"rotation":0,"texture":"#0"},"west":{"uv":[0.875,8.25,1.6953125,9.3125],"tintindex":0,"rotation":0,"texture":"#0"},"up":{"uv":[8.671875,10.5703125,8.1875,9.75],"tintindex":0,"rotation":0,"texture":"#0"},"down":{"uv":[10.296875,0.0,9.8125,0.8203125],"tintindex":0,"rotation":0,"texture":"#0"}}}]}