{"textures":{"0":"modelengine:entity/deer_boss"},"elements":[{"from":[1.8968744,5.3359375,8.0],"to":[8.871875,9.114063,9.162498],"faces":{"east":{"uv":[4.0,5.0,4.09375,5.3125],"tintindex":0,"rotation":0,"texture":"#0"},"south":{"uv":[9.875,5.6875,10.453125,6.0],"tintindex":0,"rotation":0,"texture":"#0"},"north":{"uv":[8.6875,4.9375,9.265625,5.25],"tintindex":0,"rotation":0,"texture":"#0"},"west":{"uv":[4.125,5.0,4.21875,5.3125],"tintindex":0,"rotation":0,"texture":"#0"},"up":{"uv":[6.828125,5.34375,6.25,5.25],"tintindex":0,"rotation":0,"texture":"#0"},"down":{"uv":[10.515625,2.125,9.9375,2.21875],"tintindex":0,"rotation":0,"texture":"#0"}}}]}