{"textures":{"0":"modelengine:entity/deer_boss"},"elements":[{"from":[5.529687,-4.8359375,5.965625],"to":[10.470312,9.985937,12.359375],"faces":{"east":{"uv":[1.75,8.25,2.28125,9.484375],"tintindex":0,"rotation":0,"texture":"#0"},"south":{"uv":[9.4375,3.625,9.8515625,4.859375],"tintindex":0,"rotation":0,"texture":"#0"},"north":{"uv":[9.4375,2.375,9.8515625,3.609375],"tintindex":0,"rotation":0,"texture":"#0"},"west":{"uv":[6.625,8.875,7.15625,10.109375],"tintindex":0,"rotation":0,"texture":"#0"},"up":{"uv":[9.4140625,3.84375,9.0,3.3125],"tintindex":0,"rotation":0,"texture":"#0"},"down":{"uv":[10.2890625,2.8125,9.875,3.34375],"tintindex":0,"rotation":0,"texture":"#0"}}}]}