{"textures":{"0":"modelengine:entity/deer_boss"},"elements":[{"from":[6.546875,6.49844,7.418751],"to":[13.521875,10.276566,8.581249],"faces":{"east":{"uv":[8.5625,3.9375,8.65625,4.25],"tintindex":0,"rotation":0,"texture":"#0"},"south":{"uv":[10.0625,3.375,10.640625,3.6875],"tintindex":0,"rotation":0,"texture":"#0"},"north":{"uv":[9.9375,1.8125,10.515625,2.125],"tintindex":0,"rotation":0,"texture":"#0"},"west":{"uv":[7.1875,8.875,7.28125,9.1875],"tintindex":0,"rotation":0,"texture":"#0"},"up":{"uv":[10.515625,2.34375,9.9375,2.25],"tintindex":0,"rotation":0,"texture":"#0"},"down":{"uv":[10.640625,5.3125,10.0625,5.40625],"tintindex":0,"rotation":0,"texture":"#0"}}}]}