{"textures":{},"elements":[{"from":[8.265648,20.766056,6.6834297],"to":[11.086869,30.358208,9.504652],"rotation":{"angle":0.0,"axis":"y","origin":[8.829892,22.176666,7.247674]},"faces":{"east":{"uv":[0.0,0.0,0.3125,1.0625],"rotation":0,"texture":"#missing","tintindex":0},"south":{"uv":[0.0,0.0,0.3125,1.0625],"rotation":0,"texture":"#missing","tintindex":0},"north":{"uv":[0.0,0.0,0.3125,1.0625],"rotation":0,"texture":"#missing","tintindex":0},"west":{"uv":[0.0,0.0,0.3125,1.0625],"rotation":0,"texture":"#missing","tintindex":0},"up":{"uv":[0.0,0.0,0.3125,0.3125],"rotation":0,"texture":"#missing","tintindex":0},"down":{"uv":[0.0,0.0,0.3125,0.3125],"rotation":0,"texture":"#missing","tintindex":0}}},{"from":[7.5603423,16.957405,5.8370633],"to":[11.792175,24.997889,10.068895],"rotation":{"angle":0.0,"axis":"y","origin":[8.124587,18.368017,7.8119187]},"faces":{"east":{"uv":[0.0,0.0,0.46875,0.890625],"rotation":0,"texture":"#missing","tintindex":0},"south":{"uv":[0.0,0.0,0.46875,0.890625],"rotation":0,"texture":"#missing","tintindex":0},"north":{"uv":[0.0,0.0,0.46875,0.890625],"rotation":0,"texture":"#missing","tintindex":0},"west":{"uv":[0.0,0.0,0.46875,0.890625],"rotation":0,"texture":"#missing","tintindex":0},"up":{"uv":[0.0,0.0,0.46875,0.46875],"rotation":0,"texture":"#missing","tintindex":0},"down":{"uv":[0.0,0.0,0.46875,0.46875],"rotation":0,"texture":"#missing","tintindex":0}}},{"from":[6.996098,-16.0,5.272819],"to":[12.356419,16.957405,10.633141],"rotation":{"angle":0.0,"axis":"y","origin":[8.124587,14.136185,7.8119187]},"faces":{"east":{"uv":[0.0,0.0,0.59375,1.21875],"rotation":0,"texture":"#missing","tintindex":0},"south":{"uv":[0.0,0.0,0.59375,1.21875],"rotation":0,"texture":"#missing","tintindex":0},"north":{"uv":[0.0,0.0,0.59375,1.21875],"rotation":0,"texture":"#missing","tintindex":0},"west":{"uv":[0.0,0.0,0.59375,1.21875],"rotation":0,"texture":"#missing","tintindex":0},"up":{"uv":[0.0,0.0,0.59375,0.59375],"rotation":0,"texture":"#missing","tintindex":0},"down":{"uv":[0.0,0.0,0.59375,0.59375],"rotation":0,"texture":"#missing","tintindex":0}}}],"display":{"head":{"translation":[0.0,-53.49917,0.0],"scale":[4.0,4.0,4.0]}}}