{"textures":{"0":"modelengine:entity/deer_boss"},"elements":[{"from":[4.221875,3.5921898,7.2734375],"to":[12.359375,10.567188,15.701561],"faces":{"east":{"uv":[9.4375,9.1875,10.140625,9.765625],"tintindex":0,"rotation":0,"texture":"#0"},"south":{"uv":[9.4375,9.8125,10.1171875,10.390625],"tintindex":0,"rotation":0,"texture":"#0"},"north":{"uv":[9.5,6.625,10.1796875,7.203125],"tintindex":0,"rotation":0,"texture":"#0"},"west":{"uv":[9.5,6.0,10.203125,6.578125],"tintindex":0,"rotation":0,"texture":"#0"},"up":{"uv":[10.1171875,8.390625,9.4375,7.6875],"tintindex":0,"rotation":0,"texture":"#0"},"down":{"uv":[10.1171875,8.4375,9.4375,9.140625],"tintindex":0,"rotation":0,"texture":"#0"}}}]}