{"textures":{"0":"modelengine:entity/alligatorboss"},"elements":[{"from":[5.125,-6.25,5.0],"to":[10.875,8.25,11.0],"faces":{"east":{"uv":[6.25,6.5625,6.4375,7.015625],"tintindex":0,"rotation":0,"texture":"#0"},"south":{"uv":[1.8125,6.59375,1.9921875,7.046875],"tintindex":0,"rotation":0,"texture":"#0"},"north":{"uv":[1.625,6.59375,1.8046875,7.046875],"tintindex":0,"rotation":0,"texture":"#0"},"west":{"uv":[6.4375,6.5625,6.625,7.015625],"tintindex":0,"rotation":0,"texture":"#0"},"up":{"uv":[1.4296875,7.25,1.25,7.0625],"tintindex":0,"rotation":0,"texture":"#0"},"down":{"uv":[1.6171875,7.0625,1.4375,7.25],"tintindex":0,"rotation":0,"texture":"#0"}}}]}