{"textures":{"0":"modelengine:entity/alligatorboss"},"elements":[{"from":[4.125,-1.75,4.0],"to":[11.625,8.0,11.5],"faces":{"east":{"uv":[6.6875,4.875,6.921875,5.1796875],"tintindex":0,"rotation":0,"texture":"#0"},"south":{"uv":[6.71875,0.0,6.953125,0.3046875],"tintindex":0,"rotation":0,"texture":"#0"},"north":{"uv":[6.6875,4.5625,6.921875,4.8671875],"tintindex":0,"rotation":0,"texture":"#0"},"west":{"uv":[6.75,2.5,6.984375,2.8046875],"tintindex":0,"rotation":0,"texture":"#0"},"up":{"uv":[3.421875,7.203125,3.1875,6.96875],"tintindex":0,"rotation":0,"texture":"#0"},"down":{"uv":[3.671875,6.96875,3.4375,7.203125],"tintindex":0,"rotation":0,"texture":"#0"}}}]}