{"textures":{"0":"modelengine:entity/alligatorboss"},"elements":[{"from":[0.78571415,4.0714283,0.19999981],"to":[15.214286,16.5,14.657143],"rotation":{"angle":0.0,"axis":"y","origin":[8.0,10.571428,-8.200001]},"faces":{"east":{"uv":[2.46875,5.8125,3.0703125,6.4921875],"rotation":0,"texture":"#0","tintindex":0},"south":{"uv":[4.75,5.25,5.5390625,5.9296875],"rotation":0,"texture":"#0","tintindex":0},"north":{"uv":[3.9375,5.25,4.7265625,5.9296875],"rotation":0,"texture":"#0","tintindex":0},"west":{"uv":[3.09375,5.8125,3.6953125,6.4921875],"rotation":0,"texture":"#0","tintindex":0},"up":{"uv":[3.0390625,1.6328125,2.25,1.03125],"rotation":0,"texture":"#0","tintindex":0},"down":{"uv":[6.3515625,5.1875,5.5625,5.7890625],"rotation":0,"texture":"#0","tintindex":0}}}],"display":{"head":{"translation":[0.0,-6.4,0.0],"scale":[4.0,4.0,4.0]}}}