{"textures":{"0":"modelengine:entity/alligatorboss"},"elements":[{"from":[15.071428,11.785714,-3.000001],"to":[15.5,19.785715,0.1428566],"rotation":{"angle":0.0,"axis":"y","origin":[15.285715,15.785715,-1.4285717]},"faces":{"east":{"uv":[0.5,5.84375,0.671875,6.28125],"rotation":0,"texture":"#0","tintindex":0},"south":{"uv":[1.09375,4.3125,1.1171875,4.75],"rotation":0,"texture":"#0","tintindex":0},"north":{"uv":[3.28125,1.03125,3.3046875,1.46875],"rotation":0,"texture":"#0","tintindex":0},"west":{"uv":[5.4375,6.625,5.609375,7.0625],"rotation":0,"texture":"#0","tintindex":0},"up":{"uv":[3.3046875,1.640625,3.28125,1.46875],"rotation":0,"texture":"#0","tintindex":0},"down":{"uv":[4.0546875,2.125,4.03125,2.296875],"rotation":0,"texture":"#0","tintindex":0}}},{"from":[0.49999952,11.785714,-3.000001],"to":[0.9285712,19.785715,0.1428566],"rotation":{"angle":0.0,"axis":"y","origin":[0.7142854,15.785715,-1.4285717]},"faces":{"east":{"uv":[5.625,6.625,5.796875,7.0625],"rotation":0,"texture":"#0","tintindex":0},"south":{"uv":[1.0,5.125,1.0234375,5.5625],"rotation":0,"texture":"#0","tintindex":0},"north":{"uv":[1.09375,4.75,1.1171875,5.1875],"rotation":0,"texture":"#0","tintindex":0},"west":{"uv":[5.8125,6.625,5.984375,7.0625],"rotation":0,"texture":"#0","tintindex":0},"up":{"uv":[4.0859375,2.296875,4.0625,2.125],"rotation":0,"texture":"#0","tintindex":0},"down":{"uv":[1.1171875,5.1875,1.09375,5.359375],"rotation":0,"texture":"#0","tintindex":0}}},{"from":[0.9285712,8.642858,-3.000001],"to":[15.071428,11.928572,10.142858],"rotation":{"angle":0.0,"axis":"y","origin":[8.0,15.142858,-0.2857151]},"faces":{"east":{"uv":[6.375,5.53125,7.09375,5.7109375],"rotation":0,"texture":"#0","tintindex":0},"south":{"uv":[6.09375,2.3125,6.8671875,2.4921875],"rotation":0,"texture":"#0","tintindex":0},"north":{"uv":[5.96875,2.8125,6.7421875,2.9921875],"rotation":0,"texture":"#0","tintindex":0},"west":{"uv":[6.0625,6.375,6.78125,6.5546875],"rotation":0,"texture":"#0","tintindex":0},"up":{"uv":[3.9296875,5.375,3.15625,4.65625],"rotation":0,"texture":"#0","tintindex":0},"down":{"uv":[2.5234375,4.90625,1.75,5.625],"rotation":0,"texture":"#0","tintindex":0}}}],"display":{"head":{"translation":[0.0,-6.4,0.0],"scale":[4.0,4.0,4.0]}}}