{"textures":{"0":"modelengine:entity/alligatorboss"},"elements":[{"from":[7.625,7.3441596,8.991984],"to":[8.375,14.219159,27.866985],"faces":{"east":{"uv":[5.5,4.75,6.6796875,5.1796875],"tintindex":0,"rotation":0,"texture":"#0"},"south":{"uv":[2.125,7.0625,2.171875,7.4921875],"tintindex":0,"rotation":0,"texture":"#0"},"north":{"uv":[2.0625,7.0625,2.109375,7.4921875],"tintindex":0,"rotation":0,"texture":"#0"},"west":{"uv":[5.53125,0.0,6.7109375,0.4296875],"tintindex":0,"rotation":0,"texture":"#0"},"up":{"uv":[0.046875,8.1484375,0.0,6.96875],"tintindex":0,"rotation":0,"texture":"#0"},"down":{"uv":[0.109375,6.96875,0.0625,8.1484375],"tintindex":0,"rotation":0,"texture":"#0"}}},{"from":[3.0,4.3125,6.1875],"to":[13.0,11.6875,27.9375],"faces":{"east":{"uv":[4.71875,1.625,6.078125,2.0859375],"tintindex":0,"rotation":0,"texture":"#0"},"south":{"uv":[5.9375,0.4375,6.5625,0.8984375],"tintindex":0,"rotation":0,"texture":"#0"},"north":{"uv":[2.53125,4.90625,3.15625,5.3671875],"tintindex":0,"rotation":0,"texture":"#0"},"west":{"uv":[4.71875,2.09375,6.078125,2.5546875],"tintindex":0,"rotation":0,"texture":"#0"},"up":{"uv":[4.71875,2.984375,4.09375,1.625],"tintindex":0,"rotation":0,"texture":"#0"},"down":{"uv":[1.75,4.28125,1.125,5.640625],"tintindex":0,"rotation":0,"texture":"#0"}}}]}