{"textures":{"0":"modelengine:entity/alligatorboss"},"elements":[{"from":[4.625,-6.25,4.5],"to":[11.375,8.25,11.5],"faces":{"east":{"uv":[3.0625,1.03125,3.28125,1.484375],"tintindex":0,"rotation":0,"texture":"#0"},"south":{"uv":[3.09375,6.5,3.3046875,6.953125],"tintindex":0,"rotation":0,"texture":"#0"},"north":{"uv":[2.875,6.5,3.0859375,6.953125],"tintindex":0,"rotation":0,"texture":"#0"},"west":{"uv":[0.78125,5.125,1.0,5.578125],"tintindex":0,"rotation":0,"texture":"#0"},"up":{"uv":[3.5859375,1.03125,3.375,0.8125],"tintindex":0,"rotation":0,"texture":"#0"},"down":{"uv":[3.8046875,0.8125,3.59375,1.03125],"tintindex":0,"rotation":0,"texture":"#0"}}}]}