{"textures":{"0":"modelengine:entity/alligatorboss"},"elements":[{"from":[5.125,-6.25,5.0],"to":[10.875,8.25,11.0],"faces":{"east":{"uv":[0.875,6.59375,1.0625,7.046875],"tintindex":0,"rotation":0,"texture":"#0"},"south":{"uv":[3.90625,6.59375,4.0859375,7.046875],"tintindex":0,"rotation":0,"texture":"#0"},"north":{"uv":[3.71875,6.59375,3.8984375,7.046875],"tintindex":0,"rotation":0,"texture":"#0"},"west":{"uv":[1.0625,6.59375,1.25,7.046875],"tintindex":0,"rotation":0,"texture":"#0"},"up":{"uv":[1.9921875,7.25,1.8125,7.0625],"tintindex":0,"rotation":0,"texture":"#0"},"down":{"uv":[7.2421875,1.96875,7.0625,2.15625],"tintindex":0,"rotation":0,"texture":"#0"}}}]}