{"textures":{"0":"modelengine:entity/alligatorboss"},"elements":[{"from":[6.357143,-0.14285755,6.285714],"to":[9.642858,8.142858,9.714286],"rotation":{"angle":0.0,"axis":"y","origin":[7.928571,5.8571424,8.0]},"faces":{"east":{"uv":[0.5,6.59375,0.6875,7.046875],"rotation":0,"texture":"#0","tintindex":0},"south":{"uv":[2.1875,6.59375,2.3671875,7.046875],"rotation":0,"texture":"#0","tintindex":0},"north":{"uv":[2.0,6.59375,2.1796875,7.046875],"rotation":0,"texture":"#0","tintindex":0},"west":{"uv":[0.6875,6.59375,0.875,7.046875],"rotation":0,"texture":"#0","tintindex":0},"up":{"uv":[1.8046875,7.25,1.625,7.0625],"rotation":0,"texture":"#0","tintindex":0},"down":{"uv":[7.2421875,1.78125,7.0625,1.96875],"rotation":0,"texture":"#0","tintindex":0}}}],"display":{"head":{"translation":[0.0,-6.4,0.0],"scale":[4.0,4.0,4.0]}}}