{"textures":{"0":"modelengine:entity/alligatorboss"},"elements":[{"from":[7.225,11.32271,-12.031315],"to":[8.725,25.072712,25.718685],"faces":{"east":{"uv":[5.5,3.0,6.6796875,3.4296875],"tintindex":0,"rotation":0,"texture":"#0"},"south":{"uv":[6.5,7.03125,6.546875,7.4609375],"tintindex":0,"rotation":0,"texture":"#0"},"north":{"uv":[0.6875,5.84375,0.734375,6.2734375],"tintindex":0,"rotation":0,"texture":"#0"},"west":{"uv":[5.5,3.4375,6.6796875,3.8671875],"tintindex":0,"rotation":0,"texture":"#0"},"up":{"uv":[4.140625,7.7734375,4.09375,6.59375],"tintindex":0,"rotation":0,"texture":"#0"},"down":{"uv":[4.203125,6.59375,4.15625,7.7734375],"tintindex":0,"rotation":0,"texture":"#0"}}},{"from":[-9.625,-4.75,-9.5],"to":[25.625,20.75,22.5],"faces":{"east":{"uv":[4.5,3.625,5.5,4.421875],"tintindex":0,"rotation":0,"texture":"#0"},"south":{"uv":[4.03125,0.8125,5.1328125,1.609375],"tintindex":0,"rotation":0,"texture":"#0"},"north":{"uv":[3.375,3.84375,4.4765625,4.640625],"tintindex":0,"rotation":0,"texture":"#0"},"west":{"uv":[4.5,4.4375,5.5,5.234375],"tintindex":0,"rotation":0,"texture":"#0"},"up":{"uv":[2.2265625,3.46875,1.125,2.46875],"tintindex":0,"rotation":0,"texture":"#0"},"down":{"uv":[3.3515625,2.46875,2.25,3.46875],"tintindex":0,"rotation":0,"texture":"#0"}}}]}