{"textures":{"0":"modelengine:entity/alligatorboss"},"elements":[{"from":[7.5571427,9.898691,-3.4464674],"to":[8.414286,17.755835,18.124962],"rotation":{"angle":0.0,"axis":"y","origin":[6.2,15.811268,3.7796144]},"faces":{"east":{"uv":[5.5,3.0,6.6796875,3.4296875],"rotation":0,"texture":"#0","tintindex":0},"south":{"uv":[6.5,7.03125,6.546875,7.4609375],"rotation":0,"texture":"#0","tintindex":0},"north":{"uv":[0.6875,5.84375,0.734375,6.2734375],"rotation":0,"texture":"#0","tintindex":0},"west":{"uv":[5.5,3.4375,6.6796875,3.8671875],"rotation":0,"texture":"#0","tintindex":0},"up":{"uv":[4.140625,7.7734375,4.09375,6.59375],"rotation":0,"texture":"#0","tintindex":0},"down":{"uv":[4.203125,6.59375,4.15625,7.7734375],"rotation":0,"texture":"#0","tintindex":0}}},{"from":[-2.0714293,0.7142854,-2.0],"to":[18.07143,15.285715,16.285715],"rotation":{"angle":0.0,"axis":"y","origin":[6.0,-4.0714293,1.1428566]},"faces":{"east":{"uv":[4.5,3.625,5.5,4.421875],"rotation":0,"texture":"#0","tintindex":0},"south":{"uv":[4.03125,0.8125,5.1328125,1.609375],"rotation":0,"texture":"#0","tintindex":0},"north":{"uv":[3.375,3.84375,4.4765625,4.640625],"rotation":0,"texture":"#0","tintindex":0},"west":{"uv":[4.5,4.4375,5.5,5.234375],"rotation":0,"texture":"#0","tintindex":0},"up":{"uv":[2.2265625,3.46875,1.125,2.46875],"rotation":0,"texture":"#0","tintindex":0},"down":{"uv":[3.3515625,2.46875,2.25,3.46875],"rotation":0,"texture":"#0","tintindex":0}}}],"display":{"head":{"translation":[0.0,-6.4,0.0],"scale":[4.0,4.0,4.0]}}}