{"textures":{"0":"modelengine:entity/alligatorboss"},"elements":[{"from":[-9.625,-4.75,-6.5],"to":[25.625,20.75,25.75],"faces":{"east":{"uv":[0.0,4.3125,1.0078125,5.109375],"tintindex":0,"rotation":0,"texture":"#0"},"south":{"uv":[0.0,3.5,1.1015625,4.296875],"tintindex":0,"rotation":0,"texture":"#0"},"north":{"uv":[2.25,3.46875,3.3515625,4.265625],"tintindex":0,"rotation":0,"texture":"#0"},"west":{"uv":[4.5,0.0,5.5078125,0.796875],"tintindex":0,"rotation":0,"texture":"#0"},"up":{"uv":[3.3515625,1.0078125,2.25,0.0],"tintindex":0,"rotation":0,"texture":"#0"},"down":{"uv":[1.1015625,2.46875,0.0,3.4765625],"tintindex":0,"rotation":0,"texture":"#0"}}},{"from":[7.225,10.706781,-10.888306],"to":[8.725,24.456783,28.861694],"faces":{"east":{"uv":[4.71875,2.5625,5.9609375,2.9921875],"tintindex":0,"rotation":0,"texture":"#0"},"south":{"uv":[3.84375,5.375,3.890625,5.8046875],"tintindex":0,"rotation":0,"texture":"#0"},"north":{"uv":[3.78125,5.375,3.828125,5.8046875],"tintindex":0,"rotation":0,"texture":"#0"},"west":{"uv":[2.53125,5.375,3.7734375,5.8046875],"tintindex":0,"rotation":0,"texture":"#0"},"up":{"uv":[1.078125,5.5546875,1.03125,4.3125],"tintindex":0,"rotation":0,"texture":"#0"},"down":{"uv":[2.421875,6.59375,2.375,7.8359375],"tintindex":0,"rotation":0,"texture":"#0"}}}]}