{"textures":{"0":"modelengine:entity/alligatorboss"},"elements":[{"from":[4.125,-1.75,4.0],"to":[11.625,8.0,11.5],"faces":{"east":{"uv":[6.65625,6.0625,6.890625,6.3671875],"tintindex":0,"rotation":0,"texture":"#0"},"south":{"uv":[6.6875,1.21875,6.921875,1.5234375],"tintindex":0,"rotation":0,"texture":"#0"},"north":{"uv":[6.65625,0.90625,6.890625,1.2109375],"tintindex":0,"rotation":0,"texture":"#0"},"west":{"uv":[6.6875,3.0,6.921875,3.3046875],"tintindex":0,"rotation":0,"texture":"#0"},"up":{"uv":[0.359375,7.203125,0.125,6.96875],"tintindex":0,"rotation":0,"texture":"#0"},"down":{"uv":[2.671875,6.96875,2.4375,7.203125],"tintindex":0,"rotation":0,"texture":"#0"}}}]}