{"textures":{"0":"modelengine:entity/alligatorboss"},"elements":[{"from":[4.125,-1.75,4.0],"to":[11.625,8.0,11.5],"faces":{"east":{"uv":[6.625,6.5625,6.859375,6.8671875],"tintindex":0,"rotation":0,"texture":"#0"},"south":{"uv":[0.0,6.65625,0.234375,6.9609375],"tintindex":0,"rotation":0,"texture":"#0"},"north":{"uv":[5.53125,0.4375,5.765625,0.7421875],"tintindex":0,"rotation":0,"texture":"#0"},"west":{"uv":[0.25,6.65625,0.484375,6.9609375],"tintindex":0,"rotation":0,"texture":"#0"},"up":{"uv":[7.171875,5.046875,6.9375,4.8125],"tintindex":0,"rotation":0,"texture":"#0"},"down":{"uv":[7.203125,0.0,6.96875,0.234375],"tintindex":0,"rotation":0,"texture":"#0"}}}]}