{"textures":{"0":"modelengine:entity/alligatorboss"},"elements":[{"from":[5.785714,2.4285712,5.714286],"to":[10.071428,8.0,10.0],"rotation":{"angle":0.0,"axis":"y","origin":[8.0,5.642857,8.0]},"faces":{"east":{"uv":[6.625,6.5625,6.859375,6.8671875],"rotation":0,"texture":"#0","tintindex":0},"south":{"uv":[0.0,6.65625,0.234375,6.9609375],"rotation":0,"texture":"#0","tintindex":0},"north":{"uv":[5.53125,0.4375,5.765625,0.7421875],"rotation":0,"texture":"#0","tintindex":0},"west":{"uv":[0.25,6.65625,0.484375,6.9609375],"rotation":0,"texture":"#0","tintindex":0},"up":{"uv":[7.171875,5.046875,6.9375,4.8125],"rotation":0,"texture":"#0","tintindex":0},"down":{"uv":[7.203125,0.0,6.96875,0.234375],"rotation":0,"texture":"#0","tintindex":0}}}],"display":{"head":{"translation":[0.0,-6.4,0.0],"scale":[4.0,4.0,4.0]}}}