{"textures":{"0":"modelengine:entity/alligatorboss"},"elements":[{"from":[-4.625,1.125,-5.6500015],"to":[20.625,22.875,19.650002],"faces":{"east":{"uv":[2.46875,5.8125,3.0703125,6.4921875],"tintindex":0,"rotation":0,"texture":"#0"},"south":{"uv":[4.75,5.25,5.5390625,5.9296875],"tintindex":0,"rotation":0,"texture":"#0"},"north":{"uv":[3.9375,5.25,4.7265625,5.9296875],"tintindex":0,"rotation":0,"texture":"#0"},"west":{"uv":[3.09375,5.8125,3.6953125,6.4921875],"tintindex":0,"rotation":0,"texture":"#0"},"up":{"uv":[3.0390625,1.6328125,2.25,1.03125],"tintindex":0,"rotation":0,"texture":"#0"},"down":{"uv":[6.3515625,5.1875,5.5625,5.7890625],"tintindex":0,"rotation":0,"texture":"#0"}}}]}