{"textures":{"0":"modelengine:entity/alligatorboss"},"elements":[{"from":[5.714286,3.4285712,5.714286],"to":[10.285714,8.0,10.285714],"rotation":{"angle":0.0,"axis":"y","origin":[8.0,7.5714283,8.0]},"faces":{"east":{"uv":[6.78125,0.3125,7.03125,0.5625],"rotation":0,"texture":"#0","tintindex":0},"south":{"uv":[6.78125,0.5625,7.03125,0.8125],"rotation":0,"texture":"#0","tintindex":0},"north":{"uv":[6.6875,1.53125,6.9375,1.78125],"rotation":0,"texture":"#0","tintindex":0},"west":{"uv":[6.8125,1.78125,7.0625,2.03125],"rotation":0,"texture":"#0","tintindex":0},"up":{"uv":[7.0625,2.28125,6.8125,2.03125],"rotation":0,"texture":"#0","tintindex":0},"down":{"uv":[7.0625,5.1875,6.8125,5.4375],"rotation":0,"texture":"#0","tintindex":0}}}],"display":{"head":{"translation":[0.0,-6.4,0.0],"scale":[4.0,4.0,4.0]}}}