{"textures":{"0":"modelengine:entity/alligatorboss"},"elements":[{"from":[5.714286,3.4285712,5.714286],"to":[10.285714,8.0,10.285714],"rotation":{"angle":0.0,"axis":"y","origin":[8.0,7.5714283,8.0]},"faces":{"east":{"uv":[6.9375,3.5625,7.1875,3.8125],"rotation":0,"texture":"#0","tintindex":0},"south":{"uv":[6.9375,3.8125,7.1875,4.0625],"rotation":0,"texture":"#0","tintindex":0},"north":{"uv":[6.9375,3.3125,7.1875,3.5625],"rotation":0,"texture":"#0","tintindex":0},"west":{"uv":[6.9375,4.0625,7.1875,4.3125],"rotation":0,"texture":"#0","tintindex":0},"up":{"uv":[7.1875,4.5625,6.9375,4.3125],"rotation":0,"texture":"#0","tintindex":0},"down":{"uv":[7.1875,4.5625,6.9375,4.8125],"rotation":0,"texture":"#0","tintindex":0}}}],"display":{"head":{"translation":[0.0,-6.4,0.0],"scale":[4.0,4.0,4.0]}}}