{"textures":{"0":"modelengine:entity/alligatorboss"},"elements":[{"from":[-5.125,14.625,-11.25],"to":[-4.375,28.625,-5.75],"faces":{"east":{"uv":[5.625,6.625,5.796875,7.0625],"tintindex":0,"rotation":0,"texture":"#0"},"south":{"uv":[1.0,5.125,1.0234375,5.5625],"tintindex":0,"rotation":0,"texture":"#0"},"north":{"uv":[1.09375,4.75,1.1171875,5.1875],"tintindex":0,"rotation":0,"texture":"#0"},"west":{"uv":[5.8125,6.625,5.984375,7.0625],"tintindex":0,"rotation":0,"texture":"#0"},"up":{"uv":[4.0859375,2.296875,4.0625,2.125],"tintindex":0,"rotation":0,"texture":"#0"},"down":{"uv":[1.1171875,5.1875,1.09375,5.359375],"tintindex":0,"rotation":0,"texture":"#0"}}},{"from":[-4.375,9.125,-11.25],"to":[20.375,14.875,11.75],"faces":{"east":{"uv":[6.375,5.53125,7.09375,5.7109375],"tintindex":0,"rotation":0,"texture":"#0"},"south":{"uv":[6.09375,2.3125,6.8671875,2.4921875],"tintindex":0,"rotation":0,"texture":"#0"},"north":{"uv":[5.96875,2.8125,6.7421875,2.9921875],"tintindex":0,"rotation":0,"texture":"#0"},"west":{"uv":[6.0625,6.375,6.78125,6.5546875],"tintindex":0,"rotation":0,"texture":"#0"},"up":{"uv":[3.9296875,5.375,3.15625,4.65625],"tintindex":0,"rotation":0,"texture":"#0"},"down":{"uv":[2.5234375,4.90625,1.75,5.625],"tintindex":0,"rotation":0,"texture":"#0"}}},{"from":[20.375,14.625,-11.25],"to":[21.125,28.625,-5.75],"faces":{"east":{"uv":[0.5,5.84375,0.671875,6.28125],"tintindex":0,"rotation":0,"texture":"#0"},"south":{"uv":[1.09375,4.3125,1.1171875,4.75],"tintindex":0,"rotation":0,"texture":"#0"},"north":{"uv":[3.28125,1.03125,3.3046875,1.46875],"tintindex":0,"rotation":0,"texture":"#0"},"west":{"uv":[5.4375,6.625,5.609375,7.0625],"tintindex":0,"rotation":0,"texture":"#0"},"up":{"uv":[3.3046875,1.640625,3.28125,1.46875],"tintindex":0,"rotation":0,"texture":"#0"},"down":{"uv":[4.0546875,2.125,4.03125,2.296875],"tintindex":0,"rotation":0,"texture":"#0"}}}]}