{"textures":{"0":"modelengine:entity/alligatorboss"},"elements":[{"from":[7.625,8.53166,8.929484],"to":[8.375,15.406659,27.804485],"faces":{"east":{"uv":[5.5,3.875,6.6796875,4.3046875],"tintindex":0,"rotation":0,"texture":"#0"},"south":{"uv":[2.0,7.0625,2.046875,7.4921875],"tintindex":0,"rotation":0,"texture":"#0"},"north":{"uv":[6.5625,7.03125,6.609375,7.4609375],"tintindex":0,"rotation":0,"texture":"#0"},"west":{"uv":[5.5,4.3125,6.6796875,4.7421875],"tintindex":0,"rotation":0,"texture":"#0"},"up":{"uv":[6.046875,7.8046875,6.0,6.625],"tintindex":0,"rotation":0,"texture":"#0"},"down":{"uv":[5.390625,6.875,5.34375,8.0546875],"tintindex":0,"rotation":0,"texture":"#0"}}},{"from":[2.25,3.125,5.625],"to":[13.75,12.875,27.875],"faces":{"east":{"uv":[4.09375,3.0,5.484375,3.609375],"tintindex":0,"rotation":0,"texture":"#0"},"south":{"uv":[0.78125,5.65625,1.5,6.265625],"tintindex":0,"rotation":0,"texture":"#0"},"north":{"uv":[1.75,5.625,2.46875,6.234375],"tintindex":0,"rotation":0,"texture":"#0"},"west":{"uv":[1.75,4.28125,3.140625,4.890625],"tintindex":0,"rotation":0,"texture":"#0"},"up":{"uv":[4.03125,2.421875,3.3125,1.03125],"tintindex":0,"rotation":0,"texture":"#0"},"down":{"uv":[4.09375,2.4375,3.375,3.828125],"tintindex":0,"rotation":0,"texture":"#0"}}}]}