{"textures":{"0":"modelengine:entity/alligatorboss"},"elements":[{"from":[6.0714283,-0.14285755,6.0],"to":[9.928572,8.142858,10.0],"rotation":{"angle":0.0,"axis":"y","origin":[7.928571,5.8571424,8.0]},"faces":{"east":{"uv":[3.0625,1.03125,3.28125,1.484375],"rotation":0,"texture":"#0","tintindex":0},"south":{"uv":[3.09375,6.5,3.3046875,6.953125],"rotation":0,"texture":"#0","tintindex":0},"north":{"uv":[2.875,6.5,3.0859375,6.953125],"rotation":0,"texture":"#0","tintindex":0},"west":{"uv":[0.78125,5.125,1.0,5.578125],"rotation":0,"texture":"#0","tintindex":0},"up":{"uv":[3.5859375,1.03125,3.375,0.8125],"rotation":0,"texture":"#0","tintindex":0},"down":{"uv":[3.8046875,0.8125,3.59375,1.03125],"rotation":0,"texture":"#0","tintindex":0}}}],"display":{"head":{"translation":[0.0,-6.4,0.0],"scale":[4.0,4.0,4.0]}}}