{"textures":{"6":"modelengine:entity/gattlingturret"},"elements":[{"from":[3.7780552,4.3637695,3.885594],"to":[12.221945,11.63623,12.114407],"rotation":{"angle":0.0,"axis":"y","origin":[8.210276,-19.938633,-5.944833]},"faces":{"east":{"uv":[2.25,1.75,3.15625,2.546875],"rotation":0,"texture":"#6","tintindex":0},"south":{"uv":[2.25,0.9375,3.171875,1.734375],"rotation":0,"texture":"#6","tintindex":0},"north":{"uv":[0.9375,2.25,1.859375,3.046875],"rotation":0,"texture":"#6","tintindex":0},"west":{"uv":[1.875,2.5625,2.78125,3.359375],"rotation":0,"texture":"#6","tintindex":0},"up":{"uv":[0.921875,3.15625,0.0,2.25],"rotation":0,"texture":"#6","tintindex":0},"down":{"uv":[3.171875,0.0,2.25,0.90625],"rotation":0,"texture":"#6","tintindex":0}}}],"display":{"head":{"translation":[0.0,-6.4,0.0],"scale":[4.0,4.0,4.0]}}}