{"textures":{"8":"modelengine:entity/bluejamballs"},"elements":[{"from":[7.9690742,7.6328273,7.4901943],"to":[10.608068,8.601459,8.509806],"rotation":{"angle":0.0,"axis":"y","origin":[9.288571,8.117143,8.0]},"faces":{"east":{"uv":[7.25,12.75,7.390625,12.875],"rotation":0,"texture":"#8","tintindex":0},"south":{"uv":[1.0,6.8125,1.359375,6.9375],"rotation":0,"texture":"#8","tintindex":0},"north":{"uv":[3.875,2.625,4.234375,2.75],"rotation":0,"texture":"#8","tintindex":0},"west":{"uv":[12.75,8.3125,12.890625,8.4375],"rotation":0,"texture":"#8","tintindex":0},"up":{"uv":[12.359375,0.265625,12.0,0.125],"rotation":0,"texture":"#8","tintindex":0},"down":{"uv":[12.359375,3.75,12.0,3.890625],"rotation":0,"texture":"#8","tintindex":0}}}],"display":{"head":{"translation":[0.0,-6.4,0.0],"scale":[4.0,4.0,4.0]}}}