{"textures":{"8":"modelengine:entity/bluejamballs"},"elements":[{"from":[5.3919315,7.6328273,7.4901943],"to":[8.030926,8.601459,8.509806],"rotation":{"angle":0.0,"axis":"y","origin":[6.7114286,8.117143,8.0]},"faces":{"east":{"uv":[12.75,12.75,12.890625,12.875],"rotation":0,"texture":"#8","tintindex":0},"south":{"uv":[3.25,7.8125,3.609375,7.9375],"rotation":0,"texture":"#8","tintindex":0},"north":{"uv":[7.5625,0.9375,7.921875,1.0625],"rotation":0,"texture":"#8","tintindex":0},"west":{"uv":[12.8125,0.3125,12.953125,0.4375],"rotation":0,"texture":"#8","tintindex":0},"up":{"uv":[12.359375,5.203125,12.0,5.0625],"rotation":0,"texture":"#8","tintindex":0},"down":{"uv":[12.359375,6.4375,12.0,6.578125],"rotation":0,"texture":"#8","tintindex":0}}}],"display":{"head":{"translation":[0.0,-6.4,0.0],"scale":[4.0,4.0,4.0]}}}