{"textures":{"8":"modelengine:entity/bluejamballs"},"elements":[{"from":[7.835063,7.5156846,7.4901943],"to":[10.039223,8.484316,8.509806],"rotation":{"angle":0.0,"axis":"y","origin":[-13.051979,28.119333,4.665271]},"faces":{"east":{"uv":[9.375,12.75,9.515625,12.875],"rotation":0,"texture":"#8","tintindex":0},"south":{"uv":[12.25,4.9375,12.546875,5.0625],"rotation":0,"texture":"#8","tintindex":0},"north":{"uv":[4.8125,12.25,5.109375,12.375],"rotation":0,"texture":"#8","tintindex":0},"west":{"uv":[12.75,9.875,12.890625,10.0],"rotation":0,"texture":"#8","tintindex":0},"up":{"uv":[1.359375,12.328125,1.0625,12.1875],"rotation":0,"texture":"#8","tintindex":0},"down":{"uv":[1.671875,12.1875,1.375,12.328125],"rotation":0,"texture":"#8","tintindex":0}}}],"display":{"head":{"translation":[0.0,-6.4,0.0],"scale":[4.0,4.0,4.0]}}}