{"textures":{"8":"modelengine:entity/bluejamballs"},"elements":[{"from":[7.3162603,7.7435975,7.7435975],"to":[8.68374,8.085467,8.256402],"rotation":{"angle":0.0,"axis":"y","origin":[8.0,8.0,8.0]},"faces":{"east":{"uv":[4.3125,13.375,4.375,13.421875],"rotation":0,"texture":"#8","tintindex":0},"south":{"uv":[13.1875,4.75,13.375,4.796875],"rotation":0,"texture":"#8","tintindex":0},"north":{"uv":[4.6875,13.1875,4.875,13.234375],"rotation":0,"texture":"#8","tintindex":0},"west":{"uv":[13.375,4.3125,13.4375,4.359375],"rotation":0,"texture":"#8","tintindex":0},"up":{"uv":[13.25,6.75,13.0625,6.6875],"rotation":0,"texture":"#8","tintindex":0},"down":{"uv":[13.25,6.75,13.0625,6.8125],"rotation":0,"texture":"#8","tintindex":0}}}],"display":{"head":{"translation":[0.0,-6.4,0.0],"scale":[4.0,4.0,4.0]}}}