{"textures":{"8":"modelengine:entity/bluejamballs"},"elements":[{"from":[7.8352427,6.929078,7.7528644],"to":[8.164757,7.2585926,8.082378],"rotation":{"angle":0.0,"axis":"y","origin":[8.0,8.0,8.0]},"faces":{"east":{"uv":[13.4375,1.9375,13.484375,1.984375],"rotation":0,"texture":"#8","tintindex":0},"south":{"uv":[13.4375,2.0,13.484375,2.046875],"rotation":0,"texture":"#8","tintindex":0},"north":{"uv":[13.4375,1.875,13.484375,1.921875],"rotation":0,"texture":"#8","tintindex":0},"west":{"uv":[13.4375,2.0625,13.484375,2.109375],"rotation":0,"texture":"#8","tintindex":0},"up":{"uv":[13.484375,2.171875,13.4375,2.125],"rotation":0,"texture":"#8","tintindex":0},"down":{"uv":[13.484375,2.1875,13.4375,2.234375],"rotation":0,"texture":"#8","tintindex":0}}},{"from":[7.8352427,8.247136,7.42335],"to":[8.164757,8.576651,8.082378],"rotation":{"angle":0.0,"axis":"y","origin":[8.0,8.0,8.0]},"faces":{"east":{"uv":[13.3125,7.0,13.40625,7.046875],"rotation":0,"texture":"#8","tintindex":0},"south":{"uv":[13.4375,1.75,13.484375,1.796875],"rotation":0,"texture":"#8","tintindex":0},"north":{"uv":[13.4375,1.6875,13.484375,1.734375],"rotation":0,"texture":"#8","tintindex":0},"west":{"uv":[13.3125,7.5,13.40625,7.546875],"rotation":0,"texture":"#8","tintindex":0},"up":{"uv":[13.359375,7.65625,13.3125,7.5625],"rotation":0,"texture":"#8","tintindex":0},"down":{"uv":[7.921875,13.3125,7.875,13.40625],"rotation":0,"texture":"#8","tintindex":0}}},{"from":[7.8352427,7.9176216,8.082378],"to":[8.164757,8.906165,8.411893],"rotation":{"angle":0.0,"axis":"y","origin":[8.0,8.0,8.0]},"faces":{"east":{"uv":[13.25,6.0625,13.296875,6.1875],"rotation":0,"texture":"#8","tintindex":0},"south":{"uv":[13.25,6.3125,13.296875,6.4375],"rotation":0,"texture":"#8","tintindex":0},"north":{"uv":[5.875,13.25,5.921875,13.375],"rotation":0,"texture":"#8","tintindex":0},"west":{"uv":[6.5,13.25,6.546875,13.375],"rotation":0,"texture":"#8","tintindex":0},"up":{"uv":[3.171875,13.484375,3.125,13.4375],"rotation":0,"texture":"#8","tintindex":0},"down":{"uv":[13.484375,3.125,13.4375,3.171875],"rotation":0,"texture":"#8","tintindex":0}}},{"from":[7.8352427,7.2585926,7.7528644],"to":[8.164757,7.9176216,8.082378],"rotation":{"angle":0.0,"axis":"y","origin":[8.0,8.0,8.0]},"faces":{"east":{"uv":[9.5,13.3125,9.546875,13.40625],"rotation":0,"texture":"#8","tintindex":0},"south":{"uv":[13.3125,9.5,13.359375,9.59375],"rotation":0,"texture":"#8","tintindex":0},"north":{"uv":[13.3125,9.375,13.359375,9.46875],"rotation":0,"texture":"#8","tintindex":0},"west":{"uv":[9.5625,13.3125,9.609375,13.40625],"rotation":0,"texture":"#8","tintindex":0},"up":{"uv":[13.484375,2.671875,13.4375,2.625],"rotation":0,"texture":"#8","tintindex":0},"down":{"uv":[13.484375,2.6875,13.4375,2.734375],"rotation":0,"texture":"#8","tintindex":0}}},{"from":[7.8352427,8.576651,7.7528644],"to":[8.164757,9.23568,8.082378],"rotation":{"angle":0.0,"axis":"y","origin":[8.0,8.0,8.0]},"faces":{"east":{"uv":[13.3125,9.75,13.359375,9.84375],"rotation":0,"texture":"#8","tintindex":0},"south":{"uv":[13.3125,9.875,13.359375,9.96875],"rotation":0,"texture":"#8","tintindex":0},"north":{"uv":[13.3125,9.625,13.359375,9.71875],"rotation":0,"texture":"#8","tintindex":0},"west":{"uv":[13.3125,10.0,13.359375,10.09375],"rotation":0,"texture":"#8","tintindex":0},"up":{"uv":[3.234375,13.484375,3.1875,13.4375],"rotation":0,"texture":"#8","tintindex":0},"down":{"uv":[3.359375,13.4375,3.3125,13.484375],"rotation":0,"texture":"#8","tintindex":0}}},{"from":[7.8352427,7.9176216,7.7528644],"to":[8.164757,8.247136,8.082378],"rotation":{"angle":0.0,"axis":"y","origin":[8.0,8.0,8.0]},"faces":{"east":{"uv":[13.4375,2.8125,13.484375,2.859375],"rotation":0,"texture":"#8","tintindex":0},"south":{"uv":[2.9375,13.4375,2.984375,13.484375],"rotation":0,"texture":"#8","tintindex":0},"north":{"uv":[13.4375,2.75,13.484375,2.796875],"rotation":0,"texture":"#8","tintindex":0},"west":{"uv":[13.4375,2.9375,13.484375,2.984375],"rotation":0,"texture":"#8","tintindex":0},"up":{"uv":[13.484375,3.046875,13.4375,3.0],"rotation":0,"texture":"#8","tintindex":0},"down":{"uv":[13.484375,3.0625,13.4375,3.109375],"rotation":0,"texture":"#8","tintindex":0}}},{"from":[7.8352427,6.929078,8.082378],"to":[8.164757,7.588107,8.411893],"rotation":{"angle":0.0,"axis":"y","origin":[8.0,8.0,8.0]},"faces":{"east":{"uv":[8.125,13.3125,8.171875,13.40625],"rotation":0,"texture":"#8","tintindex":0},"south":{"uv":[13.3125,8.125,13.359375,8.21875],"rotation":0,"texture":"#8","tintindex":0},"north":{"uv":[13.3125,8.0,13.359375,8.09375],"rotation":0,"texture":"#8","tintindex":0},"west":{"uv":[13.3125,8.25,13.359375,8.34375],"rotation":0,"texture":"#8","tintindex":0},"up":{"uv":[1.859375,13.484375,1.8125,13.4375],"rotation":0,"texture":"#8","tintindex":0},"down":{"uv":[13.484375,1.8125,13.4375,1.859375],"rotation":0,"texture":"#8","tintindex":0}}}],"display":{"head":{"translation":[0.0,-6.4,0.0],"scale":[4.0,4.0,4.0]}}}