{"textures":{"8":"modelengine:entity/bluejamballs"},"elements":[{"from":[6.103223,7.7499704,7.4901943],"to":[8.022491,8.718601,8.509806],"rotation":{"angle":0.0,"axis":"y","origin":[28.684616,28.353619,3.6756477]},"faces":{"east":{"uv":[2.1875,12.8125,2.328125,12.9375],"rotation":0,"texture":"#8","tintindex":0},"south":{"uv":[6.375,9.0625,6.625,9.1875],"rotation":0,"texture":"#8","tintindex":0},"north":{"uv":[7.9375,0.9375,8.1875,1.0625],"rotation":0,"texture":"#8","tintindex":0},"west":{"uv":[4.5625,12.8125,4.703125,12.9375],"rotation":0,"texture":"#8","tintindex":0},"up":{"uv":[12.6875,11.015625,12.4375,10.875],"rotation":0,"texture":"#8","tintindex":0},"down":{"uv":[1.3125,12.5,1.0625,12.640625],"rotation":0,"texture":"#8","tintindex":0}}}],"display":{"head":{"translation":[0.0,-6.4,0.0],"scale":[4.0,4.0,4.0]}}}