{"textures":{"8":"modelengine:entity/bluejamballs"},"elements":[{"from":[12.3633375,12.798172,0.9060569],"to":[17.671314,13.173029,8.299886],"rotation":{"angle":0.0,"axis":"y","origin":[8.0,8.0,8.0]},"faces":{"east":{"uv":[12.125,6.0625,13.03125,6.109375],"rotation":0,"texture":"#8","tintindex":0},"south":{"uv":[12.5,7.625,13.203125,7.671875],"rotation":0,"texture":"#8","tintindex":0},"north":{"uv":[12.5,7.5625,13.203125,7.609375],"rotation":0,"texture":"#8","tintindex":0},"west":{"uv":[12.125,6.125,13.03125,6.171875],"rotation":0,"texture":"#8","tintindex":0},"up":{"uv":[8.140625,1.96875,7.4375,1.0625],"rotation":0,"texture":"#8","tintindex":0},"down":{"uv":[8.265625,0.0,7.5625,0.90625],"rotation":0,"texture":"#8","tintindex":0}}},{"from":[12.3633375,12.32,0.9060569],"to":[17.671314,12.798172,2.0772567],"rotation":{"angle":0.0,"axis":"y","origin":[8.0,8.0,8.0]},"faces":{"east":{"uv":[13.0625,8.875,13.140625,9.015625],"rotation":0,"texture":"#8","tintindex":0},"south":{"uv":[11.5,4.1875,12.203125,4.328125],"rotation":0,"texture":"#8","tintindex":0},"north":{"uv":[11.5,3.0625,12.203125,3.203125],"rotation":0,"texture":"#8","tintindex":0},"west":{"uv":[13.0625,9.0625,13.140625,9.203125],"rotation":0,"texture":"#8","tintindex":0},"up":{"uv":[12.640625,11.765625,11.9375,11.6875],"rotation":0,"texture":"#8","tintindex":0},"down":{"uv":[12.640625,11.8125,11.9375,11.890625],"rotation":0,"texture":"#8","tintindex":0}}},{"from":[17.311451,12.32,1.5058279],"to":[17.671314,12.798172,7.7001143],"rotation":{"angle":0.0,"axis":"y","origin":[8.0,8.0,8.0]},"faces":{"east":{"uv":[11.5,0.5,12.25,0.640625],"rotation":0,"texture":"#8","tintindex":0},"south":{"uv":[0.0,13.25,0.046875,13.390625],"rotation":0,"texture":"#8","tintindex":0},"north":{"uv":[13.1875,13.1875,13.234375,13.328125],"rotation":0,"texture":"#8","tintindex":0},"west":{"uv":[11.5,0.6875,12.25,0.828125],"rotation":0,"texture":"#8","tintindex":0},"up":{"uv":[5.546875,13.0,5.5,12.25],"rotation":0,"texture":"#8","tintindex":0},"down":{"uv":[7.171875,12.25,7.125,13.0],"rotation":0,"texture":"#8","tintindex":0}}},{"from":[12.3633375,12.32,7.128686],"to":[17.671314,12.798172,8.299886],"rotation":{"angle":0.0,"axis":"y","origin":[8.0,8.0,8.0]},"faces":{"east":{"uv":[9.1875,13.0625,9.265625,13.203125],"rotation":0,"texture":"#8","tintindex":0},"south":{"uv":[11.5,4.5625,12.203125,4.703125],"rotation":0,"texture":"#8","tintindex":0},"north":{"uv":[11.5,4.375,12.203125,4.515625],"rotation":0,"texture":"#8","tintindex":0},"west":{"uv":[9.5,13.0625,9.578125,13.203125],"rotation":0,"texture":"#8","tintindex":0},"up":{"uv":[12.640625,12.015625,11.9375,11.9375],"rotation":0,"texture":"#8","tintindex":0},"down":{"uv":[12.703125,0.0,12.0,0.078125],"rotation":0,"texture":"#8","tintindex":0}}},{"from":[12.3633375,12.32,1.5058279],"to":[12.7232,12.798172,7.7001143],"rotation":{"angle":0.0,"axis":"y","origin":[8.0,8.0,8.0]},"faces":{"east":{"uv":[11.5,1.9375,12.25,2.078125],"rotation":0,"texture":"#8","tintindex":0},"south":{"uv":[1.8125,13.25,1.859375,13.390625],"rotation":0,"texture":"#8","tintindex":0},"north":{"uv":[0.0625,13.25,0.109375,13.390625],"rotation":0,"texture":"#8","tintindex":0},"west":{"uv":[11.5,2.125,12.25,2.265625],"rotation":0,"texture":"#8","tintindex":0},"up":{"uv":[7.234375,13.0,7.1875,12.25],"rotation":0,"texture":"#8","tintindex":0},"down":{"uv":[10.421875,12.25,10.375,13.0],"rotation":0,"texture":"#8","tintindex":0}}}],"display":{"head":{"translation":[0.0,-6.4,0.0],"scale":[4.0,4.0,4.0]}}}