{"textures":{"8":"modelengine:entity/bluejamballs"},"elements":[{"from":[7.910034,7.7499704,7.4901943],"to":[9.9642515,8.718601,8.509806],"rotation":{"angle":0.0,"axis":"y","origin":[-13.126949,28.353619,6.6595106]},"faces":{"east":{"uv":[12.75,10.375,12.890625,10.5],"rotation":0,"texture":"#8","tintindex":0},"south":{"uv":[12.4375,8.6875,12.71875,8.8125],"rotation":0,"texture":"#8","tintindex":0},"north":{"uv":[12.4375,8.5625,12.71875,8.6875],"rotation":0,"texture":"#8","tintindex":0},"west":{"uv":[12.75,10.5,12.890625,10.625],"rotation":0,"texture":"#8","tintindex":0},"up":{"uv":[12.46875,11.578125,12.1875,11.4375],"rotation":0,"texture":"#8","tintindex":0},"down":{"uv":[12.46875,12.0625,12.1875,12.203125],"rotation":0,"texture":"#8","tintindex":0}}}],"display":{"head":{"translation":[0.0,-6.4,0.0],"scale":[4.0,4.0,4.0]}}}