{"textures":{"8":"modelengine:entity/bluejamballs"},"elements":[{"from":[7.918532,8.902809,3.1064],"to":[11.154966,9.277666,10.783315],"rotation":{"angle":0.0,"axis":"y","origin":[8.980106,8.836806,8.0]},"faces":{"east":{"uv":[12.25,3.0625,13.0625,3.109375],"rotation":0,"texture":"#8","tintindex":0},"south":{"uv":[3.375,12.375,3.65625,12.421875],"rotation":0,"texture":"#8","tintindex":0},"north":{"uv":[5.1875,11.625,5.46875,11.671875],"rotation":0,"texture":"#8","tintindex":0},"west":{"uv":[12.25,3.125,13.0625,3.171875],"rotation":0,"texture":"#8","tintindex":0},"up":{"uv":[10.65625,9.4375,10.375,8.625],"rotation":0,"texture":"#8","tintindex":0},"down":{"uv":[10.65625,9.4375,10.375,10.25],"rotation":0,"texture":"#8","tintindex":0}}}],"display":{"head":{"translation":[0.0,-6.4,0.0],"scale":[4.0,4.0,4.0]}}}