{"textures":{"8":"modelengine:entity/bluejamballs"},"elements":[{"from":[-0.7409382,1.0276566,6.3353224],"to":[3.3926392,11.373714,6.9638934],"rotation":{"angle":0.0,"axis":"y","origin":[9.240411,7.6251426,7.188808]},"faces":{"east":{"uv":[4.5625,11.4375,4.640625,12.8125],"rotation":0,"texture":"#8","tintindex":0},"south":{"uv":[3.875,5.5,4.375,6.875],"rotation":0,"texture":"#8","tintindex":0},"north":{"uv":[3.375,5.375,3.875,6.75],"rotation":0,"texture":"#8","tintindex":0},"west":{"uv":[4.6875,11.4375,4.765625,12.8125],"rotation":0,"texture":"#8","tintindex":0},"up":{"uv":[8.6875,1.953125,8.1875,1.875],"rotation":0,"texture":"#8","tintindex":0},"down":{"uv":[10.125,8.5,9.625,8.578125],"rotation":0,"texture":"#8","tintindex":0}}}],"display":{"head":{"translation":[0.0,-6.4,0.0],"scale":[4.0,4.0,4.0]}}}