{"textures":{"8":"modelengine:entity/bluejamballs"},"elements":[{"from":[-0.71236706,-9.864458,6.3353224],"to":[3.4212103,1.8310857,6.9638934],"rotation":{"angle":0.0,"axis":"y","origin":[9.268982,7.6251426,7.188808]},"faces":{"east":{"uv":[9.9375,11.125,10.015625,12.6875],"rotation":0,"texture":"#8","tintindex":0},"south":{"uv":[0.0,5.125,0.5,6.6875],"rotation":0,"texture":"#8","tintindex":0},"north":{"uv":[0.875,4.0,1.375,5.5625],"rotation":0,"texture":"#8","tintindex":0},"west":{"uv":[10.0625,11.125,10.140625,12.6875],"rotation":0,"texture":"#8","tintindex":0},"up":{"uv":[12.75,2.515625,12.25,2.4375],"rotation":0,"texture":"#8","tintindex":0},"down":{"uv":[12.75,2.5625,12.25,2.640625],"rotation":0,"texture":"#8","tintindex":0}}}],"display":{"head":{"translation":[0.0,-6.4,0.0],"scale":[4.0,4.0,4.0]}}}