{"textures":{"8":"modelengine:entity/bluejamballs"},"elements":[{"from":[7.3162603,7.7435975,7.8290653],"to":[8.68374,8.256402,8.170935],"rotation":{"angle":0.0,"axis":"y","origin":[8.0,8.0,8.0]},"faces":{"east":{"uv":[4.25,13.375,4.296875,13.4375],"rotation":0,"texture":"#8","tintindex":0},"south":{"uv":[13.0625,6.625,13.25,6.6875],"rotation":0,"texture":"#8","tintindex":0},"north":{"uv":[6.5,13.0625,6.6875,13.125],"rotation":0,"texture":"#8","tintindex":0},"west":{"uv":[13.375,4.25,13.421875,4.3125],"rotation":0,"texture":"#8","tintindex":0},"up":{"uv":[13.375,4.421875,13.1875,4.375],"rotation":0,"texture":"#8","tintindex":0},"down":{"uv":[4.6875,13.1875,4.5,13.234375],"rotation":0,"texture":"#8","tintindex":0}}}],"display":{"head":{"translation":[0.0,-6.4,0.0],"scale":[4.0,4.0,4.0]}}}