{"textures":{"8":"modelengine:entity/bluejamballs"},"elements":[{"from":[7.1762137,6.8384614,7.6704855],"to":[8.823786,9.161538,9.977087],"rotation":{"angle":0.0,"axis":"y","origin":[8.0,8.0,8.0]},"faces":{"east":{"uv":[5.5625,0.5625,5.875,0.875],"rotation":0,"texture":"#8","tintindex":0},"south":{"uv":[4.8125,11.875,5.03125,12.1875],"rotation":0,"texture":"#8","tintindex":0},"north":{"uv":[11.8125,6.625,12.03125,6.9375],"rotation":0,"texture":"#8","tintindex":0},"west":{"uv":[7.3125,8.3125,7.625,8.625],"rotation":0,"texture":"#8","tintindex":0},"up":{"uv":[12.09375,5.5625,11.875,5.25],"rotation":0,"texture":"#8","tintindex":0},"down":{"uv":[5.28125,11.9375,5.0625,12.25],"rotation":0,"texture":"#8","tintindex":0}}}],"display":{"head":{"translation":[0.0,-6.4,0.0],"scale":[4.0,4.0,4.0]}}}