{"textures":{"8":"modelengine:entity/bluejamballs"},"elements":[{"from":[4.550354,7.8125715,4.1064],"to":[8.929646,8.187428,11.158172],"rotation":{"angle":0.0,"axis":"y","origin":[8.0,8.0,8.0]},"faces":{"east":{"uv":[12.125,8.8125,12.984375,8.859375],"rotation":0,"texture":"#8","tintindex":0},"south":{"uv":[13.0,6.25,13.28125,6.296875],"rotation":0,"texture":"#8","tintindex":0},"north":{"uv":[13.0,6.1875,13.28125,6.234375],"rotation":0,"texture":"#8","tintindex":0},"west":{"uv":[12.1875,7.1875,13.046875,7.234375],"rotation":0,"texture":"#8","tintindex":0},"up":{"uv":[1.28125,6.421875,1.0,5.5625],"rotation":0,"texture":"#8","tintindex":0},"down":{"uv":[0.90625,7.0625,0.625,7.921875],"rotation":0,"texture":"#8","tintindex":0}}}],"display":{"head":{"translation":[0.0,-6.4,0.0],"scale":[4.0,4.0,4.0]}}}