{"textures":{"8":"modelengine:entity/bluejamballs"},"elements":[{"from":[2.2871766,4.6262856,5.450971],"to":[13.233006,11.373714,10.249144],"rotation":{"angle":0.0,"axis":"y","origin":[8.0,5.0011425,8.0]},"faces":{"east":{"uv":[7.625,8.125,8.265625,9.03125],"rotation":0,"texture":"#8","tintindex":0},"south":{"uv":[3.0625,2.75,4.515625,3.65625],"rotation":0,"texture":"#8","tintindex":0},"north":{"uv":[1.5625,2.75,3.015625,3.65625],"rotation":0,"texture":"#8","tintindex":0},"west":{"uv":[8.1875,0.9375,8.828125,1.84375],"rotation":0,"texture":"#8","tintindex":0},"up":{"uv":[5.328125,4.328125,3.875,3.6875],"rotation":0,"texture":"#8","tintindex":0},"down":{"uv":[5.828125,0.875,4.375,1.515625],"rotation":0,"texture":"#8","tintindex":0}}}],"display":{"head":{"translation":[0.0,-6.4,0.0],"scale":[4.0,4.0,4.0]}}}