{"textures":{"8":"modelengine:entity/bluejamballs"},"elements":[{"from":[7.745266,-2.5092583,3.9966946],"to":[7.987986,7.6860566,11.619552],"rotation":{"angle":0.0,"axis":"y","origin":[7.8666263,-0.91160107,8.379552]},"faces":{"east":{"uv":[10.9375,5.0,10.1875,5.3125],"rotation":0,"texture":"#8","tintindex":0},"south":{"uv":[3.59375,13.125,3.5625,13.4375],"rotation":0,"texture":"#8","tintindex":0},"north":{"uv":[3.21875,13.125,3.1875,13.4375],"rotation":0,"texture":"#8","tintindex":0},"west":{"uv":[10.9375,1.125,10.1875,1.4375],"rotation":0,"texture":"#8","tintindex":0},"up":{"uv":[8.0625,13.25,8.09375,12.5],"rotation":0,"texture":"#8","tintindex":0},"down":{"uv":[7.4375,12.5625,7.46875,13.3125],"rotation":0,"texture":"#8","tintindex":0}}}],"display":{"head":{"translation":[0.0,-6.4,0.0],"scale":[4.0,4.0,4.0]}}}