{"textures":{"8":"modelengine:entity/bluejamballs"},"elements":[{"from":[8.415828,2.8072448,5.0621567],"to":[8.658547,10.43113,12.685015],"rotation":{"angle":0.0,"axis":"y","origin":[8.537188,10.262045,9.445014]},"faces":{"east":{"uv":[10.9375,5.0,10.1875,5.3125],"rotation":0,"texture":"#8","tintindex":0},"south":{"uv":[3.59375,13.125,3.5625,13.4375],"rotation":0,"texture":"#8","tintindex":0},"north":{"uv":[3.21875,13.125,3.1875,13.4375],"rotation":0,"texture":"#8","tintindex":0},"west":{"uv":[10.9375,1.125,10.1875,1.4375],"rotation":0,"texture":"#8","tintindex":0},"up":{"uv":[8.0625,13.25,8.09375,12.5],"rotation":0,"texture":"#8","tintindex":0},"down":{"uv":[7.4375,12.5625,7.46875,13.3125],"rotation":0,"texture":"#8","tintindex":0}}}],"display":{"head":{"translation":[0.0,-6.4,0.0],"scale":[4.0,4.0,4.0]}}}