{"textures":{"8":"modelengine:entity/bluejamballs"},"elements":[{"from":[4.7612343,7.4986286,4.8512],"to":[10.983863,7.8641143,10.249144],"rotation":{"angle":0.0,"axis":"y","origin":[7.8725486,7.681371,7.5501714]},"faces":{"east":{"uv":[12.375,3.875,13.09375,3.921875],"rotation":0,"texture":"#8","tintindex":0},"south":{"uv":[12.1875,9.4375,13.015625,9.484375],"rotation":0,"texture":"#8","tintindex":0},"north":{"uv":[12.1875,7.5,13.015625,7.546875],"rotation":0,"texture":"#8","tintindex":0},"west":{"uv":[12.375,6.5625,13.09375,6.609375],"rotation":0,"texture":"#8","tintindex":0},"up":{"uv":[3.203125,8.53125,2.375,7.8125],"rotation":0,"texture":"#8","tintindex":0},"down":{"uv":[4.078125,7.9375,3.25,8.65625],"rotation":0,"texture":"#8","tintindex":0}}},{"from":[4.7612343,7.264343,4.827771],"to":[10.983863,7.6298285,4.9542856],"rotation":{"angle":0.0,"axis":"y","origin":[7.8725486,7.447086,7.0581713]},"faces":{"east":{"uv":[13.5,2.5,13.515625,2.546875],"rotation":0,"texture":"#8","tintindex":0},"south":{"uv":[12.25,1.75,13.078125,1.796875],"rotation":0,"texture":"#8","tintindex":0},"north":{"uv":[12.1875,11.625,13.015625,11.671875],"rotation":0,"texture":"#8","tintindex":0},"west":{"uv":[2.5625,13.5,2.578125,13.546875],"rotation":0,"texture":"#8","tintindex":0},"up":{"uv":[13.828125,7.078125,13.0,7.0625],"rotation":0,"texture":"#8","tintindex":0},"down":{"uv":[13.828125,8.8125,13.0,8.828125],"rotation":0,"texture":"#8","tintindex":0}}},{"from":[10.969806,2.812914,4.8512],"to":[11.03072,7.8641143,10.249144],"rotation":{"angle":0.0,"axis":"y","origin":[8.106834,7.681371,7.5501714]},"faces":{"east":{"uv":[3.0625,8.6875,3.78125,9.359375],"rotation":0,"texture":"#8","tintindex":0},"south":{"uv":[9.6875,13.0625,9.703125,13.734375],"rotation":0,"texture":"#8","tintindex":0},"north":{"uv":[9.625,13.0625,9.640625,13.734375],"rotation":0,"texture":"#8","tintindex":0},"west":{"uv":[8.875,0.875,9.59375,1.546875],"rotation":0,"texture":"#8","tintindex":0},"up":{"uv":[2.328125,13.78125,2.3125,13.0625],"rotation":0,"texture":"#8","tintindex":0},"down":{"uv":[3.265625,13.0625,3.25,13.78125],"rotation":0,"texture":"#8","tintindex":0}}},{"from":[4.7143774,2.812914,4.8512],"to":[4.7752914,7.8641143,10.249144],"rotation":{"angle":0.0,"axis":"y","origin":[1.8514051,7.681371,7.5501714]},"faces":{"east":{"uv":[8.875,4.5625,9.59375,5.234375],"rotation":0,"texture":"#8","tintindex":0},"south":{"uv":[10.3125,13.0625,10.328125,13.734375],"rotation":0,"texture":"#8","tintindex":0},"north":{"uv":[10.25,13.0625,10.265625,13.734375],"rotation":0,"texture":"#8","tintindex":0},"west":{"uv":[8.875,5.25,9.59375,5.921875],"rotation":0,"texture":"#8","tintindex":0},"up":{"uv":[6.703125,13.78125,6.6875,13.0625],"rotation":0,"texture":"#8","tintindex":0},"down":{"uv":[7.578125,13.0625,7.5625,13.78125],"rotation":0,"texture":"#8","tintindex":0}}}],"display":{"head":{"translation":[0.0,-6.4,0.0],"scale":[4.0,4.0,4.0]}}}