{"textures":{"8":"modelengine:entity/bluejamballs"},"elements":[{"from":[4.7612343,8.023429,4.8512],"to":[10.983863,16.120342,10.249144],"rotation":{"angle":0.0,"axis":"y","origin":[8.0,8.173371,8.0]},"faces":{"east":{"uv":[1.875,5.375,2.59375,6.453125],"rotation":0,"texture":"#8","tintindex":0},"south":{"uv":[4.75,4.375,5.578125,5.453125],"rotation":0,"texture":"#8","tintindex":0},"north":{"uv":[3.875,4.375,4.703125,5.453125],"rotation":0,"texture":"#8","tintindex":0},"west":{"uv":[2.625,5.375,3.34375,6.453125],"rotation":0,"texture":"#8","tintindex":0},"up":{"uv":[8.390625,4.78125,7.5625,4.0625],"rotation":0,"texture":"#8","tintindex":0},"down":{"uv":[8.453125,7.375,7.625,8.09375],"rotation":0,"texture":"#8","tintindex":0}}}],"display":{"head":{"translation":[0.0,-6.4,0.0],"scale":[4.0,4.0,4.0]}}}