{"textures":{"8":"modelengine:entity/bluejamballs"},"elements":[{"from":[6.1257143,5.0011425,6.2006855],"to":[9.7993145,8.0,9.7993145],"rotation":{"angle":0.0,"axis":"y","origin":[8.0,5.0011425,8.0]},"faces":{"east":{"uv":[0.0,10.6875,0.484375,11.09375],"rotation":0,"texture":"#8","tintindex":0},"south":{"uv":[10.6875,0.0,11.171875,0.40625],"rotation":0,"texture":"#8","tintindex":0},"north":{"uv":[10.625,6.375,11.109375,6.78125],"rotation":0,"texture":"#8","tintindex":0},"west":{"uv":[8.4375,10.6875,8.921875,11.09375],"rotation":0,"texture":"#8","tintindex":0},"up":{"uv":[10.796875,2.546875,10.3125,2.0625],"rotation":0,"texture":"#8","tintindex":0},"down":{"uv":[10.796875,2.5625,10.3125,3.046875],"rotation":0,"texture":"#8","tintindex":0}}},{"from":[6.5005713,4.1014853,6.5005713],"to":[9.499429,8.0,9.499429],"rotation":{"angle":0.0,"axis":"y","origin":[8.0,5.0011425,8.0]},"faces":{"east":{"uv":[6.1875,10.625,6.59375,11.140625],"rotation":0,"texture":"#8","tintindex":0},"south":{"uv":[10.625,7.6875,11.03125,8.203125],"rotation":0,"texture":"#8","tintindex":0},"north":{"uv":[10.625,4.4375,11.03125,4.953125],"rotation":0,"texture":"#8","tintindex":0},"west":{"uv":[8.0,10.625,8.40625,11.140625],"rotation":0,"texture":"#8","tintindex":0},"up":{"uv":[11.46875,0.84375,11.0625,0.4375],"rotation":0,"texture":"#8","tintindex":0},"down":{"uv":[11.46875,2.8125,11.0625,3.21875],"rotation":0,"texture":"#8","tintindex":0}}}],"display":{"head":{"translation":[0.0,-6.4,0.0],"scale":[4.0,4.0,4.0]}}}