{"textures":{"8":"modelengine:entity/bluejamballs"},"elements":[{"from":[7.5005026,6.350441,7.4963794],"to":[8.4760685,8.1625,8.515991],"rotation":{"angle":0.0,"axis":"y","origin":[8.0,6.8285713,8.006186]},"faces":{"east":{"uv":[12.75,11.4375,12.890625,11.5625],"rotation":0,"texture":"#8","tintindex":0},"south":{"uv":[12.5,11.4375,12.734375,11.5625],"rotation":0,"texture":"#8","tintindex":0},"north":{"uv":[10.75,7.25,10.984375,7.375],"rotation":0,"texture":"#8","tintindex":0},"west":{"uv":[11.9375,12.75,12.078125,12.875],"rotation":0,"texture":"#8","tintindex":0},"up":{"uv":[8.046875,12.640625,7.8125,12.5],"rotation":0,"texture":"#8","tintindex":0},"down":{"uv":[12.734375,8.875,12.5,9.015625],"rotation":0,"texture":"#8","tintindex":0}}}],"display":{"head":{"translation":[0.0,-6.4,0.0],"scale":[4.0,4.0,4.0]}}}