{"textures":{"8":"modelengine:entity/bluejamballs"},"elements":[{"from":[6.4256,4.1014853,6.575543],"to":[9.424458,8.0,9.5744],"rotation":{"angle":0.0,"axis":"y","origin":[7.925029,5.0011425,8.074971]},"faces":{"east":{"uv":[7.125,10.5,7.53125,11.015625],"rotation":0,"texture":"#8","tintindex":0},"south":{"uv":[10.625,0.5625,11.03125,1.078125],"rotation":0,"texture":"#8","tintindex":0},"north":{"uv":[10.5,5.8125,10.90625,6.328125],"rotation":0,"texture":"#8","tintindex":0},"west":{"uv":[10.625,3.0625,11.03125,3.578125],"rotation":0,"texture":"#8","tintindex":0},"up":{"uv":[11.09375,11.21875,10.6875,10.8125],"rotation":0,"texture":"#8","tintindex":0},"down":{"uv":[11.34375,1.125,10.9375,1.53125],"rotation":0,"texture":"#8","tintindex":0}}},{"from":[6.1257143,5.0011425,6.275657],"to":[9.724343,8.0,9.874286],"rotation":{"angle":0.0,"axis":"y","origin":[7.925029,5.0011425,8.074971]},"faces":{"east":{"uv":[6.75,2.5625,7.234375,2.96875],"rotation":0,"texture":"#8","tintindex":0},"south":{"uv":[6.875,1.0625,7.359375,1.46875],"rotation":0,"texture":"#8","tintindex":0},"north":{"uv":[4.5625,2.6875,5.046875,3.09375],"rotation":0,"texture":"#8","tintindex":0},"west":{"uv":[8.0625,3.0625,8.546875,3.46875],"rotation":0,"texture":"#8","tintindex":0},"up":{"uv":[6.171875,10.734375,5.6875,10.25],"rotation":0,"texture":"#8","tintindex":0},"down":{"uv":[10.734375,6.875,10.25,7.359375],"rotation":0,"texture":"#8","tintindex":0}}}],"display":{"head":{"translation":[0.0,-6.4,0.0],"scale":[4.0,4.0,4.0]}}}