{"textures":{"8":"modelengine:entity/bluejamballs"},"elements":[{"from":[5.2882833,7.327431,6.019367],"to":[8.032238,8.999294,10.022841],"rotation":{"angle":0.0,"axis":"y","origin":[6.6602607,8.1633625,8.021105]},"faces":{"east":{"uv":[11.3125,5.25,11.84375,5.46875],"rotation":0,"texture":"#8","tintindex":0},"south":{"uv":[11.6875,10.125,12.046875,10.34375],"rotation":0,"texture":"#8","tintindex":0},"north":{"uv":[11.6875,9.875,12.046875,10.09375],"rotation":0,"texture":"#8","tintindex":0},"west":{"uv":[11.3125,5.5,11.84375,5.71875],"rotation":0,"texture":"#8","tintindex":0},"up":{"uv":[11.109375,4.15625,10.75,3.625],"rotation":0,"texture":"#8","tintindex":0},"down":{"uv":[6.046875,10.75,5.6875,11.28125],"rotation":0,"texture":"#8","tintindex":0}}}],"display":{"head":{"translation":[0.0,-6.4,0.0],"scale":[4.0,4.0,4.0]}}}