{"textures":{"8":"modelengine:entity/bluejamballs"},"elements":[{"from":[5.8811197,7.6328273,7.4901943],"to":[8.010308,8.601459,8.509806],"rotation":{"angle":0.0,"axis":"y","origin":[27.023064,28.236477,6.6595106]},"faces":{"east":{"uv":[5.75,12.8125,5.890625,12.9375],"rotation":0,"texture":"#8","tintindex":0},"south":{"uv":[2.1875,12.5,2.46875,12.625],"rotation":0,"texture":"#8","tintindex":0},"north":{"uv":[1.3125,12.5,1.59375,12.625],"rotation":0,"texture":"#8","tintindex":0},"west":{"uv":[6.625,12.8125,6.765625,12.9375],"rotation":0,"texture":"#8","tintindex":0},"up":{"uv":[12.53125,0.828125,12.25,0.6875],"rotation":0,"texture":"#8","tintindex":0},"down":{"uv":[12.53125,1.5625,12.25,1.703125],"rotation":0,"texture":"#8","tintindex":0}}}],"display":{"head":{"translation":[0.0,-6.4,0.0],"scale":[4.0,4.0,4.0]}}}