{"textures":{"8":"modelengine:entity/bluejamballs"},"elements":[{"from":[7.5239315,7.5156846,7.5136228],"to":[8.499497,9.046601,8.509806],"rotation":{"angle":0.0,"axis":"y","origin":[8.0,8.0,8.0]},"faces":{"east":{"uv":[12.8125,7.8125,12.953125,7.9375],"rotation":0,"texture":"#8","tintindex":0},"south":{"uv":[12.1875,12.5,12.421875,12.625],"rotation":0,"texture":"#8","tintindex":0},"north":{"uv":[12.5,12.0625,12.734375,12.1875],"rotation":0,"texture":"#8","tintindex":0},"west":{"uv":[9.1875,12.8125,9.328125,12.9375],"rotation":0,"texture":"#8","tintindex":0},"up":{"uv":[12.734375,9.203125,12.5,9.0625],"rotation":0,"texture":"#8","tintindex":0},"down":{"uv":[9.421875,12.5,9.1875,12.640625],"rotation":0,"texture":"#8","tintindex":0}}}],"display":{"head":{"translation":[0.0,-6.4,0.0],"scale":[4.0,4.0,4.0]}}}