{"textures":{"8":"modelengine:entity/bluejamballs"},"elements":[{"from":[5.9111085,7.5156846,7.4901943],"to":[7.98032,8.484316,8.509806],"rotation":{"angle":0.0,"axis":"y","origin":[26.993076,28.119333,3.6756477]},"faces":{"east":{"uv":[1.0625,12.8125,1.203125,12.9375],"rotation":0,"texture":"#8","tintindex":0},"south":{"uv":[12.4375,10.5,12.71875,10.625],"rotation":0,"texture":"#8","tintindex":0},"north":{"uv":[12.4375,10.375,12.71875,10.5],"rotation":0,"texture":"#8","tintindex":0},"west":{"uv":[1.25,12.8125,1.390625,12.9375],"rotation":0,"texture":"#8","tintindex":0},"up":{"uv":[12.53125,0.453125,12.25,0.3125],"rotation":0,"texture":"#8","tintindex":0},"down":{"uv":[12.53125,0.5,12.25,0.640625],"rotation":0,"texture":"#8","tintindex":0}}}],"display":{"head":{"translation":[0.0,-6.4,0.0],"scale":[4.0,4.0,4.0]}}}