{"textures":{"8":"modelengine:entity/bluejamballs"},"elements":[{"from":[7.5422993,1.0726395,7.480729],"to":[8.471945,4.210194,8.410375],"rotation":{"angle":0.0,"axis":"y","origin":[9.056723,2.392137,6.9709234]},"faces":{"east":{"uv":[7.125,10.0625,7.25,10.484375],"rotation":0,"texture":"#8","tintindex":0},"south":{"uv":[2.625,10.1875,2.75,10.609375],"rotation":0,"texture":"#8","tintindex":0},"north":{"uv":[3.6875,9.375,3.8125,9.796875],"rotation":0,"texture":"#8","tintindex":0},"west":{"uv":[2.5625,11.875,2.6875,12.296875],"rotation":0,"texture":"#8","tintindex":0},"up":{"uv":[11.25,6.8125,11.125,6.6875],"rotation":0,"texture":"#8","tintindex":0},"down":{"uv":[11.5625,3.5,11.4375,3.625],"rotation":0,"texture":"#8","tintindex":0}}},{"from":[7.367991,4.210194,7.3064203],"to":[8.646254,6.1856914,8.584683],"rotation":{"angle":0.0,"axis":"y","origin":[8.998619,5.529691,7.145232]},"faces":{"east":{"uv":[0.6875,12.125,0.859375,12.390625],"rotation":0,"texture":"#8","tintindex":0},"south":{"uv":[12.125,5.25,12.296875,5.515625],"rotation":0,"texture":"#8","tintindex":0},"north":{"uv":[0.5,12.125,0.671875,12.390625],"rotation":0,"texture":"#8","tintindex":0},"west":{"uv":[12.125,7.5625,12.296875,7.828125],"rotation":0,"texture":"#8","tintindex":0},"up":{"uv":[12.671875,9.421875,12.5,9.25],"rotation":0,"texture":"#8","tintindex":0},"down":{"uv":[10.359375,12.5,10.1875,12.671875],"rotation":0,"texture":"#8","tintindex":0}}},{"from":[8.471945,6.1856914,7.480729],"to":[9.401591,7.1153374,8.410375],"rotation":{"angle":0.0,"axis":"y","origin":[9.986368,6.1107197,6.9709234]},"faces":{"east":{"uv":[12.875,2.75,13.0,2.875],"rotation":0,"texture":"#8","tintindex":0},"south":{"uv":[3.0625,12.875,3.1875,13.0],"rotation":0,"texture":"#8","tintindex":0},"north":{"uv":[5.3125,12.375,5.4375,12.5],"rotation":0,"texture":"#8","tintindex":0},"west":{"uv":[3.375,12.875,3.5,13.0],"rotation":0,"texture":"#8","tintindex":0},"up":{"uv":[3.625,13.0,3.5,12.875],"rotation":0,"texture":"#8","tintindex":0},"down":{"uv":[3.75,12.875,3.625,13.0],"rotation":0,"texture":"#8","tintindex":0}}},{"from":[6.6126537,6.1856914,7.480729],"to":[7.5422993,7.1153374,8.410375],"rotation":{"angle":0.0,"axis":"y","origin":[8.127076,6.1107197,6.9709234]},"faces":{"east":{"uv":[12.875,4.9375,13.0,5.0625],"rotation":0,"texture":"#8","tintindex":0},"south":{"uv":[12.875,5.0625,13.0,5.1875],"rotation":0,"texture":"#8","tintindex":0},"north":{"uv":[12.875,3.75,13.0,3.875],"rotation":0,"texture":"#8","tintindex":0},"west":{"uv":[5.1875,12.875,5.3125,13.0],"rotation":0,"texture":"#8","tintindex":0},"up":{"uv":[13.0,6.3125,12.875,6.1875],"rotation":0,"texture":"#8","tintindex":0},"down":{"uv":[13.0,6.4375,12.875,6.5625],"rotation":0,"texture":"#8","tintindex":0}}},{"from":[7.5422993,6.1856914,6.5510836],"to":[8.471945,7.1153374,7.480729],"rotation":{"angle":0.0,"axis":"y","origin":[9.056723,6.1107197,6.041278]},"faces":{"east":{"uv":[9.375,12.875,9.5,13.0],"rotation":0,"texture":"#8","tintindex":0},"south":{"uv":[12.875,9.75,13.0,9.875],"rotation":0,"texture":"#8","tintindex":0},"north":{"uv":[7.25,12.875,7.375,13.0],"rotation":0,"texture":"#8","tintindex":0},"west":{"uv":[9.875,12.875,10.0,13.0],"rotation":0,"texture":"#8","tintindex":0},"up":{"uv":[10.125,13.0,10.0,12.875],"rotation":0,"texture":"#8","tintindex":0},"down":{"uv":[10.5625,12.875,10.4375,13.0],"rotation":0,"texture":"#8","tintindex":0}}},{"from":[7.5422993,6.1856914,8.410375],"to":[8.471945,7.1153374,9.340021],"rotation":{"angle":0.0,"axis":"y","origin":[9.056723,6.1107197,7.900569]},"faces":{"east":{"uv":[12.875,10.75,13.0,10.875],"rotation":0,"texture":"#8","tintindex":0},"south":{"uv":[11.125,12.875,11.25,13.0],"rotation":0,"texture":"#8","tintindex":0},"north":{"uv":[12.875,10.625,13.0,10.75],"rotation":0,"texture":"#8","tintindex":0},"west":{"uv":[11.9375,12.875,12.0625,13.0],"rotation":0,"texture":"#8","tintindex":0},"up":{"uv":[12.3125,13.0,12.1875,12.875],"rotation":0,"texture":"#8","tintindex":0},"down":{"uv":[13.0,12.25,12.875,12.375],"rotation":0,"texture":"#8","tintindex":0}}},{"from":[7.5422993,6.1856914,7.480729],"to":[8.471945,7.1153374,8.410375],"rotation":{"angle":0.0,"axis":"y","origin":[9.056723,6.1107197,6.9709234]},"faces":{"east":{"uv":[12.875,12.375,13.0,12.5],"rotation":0,"texture":"#8","tintindex":0},"south":{"uv":[12.4375,12.875,12.5625,13.0],"rotation":0,"texture":"#8","tintindex":0},"north":{"uv":[12.3125,12.875,12.4375,13.0],"rotation":0,"texture":"#8","tintindex":0},"west":{"uv":[12.5625,12.875,12.6875,13.0],"rotation":0,"texture":"#8","tintindex":0},"up":{"uv":[12.8125,13.0,12.6875,12.875],"rotation":0,"texture":"#8","tintindex":0},"down":{"uv":[12.9375,12.875,12.8125,13.0],"rotation":0,"texture":"#8","tintindex":0}}},{"from":[9.401591,7.1153374,7.480729],"to":[9.731465,8.044983,8.410375],"rotation":{"angle":0.0,"axis":"y","origin":[10.916014,7.0403657,6.9709234]},"faces":{"east":{"uv":[12.9375,0.5,13.0625,0.625],"rotation":0,"texture":"#8","tintindex":0},"south":{"uv":[11.4375,7.5625,11.484375,7.6875],"rotation":0,"texture":"#8","tintindex":0},"north":{"uv":[3.9375,11.3125,3.984375,11.4375],"rotation":0,"texture":"#8","tintindex":0},"west":{"uv":[12.9375,0.625,13.0625,0.75],"rotation":0,"texture":"#8","tintindex":0},"up":{"uv":[7.984375,11.75,7.9375,11.625],"rotation":0,"texture":"#8","tintindex":0},"down":{"uv":[2.546875,12.1875,2.5,12.3125],"rotation":0,"texture":"#8","tintindex":0}}},{"from":[8.471945,7.1153374,7.480729],"to":[9.401591,8.044983,8.410375],"rotation":{"angle":0.0,"axis":"y","origin":[9.986368,7.0403657,6.9709234]},"faces":{"east":{"uv":[12.9375,0.8125,13.0625,0.9375],"rotation":0,"texture":"#8","tintindex":0},"south":{"uv":[12.9375,0.9375,13.0625,1.0625],"rotation":0,"texture":"#8","tintindex":0},"north":{"uv":[0.6875,12.9375,0.8125,13.0625],"rotation":0,"texture":"#8","tintindex":0},"west":{"uv":[1.0625,12.9375,1.1875,13.0625],"rotation":0,"texture":"#8","tintindex":0},"up":{"uv":[1.3125,13.0625,1.1875,12.9375],"rotation":0,"texture":"#8","tintindex":0},"down":{"uv":[1.4375,12.9375,1.3125,13.0625],"rotation":0,"texture":"#8","tintindex":0}}},{"from":[7.5422993,7.1153374,7.480729],"to":[8.471945,8.044983,8.410375],"rotation":{"angle":0.0,"axis":"y","origin":[9.056723,7.0403657,6.9709234]},"faces":{"east":{"uv":[1.875,12.9375,2.0,13.0625],"rotation":0,"texture":"#8","tintindex":0},"south":{"uv":[12.9375,1.9375,13.0625,2.0625],"rotation":0,"texture":"#8","tintindex":0},"north":{"uv":[1.75,12.9375,1.875,13.0625],"rotation":0,"texture":"#8","tintindex":0},"west":{"uv":[2.0,12.9375,2.125,13.0625],"rotation":0,"texture":"#8","tintindex":0},"up":{"uv":[13.0625,2.1875,12.9375,2.0625],"rotation":0,"texture":"#8","tintindex":0},"down":{"uv":[2.25,12.9375,2.125,13.0625],"rotation":0,"texture":"#8","tintindex":0}}},{"from":[7.5422993,7.1153374,6.5510836],"to":[8.471945,8.044983,7.480729],"rotation":{"angle":0.0,"axis":"y","origin":[9.056723,7.0403657,6.041278]},"faces":{"east":{"uv":[12.9375,2.375,13.0625,2.5],"rotation":0,"texture":"#8","tintindex":0},"south":{"uv":[2.625,12.9375,2.75,13.0625],"rotation":0,"texture":"#8","tintindex":0},"north":{"uv":[2.25,12.9375,2.375,13.0625],"rotation":0,"texture":"#8","tintindex":0},"west":{"uv":[2.9375,12.9375,3.0625,13.0625],"rotation":0,"texture":"#8","tintindex":0},"up":{"uv":[13.0625,3.5,12.9375,3.375],"rotation":0,"texture":"#8","tintindex":0},"down":{"uv":[4.0,12.9375,3.875,13.0625],"rotation":0,"texture":"#8","tintindex":0}}},{"from":[8.471945,7.1153374,6.5510836],"to":[9.401591,8.044983,7.480729],"rotation":{"angle":0.0,"axis":"y","origin":[9.986368,7.0403657,6.041278]},"faces":{"east":{"uv":[4.125,12.9375,4.25,13.0625],"rotation":0,"texture":"#8","tintindex":0},"south":{"uv":[4.25,12.9375,4.375,13.0625],"rotation":0,"texture":"#8","tintindex":0},"north":{"uv":[4.0,12.9375,4.125,13.0625],"rotation":0,"texture":"#8","tintindex":0},"west":{"uv":[4.375,12.9375,4.5,13.0625],"rotation":0,"texture":"#8","tintindex":0},"up":{"uv":[4.625,13.0625,4.5,12.9375],