{"textures":{"8":"modelengine:entity/bluejamballs"},"elements":[{"from":[7.994377,7.6328273,7.4901943],"to":[10.34848,8.601459,8.509806],"rotation":{"angle":0.0,"axis":"y","origin":[-11.018379,28.236477,4.665271]},"faces":{"east":{"uv":[12.75,9.0,12.890625,9.125],"rotation":0,"texture":"#8","tintindex":0},"south":{"uv":[9.3125,3.9375,9.625,4.0625],"rotation":0,"texture":"#8","tintindex":0},"north":{"uv":[7.3125,8.9375,7.625,9.0625],"rotation":0,"texture":"#8","tintindex":0},"west":{"uv":[12.75,9.125,12.890625,9.25],"rotation":0,"texture":"#8","tintindex":0},"up":{"uv":[12.4375,8.015625,12.125,7.875],"rotation":0,"texture":"#8","tintindex":0},"down":{"uv":[12.4375,8.0625,12.125,8.203125],"rotation":0,"texture":"#8","tintindex":0}}}],"display":{"head":{"translation":[0.0,-6.4,0.0],"scale":[4.0,4.0,4.0]}}}