{"textures":{"8":"modelengine:entity/bluejamballs"},"elements":[{"from":[6.2006855,6.5146284,6.275657],"to":[15.272229,9.513486,9.724343],"rotation":{"angle":0.0,"axis":"y","origin":[7.062857,7.4142857,8.0]},"faces":{"east":{"uv":[10.75,6.8125,11.203125,7.21875],"rotation":0,"texture":"#8","tintindex":0},"south":{"uv":[5.375,8.625,6.578125,9.03125],"rotation":0,"texture":"#8","tintindex":0},"north":{"uv":[4.125,8.625,5.328125,9.03125],"rotation":0,"texture":"#8","tintindex":0},"west":{"uv":[10.8125,1.9375,11.265625,2.34375],"rotation":0,"texture":"#8","tintindex":0},"up":{"uv":[9.640625,4.515625,8.4375,4.0625],"rotation":0,"texture":"#8","tintindex":0},"down":{"uv":[9.703125,7.25,8.5,7.703125],"rotation":0,"texture":"#8","tintindex":0}}}],"display":{"head":{"translation":[0.0,-6.4,0.0],"scale":[4.0,4.0,4.0]}}}