{"textures":{"8":"modelengine:entity/bluejamballs"},"elements":[{"from":[6.485577,1.5009141,6.6177144],"to":[9.484434,3.1502852,9.616571],"rotation":{"angle":0.0,"axis":"y","origin":[7.985006,1.8007994,8.117143]},"faces":{"east":{"uv":[11.5625,3.5,11.96875,3.71875],"rotation":0,"texture":"#8","tintindex":0},"south":{"uv":[11.5625,6.375,11.96875,6.59375],"rotation":0,"texture":"#8","tintindex":0},"north":{"uv":[11.5,9.375,11.90625,9.59375],"rotation":0,"texture":"#8","tintindex":0},"west":{"uv":[11.5625,9.625,11.96875,9.84375],"rotation":0,"texture":"#8","tintindex":0},"up":{"uv":[11.46875,4.59375,11.0625,4.1875],"rotation":0,"texture":"#8","tintindex":0},"down":{"uv":[11.46875,4.625,11.0625,5.03125],"rotation":0,"texture":"#8","tintindex":0}}},{"from":[6.63552,3.1502852,6.7676573],"to":[9.334492,3.6750855,9.466629],"rotation":{"angle":0.0,"axis":"y","origin":[7.985006,3.450171,8.117143]},"faces":{"east":{"uv":[11.625,0.25,11.984375,0.3125],"rotation":0,"texture":"#8","tintindex":0},"south":{"uv":[1.8125,12.6875,2.171875,12.75],"rotation":0,"texture":"#8","tintindex":0},"north":{"uv":[10.9375,5.25,11.296875,5.3125],"rotation":0,"texture":"#8","tintindex":0},"west":{"uv":[12.6875,3.3125,13.046875,3.375],"rotation":0,"texture":"#8","tintindex":0},"up":{"uv":[8.859375,8.109375,8.5,7.75],"rotation":0,"texture":"#8","tintindex":0},"down":{"uv":[11.421875,3.25,11.0625,3.609375],"rotation":0,"texture":"#8","tintindex":0}}},{"from":[6.485577,3.6750855,6.6177144],"to":[9.484434,3.9749713,9.616571],"rotation":{"angle":0.0,"axis":"y","origin":[7.985006,3.9749713,8.117143]},"faces":{"east":{"uv":[12.75,0.0,13.15625,0.046875],"rotation":0,"texture":"#8","tintindex":0},"south":{"uv":[12.75,0.0625,13.15625,0.109375],"rotation":0,"texture":"#8","tintindex":0},"north":{"uv":[12.6875,12.5625,13.09375,12.609375],"rotation":0,"texture":"#8","tintindex":0},"west":{"uv":[12.75,0.4375,13.15625,0.484375],"rotation":0,"texture":"#8","tintindex":0},"up":{"uv":[7.53125,11.46875,7.125,11.0625],"rotation":0,"texture":"#8","tintindex":0},"down":{"uv":[11.46875,7.6875,11.0625,8.09375],"rotation":0,"texture":"#8","tintindex":0}}},{"from":[6.335634,3.9749713,6.4677715],"to":[9.6343775,8.023429,9.766514],"rotation":{"angle":0.0,"axis":"y","origin":[7.985006,1.8757715,8.117143]},"faces":{"east":{"uv":[10.1875,7.75,10.625,8.296875],"rotation":0,"texture":"#8","tintindex":0},"south":{"uv":[2.9375,10.25,3.375,10.796875],"rotation":0,"texture":"#8","tintindex":0},"north":{"uv":[10.1875,4.4375,10.625,4.984375],"rotation":0,"texture":"#8","tintindex":0},"west":{"uv":[5.25,10.25,5.6875,10.796875],"rotation":0,"texture":"#8","tintindex":0},"up":{"uv":[11.125,10.375,10.6875,9.9375],"rotation":0,"texture":"#8","tintindex":0},"down":{"uv":[11.125,10.375,10.6875,10.8125],"rotation":0,"texture":"#8","tintindex":0}}}],"display":{"head":{"translation":[0.0,-6.4,0.0],"scale":[4.0,4.0,4.0]}}}