{"textures":{"6":"modelengine:entity/gattlingturret"},"elements":[{"from":[9.037004,8.207401,-4.1329565],"to":[10.696213,9.866609,20.132957],"rotation":{"angle":0.0,"axis":"y","origin":[8.0,8.0,8.0]},"faces":{"east":{"uv":[3.1875,2.125,5.84375,2.3125],"rotation":0,"texture":"#6","tintindex":0},"south":{"uv":[2.75,7.3125,2.9375,7.5],"rotation":0,"texture":"#6","tintindex":0},"north":{"uv":[2.5625,7.3125,2.75,7.5],"rotation":0,"texture":"#6","tintindex":0},"west":{"uv":[3.1875,2.3125,5.84375,2.5],"rotation":0,"texture":"#6","tintindex":0},"up":{"uv":[0.8125,5.84375,0.625,3.1875],"rotation":0,"texture":"#6","tintindex":0},"down":{"uv":[2.4375,3.375,2.25,6.03125],"rotation":0,"texture":"#6","tintindex":0}}},{"from":[7.1703963,9.037004,-4.1329565],"to":[8.829604,10.696213,20.132957],"rotation":{"angle":0.0,"axis":"y","origin":[8.0,8.0,8.0]},"faces":{"east":{"uv":[3.5,2.5,6.15625,2.6875],"rotation":0,"texture":"#6","tintindex":0},"south":{"uv":[3.125,7.3125,3.3125,7.5],"rotation":0,"texture":"#6","tintindex":0},"north":{"uv":[2.9375,7.3125,3.125,7.5],"rotation":0,"texture":"#6","tintindex":0},"west":{"uv":[3.5,2.6875,6.15625,2.875],"rotation":0,"texture":"#6","tintindex":0},"up":{"uv":[2.625,6.03125,2.4375,3.375],"rotation":0,"texture":"#6","tintindex":0},"down":{"uv":[2.8125,3.375,2.625,6.03125],"rotation":0,"texture":"#6","tintindex":0}}},{"from":[9.037004,6.1333914,-4.1329565],"to":[10.696213,7.792599,20.132957],"rotation":{"angle":0.0,"axis":"y","origin":[8.0,8.0,8.0]},"faces":{"east":{"uv":[3.5,2.875,6.15625,3.0625],"rotation":0,"texture":"#6","tintindex":0},"south":{"uv":[3.5,7.3125,3.6875,7.5],"rotation":0,"texture":"#6","tintindex":0},"north":{"uv":[3.3125,7.3125,3.5,7.5],"rotation":0,"texture":"#6","tintindex":0},"west":{"uv":[3.5,3.0625,6.15625,3.25],"rotation":0,"texture":"#6","tintindex":0},"up":{"uv":[3.6875,5.90625,3.5,3.25],"rotation":0,"texture":"#6","tintindex":0},"down":{"uv":[3.0,3.625,2.8125,6.28125],"rotation":0,"texture":"#6","tintindex":0}}},{"from":[5.303787,8.207401,-4.1329565],"to":[6.962995,9.866609,20.132957],"rotation":{"angle":0.0,"axis":"y","origin":[8.0,8.0,8.0]},"faces":{"east":{"uv":[3.6875,3.25,6.34375,3.4375],"rotation":0,"texture":"#6","tintindex":0},"south":{"uv":[7.3125,3.8125,7.5,4.0],"rotation":0,"texture":"#6","tintindex":0},"north":{"uv":[3.6875,7.3125,3.875,7.5],"rotation":0,"texture":"#6","tintindex":0},"west":{"uv":[3.6875,3.4375,6.34375,3.625],"rotation":0,"texture":"#6","tintindex":0},"up":{"uv":[3.1875,6.28125,3.0,3.625],"rotation":0,"texture":"#6","tintindex":0},"down":{"uv":[3.375,3.625,3.1875,6.28125],"rotation":0,"texture":"#6","tintindex":0}}},{"from":[5.303787,6.1333914,-4.1329565],"to":[6.962995,7.792599,20.132957],"rotation":{"angle":0.0,"axis":"y","origin":[8.0,8.0,8.0]},"faces":{"east":{"uv":[3.6875,3.625,6.34375,3.8125],"rotation":0,"texture":"#6","tintindex":0},"south":{"uv":[7.3125,4.0,7.5,4.1875],"rotation":0,"texture":"#6","tintindex":0},"north":{"uv":[3.875,7.3125,4.0625,7.5],"rotation":0,"texture":"#6","tintindex":0},"west":{"uv":[3.8125,0.0,6.46875,0.1875],"rotation":0,"texture":"#6","tintindex":0},"up":{"uv":[3.875,6.46875,3.6875,3.8125],"rotation":0,"texture":"#6","tintindex":0},"down":{"uv":[4.0625,3.8125,3.875,6.46875],"rotation":0,"texture":"#6","tintindex":0}}},{"from":[7.1703963,5.303787,-4.1329565],"to":[8.829604,6.962995,20.132957],"rotation":{"angle":0.0,"axis":"y","origin":[8.0,8.0,8.0]},"faces":{"east":{"uv":[3.8125,0.1875,6.46875,0.375],"rotation":0,"texture":"#6","tintindex":0},"south":{"uv":[7.0625,7.375,7.25,7.5625],"rotation":0,"texture":"#6","tintindex":0},"north":{"uv":[7.375,6.625,7.5625,6.8125],"rotation":0,"texture":"#6","tintindex":0},"west":{"uv":[3.8125,0.375,6.46875,0.5625],"rotation":0,"texture":"#6","tintindex":0},"up":{"uv":[4.25,6.46875,4.0625,3.8125],"rotation":0,"texture":"#6","tintindex":0},"down":{"uv":[1.0,4.125,0.8125,6.78125],"rotation":0,"texture":"#6","tintindex":0}}}],"display":{"head":{"translation":[0.0,-6.4,0.0],"scale":[4.0,4.0,4.0]}}}